Feature,Weight,Type
AAF,0.13236497,K-mer
AAK,0.11422343,K-mer
AAL,0.15969631,K-mer
AAM,0.1843574,K-mer
AAQ,0.20318961,K-mer
AAV,0.1310075,K-mer
AAW,0.12277682,K-mer
ACA,0.25682086,K-mer
ACD,0.29031262,K-mer
ACE,0.18617038,K-mer
ACF,0.23759006,K-mer
ACG,0.20094097,K-mer
ACH,0.17042004,K-mer
ACI,0.28536865,K-mer
ACL,0.1389614,K-mer
ACM,0.28710997,K-mer
ACN,0.30035657,K-mer
ACP,0.22356355,K-mer
ACQ,0.17228085,K-mer
ACR,0.19655448,K-mer
ACS,0.16950701,K-mer
ACV,0.23985258,K-mer
ACY,0.18993863,K-mer
ADA,0.15359746,K-mer
ADC,0.19871739,K-mer
ADF,0.25614944,K-mer
ADH,0.20603499,K-mer
ADI,0.12368822,K-mer
ADK,0.12293547,K-mer
ADL,0.19349805,K-mer
ADN,0.13692659,K-mer
AEC,0.23926792,K-mer
AED,0.11036855,K-mer
AEF,0.17459121,K-mer
AEH,0.13012293,K-mer
AEI,0.2863712,K-mer
AEK,0.17749277,K-mer
AEL,0.1465978,K-mer
AEM,0.33132404,K-mer
AER,0.13412994,K-mer
AES,0.12880479,K-mer
AEV,0.16196689,K-mer
AEW,0.20012079,K-mer
AEY,0.12922712,K-mer
AFA,0.16096044,K-mer
AFC,0.34333503,K-mer
AFD,0.11464298,K-mer
AFE,0.11314046,K-mer
AFF,0.07598129,K-mer
AFG,0.15967558,K-mer
AFH,0.34655318,K-mer
AFI,0.16963728,K-mer
AFK,0.18830588,K-mer
AFL,0.11059357,K-mer
AFM,0.16457994,K-mer
AFP,0.17357849,K-mer
AFQ,0.2433279,K-mer
AFS,0.16364248,K-mer
AFT,0.1504774,K-mer
AFV,0.20473278,K-mer
AFW,0.32111248,K-mer
AFY,0.13358292,K-mer
AGC,0.23338586,K-mer
AGH,0.12661965,K-mer
AHA,0.2947995,K-mer
AHC,0.54176897,K-mer
AHF,0.1975662,K-mer
AHG,0.10368425,K-mer
AHH,0.32846403,K-mer
AHI,0.32655948,K-mer
AHL,0.12880021,K-mer
AHM,0.32296228,K-mer
AHN,0.11635166,K-mer
AHP,0.24266526,K-mer
AHQ,0.17522186,K-mer
AHT,0.14085516,K-mer
AHV,0.2868807,K-mer
AHY,0.12680563,K-mer
AIC,0.19904765,K-mer
AID,0.12310232,K-mer
AIF,0.11094742,K-mer
AIH,0.115910694,K-mer
AII,0.14396946,K-mer
AIK,0.10042934,K-mer
AIL,0.14453448,K-mer
AIM,0.20479155,K-mer
AIN,0.12391276,K-mer
AIP,0.123234175,K-mer
AKA,0.11413459,K-mer
AKC,0.17412889,K-mer
AKD,0.17496365,K-mer
AKF,0.2001025,K-mer
AKI,0.22178367,K-mer
AKK,0.17990229,K-mer
AKQ,0.13401923,K-mer
AKR,0.12988317,K-mer
AKS,0.10202845,K-mer
AKT,0.12978062,K-mer
AKV,0.21388699,K-mer
AKY,0.18176028,K-mer
ALC,0.2566721,K-mer
ALE,0.09112376,K-mer
ALF,0.1509225,K-mer
ALH,0.14268205,K-mer
ALI,0.12799634,K-mer
ALK,0.11487186,K-mer
ALM,0.20780759,K-mer
ALP,0.1659129,K-mer
ALQ,0.16165265,K-mer
ALY,0.15369731,K-mer
AMA,0.21593189,K-mer
AMD,0.1438885,K-mer
AME,0.1756761,K-mer
AMF,0.24313536,K-mer
AMG,0.19453326,K-mer
AMH,0.2364651,K-mer
AMI,0.38315797,K-mer
AMK,0.24965715,K-mer
AML,0.3370476,K-mer
AMM,0.18276417,K-mer
AMP,0.37079623,K-mer
AMQ,0.17895919,K-mer
AMR,0.14331236,K-mer
AMS,0.26238483,K-mer
ANC,0.41234988,K-mer
AND,0.21090476,K-mer
ANF,0.29344058,K-mer
ANG,0.13189754,K-mer
ANH,0.2618231,K-mer
ANK,0.27209908,K-mer
ANL,0.12815359,K-mer
ANN,0.18320449,K-mer
ANP,0.16080394,K-mer
ANR,0.1194988,K-mer
ANW,0.25030205,K-mer
APC,0.20109779,K-mer
APH,0.1285761,K-mer
API,0.17413566,K-mer
APM,0.1736574,K-mer
APV,0.15847895,K-mer
APW,0.12353834,K-mer
AQA,0.11710969,K-mer
AQC,0.49654153,K-mer
AQH,0.14164484,K-mer
AQI,0.1349425,K-mer
AQK,0.15232685,K-mer
AQL,0.1899681,K-mer
AQM,0.3693354,K-mer
AQQ,0.17795636,K-mer
AQR,0.17890894,K-mer
AQS,0.1500038,K-mer
AQT,0.17257099,K-mer
AQV,0.11887933,K-mer
AQW,0.20798734,K-mer
ARC,0.22981636,K-mer
ARF,0.11005834,K-mer
ARI,0.13507926,K-mer
ARK,0.13131464,K-mer
ARM,0.10738923,K-mer
ARW,0.19869702,K-mer
ARY,0.09002247,K-mer
ASC,0.099208474,K-mer
ASF,0.099165276,K-mer
ATC,0.2554854,K-mer
ATF,0.10823652,K-mer
ATH,0.12997292,K-mer
ATI,0.1092045,K-mer
ATM,0.14706826,K-mer
ATQ,0.1335381,K-mer
ATV,0.18417202,K-mer
AVA,0.13946386,K-mer
AVD,0.14478894,K-mer
AVE,0.12743475,K-mer
AVF,0.13780369,K-mer
AVH,0.28306302,K-mer
AVM,0.17627865,K-mer
AVP,0.17018828,K-mer
AVQ,0.22304899,K-mer
AVR,0.12229247,K-mer
AVV,0.11738527,K-mer
AVW,0.20722675,K-mer
AVY,0.12743315,K-mer
AWC,0.21650851,K-mer
AWD,0.10866569,K-mer
AWL,0.17901188,K-mer
AWM,0.20130299,K-mer
AWV,0.13267696,K-mer
AWW,0.16239342,K-mer
AWY,0.2147251,K-mer
AYD,0.24492946,K-mer
AYF,0.1674307,K-mer
AYH,0.31768346,K-mer
AYI,0.26277617,K-mer
AYK,0.25238067,K-mer
AYL,0.20616981,K-mer
AYM,0.2527461,K-mer
AYQ,0.11113036,K-mer
AYR,0.15436468,K-mer
AYS,0.12733789,K-mer
AYV,0.19448334,K-mer
AYW,0.39520895,K-mer
CAA,0.11554868,K-mer
CAD,0.12474907,K-mer
CAE,0.19277766,K-mer
CAF,0.18423781,K-mer
CAG,0.10611957,K-mer
CAH,0.26197308,K-mer
CAI,0.09441475,K-mer
CAIRDSSGNTIYF,0.25853777,TCR-Wasserstein
CAISEGGETQYF,0.2347602,TCR-Wasserstein
CAISESSNQPQHF,0.45404804,TCR-Wasserstein
CAM,0.17662895,K-mer
CAN,0.17757195,K-mer
CAP,0.16396621,K-mer
CAQ,0.1409947,K-mer
CAR,0.11842385,K-mer
CASGDTEAFF,0.13715646,TCR-Wasserstein
CASGGGTEAFF,0.3644696,TCR-Wasserstein
CASGLGDTEAFF,0.6871691,TCR-Wasserstein
CASGPGTEAFF,0.36311156,TCR-Wasserstein
CASGRGTNEKLFF,0.48686647,TCR-Wasserstein
CASGSGTEAFF,0.38016573,TCR-Wasserstein
CASKETQYF,0.31528974,TCR-Wasserstein
CASKGRSYEQYF,0.2133368,TCR-Wasserstein
CASKGYEQYF,0.3279525,TCR-Wasserstein
CASMGTEAFF,0.27676544,TCR-Wasserstein
CASMNTEAFF,0.18646976,TCR-Wasserstein
CASNGGTEAFF,0.3199823,TCR-Wasserstein
CASNRQGPNTEAFF,0.47971612,TCR-Wasserstein
CASREGSNQPQHF,0.40119857,TCR-Wasserstein
CASRGGEAFF,0.3133552,TCR-Wasserstein
CASRGGEQYF,0.46769124,TCR-Wasserstein
CASRGLAEETQYF,0.3153677,TCR-Wasserstein
CASRGNGYTF,0.43975094,TCR-Wasserstein
CASRGRDSYEQYF,0.59585667,TCR-Wasserstein
CASRGRGDTEAFF,0.20437199,TCR-Wasserstein
CASRGSEAFF,0.31581724,TCR-Wasserstein
CASRGTGGGYTF,0.51896375,TCR-Wasserstein
CASRLNEQFF,0.55793685,TCR-Wasserstein
CASRPTNYGYTF,0.48010844,TCR-Wasserstein
CASRQTSTDTQYF,0.51880527,TCR-Wasserstein
CASRQVNNQPQHF,0.41151547,TCR-Wasserstein
CASRRGATEAFF,0.4563689,TCR-Wasserstein
CASRRGSTNEKLFF,0.5814296,TCR-Wasserstein
CASRRQGASNQPQHF,0.21915844,TCR-Wasserstein
CASRTGGGEKLFF,0.378979,TCR-Wasserstein
CASRTGTSNQPQHF,0.53541726,TCR-Wasserstein
CASSAGAEAFF,0.2352215,TCR-Wasserstein
CASSAGDGYTF,0.43537247,TCR-Wasserstein
CASSAGDSYEQYF,0.46702805,TCR-Wasserstein
CASSAGGGPDTQYF,0.7141017,TCR-Wasserstein
CASSAGLAGGPDTQYF,0.52848744,TCR-Wasserstein
CASSAGQGPDTQYF,0.5649066,TCR-Wasserstein
CASSAGYSYEQYF,0.6289613,TCR-Wasserstein
CASSARQGGTDTQYF,0.42622247,TCR-Wasserstein
CASSASGDYNEQFF,0.36538655,TCR-Wasserstein
CASSDGDSNQPQHF,0.41484046,TCR-Wasserstein
CASSDGNEQFF,0.30219397,TCR-Wasserstein
CASSDGTNTGELFF,0.31640953,TCR-Wasserstein
CASSDGTSGYNEQFF,0.5289713,TCR-Wasserstein
CASSDKNTGELFF,0.2549228,TCR-Wasserstein
CASSDNSGANVLTF,0.1952857,TCR-Wasserstein
CASSDRDNSPLHF,0.2992226,TCR-Wasserstein
CASSDRDNTEAFF,0.28275532,TCR-Wasserstein
CASSDRDTGELFF,0.23842174,TCR-Wasserstein
CASSDREAFF,0.48222196,TCR-Wasserstein
CASSDRGVGQPQHF,0.29847297,TCR-Wasserstein
CASSDRSNYGYTF,0.48221546,TCR-Wasserstein
CASSDSAGGTDTQYF,0.15404743,TCR-Wasserstein
CASSDSATGELFF,0.2842669,TCR-Wasserstein
CASSDSDTGELFF,0.2016137,TCR-Wasserstein
CASSDSENTEAFF,0.24103405,TCR-Wasserstein
CASSDSGGATDTQYF,0.46751142,TCR-Wasserstein
CASSDSGGSYNEQFF,0.17287299,TCR-Wasserstein
CASSDSGTDTQYF,0.360222,TCR-Wasserstein
CASSDSNTGELFF,0.18222588,TCR-Wasserstein
CASSDSSGGADTQYF,0.25594902,TCR-Wasserstein
CASSDSSGGANEQFF,0.28458458,TCR-Wasserstein
CASSDSSGGYNEQFF,0.30344567,TCR-Wasserstein
CASSDSSGSTDTQYF,0.28156978,TCR-Wasserstein
CASSDSSGSYNEQFF,0.21851853,TCR-Wasserstein
CASSDSSGTDTQYF,0.35348323,TCR-Wasserstein
CASSDSSNTEAFF,0.26370367,TCR-Wasserstein
CASSDSSTGELFF,0.19299988,TCR-Wasserstein
CASSDSTGELFF,0.3682487,TCR-Wasserstein
CASSDTSGSTDTQYF,0.4022513,TCR-Wasserstein
CASSDWNTEAFF,0.30323768,TCR-Wasserstein
CASSEDRGDTEAFF,0.5789076,TCR-Wasserstein
CASSEGGAEAFF,0.57284486,TCR-Wasserstein
CASSEGTAYEQYF,0.4479106,TCR-Wasserstein
CASSEGTGGTEAFF,0.36842105,TCR-Wasserstein
CASSEGTGGYGYTF,0.2144505,TCR-Wasserstein
CASSEGTSGTDTQYF,0.30871236,TCR-Wasserstein
CASSEGWEQYF,0.6212509,TCR-Wasserstein
CASSELAGGPDTQYF,0.31242344,TCR-Wasserstein
CASSELAGGPQETQYF,0.27290618,TCR-Wasserstein
CASSELAGGQETQYF,0.1618291,TCR-Wasserstein
CASSELSNQPQHF,0.40039307,TCR-Wasserstein
CASSEQGADYGYTF,0.3867128,TCR-Wasserstein
CASSESGSGANVLTF,0.46036488,TCR-Wasserstein
CASSESGYTF,0.2547034,TCR-Wasserstein
CASSETSGSTDTQYF,0.14748229,TCR-Wasserstein
CASSFAGEAFF,0.42778468,TCR-Wasserstein
CASSFGAEAFF,0.28542525,TCR-Wasserstein
CASSFGGSEAFF,0.30876052,TCR-Wasserstein
CASSFGGYTF,0.27385113,TCR-Wasserstein
CASSFGIEAFF,0.24419461,TCR-Wasserstein
CASSFGLPYEQYF,0.5513761,TCR-Wasserstein
CASSFGLTYEQYF,0.3076523,TCR-Wasserstein
CASSFGPGYEQYF,0.32515422,TCR-Wasserstein
CASSFGPGYGYTF,0.48590213,TCR-Wasserstein
CASSFGRYSNQPQHF,0.4655401,TCR-Wasserstein
CASSFGSEAFF,0.330283,TCR-Wasserstein
CASSFGTDGNTIYF,0.27242142,TCR-Wasserstein
CASSFGTSGTGELFF,0.41853923,TCR-Wasserstein
CASSFGVNEQFF,0.44245297,TCR-Wasserstein
CASSFLSGTDTQYF,0.34036982,TCR-Wasserstein
CASSFNGELFF,0.20382251,TCR-Wasserstein
CASSFNRDNEQFF,0.55583835,TCR-Wasserstein
CASSFPENTEAFF,0.3281107,TCR-Wasserstein
CASSFPSYGYTF,0.3827372,TCR-Wasserstein
CASSFQGSETQYF,0.36604327,TCR-Wasserstein
CASSFRGPGTEAFF,0.2714514,TCR-Wasserstein
CASSFRGPTEAFF,0.13553226,TCR-Wasserstein
CASSFRGYEQFF,0.6198022,TCR-Wasserstein
CASSFRTYEQYF,0.33665168,TCR-Wasserstein
CASSFSGEAFF,0.18103704,TCR-Wasserstein
CASSFTGAEAFF,0.263038,TCR-Wasserstein
CASSFTLNYGYTF,0.3917237,TCR-Wasserstein
CASSFTSGGNEQFF,0.6275365,TCR-Wasserstein
CASSFVGEQFF,0.40091717,TCR-Wasserstein
CASSFVSGTDTQYF,0.26368114,TCR-Wasserstein
CASSFWGNEQFF,0.3266045,TCR-Wasserstein
CASSGAEAFF,0.36599833,TCR-Wasserstein
CASSGGAGNQPQHF,0.21104322,TCR-Wasserstein
CASSGGEAFF,0.32563353,TCR-Wasserstein
CASSGGEQFF,0.25427032,TCR-Wasserstein
CASSGGLGETQYF,0.3897331,TCR-Wasserstein
CASSGNGYTF,0.19119096,TCR-Wasserstein
CASSGPEAFF,0.4165725,TCR-Wasserstein
CASSGQPNEKLFF,0.5311334,TCR-Wasserstein
CASSGRDSGNTIYF,0.49400318,TCR-Wasserstein
CASSGRGGGYTF,0.2827122,TCR-Wasserstein
CASSGTDNEQFF,0.72109985,TCR-Wasserstein
CASSGTGDTGELFF,0.26607934,TCR-Wasserstein
CASSHGTSGYNEQFF,0.3205803,TCR-Wasserstein
CASSHYSNQPQHF,0.5217501,TCR-Wasserstein
CASSIAGQETQYF,0.230783,TCR-Wasserstein
CASSIDGEETQYF,0.6040932,TCR-Wasserstein
CASSIGAGTEAFF,0.57060295,TCR-Wasserstein
CASSIGATEAFF,0.2018935,TCR-Wasserstein
CASSIGDSYEQYF,0.7008978,TCR-Wasserstein
CASSIGGAEAFF,0.31224883,TCR-Wasserstein
CASSIGGEQFF,0.3081258,TCR-Wasserstein
CASSIGGLSYEQYF,0.6683282,TCR-Wasserstein
CASSIGQVNTGELFF,0.7274593,TCR-Wasserstein
CASSIGRGGNQPQHF,0.24006127,TCR-Wasserstein
CASSIGSTEAFF,0.41684246,TCR-Wasserstein
CASSIGYTEAFF,0.32057005,TCR-Wasserstein
CASSILAGGPNEQFF,0.40526772,TCR-Wasserstein
CASSILMNTEAFF,0.5025551,TCR-Wasserstein
CASSITGYNEQFF,0.580667,TCR-Wasserstein
CASSLADRLNTEAFF,0.18486875,TCR-Wasserstein
CASSLAGAGGNTIYF,0.58388937,TCR-Wasserstein
CASSLAGTAQETQYF,0.3487153,TCR-Wasserstein
CASSLAPGDGYTF,0.18119213,TCR-Wasserstein
CASSLASGMNTEAFF,0.5198398,TCR-Wasserstein
CASSLASSNEQFF,0.553043,TCR-Wasserstein
CASSLDDEQYF,0.41322988,TCR-Wasserstein
CASSLDEQFF,0.1913718,TCR-Wasserstein
CASSLDSPEAFF,0.2910741,TCR-Wasserstein
CASSLEAFF,0.4375773,TCR-Wasserstein
CASSLGAGVSTDTQYF,0.4164672,TCR-Wasserstein
CASSLGASEAFF,0.4873691,TCR-Wasserstein
CASSLGDEAFF,0.49168184,TCR-Wasserstein
CASSLGESSYEQYF,0.46887937,TCR-Wasserstein
CASSLGGGDSYEQYF,0.52549326,TCR-Wasserstein
CASSLGGLAGRETQYF,0.30274883,TCR-Wasserstein
CASSLGGLDGYTF,0.4546829,TCR-Wasserstein
CASSLGGQNNQPQHF,0.34695154,TCR-Wasserstein
CASSLGGSGNTGELFF,0.37136912,TCR-Wasserstein
CASSLGGTSGTDTQYF,0.47255588,TCR-Wasserstein
CASSLGKNEQFF,0.38572067,TCR-Wasserstein
CASSLGLSGETQYF,0.5112158,TCR-Wasserstein
CASSLGPTNTGELFF,0.33925688,TCR-Wasserstein
CASSLGQGVGEKLFF,0.5173576,TCR-Wasserstein
CASSLGQHTGELFF,0.8640008,TCR-Wasserstein
CASSLGRASTEAFF,0.40534392,TCR-Wasserstein
CASSLGSDEQYF,0.25211114,TCR-Wasserstein
CASSLGSSGGQETQYF,0.6965058,TCR-Wasserstein
CASSLGTDEAFF,0.5448606,TCR-Wasserstein
CASSLGTGAGQPQHF,0.5850841,TCR-Wasserstein
CASSLGTGAQETQYF,0.43500608,TCR-Wasserstein
CASSLGTVTNEKLFF,0.46912688,TCR-Wasserstein
CASSLLLNTGELFF,0.45855182,TCR-Wasserstein
CASSLLTYNEQFF,0.46124363,TCR-Wasserstein
CASSLNRANTGELFF,0.58356845,TCR-Wasserstein
CASSLNRRTEAFF,0.47795326,TCR-Wasserstein
CASSLNSANTGELFF,0.7591971,TCR-Wasserstein
CASSLPLYNEQFF,0.51985824,TCR-Wasserstein
CASSLPQGNNEQFF,0.5626787,TCR-Wasserstein
CASSLQGEGGYTF,0.3118673,TCR-Wasserstein
CASSLQRTDTQYF,0.33569172,TCR-Wasserstein
CASSLRADSSYNEQFF,0.8265716,TCR-Wasserstein
CASSLRDSPYEQYF,0.33120733,TCR-Wasserstein
CASSLRDSTYEQYF,0.23381905,TCR-Wasserstein
CASSLRQGGDTQYF,0.35523656,TCR-Wasserstein
CASSLRTGTNYGYTF,0.2674593,TCR-Wasserstein
CASSLRVDEQFF,0.20057538,TCR-Wasserstein
CASSLSEAFF,0.19699088,TCR-Wasserstein
CASSLSGGSPLHF,0.32881826,TCR-Wasserstein
CASSLSGQGIYEQYF,0.7067794,TCR-Wasserstein
CASSLSPGGQPQHF,0.6629195,TCR-Wasserstein
CASSLSPGYGYTF,0.39857453,TCR-Wasserstein
CASSLTGARNQPQHF,0.5559156,TCR-Wasserstein
CASSLTGGSTGELFF,0.29721093,TCR-Wasserstein
CASSLTGQGETQYF,0.3532771,TCR-Wasserstein
CASSLVGRPYEQYF,0.39677727,TCR-Wasserstein
CASSLVGTVNTEAFF,0.39400613,TCR-Wasserstein
CASSLVGVGANVLTF,0.3262635,TCR-Wasserstein
CASSLVRGYTF,0.3326952,TCR-Wasserstein
CASSLVSDEQYF,0.45589894,TCR-Wasserstein
CASSLWTGDGYTF,0.32028615,TCR-Wasserstein
CASSLWTGYEQYF,0.40479308,TCR-Wasserstein
CASSLYPGTEAFF,0.48598802,TCR-Wasserstein
CASSMGGSSYNEQFF,0.34764203,TCR-Wasserstein
CASSMGGTEAFF,0.31072122,TCR-Wasserstein
CASSNPNTGELFF,0.5109964,TCR-Wasserstein
CASSNRDRSYEQYF,0.274218,TCR-Wasserstein
CASSPAANTGELFF,0.51847345,TCR-Wasserstein
CASSPAGGYTEAFF,0.29945606,TCR-Wasserstein
CASSPDGTEAFF,0.27476913,TCR-Wasserstein
CASSPGDYSNQPQHF,0.3175748,TCR-Wasserstein
CASSPGGRNTGELFF,0.3778463,TCR-Wasserstein
CASSPGLAGGPGTDTQYF,0.4262992,TCR-Wasserstein
CASSPGQGRDGYTF,0.4291284,TCR-Wasserstein
CASSPGRHTEAFF,0.18064107,TCR-Wasserstein
CASSPGRLYEQYF,0.449224,TCR-Wasserstein
CASSPGSSPLHF,0.46234727,TCR-Wasserstein
CASSPGTSGEETQYF,0.7130602,TCR-Wasserstein
CASSPGTYQETQYF,0.49533772,TCR-Wasserstein
CASSPHYNEQFF,0.27264118,TCR-Wasserstein
CASSPNEQFF,0.39489663,TCR-Wasserstein
CASSPPDGYEQYF,0.43280366,TCR-Wasserstein
CASSPPGLAGGTDTQYF,0.49184948,TCR-Wasserstein
CASSPPSGRTDTQYF,0.7327081,TCR-Wasserstein
CASSPQGAGSNQPQHF,0.2878769,TCR-Wasserstein
CASSPQGENYGYTF,0.38617235,TCR-Wasserstein
CASSPQQGNQPQHF,0.31952327,TCR-Wasserstein
CASSPRDSPYEQYF,0.22626358,TCR-Wasserstein
CASSPRDSSYNSPLHF,0.43513083,TCR-Wasserstein
CASSPRTDPYEQYF,0.39622873,TCR-Wasserstein
CASSPRTGDNEKLFF,0.52589667,TCR-Wasserstein
CASSPRTGGSGANVLTF,0.43722504,TCR-Wasserstein
CASSPSDSYEQYF,0.1722337,TCR-Wasserstein
CASSPTEAFF,0.40714043,TCR-Wasserstein
CASSQDASSYNEQFF,0.73478156,TCR-Wasserstein
CASSQDGGEQYF,0.23761061,TCR-Wasserstein
CASSQDGNEQFF,0.3220395,TCR-Wasserstein
CASSQDGSSGANVLTF,0.35719025,TCR-Wasserstein
CASSQDGTGNTEAFF,0.275231,TCR-Wasserstein
CASSQDGTYEQYF,0.35338116,TCR-Wasserstein
CASSQDPGEAFF,0.36503813,TCR-Wasserstein
CASSQDPGSGANVLTF,0.37027422,TCR-Wasserstein
CASSQDRGLNYGYTF,0.6875603,TCR-Wasserstein
CASSQDRGMNTEAFF,0.23668048,TCR-Wasserstein
CASSQDRGPEAFF,0.49609584,TCR-Wasserstein
CASSQDRGSGANVLTF,0.16987608,TCR-Wasserstein
CASSQDRGTGANVLTF,0.25774652,TCR-Wasserstein
CASSQDSEKLFF,0.57835233,TCR-Wasserstein
CASSQDSGGSYNEQFF,0.23047274,TCR-Wasserstein
CASSQDSGSGANVLTF,0.33148754,TCR-Wasserstein
CASSQDTSYEQYF,0.46705225,TCR-Wasserstein
CASSQEDSNQPQHF,0.2839408,TCR-Wasserstein
CASSQEDSSYEQYF,0.33746624,TCR-Wasserstein
CASSQEGGSSYNEQFF,0.18982157,TCR-Wasserstein
CASSQEGLAGGGTDTQYF,0.4647736,TCR-Wasserstein
CASSQEGTYEQYF,0.34088427,TCR-Wasserstein
CASSQEGWDEQFF,0.45029554,TCR-Wasserstein
CASSQGDGSYEQYF,0.21249847,TCR-Wasserstein
CASSQGGAGETQYF,0.36450237,TCR-Wasserstein
CASSQGLADSYEQYF,0.5405308,TCR-Wasserstein
CASSQGLAGGPTDTQYF,0.56627965,TCR-Wasserstein
CASSQGNNEQFF,0.23415436,TCR-Wasserstein
CASSQGQASYEQYF,0.5937542,TCR-Wasserstein
CASSQGRFYEQYF,0.6100726,TCR-Wasserstein
CASSQGTGSSYNEQFF,0.70932275,TCR-Wasserstein
CASSQGTSGSNEQFF,0.22711399,TCR-Wasserstein
CASSQQGAGANVLTF,0.485834,TCR-Wasserstein
CASSQRGDEQFF,0.39551824,TCR-Wasserstein
CASSQSRYEQYF,0.41504937,TCR-Wasserstein
CASSQTGGGEKLFF,0.33350587,TCR-Wasserstein
CASSQTGLSYEQYF,0.4323425,TCR-Wasserstein
CASSQVGGGNQPQHF,0.39718932,TCR-Wasserstein
CASSQVRNTGELFF,0.29473105,TCR-Wasserstein
CASSQYRGNTEAFF,0.46507037,TCR-Wasserstein
CASSRAANEKLFF,0.5388969,TCR-Wasserstein
CASSRAGGETQYF,0.19433212,TCR-Wasserstein
CASSRAGGTGELFF,0.5719056,TCR-Wasserstein
CASSRDRTGELFF,0.44439918,TCR-Wasserstein
CASSRDTDYGYTF,0.5669267,TCR-Wasserstein
CASSRGNGYTF,0.28799975,TCR-Wasserstein
CASSRGSGETQYF,0.36463457,TCR-Wasserstein
CASSRGTGGETQYF,0.3977211,TCR-Wasserstein
CASSRPGQQETQYF,0.5411395,TCR-Wasserstein
CASSRQLQETQYF,0.6442235,TCR-Wasserstein
CASSRTSGGPYNEQFF,0.5937246,TCR-Wasserstein
CASSRTSGSNEQYF,0.31301996,TCR-Wasserstein
CASSSAGANTGELFF,0.59016,TCR-Wasserstein
CASSSAGSSYNSPLHF,0.26306087,TCR-Wasserstein
CASSSGDTGELFF,0.45760345,TCR-Wasserstein
CASSSGEQFF,0.22670814,TCR-Wasserstein
CASSSGPNEQFF,0.45137554,TCR-Wasserstein
CASSSGQGTNTEAFF,0.37611562,TCR-Wasserstein
CASSSGRIYEQYF,0.6508423,TCR-Wasserstein
CASSSGSNEQFF,0.28999794,TCR-Wasserstein
CASSSHEQYF,0.48175448,TCR-Wasserstein
CASSSRLAKNIQYF,0.27864733,TCR-Wasserstein
CASSSSSEQYF,0.5502634,TCR-Wasserstein
CASSSTGAGEKLFF,0.36751208,TCR-Wasserstein
CASSSTGEGNQPQHF,0.2375439,TCR-Wasserstein
CASSSTVNSPLHF,0.556685,TCR-Wasserstein
CASSSYGDTQYF,0.24185716,TCR-Wasserstein
CASSTGSQETQYF,0.45861828,TCR-Wasserstein
CASSTPTGELFF,0.31578627,TCR-Wasserstein
CASSTQGGGTEAFF,0.3023242,TCR-Wasserstein
CASSTQGRETQYF,0.38891807,TCR-Wasserstein
CASSTTGVGYTF,0.50480926,TCR-Wasserstein
CASSVAGVSYEQYF,0.36341715,TCR-Wasserstein
CASSVAVNTGELFF,0.4671542,TCR-Wasserstein
CASSVDYQETQYF,0.42245197,TCR-Wasserstein
CASSVEGGGYTF,0.3340137,TCR-Wasserstein
CASSVEQAPYGYTF,0.48200014,TCR-Wasserstein
CASSVERGNQPQHF,0.22342277,TCR-Wasserstein
CASSVGDSYEQYF,0.35260838,TCR-Wasserstein
CASSVGGATEAFF,0.55404925,TCR-Wasserstein
CASSVGGGDYGYTF,0.44127166,TCR-Wasserstein
CASSVGGGTGELFF,0.25642747,TCR-Wasserstein
CASSVGGGTYEQYF,0.34797516,TCR-Wasserstein
CASSVGGLGQPQHF,0.30611527,TCR-Wasserstein
CASSVGGLYNEQFF,0.47429204,TCR-Wasserstein
CASSVGGSEQYF,0.5091285,TCR-Wasserstein
CASSVGQGGETQYF,0.34684446,TCR-Wasserstein
CASSVGSNEQFF,0.40520868,TCR-Wasserstein
CASSVNNSPLHF,0.29924935,TCR-Wasserstein
CASSVRAGELFF,0.36092663,TCR-Wasserstein
CASSVSGDTGELFF,0.40750402,TCR-Wasserstein
CASSVSRQPQHF,0.2649774,TCR-Wasserstein
CASSVVQGGQETQYF,0.65209866,TCR-Wasserstein
CASSWDTYNEQFF,0.22128381,TCR-Wasserstein
CASSWGHEQYF,0.27684844,TCR-Wasserstein
CASSWGQGMNTEAFF,0.630538,TCR-Wasserstein
CASSWGQGTGELFF,0.16187608,TCR-Wasserstein
CASSWTDTEAFF,0.68836343,TCR-Wasserstein
CASSYAENTEAFF,0.262353,TCR-Wasserstein
CASSYEGAGANVLTF,0.5236974,TCR-Wasserstein
CASSYGAEQFF,0.6862049,TCR-Wasserstein
CASSYGDGYTF,0.298752,TCR-Wasserstein
CASSYGDNYGYTF,0.33969784,TCR-Wasserstein
CASSYGGENTEAFF,0.3978007,TCR-Wasserstein
CASSYGNEQYF,0.32954288,TCR-Wasserstein
CASSYGRNEQFF,0.30132344,TCR-Wasserstein
CASSYGTSTDTQYF,0.3092984,TCR-Wasserstein
CASSYRTGYGYTF,0.38356242,TCR-Wasserstein
CASSYRVYGYTF,0.30873227,TCR-Wasserstein
CASSYSAENTEAFF,0.41365412,TCR-Wasserstein
CASSYSAGTYEQYF,0.51617134,TCR-Wasserstein
CASSYSNSYGYTF,0.32475957,TCR-Wasserstein
CASSYSRTGGGYGYTF,0.276425,TCR-Wasserstein
CASSYSSGSSYEQYF,0.53581893,TCR-Wasserstein
CASSYSSTGELFF,0.4725787,TCR-Wasserstein
CASTLGNTEAFF,0.16843762,TCR-Wasserstein
CATSDLDSNQPQHF,0.36009073,TCR-Wasserstein
CATSDLGNTEAFF,0.18950021,TCR-Wasserstein
CATSDPGQGTDTQYF,0.20076258,TCR-Wasserstein
CATSGGTEAFF,0.4325086,TCR-Wasserstein
CATSRDLGNQPQHF,0.30942595,TCR-Wasserstein
CATSRDLGSNQPQHF,0.38533568,TCR-Wasserstein
CATSRDTETQYF,0.6956332,TCR-Wasserstein
CATSRGDGNYGYTF,0.71898913,TCR-Wasserstein
CAV,0.1649118,K-mer
CAWRRGGYTF,0.40177935,TCR-Wasserstein
CAWSGNTIYF,0.47891474,TCR-Wasserstein
CAWSGQANTEAFF,0.39834005,TCR-Wasserstein
CAWSPGTEAFF,0.3582542,TCR-Wasserstein
CAWSRDRPYGYTF,0.5538547,TCR-Wasserstein
CAWSVAGNTIYF,0.4499184,TCR-Wasserstein
CAWSVGAYEQYF,0.52416015,TCR-Wasserstein
CAWSVGDYGYTF,0.34395444,TCR-Wasserstein
CAWSVGGGYEQYF,0.53604335,TCR-Wasserstein
CAWSVGGSYEQYF,0.23902093,TCR-Wasserstein
CAWSVGGTEAFF,0.20171256,TCR-Wasserstein
CAWSVLGTEAFF,0.31999993,TCR-Wasserstein
CAWSVLNTEAFF,0.30049855,TCR-Wasserstein
CAWSVSGGTEAFF,0.27569938,TCR-Wasserstein
CAWTGNTEAFF,0.4868694,TCR-Wasserstein
CAY,0.14379096,K-mer
CCA,0.4633644,K-mer
CCC,0.29249007,K-mer
CCD,0.4296182,K-mer
CCE,0.37502214,K-mer
CCF,0.36293185,K-mer
CCG,0.3772983,K-mer
CCH,0.24754149,K-mer
CCI,0.59747064,K-mer
CCK,0.43556866,K-mer
CCL,0.2650264,K-mer
CCN,0.37683755,K-mer
CCP,0.27382535,K-mer
CCQ,0.30573207,K-mer
CCR,0.3388848,K-mer
CCS,0.27156803,K-mer
CCT,0.49832678,K-mer
CCV,0.18162581,K-mer
CCW,0.43925914,K-mer
CCY,0.3492716,K-mer
CDA,0.22380489,K-mer
CDD,0.34300706,K-mer
CDF,0.33447218,K-mer
CDG,0.20594823,K-mer
CDH,0.37182015,K-mer
CDK,0.16485155,K-mer
CDL,0.3715476,K-mer
CDP,0.14209267,K-mer
CDR,0.36958134,K-mer
CDS,0.3875802,K-mer
CDT,0.29280564,K-mer
CDV,0.4423209,K-mer
CDY,0.4315901,K-mer
CEA,0.25342166,K-mer
CED,0.44263554,K-mer
CEF,0.42694002,K-mer
CEG,0.2881446,K-mer
CEH,0.22270867,K-mer
CEI,0.25069034,K-mer
CEK,0.18225758,K-mer
CEL,0.3376704,K-mer
CEN,0.29382363,K-mer
CEP,0.31340885,K-mer
CEQ,0.2398141,K-mer
CER,0.27306345,K-mer
CES,0.44108218,K-mer
CET,0.2439811,K-mer
CEV,0.19879043,K-mer
CEW,0.2939129,K-mer
CEY,0.35426515,K-mer
CFA,0.3354992,K-mer
CFC,0.30694973,K-mer
CFD,0.39618516,K-mer
CFE,0.3015457,K-mer
CFF,0.18907371,K-mer
CFH,0.27396595,K-mer
CFI,0.21580705,K-mer
CFK,0.42218566,K-mer
CFL,0.3552636,K-mer
CFP,0.30437413,K-mer
CFR,0.22440279,K-mer
CFS,0.27732134,K-mer
CFT,0.29238233,K-mer
CFV,0.6185627,K-mer
CFW,0.203255,K-mer
CFY,0.3226655,K-mer
CGC,0.41954115,K-mer
CGD,0.18995509,K-mer
CGE,0.31028908,K-mer
CGF,0.17082678,K-mer
CGG,0.20683345,K-mer
CGH,0.33225563,K-mer
CGK,0.158623,K-mer
CGM,0.3417339,K-mer
CGN,0.35233232,K-mer
CGP,0.22629835,K-mer
CGQ,0.17333972,K-mer
CGR,0.2676592,K-mer
CGS,0.2580291,K-mer
CGT,0.2726543,K-mer
CGV,0.24270444,K-mer
CGW,0.35888082,K-mer
CGY,0.25858352,K-mer
CHA,0.23095319,K-mer
CHD,0.7735505,K-mer
CHF,0.19486025,K-mer
CHG,0.44726616,K-mer
CHH,0.3871213,K-mer
CHI,0.2648697,K-mer
CHK,0.16344944,K-mer
CHL,0.33937496,K-mer
CHM,0.2317267,K-mer
CHN,0.30022082,K-mer
CHP,0.3065734,K-mer
CHT,0.33898303,K-mer
CHV,0.33390144,K-mer
CIA,0.2485477,K-mer
CIC,0.43598562,K-mer
CID,0.31835502,K-mer
CIF,0.40720254,K-mer
CIG,0.28389308,K-mer
CIH,0.41531917,K-mer
CII,0.26683414,K-mer
CIL,0.42946282,K-mer
CIM,0.3460468,K-mer
CIQ,0.24783021,K-mer
CIR,0.19372767,K-mer
CIS,0.2896239,K-mer
CIT,0.26126206,K-mer
CIV,0.3962243,K-mer
CIW,0.40822253,K-mer
CKC,0.4500001,K-mer
CKD,0.4767117,K-mer
CKE,0.28372127,K-mer
CKF,0.2843962,K-mer
CKH,0.37450656,K-mer
CKI,0.31826115,K-mer
CKK,0.5833998,K-mer
CKL,0.42007267,K-mer
CKM,0.23322326,K-mer
CKN,0.27926803,K-mer
CKP,0.2224298,K-mer
CKQ,0.25096822,K-mer
CKR,0.37489238,K-mer
CKS,0.1440292,K-mer
CKV,0.22742163,K-mer
CKY,0.32773304,K-mer
CLA,0.19983292,K-mer
CLC,0.27730286,K-mer
CLE,0.3639579,K-mer
CLG,0.18507165,K-mer
CLH,0.32361668,K-mer
CLI,0.25840002,K-mer
CLK,0.15324444,K-mer
CLL,0.19847867,K-mer
CLM,0.24673879,K-mer
CLN,0.3346976,K-mer
CLQ,0.17412642,K-mer
CLR,0.3376244,K-mer
CLT,0.16461594,K-mer
CLV,0.23541856,K-mer
CLW,0.2683961,K-mer
CLY,0.2420545,K-mer
CMD,0.59786046,K-mer
CME,0.44238612,K-mer
CMI,0.3671615,K-mer
CMK,0.4405087,K-mer
CML,0.28634423,K-mer
CMM,0.33347416,K-mer
CMN,0.21424443,K-mer
CMP,0.26153874,K-mer
CMQ,0.3447553,K-mer
CMS,0.29991904,K-mer
CMV,0.32769102,K-mer
CMY,0.22540995,K-mer
CNA,0.24362934,K-mer
CNC,0.26758686,K-mer
CND,0.26421636,K-mer
CNE,0.3316787,K-mer
CNF,0.35164756,K-mer
CNG,0.19661584,K-mer
CNH,0.3891676,K-mer
CNI,0.39528656,K-mer
CNK,0.27983108,K-mer
CNL,0.45842922,K-mer
CNM,0.34188858,K-mer
CNN,0.49662173,K-mer
CNP,0.33037668,K-mer
CNR,0.32696775,K-mer
CNS,0.46865606,K-mer
CNT,0.29069334,K-mer
CNV,0.4676693,K-mer
CNW,0.45420608,K-mer
CNY,0.2806272,K-mer
CPA,0.172593,K-mer
CPC,0.26473683,K-mer
CPD,0.24150729,K-mer
CPE,0.14312764,K-mer
CPF,0.37912092,K-mer
CPG,0.19420719,K-mer
CPH,0.53083897,K-mer
CPI,0.38869357,K-mer
CPK,0.29241794,K-mer
CPL,0.16876906,K-mer
CPM,0.32269445,K-mer
CPN,0.3174597,K-mer
CPP,0.29762715,K-mer
CPR,0.26776874,K-mer
CPS,0.25894988,K-mer
CPT,0.13565403,K-mer
CPV,0.22735968,K-mer
CPW,0.7053319,K-mer
CPY,0.261346,K-mer
CQC,0.15223333,K-mer
CQD,0.6148123,K-mer
CQF,0.46320277,K-mer
CQG,0.18932599,K-mer
CQH,0.21837914,K-mer
CQK,0.21159118,K-mer
CQL,0.20148301,K-mer
CQN,0.22359098,K-mer
CQP,0.19117022,K-mer
CQQ,0.20968397,K-mer
CQR,0.26765904,K-mer
CQT,0.22398677,K-mer
CQV,0.30378982,K-mer
CQW,0.4347446,K-mer
CQY,0.5367192,K-mer
CRA,0.17681324,K-mer
CRC,0.49549025,K-mer
CRD,0.1983285,K-mer
CRE,0.4220441,K-mer
CRF,0.19567962,K-mer
CRH,0.31069708,K-mer
CRK,0.31571528,K-mer
CRL,0.40091535,K-mer
CRN,0.25213265,K-mer
CRP,0.36457342,K-mer
CRQ,0.2887929,K-mer
CRR,0.24869993,K-mer
CRS,0.2151073,K-mer
CRT,0.24306253,K-mer
CRV,0.1966869,K-mer
CRW,0.3503911,K-mer
CRY,0.273407,K-mer
CSA,0.08930452,K-mer
CSAGTANQPQHF,0.38082993,TCR-Wasserstein
CSALNTGELFF,0.30581757,TCR-Wasserstein
CSALRLAGGPNEQFF,0.54630685,TCR-Wasserstein
CSANYGYTF,0.3535447,TCR-Wasserstein
CSAPRQGGTEAFF,0.18658851,TCR-Wasserstein
CSAPYGYTF,0.18064739,TCR-Wasserstein
CSARAGAYEQYF,0.22890826,TCR-Wasserstein
CSARDFRTGNTEAFF,0.43388474,TCR-Wasserstein
CSARDLSSYNEQFF,0.31575984,TCR-Wasserstein
CSARDRDTEAFF,0.16301614,TCR-Wasserstein
CSARDRGAYEQYF,0.44707948,TCR-Wasserstein
CSARDRGDTEAFF,0.15815692,TCR-Wasserstein
CSARDRGDYGYTF,0.24006444,TCR-Wasserstein
CSARDSGSYEQYF,0.4681087,TCR-Wasserstein
CSARDTSYEQYF,0.64500654,TCR-Wasserstein
CSAREGQGTYEQYF,0.2977479,TCR-Wasserstein
CSARGDRDYEQYF,0.24824962,TCR-Wasserstein
CSARGGTDYEQYF,0.513589,TCR-Wasserstein
CSARGLADYNEQFF,0.3552922,TCR-Wasserstein
CSARGLAEYNEQFF,0.32043305,TCR-Wasserstein
CSARGQGDTEAFF,0.13391939,TCR-Wasserstein
CSARGQSYGYTF,0.31609362,TCR-Wasserstein
CSARGTGDTEAFF,0.27190614,TCR-Wasserstein
CSARLAGGQETQYF,0.25872386,TCR-Wasserstein
CSARQGDTEAFF,0.2485613,TCR-Wasserstein
CSARRPSGNTIYF,0.43987805,TCR-Wasserstein
CSARTGDTEAFF,0.2692162,TCR-Wasserstein
CSARTSGAYEQYF,0.4343506,TCR-Wasserstein
CSARVGEETQYF,0.55857044,TCR-Wasserstein
CSASPKETQYF,0.25144097,TCR-Wasserstein
CSASRAQETQYF,0.3227589,TCR-Wasserstein
CSC,0.16089463,K-mer
CSD,0.17339477,K-mer
CSE,0.23306432,K-mer
CSF,0.16936721,K-mer
CSG,0.12387063,K-mer
CSI,0.16530329,K-mer
CSK,0.31526053,K-mer
CSL,0.14245771,K-mer
CSM,0.2205708,K-mer
CSN,0.29643387,K-mer
CSQ,0.27405322,K-mer
CSR,0.33424807,K-mer
CSS,0.13377087,K-mer
CST,0.16018379,K-mer
CSVAGLMNTEAFF,0.5181648,TCR-Wasserstein
CSVAGRLNTEAFF,0.22017041,TCR-Wasserstein
CSVAVNTEAFF,0.32352263,TCR-Wasserstein
CSVDRDTEAFF,0.53292,TCR-Wasserstein
CSVDTDTQYF,0.38452992,TCR-Wasserstein
CSVEDYGYTF,0.3308394,TCR-Wasserstein
CSVEGGETQYF,0.68230975,TCR-Wasserstein
CSVEGLMNTEAFF,0.2957791,TCR-Wasserstein
CSVEGRLNTEAFF,0.629794,TCR-Wasserstein
CSVEGRMNTEAFF,0.28683305,TCR-Wasserstein
CSVERQGGTEAFF,0.42859975,TCR-Wasserstein
CSVERRLNTEAFF,0.236676,TCR-Wasserstein
CSVGGRMNTEAFF,0.28534493,TCR-Wasserstein
CSVGGTEAFF,0.64433,TCR-Wasserstein
CSVGQGGYEQYF,0.8529118,TCR-Wasserstein
CSVGQGRYEQYF,0.62006044,TCR-Wasserstein
CSVGSPNTEAFF,0.5825414,TCR-Wasserstein
CSVRTGMNTEAFF,0.42013922,TCR-Wasserstein
CSVVGRMNTEAFF,0.44590303,TCR-Wasserstein
CSVVGTEAFF,0.37949258,TCR-Wasserstein
CSW,0.2257373,K-mer
CSY,0.17348336,K-mer
CTE,0.20827013,K-mer
CTF,0.42893672,K-mer
CTG,0.20209758,K-mer
CTH,0.20725393,K-mer
CTI,0.3682422,K-mer
CTL,0.32389215,K-mer
CTM,0.3280158,K-mer
CTN,0.36205724,K-mer
CTP,0.42864788,K-mer
CTQ,0.21844894,K-mer
CTR,0.19992287,K-mer
CTS,0.19878742,K-mer
CTT,0.2633865,K-mer
CTV,0.37936538,K-mer
CTY,0.17737475,K-mer
CVA,0.28456277,K-mer
CVC,0.59259236,K-mer
CVD,0.3781222,K-mer
CVE,0.22432646,K-mer
CVH,0.3133232,K-mer
CVK,0.69956803,K-mer
CVL,0.2721818,K-mer
CVM,0.5628438,K-mer
CVN,0.38262814,K-mer
CVQ,0.54875284,K-mer
CVR,0.18316564,K-mer
CVS,0.37686735,K-mer
CVT,0.32161778,K-mer
CVV,0.15837054,K-mer
CVW,0.40323132,K-mer
CVY,0.18180425,K-mer
CWA,0.38810733,K-mer
CWC,0.3405102,K-mer
CWD,0.20180184,K-mer
CWE,0.21431436,K-mer
CWF,0.6174684,K-mer
CWG,0.1771796,K-mer
CWH,0.24616665,K-mer
CWK,0.23794189,K-mer
CWL,0.39849183,K-mer
CWN,0.23022938,K-mer
CWP,0.32514578,K-mer
CWQ,0.35011667,K-mer
CWR,0.4609539,K-mer
CWS,0.2865764,K-mer
CWT,0.30339465,K-mer
CWV,0.25369447,K-mer
CWW,0.32409906,K-mer
CYA,0.44593966,K-mer
CYC,0.2726643,K-mer
CYE,0.28499052,K-mer
CYF,0.23999983,K-mer
CYG,0.25435123,K-mer
CYK,0.20863208,K-mer
CYL,0.29886574,K-mer
CYM,0.2726897,K-mer
CYN,0.1903606,K-mer
CYP,0.42112532,K-mer
CYR,0.34443313,K-mer
CYS,0.26303363,K-mer
CYT,0.24089381,K-mer
CYW,0.43826157,K-mer
CYY,0.5597644,K-mer
DAA,0.13600034,K-mer
DAC,0.5067246,K-mer
DAD,0.13665079,K-mer
DAE,0.15810692,K-mer
DAF,0.15214568,K-mer
DAH,0.29753968,K-mer
DAI,0.14557384,K-mer
DAK,0.19797996,K-mer
DAM,0.20629066,K-mer
DAN,0.17269406,K-mer
DAP,0.1976004,K-mer
DAR,0.21419972,K-mer
DAT,0.20160237,K-mer
DAY,0.14372362,K-mer
DCA,0.3341642,K-mer
DCC,0.2407994,K-mer
DCD,0.3068505,K-mer
DCE,0.31671727,K-mer
DCF,0.22738129,K-mer
DCG,0.33177,K-mer
DCH,0.36401463,K-mer
DCI,0.2966421,K-mer
DCK,0.34510714,K-mer
DCL,0.2839335,K-mer
DCM,0.27368003,K-mer
DCP,0.23609263,K-mer
DCQ,0.28985247,K-mer
DCR,0.19803165,K-mer
DCS,0.20999804,K-mer
DCT,0.23715359,K-mer
DCV,0.54859394,K-mer
DCW,0.5277591,K-mer
DCY,0.27806288,K-mer
DDA,0.13031113,K-mer
DDC,0.22593278,K-mer
DDD,0.18770224,K-mer
DDF,0.18421635,K-mer
DDG,0.12317041,K-mer
DDH,0.22737902,K-mer
DDI,0.23297125,K-mer
DDK,0.1660284,K-mer
DDL,0.16224457,K-mer
DDM,0.14330623,K-mer
DDN,0.177838,K-mer
DDP,0.15713033,K-mer
DDQ,0.1810095,K-mer
DDR,0.13794969,K-mer
DDS,0.17638744,K-mer
DDV,0.20305842,K-mer
DDW,0.20006135,K-mer
DDY,0.11176518,K-mer
DEC,0.20908506,K-mer
DED,0.097813345,K-mer
DEE,0.1470303,K-mer
DEF,0.200869,K-mer
DEG,0.091958195,K-mer
DEH,0.28267232,K-mer
DEI,0.23419517,K-mer
DEL,0.1540089,K-mer
DEM,0.24358943,K-mer
DER,0.18000767,K-mer
DES,0.16102666,K-mer
DEV,0.20675334,K-mer
DEW,0.18343908,K-mer
DEY,0.13612914,K-mer
DFA,0.17451777,K-mer
DFD,0.137989,K-mer
DFE,0.22185864,K-mer
DFF,0.114150316,K-mer
DFK,0.124948725,K-mer
DFL,0.12477436,K-mer
DFM,0.32257843,K-mer
DFN,0.16962452,K-mer
DFP,0.11434446,K-mer
DFR,0.14611973,K-mer
DFV,0.17526346,K-mer
DFW,0.21803929,K-mer
DFY,0.15758622,K-mer
DGC,0.14960122,K-mer
DGD,0.18337357,K-mer
DGF,0.109642856,K-mer
DGH,0.1206581,K-mer
DGI,0.09222175,K-mer
DGP,0.14477468,K-mer
DGV,0.110539585,K-mer
DGW,0.1253468,K-mer
DHA,0.27545282,K-mer
DHD,0.19976169,K-mer
DHE,0.14197469,K-mer
DHF,0.1692099,K-mer
DHG,0.15268953,K-mer
DHH,0.2153129,K-mer
DHI,0.21815282,K-mer
DHK,0.17119431,K-mer
DHL,0.22567955,K-mer
DHM,0.3065586,K-mer
DHN,0.12535533,K-mer
DHQ,0.1471622,K-mer
DHS,0.10485481,K-mer
DHT,0.122448124,K-mer
DHV,0.22099781,K-mer
DHW,0.29725018,K-mer
DHY,0.14648485,K-mer
DIA,0.12026506,K-mer
DIC,0.16247734,K-mer
DID,0.21496235,K-mer
DIE,0.18854854,K-mer
DIG,0.09190215,K-mer
DIH,0.2284761,K-mer
DII,0.19461764,K-mer
DIL,0.12613419,K-mer
DIN,0.13004565,K-mer
DIP,0.17389274,K-mer
DIQ,0.17847161,K-mer
DIS,0.108075246,K-mer
DIT,0.15177774,K-mer
DIV,0.10743471,K-mer
DKA,0.15732688,K-mer
DKC,0.5342175,K-mer
DKE,0.1718471,K-mer
DKG,0.12834653,K-mer
DKH,0.22451329,K-mer
DKI,0.10416113,K-mer
DKK,0.14517877,K-mer
DKL,0.21186784,K-mer
DKM,0.24562785,K-mer
DKN,0.11485413,K-mer
DKP,0.22740942,K-mer
DKR,0.17186151,K-mer
DKS,0.18719375,K-mer
DKT,0.15508278,K-mer
DKV,0.115178764,K-mer
DKW,0.31655854,K-mer
DKY,0.25599194,K-mer
DLA,0.10163376,K-mer
DLC,0.36991152,K-mer
DLE,0.11607539,K-mer
DLH,0.21231793,K-mer
DLI,0.115663774,K-mer
DLM,0.18298137,K-mer
DLP,0.15525639,K-mer
DLQ,0.10771215,K-mer
DLS,0.100754544,K-mer
DLW,0.20428139,K-mer
DLY,0.10401809,K-mer
DMC,0.23690347,K-mer
DME,0.17215592,K-mer
DMF,0.28961957,K-mer
DMG,0.23349014,K-mer
DMH,0.2643975,K-mer
DMK,0.18601906,K-mer
DML,0.29953936,K-mer
DMM,0.18230015,K-mer
DMQ,0.19787738,K-mer
DMR,0.16009131,K-mer
DMS,0.27710307,K-mer
DMT,0.22300616,K-mer
DMV,0.18259607,K-mer
DMW,0.19790524,K-mer
DMY,0.20616359,K-mer
DNA,0.20803633,K-mer
DNC,0.43902737,K-mer
DND,0.19715273,K-mer
DNF,0.13988183,K-mer
DNG,0.11606558,K-mer
DNH,0.25920406,K-mer
DNI,0.15424332,K-mer
DNK,0.43495348,K-mer
DNL,0.12295088,K-mer
DNM,0.36601716,K-mer
DNN,0.16143139,K-mer
DNR,0.12245375,K-mer
DNV,0.37351888,K-mer
DPA,0.14083211,K-mer
DPD,0.14718191,K-mer
DPF,0.15877855,K-mer
DPI,0.12947154,K-mer
DPL,0.12405991,K-mer
DPM,0.21316178,K-mer
DPQ,0.12360223,K-mer
DPR,0.09854498,K-mer
DPT,0.105739094,K-mer
DPV,0.13850307,K-mer
DPW,0.1444929,K-mer
DQA,0.21903448,K-mer
DQC,0.28086904,K-mer
DQD,0.21072094,K-mer
DQF,0.19390848,K-mer
DQH,0.26956815,K-mer
DQI,0.30972603,K-mer
DQK,0.15451238,K-mer
DQL,0.20448722,K-mer
DQM,0.2641077,K-mer
DQN,0.20310035,K-mer
DQP,0.10053019,K-mer
DQQ,0.30768937,K-mer
DQR,0.22093755,K-mer
DQT,0.12578556,K-mer
DQV,0.13244265,K-mer
DQW,0.44110334,K-mer
DQY,0.13156538,K-mer
DRC,0.2555713,K-mer
DRF,0.13029471,K-mer
DRH,0.21979037,K-mer
DRK,0.16643423,K-mer
DRM,0.115775645,K-mer
DRW,0.16899022,K-mer
DSA,0.16770178,K-mer
DSC,0.2577542,K-mer
DSD,0.1544333,K-mer
DSE,0.09505902,K-mer
DSF,0.10901077,K-mer
DSH,0.13141863,K-mer
DSI,0.11240028,K-mer
DSK,0.11109919,K-mer
DSM,0.12425142,K-mer
DSQ,0.12587106,K-mer
DSV,0.112038165,K-mer
DTC,0.44193557,K-mer
DTF,0.13361919,K-mer
DTH,0.18285021,K-mer
DTL,0.13320018,K-mer
DTP,0.13122013,K-mer
DTR,0.11068717,K-mer
DTS,0.11216694,K-mer
DTT,0.180595,K-mer
DTV,0.17737517,K-mer
DTW,0.25510037,K-mer
DVA,0.15103793,K-mer
DVC,0.30094522,K-mer
DVD,0.20792566,K-mer
DVE,0.17305115,K-mer
DVF,0.1362003,K-mer
DVH,0.19845,K-mer
DVI,0.35920125,K-mer
DVL,0.1632564,K-mer
DVM,0.25382644,K-mer
DVN,0.119262025,K-mer
DVQ,0.16918804,K-mer
DVR,0.10778946,K-mer
DVS,0.18848054,K-mer
DVT,0.17380488,K-mer
DVV,0.14455506,K-mer
DVW,0.26680297,K-mer
DWA,0.17612389,K-mer
DWC,0.6666008,K-mer
DWD,0.13272938,K-mer
DWE,0.12563586,K-mer
DWH,0.3038835,K-mer
DWK,0.34957862,K-mer
DWM,0.22421277,K-mer
DWN,0.14804427,K-mer
DWP,0.15490805,K-mer
DWQ,0.2359941,K-mer
DWS,0.11220684,K-mer
DWV,0.17401665,K-mer
DWW,0.25196993,K-mer
DWY,0.15813898,K-mer
DYA,0.27354687,K-mer
DYC,0.30539978,K-mer
DYD,0.1303182,K-mer
DYF,0.22972506,K-mer
DYH,0.14843982,K-mer
DYI,0.19767049,K-mer
DYK,0.2055541,K-mer
DYL,0.18193406,K-mer
DYM,0.20314407,K-mer
DYN,0.18975496,K-mer
DYP,0.14037676,K-mer
DYS,0.09805846,K-mer
DYV,0.16405985,K-mer
DYY,0.17360684,K-mer
EAA,0.16245681,K-mer
EAC,0.24694502,K-mer
EAD,0.14025697,K-mer
EAE,0.16463685,K-mer
EAH,0.17773959,K-mer
EAI,0.2193205,K-mer
EAK,0.13637128,K-mer
EAM,0.41028398,K-mer
EAN,0.097213805,K-mer
EAP,0.11156744,K-mer
EAR,0.14126462,K-mer
EAS,0.13651332,K-mer
EAT,0.12928337,K-mer
EAV,0.13535143,K-mer
EAW,0.2614692,K-mer
ECC,0.3882168,K-mer
ECD,0.32303876,K-mer
ECE,0.25116652,K-mer
ECF,0.33695513,K-mer
ECG,0.15925175,K-mer
ECH,0.25670287,K-mer
ECK,0.5998622,K-mer
ECL,0.4898983,K-mer
ECM,0.46063566,K-mer
ECP,0.45659637,K-mer
ECR,0.5644147,K-mer
ECS,0.27978882,K-mer
ECT,0.25354272,K-mer
ECV,0.22054055,K-mer
ECW,0.30797336,K-mer
ECY,0.37546283,K-mer
EDA,0.17609233,K-mer
EDC,0.65919995,K-mer
EDD,0.19018266,K-mer
EDE,0.19467457,K-mer
EDF,0.1627348,K-mer
EDG,0.097128056,K-mer
EDH,0.1250906,K-mer
EDI,0.14724442,K-mer
EDK,0.19209932,K-mer
EDL,0.13490675,K-mer
EDM,0.28281754,K-mer
EDN,0.15279464,K-mer
EDP,0.10580807,K-mer
EDQ,0.13267905,K-mer
EDR,0.10700128,K-mer
EDS,0.120435946,K-mer
EDV,0.16137573,K-mer
EDW,0.1780636,K-mer
EDY,0.10581897,K-mer
EEA,0.109410524,K-mer
EEC,0.45851588,K-mer
EED,0.12045317,K-mer
EEE,0.11538263,K-mer
EEF,0.1271383,K-mer
EEH,0.32634714,K-mer
EEI,0.18171614,K-mer
EEK,0.17445183,K-mer
EEL,0.093423344,K-mer
EEP,0.11505042,K-mer
EEQ,0.10134025,K-mer
EER,0.19121057,K-mer
EES,0.1496604,K-mer
EET,0.08838289,K-mer
EEV,0.16970716,K-mer
EEW,0.12188477,K-mer
EEY,0.13988289,K-mer
EFC,0.50040627,K-mer
EFG,0.12237778,K-mer
EFH,0.32798642,K-mer
EFK,0.23196045,K-mer
EFL,0.17571038,K-mer
EFM,0.28049517,K-mer
EFN,0.15545171,K-mer
EFP,0.15408717,K-mer
EFQ,0.293181,K-mer
EFR,0.16175869,K-mer
EFS,0.10180089,K-mer
EFT,0.18055633,K-mer
EFV,0.13044958,K-mer
EFW,0.12993446,K-mer
EGC,0.29416507,K-mer
EGE,0.115790024,K-mer
EGF,0.10506201,K-mer
EGH,0.11577822,K-mer
EGI,0.11583882,K-mer
EGK,0.10067792,K-mer
EGM,0.19124743,K-mer
EGP,0.11248544,K-mer
EGW,0.10084127,K-mer
EHA,0.17137879,K-mer
EHD,0.14399365,K-mer
EHF,0.17651351,K-mer
EHG,0.17416498,K-mer
EHH,0.3598534,K-mer
EHI,0.23426796,K-mer
EHK,0.31895974,K-mer
EHL,0.2602672,K-mer
EHM,0.28571218,K-mer
EHN,0.13381064,K-mer
EHQ,0.4812096,K-mer
EHR,0.11985394,K-mer
EHS,0.19469213,K-mer
EHT,0.17164373,K-mer
EHY,0.11586493,K-mer
EIA,0.13887703,K-mer
EIC,0.22323282,K-mer
EID,0.15460436,K-mer
EIE,0.1757243,K-mer
EIF,0.20007652,K-mer
EIG,0.091883555,K-mer
EII,0.24575438,K-mer
EIK,0.15576737,K-mer
EIL,0.14463854,K-mer
EIM,0.22614504,K-mer
EIN,0.15353118,K-mer
EIP,0.19762444,K-mer
EIQ,0.15311596,K-mer
EIR,0.20094791,K-mer
EIS,0.13598925,K-mer
EIT,0.15472811,K-mer
EIV,0.12161912,K-mer
EIW,0.25197625,K-mer
EKA,0.12791109,K-mer
EKC,0.2198348,K-mer
EKD,0.13687302,K-mer
EKE,0.14098203,K-mer
EKF,0.12251803,K-mer
EKH,0.41041392,K-mer
EKI,0.119953975,K-mer
EKK,0.18950021,K-mer
EKM,0.31888735,K-mer
EKN,0.18833593,K-mer
EKP,0.34190273,K-mer
EKQ,0.27754354,K-mer
EKR,0.21995232,K-mer
EKS,0.11777283,K-mer
EKT,0.19285166,K-mer
EKV,0.15093936,K-mer
EKW,0.19647986,K-mer
EKY,0.23563004,K-mer
ELC,0.16981837,K-mer
ELE,0.11645472,K-mer
ELH,0.320633,K-mer
ELK,0.12988825,K-mer
ELM,0.2171908,K-mer
ELN,0.12431551,K-mer
ELP,0.12087111,K-mer
ELS,0.10675304,K-mer
ELT,0.16556612,K-mer
ELW,0.15474045,K-mer
EMC,0.30791336,K-mer
EMD,0.31391373,K-mer
EME,0.23079714,K-mer
EMF,0.2389637,K-mer
EMG,0.17502373,K-mer
EMH,0.29322523,K-mer
EMI,0.23483995,K-mer
EMK,0.23631874,K-mer
EML,0.24368012,K-mer
EMM,0.37074032,K-mer
EMN,0.11984265,K-mer
EMP,0.35889846,K-mer
EMQ,0.3876309,K-mer
EMT,0.2749286,K-mer
EMW,0.25895143,K-mer
EMY,0.4529946,K-mer
ENA,0.194175,K-mer
ENC,0.3286538,K-mer
END,0.17159475,K-mer
ENE,0.10214232,K-mer
ENF,0.17362273,K-mer
ENG,0.1577301,K-mer
ENH,0.30444527,K-mer
ENI,0.18603826,K-mer
ENK,0.25899175,K-mer
ENM,0.15183994,K-mer
ENP,0.10723751,K-mer
ENQ,0.17095381,K-mer
ENR,0.18995734,K-mer
ENS,0.1480766,K-mer
ENV,0.35470527,K-mer
ENW,0.29481375,K-mer
EPA,0.14700434,K-mer
EPC,0.36354452,K-mer
EPD,0.14973974,K-mer
EPE,0.20324895,K-mer
EPH,0.14051005,K-mer
EPK,0.19200084,K-mer
EPM,0.14769506,K-mer
EPN,0.1151554,K-mer
EPR,0.11985612,K-mer
EPS,0.12063594,K-mer
EPW,0.22203735,K-mer
EPY,0.12514107,K-mer
EQA,0.15089172,K-mer
EQC,0.21747738,K-mer
EQD,0.16091144,K-mer
EQE,0.13006806,K-mer
EQL,0.23939021,K-mer
EQM,0.18551315,K-mer
EQN,0.23908007,K-mer
EQQ,0.14498836,K-mer
EQR,0.20591423,K-mer
EQT,0.23329931,K-mer
EQV,0.28363794,K-mer
EQW,0.36048248,K-mer
ERA,0.115391955,K-mer
ERC,0.2784087,K-mer
ERD,0.14565626,K-mer
ERE,0.1389451,K-mer
ERF,0.17325959,K-mer
ERI,0.15403187,K-mer
ERK,0.28468275,K-mer
ERL,0.11324878,K-mer
ERM,0.18478204,K-mer
ERN,0.1358435,K-mer
ERP,0.12268047,K-mer
ERQ,0.14542323,K-mer
ERS,0.11115269,K-mer
ERV,0.14242741,K-mer
ESA,0.09344472,K-mer
ESC,0.28857172,K-mer
ESD,0.110555276,K-mer
ESF,0.16473822,K-mer
ESH,0.1771242,K-mer
ESK,0.12884942,K-mer
ESL,0.16407375,K-mer
ESM,0.29510504,K-mer
ESN,0.10184479,K-mer
ESP,0.17122614,K-mer
ESQ,0.1523361,K-mer
ESW,0.20671996,K-mer
ETA,0.18785265,K-mer
ETC,0.34885076,K-mer
ETD,0.10469997,K-mer
ETF,0.1826604,K-mer
ETI,0.2899236,K-mer
ETK,0.40660504,K-mer
ETP,0.10419655,K-mer
ETR,0.14445072,K-mer
ETV,0.147938,K-mer
ETW,0.24738541,K-mer
EVA,0.14027604,K-mer
EVC,0.5180226,K-mer
EVD,0.09353158,K-mer
EVE,0.16437331,K-mer
EVH,0.17912531,K-mer
EVI,0.15347993,K-mer
EVK,0.19884971,K-mer
EVL,0.10445531,K-mer
EVN,0.08738512,K-mer
EVP,0.14550744,K-mer
EVQ,0.1543459,K-mer
EVS,0.109969124,K-mer
EVT,0.092783324,K-mer
EVV,0.1275939,K-mer
EVW,0.14625491,K-mer
EVY,0.1423309,K-mer
EWD,0.12233499,K-mer
EWE,0.13602173,K-mer
EWH,0.27676016,K-mer
EWI,0.23621306,K-mer
EWK,0.23603329,K-mer
EWL,0.26326853,K-mer
EWM,0.26199347,K-mer
EWP,0.1365887,K-mer
EWQ,0.2207553,K-mer
EWS,0.21815795,K-mer
EWV,0.17432043,K-mer
EWW,0.3115797,K-mer
EWY,0.2417846,K-mer
EYA,0.18777862,K-mer
EYC,0.40041998,K-mer
EYD,0.12820472,K-mer
EYF,0.13159463,K-mer
EYH,0.24033076,K-mer
EYK,0.15207249,K-mer
EYL,0.15877524,K-mer
EYM,0.14932679,K-mer
EYP,0.19653589,K-mer
EYQ,0.18996772,K-mer
EYR,0.11420958,K-mer
EYS,0.14651683,K-mer
EYT,0.101028405,K-mer
EYV,0.17716956,K-mer
EYW,0.27348822,K-mer
EYY,0.14888652,K-mer
FAC,0.41452974,K-mer
FAD,0.16958481,K-mer
FAE,0.12895164,K-mer
FAF,0.15691668,K-mer
FAI,0.29961124,K-mer
FAK,0.27878833,K-mer
FAL,0.16327447,K-mer
FAP,0.16575296,K-mer
FAR,0.24479716,K-mer
FAT,0.115835465,K-mer
FAV,0.16215819,K-mer
FAW,0.24024399,K-mer
FAY,0.13427714,K-mer
FCA,0.27177906,K-mer
FCC,0.3503055,K-mer
FCD,0.47305763,K-mer
FCE,0.35393882,K-mer
FCF,0.25754645,K-mer
FCG,0.60022426,K-mer
FCH,0.27244544,K-mer
FCI,0.4060548,K-mer
FCL,0.1984171,K-mer
FCN,0.19146499,K-mer
FCR,0.23760593,K-mer
FCS,0.30824882,K-mer
FCT,0.246353,K-mer
FCV,0.4559338,K-mer
FCW,0.45542642,K-mer
FDC,0.18773806,K-mer
FDD,0.24792388,K-mer
FDE,0.104353234,K-mer
FDF,0.26291406,K-mer
FDG,0.09873967,K-mer
FDI,0.24359421,K-mer
FDK,0.26757437,K-mer
FDM,0.35487682,K-mer
FDN,0.21324688,K-mer
FDP,0.14744392,K-mer
FDQ,0.109822325,K-mer
FDS,0.11097085,K-mer
FDT,0.13047121,K-mer
FDW,0.19474167,K-mer
FDY,0.11899775,K-mer
FEC,0.29804546,K-mer
FED,0.29834366,K-mer
FEE,0.16589868,K-mer
FEF,0.24915719,K-mer
FEH,0.28593814,K-mer
FEI,0.23959124,K-mer
FEK,0.18577476,K-mer
FEL,0.18012293,K-mer
FEM,0.30825996,K-mer
FEN,0.20002633,K-mer
FEP,0.17511272,K-mer
FEQ,0.12191133,K-mer
FER,0.1811735,K-mer
FES,0.13895142,K-mer
FET,0.13006012,K-mer
FEV,0.21670756,K-mer
FEW,0.3549324,K-mer
FFA,0.18818413,K-mer
FFD,0.16888739,K-mer
FFE,0.24398828,K-mer
FFG,0.12548265,K-mer
FFH,0.27063143,K-mer
FFM,0.2554865,K-mer
FFN,0.20256275,K-mer
FFP,0.14978452,K-mer
FFQ,0.19770841,K-mer
FFR,0.22232145,K-mer
FFT,0.28448525,K-mer
FFV,0.23791364,K-mer
FFW,0.24135673,K-mer
FFY,0.13926275,K-mer
FGC,0.33589315,K-mer
FGD,0.14948222,K-mer
FGE,0.11820306,K-mer
FGH,0.1856144,K-mer
FGI,0.21542802,K-mer
FGK,0.1865491,K-mer
FGM,0.24058695,K-mer
FGP,0.18722832,K-mer
FGV,0.11229858,K-mer
FGW,0.22410387,K-mer
FGY,0.14897834,K-mer
FHA,0.53645384,K-mer
FHC,0.28210622,K-mer
FHD,0.19915208,K-mer
FHE,0.16817209,K-mer
FHF,0.24416162,K-mer
FHH,0.34604308,K-mer
FHI,0.23984982,K-mer
FHK,0.39980674,K-mer
FHL,0.22801784,K-mer
FHM,0.28722084,K-mer
FHN,0.19382149,K-mer
FHP,0.20276824,K-mer
FHQ,0.21329491,K-mer
FHT,0.27705273,K-mer
FHV,0.16538695,K-mer
FHW,0.23274225,K-mer
FHY,0.19976705,K-mer
FID,0.17235057,K-mer
FIE,0.19049695,K-mer
FIF,0.24890104,K-mer
FIG,0.10429182,K-mer
FIH,0.21829784,K-mer
FII,0.16076064,K-mer
FIM,0.32889634,K-mer
FIN,0.2623459,K-mer
FIP,0.20303635,K-mer
FIR,0.16272275,K-mer
FIS,0.16786364,K-mer
FIT,0.26774147,K-mer
FIW,0.26028728,K-mer
FIY,0.15867536,K-mer
FKA,0.20302862,K-mer
FKD,0.1661623,K-mer
FKE,0.18628983,K-mer
FKF,0.2108491,K-mer
FKG,0.18364182,K-mer
FKH,0.19424027,K-mer
FKI,0.24304622,K-mer
FKK,0.2572735,K-mer
FKL,0.16992801,K-mer
FKM,0.16533604,K-mer
FKP,0.14594683,K-mer
FKR,0.120570585,K-mer
FKS,0.18725857,K-mer
FKT,0.21782076,K-mer
FKV,0.22626424,K-mer
FKW,0.19299969,K-mer
FLA,0.13974641,K-mer
FLC,0.33230132,K-mer
FLD,0.099966355,K-mer
FLE,0.142586,K-mer
FLF,0.20629185,K-mer
FLH,0.24889529,K-mer
FLK,0.20289434,K-mer
FLN,0.26022696,K-mer
FLP,0.114832535,K-mer
FLR,0.16709931,K-mer
FLT,0.16815151,K-mer
FLV,0.14719102,K-mer
FMA,0.24790223,K-mer
FMD,0.23713939,K-mer
FME,0.27189618,K-mer
FMF,0.18441954,K-mer
FMI,0.3571619,K-mer
FMK,0.21347326,K-mer
FML,0.194568,K-mer
FMM,0.23877221,K-mer
FMN,0.16103564,K-mer
FMQ,0.2826997,K-mer
FMR,0.21142842,K-mer
FMS,0.21565595,K-mer
FMT,0.21816911,K-mer
FMV,0.13679159,K-mer
FMW,0.44715157,K-mer
FMY,0.35745654,K-mer
FNA,0.2598524,K-mer
FNC,0.42404932,K-mer
FNK,0.37483808,K-mer
FNL,0.15269053,K-mer
FNM,0.20201947,K-mer
FNN,0.3827162,K-mer
FNR,0.22195482,K-mer
FNT,0.12118738,K-mer
FNV,0.14252448,K-mer
FNW,0.221804,K-mer
FPC,0.47115517,K-mer
FPD,0.15913796,K-mer
FPE,0.13244858,K-mer
FPF,0.13803571,K-mer
FPH,0.13355467,K-mer
FPK,0.18873876,K-mer
FPM,0.17092133,K-mer
FPN,0.123796105,K-mer
FPP,0.1406576,K-mer
FPQ,0.1069994,K-mer
FPR,0.11360456,K-mer
FPT,0.13962579,K-mer
FPV,0.24294706,K-mer
FPW,0.17029777,K-mer
FQA,0.19431528,K-mer
FQE,0.13881499,K-mer
FQF,0.20080818,K-mer
FQI,0.19949186,K-mer
FQL,0.14235264,K-mer
FQM,0.27582276,K-mer
FQP,0.14508781,K-mer
FQQ,0.1611701,K-mer
FQR,0.14156866,K-mer
FQV,0.24208896,K-mer
FQY,0.15032797,K-mer
FRA,0.13598883,K-mer
FRC,0.24495336,K-mer
FRF,0.19495204,K-mer
FRH,0.22931865,K-mer
FRI,0.24358979,K-mer
FRK,0.23059434,K-mer
FRL,0.16907445,K-mer
FRN,0.15031034,K-mer
FRP,0.12846147,K-mer
FRQ,0.09550953,K-mer
FRR,0.12371379,K-mer
FRV,0.120841004,K-mer
FSC,0.31831124,K-mer
FSD,0.10627585,K-mer
FSE,0.11898463,K-mer
FSF,0.14513451,K-mer
FSH,0.34657907,K-mer
FSI,0.15190649,K-mer
FSK,0.20745926,K-mer
FSM,0.14561829,K-mer
FSP,0.15802528,K-mer
FSQ,0.24996668,K-mer
FSS,0.15478286,K-mer
FST,0.11343937,K-mer
FSV,0.18056226,K-mer
FSW,0.114515916,K-mer
FSY,0.12363807,K-mer
FTA,0.18976876,K-mer
FTC,0.3282624,K-mer
FTD,0.10898522,K-mer
FTF,0.17790133,K-mer
FTH,0.18614188,K-mer
FTI,0.17731977,K-mer
FTL,0.17276034,K-mer
FTQ,0.235065,K-mer
FTR,0.15476814,K-mer
FTT,0.1470466,K-mer
FTW,0.26487207,K-mer
FVA,0.18883294,K-mer
FVC,0.32855937,K-mer
FVD,0.15914635,K-mer
FVE,0.17561702,K-mer
FVF,0.24334614,K-mer
FVH,0.1572043,K-mer
FVK,0.47687292,K-mer
FVL,0.19736564,K-mer
FVM,0.2282162,K-mer
FVN,0.29342657,K-mer
FVP,0.283841,K-mer
FVR,0.13835508,K-mer
FVV,0.20188941,K-mer
FVW,0.22416365,K-mer
FVY,0.17509347,K-mer
FWA,0.16073406,K-mer
FWC,0.29047728,K-mer
FWD,0.19807912,K-mer
FWH,0.34309125,K-mer
FWI,0.21216181,K-mer
FWK,0.1902499,K-mer
FWL,0.31907737,K-mer
FWM,0.28472275,K-mer
FWN,0.20116642,K-mer
FWP,0.17539,K-mer
FWQ,0.27611476,K-mer
FWR,0.16989093,K-mer
FWT,0.16502029,K-mer
FWW,0.3514214,K-mer
FYC,0.27015716,K-mer
FYD,0.19696172,K-mer
FYF,0.24571127,K-mer
FYI,0.1446846,K-mer
FYK,0.31871969,K-mer
FYM,0.59534186,K-mer
FYN,0.13029063,K-mer
FYQ,0.2153613,K-mer
FYS,0.15085688,K-mer
FYT,0.19317669,K-mer
FYV,0.1441124,K-mer
FYW,0.23560405,K-mer
FYY,0.1939281,K-mer
GAC,0.16478649,K-mer
GAI,0.13454455,K-mer
GAM,0.1222559,K-mer
GAW,0.112287916,K-mer
GCA,0.3057281,K-mer
GCD,0.60937977,K-mer
GCE,0.20213881,K-mer
GCG,0.26659456,K-mer
GCK,0.4751618,K-mer
GCL,0.18212771,K-mer
GCM,0.22946838,K-mer
GCN,0.35253215,K-mer
GCP,0.2210375,K-mer
GCQ,0.23463503,K-mer
GCR,0.27008575,K-mer
GCS,0.25641695,K-mer
GCT,0.3530813,K-mer
GCV,0.4149189,K-mer
GCW,0.21553883,K-mer
GCY,0.44177896,K-mer
GDA,0.117587425,K-mer
GDC,0.20011124,K-mer
GDF,0.1295227,K-mer
GDH,0.18783373,K-mer
GDI,0.12708795,K-mer
GDM,0.20828643,K-mer
GDV,0.11767032,K-mer
GDW,0.14099374,K-mer
GEC,0.19174889,K-mer
GEF,0.23362775,K-mer
GEH,0.12607805,K-mer
GEI,0.104149975,K-mer
GEM,0.11796994,K-mer
GEP,0.120022096,K-mer
GEV,0.10203619,K-mer
GFA,0.119234756,K-mer
GFC,0.4607218,K-mer
GFD,0.13118002,K-mer
GFF,0.12576072,K-mer
GFI,0.18454982,K-mer
GFK,0.16389185,K-mer
GFM,0.15363745,K-mer
GFQ,0.16506249,K-mer
GFV,0.18375361,K-mer
GFW,0.13756782,K-mer
GGC,0.278846,K-mer
GHA,0.14299762,K-mer
GHC,0.40149528,K-mer
GHD,0.2575232,K-mer
GHF,0.20430179,K-mer
GHG,0.15537491,K-mer
GHH,0.13594,K-mer
GHI,0.24239716,K-mer
GHL,0.11990363,K-mer
GHM,0.118587166,K-mer
GHP,0.1714857,K-mer
GHQ,0.13441318,K-mer
GHV,0.14937472,K-mer
GIC,0.15566054,K-mer
GIH,0.13449544,K-mer
GII,0.14177458,K-mer
GIK,0.12807277,K-mer
GIM,0.15261696,K-mer
GIV,0.13144204,K-mer
GIW,0.18921572,K-mer
GKA,0.096947595,K-mer
GKC,0.39390132,K-mer
GKF,0.13604885,K-mer
GKH,0.33516532,K-mer
GKI,0.15820442,K-mer
GKL,0.15988201,K-mer
GKN,0.08878667,K-mer
GKP,0.17300656,K-mer
GKQ,0.10318813,K-mer
GKR,0.10876995,K-mer
GKS,0.10314367,K-mer
GKV,0.11131167,K-mer
GKW,0.13961208,K-mer
GLC,0.39393345,K-mer
GLH,0.1235257,K-mer
GLK,0.11163062,K-mer
GLM,0.15630396,K-mer
GLV,0.10108934,K-mer
GMC,0.43202764,K-mer
GMD,0.13099733,K-mer
GME,0.17112085,K-mer
GMF,0.22629881,K-mer
GMH,0.19653653,K-mer
GMI,0.21708058,K-mer
GMK,0.16286902,K-mer
GMM,0.35091072,K-mer
GMP,0.24702626,K-mer
GMQ,0.21283168,K-mer
GMT,0.1449525,K-mer
GMV,0.21477383,K-mer
GMW,0.23144037,K-mer
GMY,0.19147058,K-mer
GNA,0.24129048,K-mer
GNC,0.2831436,K-mer
GND,0.124287404,K-mer
GNF,0.17817697,K-mer
GNL,0.13395752,K-mer
GNM,0.18224655,K-mer
GNW,0.21087873,K-mer
GPH,0.10523616,K-mer
GPK,0.10352234,K-mer
GPM,0.155146,K-mer
GQF,0.115959525,K-mer
GQQ,0.15665361,K-mer
GQW,0.1361861,K-mer
GRC,0.27626932,K-mer
GRH,0.119809456,K-mer
GRM,0.10636504,K-mer
GSC,0.12104352,K-mer
GSF,0.12540957,K-mer
GSK,0.16849875,K-mer
GSM,0.1058732,K-mer
GSW,0.115434684,K-mer
GTC,0.39635277,K-mer
GTW,0.1274553,K-mer
GVC,0.25594538,K-mer
GVF,0.10312966,K-mer
GVH,0.13334039,K-mer
GVW,0.121320225,K-mer
GWC,0.43148655,K-mer
GWD,0.08709399,K-mer
GWI,0.2678042,K-mer
GWK,0.2888021,K-mer
GWL,0.12559995,K-mer
GWM,0.23914334,K-mer
GWQ,0.15037668,K-mer
GWS,0.17052647,K-mer
GWV,0.1178477,K-mer
GWW,0.32331255,K-mer
GWY,0.1499716,K-mer
GYC,0.7535726,K-mer
GYL,0.13451697,K-mer
GYP,0.10842393,K-mer
GYV,0.18513541,K-mer
GYW,0.22318968,K-mer
HAC,0.21223527,K-mer
HAD,0.24196187,K-mer
HAE,0.3251882,K-mer
HAF,0.16389912,K-mer
HAG,0.17992607,K-mer
HAH,0.21896219,K-mer
HAK,0.21890533,K-mer
HAL,0.26974383,K-mer
HAP,0.12972915,K-mer
HAQ,0.32902205,K-mer
HAS,0.17546259,K-mer
HAW,0.18049604,K-mer
HAY,0.13165036,K-mer
HCA,0.34155172,K-mer
HCC,0.46068057,K-mer
HCD,0.5729737,K-mer
HCE,0.52744794,K-mer
HCF,0.4652551,K-mer
HCG,0.29398692,K-mer
HCH,0.3633634,K-mer
HCI,0.2577353,K-mer
HCK,0.19153202,K-mer
HCL,0.1794526,K-mer
HCN,0.18988442,K-mer
HCP,0.37064594,K-mer
HCQ,0.35215908,K-mer
HCR,0.31314713,K-mer
HCT,0.20138521,K-mer
HCW,0.4024733,K-mer
HDC,0.4283598,K-mer
HDE,0.25298232,K-mer
HDF,0.3143236,K-mer
HDG,0.20797409,K-mer
HDH,0.41692907,K-mer
HDI,0.23411517,K-mer
HDK,0.23252818,K-mer
HDL,0.2018125,K-mer
HDM,0.20749184,K-mer
HDN,0.18886916,K-mer
HDP,0.19947329,K-mer
HDQ,0.14544997,K-mer
HDR,0.11959484,K-mer
HDS,0.20334421,K-mer
HDV,0.29236186,K-mer
HDW,0.18882349,K-mer
HDY,0.2580002,K-mer
HEA,0.12048358,K-mer
HEC,0.53001785,K-mer
HEF,0.3075346,K-mer
HEG,0.14084855,K-mer
HEI,0.27748102,K-mer
HEK,0.15357102,K-mer
HEL,0.17972703,K-mer
HEM,0.3423646,K-mer
HEN,0.18808368,K-mer
HEP,0.2152474,K-mer
HER,0.20388657,K-mer
HES,0.111983344,K-mer
HET,0.16205294,K-mer
HEV,0.175771,K-mer
HEW,0.32256114,K-mer
HFA,0.21057238,K-mer
HFD,0.2180597,K-mer
HFF,0.33485138,K-mer
HFG,0.15534148,K-mer
HFH,0.30266637,K-mer
HFI,0.26082826,K-mer
HFK,0.320846,K-mer
HFM,0.25165513,K-mer
HFN,0.16709709,K-mer
HFP,0.16863245,K-mer
HFQ,0.32823822,K-mer
HFR,0.19994234,K-mer
HFS,0.16993406,K-mer
HFT,0.27477416,K-mer
HFV,0.25111043,K-mer
HFW,0.19501185,K-mer
HGA,0.122693345,K-mer
HGC,0.3278057,K-mer
HGD,0.17702752,K-mer
HGE,0.11971077,K-mer
HGG,0.12134279,K-mer
HGI,0.32527632,K-mer
HGK,0.3767166,K-mer
HGL,0.100938305,K-mer
HGM,0.2325984,K-mer
HGN,0.16421923,K-mer
HGP,0.16044368,K-mer
HGR,0.20283714,K-mer
HGS,0.17727634,K-mer
HGW,0.10905856,K-mer
HHA,0.25360835,K-mer
HHC,0.29301137,K-mer
HHD,0.39146894,K-mer
HHE,0.27838802,K-mer
HHF,0.28354296,K-mer
HHK,0.2650355,K-mer
HHM,0.2887903,K-mer
HHN,0.34998617,K-mer
HHP,0.31872487,K-mer
HHQ,0.20001338,K-mer
HHR,0.18291038,K-mer
HHS,0.27027678,K-mer
HHT,0.28642404,K-mer
HHV,0.19016963,K-mer
HHW,0.25235263,K-mer
HHY,0.22556835,K-mer
HIA,0.21423043,K-mer
HIC,0.3645354,K-mer
HIE,0.24045232,K-mer
HIF,0.16764243,K-mer
HIG,0.2917645,K-mer
HIH,0.43458927,K-mer
HII,0.35876054,K-mer
HIL,0.32175028,K-mer
HIM,0.19713168,K-mer
HIN,0.3931684,K-mer
HIP,0.3083034,K-mer
HIQ,0.3258801,K-mer
HIR,0.19863552,K-mer
HIT,0.26402652,K-mer
HIW,0.34676713,K-mer
HIY,0.27693743,K-mer
HKA,0.22172296,K-mer
HKC,0.23835376,K-mer
HKD,0.19307,K-mer
HKE,0.23971057,K-mer
HKF,0.484388,K-mer
HKG,0.14811453,K-mer
HKH,0.18260223,K-mer
HKI,0.3213418,K-mer
HKK,0.35985518,K-mer
HKL,0.16008264,K-mer
HKM,0.2823471,K-mer
HKN,0.20361948,K-mer
HKP,0.22448006,K-mer
HKQ,0.14639816,K-mer
HKS,0.1561378,K-mer
HKT,0.23506527,K-mer
HKY,0.31466466,K-mer
HLA,0.1074588,K-mer
HLC,0.2873696,K-mer
HLD,0.2104967,K-mer
HLE,0.1533396,K-mer
HLG,0.11432165,K-mer
HLH,0.23249602,K-mer
HLI,0.15815616,K-mer
HLL,0.17298451,K-mer
HLM,0.26198983,K-mer
HLN,0.21652576,K-mer
HLP,0.20522755,K-mer
HLQ,0.18170118,K-mer
HLR,0.16373047,K-mer
HLS,0.14293239,K-mer
HLV,0.14863484,K-mer
HLW,0.26307094,K-mer
HLY,0.215318,K-mer
HMF,0.48898417,K-mer
HMG,0.26362947,K-mer
HMH,0.2930265,K-mer
HMI,0.24623187,K-mer
HMK,0.44917247,K-mer
HML,0.24314746,K-mer
HMM,0.5087866,K-mer
HMN,0.12818705,K-mer
HMP,0.31909066,K-mer
HMQ,0.2603053,K-mer
HMR,0.5205442,K-mer
HMS,0.28254136,K-mer
HMW,0.4509797,K-mer
HNA,0.25316048,K-mer
HNC,0.33216742,K-mer
HND,0.307944,K-mer
HNF,0.34734336,K-mer
HNG,0.24904992,K-mer
HNH,0.293499,K-mer
HNI,0.357794,K-mer
HNK,0.24766406,K-mer
HNN,0.25254923,K-mer
HNP,0.34504265,K-mer
HNQ,0.118374035,K-mer
HNR,0.18056329,K-mer
HNS,0.14986508,K-mer
HNT,0.18213823,K-mer
HNV,0.24767216,K-mer
HNW,0.19322744,K-mer
HNY,0.17691441,K-mer
HPA,0.114778936,K-mer
HPC,0.22705883,K-mer
HPD,0.17436655,K-mer
HPE,0.14477175,K-mer
HPH,0.15141867,K-mer
HPI,0.21486239,K-mer
HPK,0.23491503,K-mer
HPM,0.26026225,K-mer
HPN,0.20558664,K-mer
HPP,0.18784605,K-mer
HPR,0.14095381,K-mer
HPS,0.13556635,K-mer
HPV,0.16750798,K-mer
HPW,0.1582254,K-mer
HPY,0.17162439,K-mer
HQC,0.31803814,K-mer
HQD,0.32931006,K-mer
HQE,0.19085427,K-mer
HQF,0.32647932,K-mer
HQG,0.09257342,K-mer
HQH,0.33563316,K-mer
HQK,0.39273137,K-mer
HQL,0.17657432,K-mer
HQN,0.17494589,K-mer
HQQ,0.28112653,K-mer
HQR,0.28291512,K-mer
HQS,0.3125829,K-mer
HQT,0.28379858,K-mer
HQV,0.3115546,K-mer
HQW,0.2708802,K-mer
HQY,0.20079616,K-mer
HRA,0.1342197,K-mer
HRC,0.5148799,K-mer
HRE,0.13194412,K-mer
HRF,0.20504351,K-mer
HRH,0.1408306,K-mer
HRI,0.16289943,K-mer
HRK,0.27463526,K-mer
HRL,0.12915836,K-mer
HRM,0.30948687,K-mer
HRN,0.15923181,K-mer
HRR,0.1499681,K-mer
HRT,0.14829665,K-mer
HRV,0.13187121,K-mer
HRW,0.2723537,K-mer
HRY,0.1563321,K-mer
HSA,0.11662848,K-mer
HSC,0.32243714,K-mer
HSD,0.2762063,K-mer
HSE,0.20424053,K-mer
HSF,0.2805712,K-mer
HSH,0.3603036,K-mer
HSI,0.21326494,K-mer
HSK,0.1756714,K-mer
HSL,0.20672512,K-mer
HSM,0.59099823,K-mer
HSN,0.18199591,K-mer
HSP,0.11609006,K-mer
HSQ,0.20912576,K-mer
HSS,0.11889818,K-mer
HST,0.1463497,K-mer
HSV,0.24498868,K-mer
HSW,0.22660679,K-mer
HSY,0.115973964,K-mer
HTA,0.14863089,K-mer
HTC,0.31100246,K-mer
HTD,0.14811568,K-mer
HTF,0.27653968,K-mer
HTH,0.5426949,K-mer
HTK,0.3255522,K-mer
HTL,0.15576982,K-mer
HTM,0.32485756,K-mer
HTN,0.14679995,K-mer
HTP,0.36848354,K-mer
HTR,0.17520806,K-mer
HTS,0.12932855,K-mer
HTT,0.18355207,K-mer
HTV,0.13185051,K-mer
HTW,0.31796408,K-mer
HTY,0.1416029,K-mer
HVA,0.15312865,K-mer
HVC,0.27012923,K-mer
HVD,0.2870629,K-mer
HVE,0.14278276,K-mer
HVF,0.26331577,K-mer
HVG,0.18139285,K-mer
HVH,0.34678993,K-mer
HVI,0.32044345,K-mer
HVK,0.23220122,K-mer
HVL,0.28189802,K-mer
HVM,0.22651812,K-mer
HVP,0.19628729,K-mer
HVR,0.1598784,K-mer
HVS,0.2273227,K-mer
HVT,0.22379467,K-mer
HVW,0.30105263,K-mer
HVY,0.18356107,K-mer
HWA,0.27330476,K-mer
HWD,0.16327815,K-mer
HWE,0.13799968,K-mer
HWF,0.2592759,K-mer
HWH,0.43865606,K-mer
HWI,0.28856063,K-mer
HWL,0.2832247,K-mer
HWM,0.36650425,K-mer
HWN,0.26837206,K-mer
HWP,0.22902557,K-mer
HWR,0.1891093,K-mer
HWS,0.27389568,K-mer
HWW,0.30402458,K-mer
HWY,0.3731718,K-mer
HYA,0.34527433,K-mer
HYD,0.35705912,K-mer
HYF,0.23201534,K-mer
HYH,0.2719927,K-mer
HYK,0.15008345,K-mer
HYL,0.16096322,K-mer
HYM,0.39358985,K-mer
HYN,0.13304684,K-mer
HYR,0.2542758,K-mer
HYS,0.19857709,K-mer
HYW,0.26981315,K-mer
HYY,0.16119617,K-mer
IAA,0.14629784,K-mer
IAC,0.21062064,K-mer
IAD,0.18322116,K-mer
IAE,0.17021431,K-mer
IAF,0.21391757,K-mer
IAH,0.23599935,K-mer
IAI,0.23984937,K-mer
IAK,0.11315404,K-mer
IAL,0.18357107,K-mer
IAP,0.13564907,K-mer
IAR,0.19568396,K-mer
IAT,0.17402175,K-mer
IAV,0.124055475,K-mer
IAW,0.14647552,K-mer
IAY,0.10881152,K-mer
ICA,0.31539807,K-mer
ICC,0.4784572,K-mer
ICD,0.30777916,K-mer
ICE,0.17081833,K-mer
ICG,0.28305805,K-mer
ICH,0.22259119,K-mer
ICI,0.20375346,K-mer
ICK,0.33063644,K-mer
ICL,0.4062283,K-mer
ICN,0.31690818,K-mer
ICQ,0.36572254,K-mer
ICR,0.47543937,K-mer
ICS,0.22497624,K-mer
ICT,0.17898455,K-mer
ICV,0.21813138,K-mer
ICW,0.2816527,K-mer
ICY,0.17467286,K-mer
IDA,0.33789015,K-mer
IDC,0.64637655,K-mer
IDD,0.17227352,K-mer
IDF,0.2495853,K-mer
IDG,0.095133066,K-mer
IDH,0.20454076,K-mer
IDL,0.17568928,K-mer
IDM,0.45373997,K-mer
IDN,0.18879,K-mer
IDP,0.16608077,K-mer
IDS,0.16620022,K-mer
IDT,0.1807572,K-mer
IDY,0.1427181,K-mer
IEC,0.2747918,K-mer
IEF,0.15692592,K-mer
IEI,0.30129966,K-mer
IEK,0.18551326,K-mer
IEM,0.24646421,K-mer
IEN,0.17723915,K-mer
IEP,0.20753497,K-mer
IEQ,0.13778538,K-mer
IER,0.17484821,K-mer
IET,0.15566808,K-mer
IEY,0.26634192,K-mer
IFA,0.18155819,K-mer
IFC,0.3408569,K-mer
IFE,0.20079154,K-mer
IFF,0.31927162,K-mer
IFG,0.16850868,K-mer
IFH,0.33968797,K-mer
IFI,0.29164684,K-mer
IFK,0.3217635,K-mer
IFL,0.3055364,K-mer
IFM,0.26724637,K-mer
IFN,0.19710453,K-mer
IFQ,0.18841293,K-mer
IFS,0.11841738,K-mer
IFT,0.2059766,K-mer
IFW,0.3107232,K-mer
IGC,0.21722668,K-mer
IGF,0.20129302,K-mer
IGH,0.13423595,K-mer
IGI,0.1407119,K-mer
IGL,0.13967681,K-mer
IGP,0.111676216,K-mer
IGW,0.15222442,K-mer
IHA,0.19131842,K-mer
IHC,0.5162406,K-mer
IHE,0.14342627,K-mer
IHH,0.14059553,K-mer
IHK,0.28884134,K-mer
IHM,0.22452962,K-mer
IHP,0.1973117,K-mer
IHQ,0.33749214,K-mer
IHR,0.11925866,K-mer
IHS,0.16021204,K-mer
IHT,0.2989096,K-mer
IHV,0.38926545,K-mer
IHW,0.14861794,K-mer
IHY,0.23352832,K-mer
IIA,0.1481374,K-mer
IIC,0.58543473,K-mer
IID,0.14868635,K-mer
IIE,0.21212466,K-mer
IIF,0.215781,K-mer
IIG,0.149404,K-mer
IIH,0.26484233,K-mer
III,0.3663865,K-mer
IIK,0.18766111,K-mer
IIN,0.15883948,K-mer
IIP,0.20548543,K-mer
IIQ,0.25144494,K-mer
IIT,0.17083904,K-mer
IIV,0.21958086,K-mer
IIW,0.263057,K-mer
IIY,0.11785713,K-mer
IKA,0.13001533,K-mer
IKC,0.38290775,K-mer
IKD,0.22960263,K-mer
IKE,0.15600887,K-mer
IKF,0.2199768,K-mer
IKG,0.115088165,K-mer
IKH,0.27132475,K-mer
IKI,0.19950521,K-mer
IKK,0.20623308,K-mer
IKL,0.11229012,K-mer
IKM,0.35571247,K-mer
IKN,0.18932573,K-mer
IKP,0.30266815,K-mer
IKQ,0.19637111,K-mer
IKR,0.21823806,K-mer
IKS,0.1727703,K-mer
IKV,0.18467456,K-mer
IKW,0.34535158,K-mer
IKY,0.20717023,K-mer
ILC,0.3999024,K-mer
ILD,0.1870617,K-mer
ILF,0.22099662,K-mer
ILI,0.33794004,K-mer
ILK,0.26150358,K-mer
ILM,0.12199407,K-mer
ILQ,0.15290713,K-mer
ILR,0.10939398,K-mer
ILS,0.1283972,K-mer
ILT,0.11560439,K-mer
ILV,0.29431668,K-mer
ILW,0.2652491,K-mer
IMA,0.16747211,K-mer
IMD,0.44712555,K-mer
IME,0.37946042,K-mer
IMF,0.22316028,K-mer
IMG,0.15508318,K-mer
IMH,0.42783412,K-mer
IMK,0.262843,K-mer
IML,0.31857178,K-mer
IMM,0.3911031,K-mer
IMN,0.13966045,K-mer
IMP,0.26374185,K-mer
IMQ,0.53835964,K-mer
IMR,0.24478173,K-mer
IMT,0.13831195,K-mer
IMV,0.23164433,K-mer
IMW,0.20852372,K-mer
IMY,0.17760205,K-mer
INC,0.33863667,K-mer
IND,0.222042,K-mer
INF,0.26912445,K-mer
ING,0.115034536,K-mer
INH,0.42822757,K-mer
INI,0.2836756,K-mer
INK,0.40458098,K-mer
INM,0.31403458,K-mer
INN,0.13539127,K-mer
INP,0.13607867,K-mer
INR,0.13696772,K-mer
INT,0.19254148,K-mer
IPA,0.22617558,K-mer
IPD,0.19549322,K-mer
IPF,0.17867507,K-mer
IPH,0.183641,K-mer
IPI,0.21006936,K-mer
IPK,0.23567045,K-mer
IPL,0.13813892,K-mer
IPM,0.26043522,K-mer
IPN,0.10892575,K-mer
IPP,0.14942452,K-mer
IPQ,0.2169561,K-mer
IPR,0.178532,K-mer
IPS,0.11659616,K-mer
IPT,0.12616384,K-mer
IPV,0.13911062,K-mer
IPW,0.25486955,K-mer
IPY,0.1682154,K-mer
IQA,0.21172275,K-mer
IQF,0.2643965,K-mer
IQI,0.2054387,K-mer
IQK,0.3099786,K-mer
IQM,0.461677,K-mer
IQN,0.21068148,K-mer
IQP,0.14204907,K-mer
IQQ,0.1762722,K-mer
IQR,0.24995959,K-mer
IQS,0.28602767,K-mer
IQT,0.19352096,K-mer
IQV,0.24487518,K-mer
IQY,0.09405825,K-mer
IRA,0.099529274,K-mer
IRC,0.33424944,K-mer
IRE,0.11595176,K-mer
IRF,0.21527171,K-mer
IRI,0.16417609,K-mer
IRK,0.11634137,K-mer
IRL,0.14117602,K-mer
IRM,0.31293944,K-mer
IRN,0.20125315,K-mer
IRQ,0.19197896,K-mer
IRR,0.13698828,K-mer
IRS,0.13540062,K-mer
IRV,0.1699593,K-mer
IRY,0.17475188,K-mer
ISF,0.23310217,K-mer
ISH,0.31167793,K-mer
ISI,0.16868816,K-mer
ISL,0.12648791,K-mer
ISM,0.33467665,K-mer
ISN,0.18100089,K-mer
ISQ,0.13034153,K-mer
ISR,0.12115529,K-mer
IST,0.11021455,K-mer
ISW,0.123839594,K-mer
ITC,0.43661958,K-mer
ITD,0.08730616,K-mer
ITF,0.13445866,K-mer
ITH,0.32281667,K-mer
ITI,0.2018907,K-mer
ITK,0.38242787,K-mer
ITL,0.31451797,K-mer
ITM,0.2567293,K-mer
ITP,0.10560964,K-mer
ITQ,0.29669678,K-mer
ITS,0.16733232,K-mer
ITT,0.15558924,K-mer
ITV,0.28714523,K-mer
ITW,0.2282129,K-mer
IVC,0.34236538,K-mer
IVE,0.1454516,K-mer
IVF,0.22957993,K-mer
IVH,0.194659,K-mer
IVI,0.29024297,K-mer
IVK,0.21634988,K-mer
IVM,0.38154817,K-mer
IVN,0.1774634,K-mer
IVQ,0.115106076,K-mer
IVR,0.19366172,K-mer
IVS,0.14735867,K-mer
IVV,0.30721053,K-mer
IVW,0.1802391,K-mer
IVY,0.19020718,K-mer
IWA,0.13861462,K-mer
IWC,0.1553111,K-mer
IWE,0.20463999,K-mer
IWG,0.14129668,K-mer
IWH,0.22313723,K-mer
IWI,0.32679152,K-mer
IWK,0.5954929,K-mer
IWL,0.17752773,K-mer
IWN,0.14975058,K-mer
IWP,0.19474646,K-mer
IWQ,0.24153887,K-mer
IWR,0.2214838,K-mer
IWS,0.21539906,K-mer
IWT,0.19061449,K-mer
IWV,0.1372742,K-mer
IWW,0.22069004,K-mer
IWY,0.2574814,K-mer
IYA,0.16536787,K-mer
IYD,0.13769642,K-mer
IYH,0.27029714,K-mer
IYI,0.24001539,K-mer
IYK,0.25258052,K-mer
IYM,0.42397988,K-mer
IYR,0.18813959,K-mer
IYS,0.15409395,K-mer
IYT,0.14481965,K-mer
IYV,0.30730176,K-mer
IYW,0.26174772,K-mer
IYY,0.14431751,K-mer
KAA,0.13805243,K-mer
KAC,0.29683393,K-mer
KAD,0.118320234,K-mer
KAH,0.1663264,K-mer
KAI,0.22431019,K-mer
KAK,0.16142109,K-mer
KAL,0.119922034,K-mer
KAM,0.3110454,K-mer
KAN,0.13279745,K-mer
KAQ,0.30114448,K-mer
KAS,0.24107423,K-mer
KAV,0.21428004,K-mer
KAY,0.13692,K-mer
KCA,0.28815067,K-mer
KCC,0.36849064,K-mer
KCD,0.15490171,K-mer
KCE,0.41405982,K-mer
KCH,0.47405466,K-mer
KCI,0.27979833,K-mer
KCK,0.25511923,K-mer
KCL,0.26897082,K-mer
KCN,0.341795,K-mer
KCP,0.4634023,K-mer
KCQ,0.2998044,K-mer
KCS,0.41843227,K-mer
KCT,0.29612362,K-mer
KCV,0.35305822,K-mer
KCW,0.65597636,K-mer
KCY,0.29513255,K-mer
KDA,0.2587071,K-mer
KDC,0.17487162,K-mer
KDD,0.16824332,K-mer
KDE,0.13834222,K-mer
KDF,0.17234915,K-mer
KDG,0.10756154,K-mer
KDK,0.18663996,K-mer
KDM,0.5395405,K-mer
KDP,0.17618906,K-mer
KDQ,0.2135878,K-mer
KDS,0.1302546,K-mer
KDT,0.13732308,K-mer
KDW,0.2297822,K-mer
KEC,0.27848202,K-mer
KED,0.18278223,K-mer
KEG,0.10757461,K-mer
KEH,0.24832906,K-mer
KEI,0.34612662,K-mer
KEL,0.14726697,K-mer
KEM,0.17631054,K-mer
KEN,0.22291186,K-mer
KEP,0.11114023,K-mer
KEQ,0.12740678,K-mer
KER,0.22089443,K-mer
KES,0.35016796,K-mer
KEV,0.16890731,K-mer
KEW,0.23226199,K-mer
KEY,0.18794186,K-mer
KFD,0.3546055,K-mer
KFE,0.25910142,K-mer
KFF,0.14986303,K-mer
KFN,0.22444814,K-mer
KFP,0.23037675,K-mer
KFQ,0.32495672,K-mer
KFR,0.22989836,K-mer
KFS,0.12280382,K-mer
KFT,0.123715736,K-mer
KFV,0.21256188,K-mer
KFW,0.35204643,K-mer
KFY,0.23866135,K-mer
KGC,0.36232358,K-mer
KGD,0.13294718,K-mer
KGF,0.16695255,K-mer
KGH,0.13761684,K-mer
KGI,0.11804332,K-mer
KGM,0.12516996,K-mer
KGN,0.09559278,K-mer
KGV,0.11642638,K-mer
KGW,0.1706469,K-mer
KGY,0.121773615,K-mer
KHD,0.25840104,K-mer
KHE,0.22048953,K-mer
KHF,0.26420122,K-mer
KHH,0.17134137,K-mer
KHN,0.1735395,K-mer
KHP,0.15614906,K-mer
KHQ,0.1704358,K-mer
KHR,0.16016513,K-mer
KHS,0.22779033,K-mer
KHT,0.17882061,K-mer
KHV,0.18819484,K-mer
KHW,0.16312048,K-mer
KHY,0.23343515,K-mer
KIA,0.16628453,K-mer
KIC,0.3425076,K-mer
KID,0.13663617,K-mer
KIE,0.3433639,K-mer
KIF,0.19340433,K-mer
KIG,0.19362661,K-mer
KIH,0.19412763,K-mer
KIK,0.24654543,K-mer
KIM,0.21227026,K-mer
KIP,0.12535486,K-mer
KIR,0.11971489,K-mer
KIS,0.14870092,K-mer
KIV,0.2109811,K-mer
KIY,0.17050797,K-mer
KKA,0.18349287,K-mer
KKC,0.20622268,K-mer
KKE,0.123863235,K-mer
KKF,0.30683506,K-mer
KKG,0.1221611,K-mer
KKH,0.39646238,K-mer
KKI,0.2603278,K-mer
KKM,0.2847345,K-mer
KKQ,0.29216188,K-mer
KKR,0.18913966,K-mer
KKS,0.18481773,K-mer
KKT,0.24828331,K-mer
KKV,0.29404706,K-mer
KKW,0.39003348,K-mer
KLA,0.1157151,K-mer
KLE,0.2586126,K-mer
KLG,0.12907882,K-mer
KLH,0.22696921,K-mer
KLI,0.2403638,K-mer
KLM,0.24355164,K-mer
KLN,0.21808797,K-mer
KLP,0.18988939,K-mer
KLQ,0.21283501,K-mer
KLR,0.17775035,K-mer
KLT,0.16285539,K-mer
KLV,0.17046237,K-mer
KMA,0.3847739,K-mer
KMD,0.2863186,K-mer
KME,0.43230408,K-mer
KMF,0.24403922,K-mer
KMH,0.22263332,K-mer
KMI,0.25274494,K-mer
KMK,0.3358456,K-mer
KML,0.24258472,K-mer
KMM,0.32606226,K-mer
KMN,0.17725542,K-mer
KMQ,0.29150072,K-mer
KMR,0.2763464,K-mer
KMV,0.24545977,K-mer
KMW,0.262935,K-mer
KMY,0.34447652,K-mer
KNA,0.17219287,K-mer
KND,0.18185784,K-mer
KNE,0.13601846,K-mer
KNF,0.30626732,K-mer
KNG,0.13178675,K-mer
KNH,0.26169354,K-mer
KNK,0.21634349,K-mer
KNL,0.15345854,K-mer
KNN,0.13808796,K-mer
KNP,0.22639988,K-mer
KNQ,0.20538588,K-mer
KNR,0.20887995,K-mer
KNS,0.122318916,K-mer
KNT,0.102098785,K-mer
KNW,0.17872068,K-mer
KNY,0.14650986,K-mer
KPC,0.21378574,K-mer
KPD,0.15186489,K-mer
KPF,0.29670078,K-mer
KPH,0.24664488,K-mer
KPI,0.14916064,K-mer
KPK,0.20426244,K-mer
KPM,0.23235822,K-mer
KPN,0.25483724,K-mer
KPP,0.22286415,K-mer
KPQ,0.17430285,K-mer
KPS,0.1400885,K-mer
KPT,0.13958587,K-mer
KPV,0.20483714,K-mer
KPW,0.17473134,K-mer
KPY,0.19918829,K-mer
KQC,0.21317953,K-mer
KQD,0.2184681,K-mer
KQF,0.14943387,K-mer
KQH,0.2917725,K-mer
KQI,0.45823944,K-mer
KQK,0.26724,K-mer
KQL,0.22020566,K-mer
KQN,0.1614865,K-mer
KQP,0.14141065,K-mer
KQQ,0.2178142,K-mer
KQS,0.17903313,K-mer
KQT,0.14724696,K-mer
KQV,0.14805704,K-mer
KQW,0.39930606,K-mer
KQY,0.1465129,K-mer
KRF,0.16831863,K-mer
KRG,0.10236965,K-mer
KRH,0.19348332,K-mer
KRK,0.22250308,K-mer
KRL,0.1321486,K-mer
KRP,0.13556165,K-mer
KRQ,0.14163081,K-mer
KRR,0.114606224,K-mer
KRS,0.1731578,K-mer
KRT,0.113903716,K-mer
KRW,0.19168875,K-mer
KSC,0.3832202,K-mer
KSD,0.11583774,K-mer
KSH,0.35918817,K-mer
KSM,0.29458946,K-mer
KSN,0.19603492,K-mer
KSP,0.10315583,K-mer
KSR,0.15018807,K-mer
KSS,0.115230285,K-mer
KST,0.09674345,K-mer
KSV,0.23409195,K-mer
KSW,0.18646672,K-mer
KSY,0.121768475,K-mer
KTA,0.15631667,K-mer
KTC,0.3486778,K-mer
KTD,0.17606443,K-mer
KTE,0.103351176,K-mer
KTF,0.119084686,K-mer
KTG,0.102210194,K-mer
KTH,0.16750255,K-mer
KTK,0.15721439,K-mer
KTL,0.16351518,K-mer
KTM,0.2064435,K-mer
KTN,0.20136651,K-mer
KTP,0.17420158,K-mer
KTQ,0.1324946,K-mer
KTR,0.10626374,K-mer
KTS,0.0974353,K-mer
KTV,0.10871625,K-mer
KTW,0.14575973,K-mer
KVD,0.17352466,K-mer
KVE,0.14212799,K-mer
KVG,0.15106545,K-mer
KVH,0.23755497,K-mer
KVI,0.17065974,K-mer
KVK,0.2768627,K-mer
KVL,0.09925552,K-mer
KVM,0.22674684,K-mer
KVQ,0.17520761,K-mer
KVR,0.19671465,K-mer
KVS,0.12769276,K-mer
KVT,0.18971828,K-mer
KVV,0.18032613,K-mer
KVY,0.13332395,K-mer
KWA,0.15628311,K-mer
KWD,0.23730183,K-mer
KWE,0.13716793,K-mer
KWF,0.19396743,K-mer
KWG,0.14145575,K-mer
KWH,0.41792968,K-mer
KWI,0.2961697,K-mer
KWK,0.3676498,K-mer
KWM,0.16260895,K-mer
KWN,0.41585734,K-mer
KWP,0.2487969,K-mer
KWQ,0.39419785,K-mer
KWR,0.28804272,K-mer
KWS,0.13360469,K-mer
KWT,0.17203969,K-mer
KWV,0.23830608,K-mer
KWY,0.18016168,K-mer
KYA,0.23786694,K-mer
KYF,0.13957234,K-mer
KYG,0.12762547,K-mer
KYH,0.24458274,K-mer
KYI,0.18564178,K-mer
KYK,0.28643924,K-mer
KYL,0.15844256,K-mer
KYM,0.5311209,K-mer
KYN,0.11892725,K-mer
KYP,0.2374798,K-mer
KYQ,0.19376585,K-mer
KYR,0.11069226,K-mer
KYS,0.1542154,K-mer
KYT,0.1990198,K-mer
KYV,0.19878264,K-mer
KYW,0.21828237,K-mer
KYY,0.20970502,K-mer
LAC,0.22452703,K-mer
LAF,0.13679782,K-mer
LAH,0.11127581,K-mer
LAI,0.13636142,K-mer
LAM,0.19457981,K-mer
LAW,0.11908354,K-mer
LCA,0.2698089,K-mer
LCC,0.16181405,K-mer
LCD,0.30913463,K-mer
LCG,0.22651768,K-mer
LCI,0.27730876,K-mer
LCK,0.20584674,K-mer
LCL,0.22506538,K-mer
LCM,0.3359729,K-mer
LCP,0.3874994,K-mer
LCR,0.25816455,K-mer
LCS,0.2816248,K-mer
LCT,0.31954026,K-mer
LCV,0.42826128,K-mer
LCW,0.46321374,K-mer
LDA,0.13221397,K-mer
LDC,0.42194563,K-mer
LDD,0.13477217,K-mer
LDF,0.11753501,K-mer
LDH,0.18712184,K-mer
LDI,0.14755797,K-mer
LDK,0.12990019,K-mer
LDL,0.097086936,K-mer
LDM,0.20974293,K-mer
LDN,0.094456926,K-mer
LDP,0.16333479,K-mer
LDQ,0.115738824,K-mer
LEC,0.4020273,K-mer
LED,0.12789264,K-mer
LEH,0.15218782,K-mer
LEI,0.1261816,K-mer
LEK,0.15405375,K-mer
LEM,0.24834284,K-mer
LEN,0.13403387,K-mer
LEP,0.117411815,K-mer
LEV,0.09888602,K-mer
LFA,0.10147963,K-mer
LFC,0.21943882,K-mer
LFD,0.11860961,K-mer
LFE,0.19612154,K-mer
LFH,0.16758095,K-mer
LFI,0.13330314,K-mer
LFK,0.18356189,K-mer
LFM,0.15993759,K-mer
LFN,0.2529881,K-mer
LFQ,0.11646771,K-mer
LFS,0.12012926,K-mer
LFT,0.14476116,K-mer
LFV,0.1377889,K-mer
LFY,0.18902907,K-mer
LGC,0.1790045,K-mer
LGM,0.12862132,K-mer
LHA,0.21716616,K-mer
LHC,0.28349346,K-mer
LHD,0.21655259,K-mer
LHE,0.1533144,K-mer
LHH,0.47809252,K-mer
LHI,0.17253482,K-mer
LHK,0.2616564,K-mer
LHL,0.13258658,K-mer
LHM,0.4476475,K-mer
LHN,0.21384566,K-mer
LHP,0.15793116,K-mer
LHQ,0.1664876,K-mer
LHR,0.2025541,K-mer
LHS,0.15940216,K-mer
LHT,0.12572056,K-mer
LHV,0.26036307,K-mer
LHW,0.19425292,K-mer
LIA,0.10990782,K-mer
LIC,0.22760081,K-mer
LIE,0.10216968,K-mer
LIF,0.24149147,K-mer
LIH,0.13208179,K-mer
LII,0.20253935,K-mer
LIK,0.17515618,K-mer
LIL,0.16152422,K-mer
LIM,0.25264767,K-mer
LIP,0.10342206,K-mer
LIR,0.12804192,K-mer
LKC,0.28014332,K-mer
LKD,0.168262,K-mer
LKE,0.16321203,K-mer
LKF,0.3041914,K-mer
LKH,0.31710258,K-mer
LKI,0.15407553,K-mer
LKL,0.14005256,K-mer
LKM,0.31272566,K-mer
LKN,0.1482398,K-mer
LKP,0.14461356,K-mer
LKR,0.20438801,K-mer
LKS,0.20672275,K-mer
LKT,0.1315591,K-mer
LKV,0.1398316,K-mer
LKW,0.1821273,K-mer
LKY,0.15794092,K-mer
LLC,0.4215117,K-mer
LLD,0.1026124,K-mer
LLE,0.0886544,K-mer
LLF,0.12682861,K-mer
LLK,0.19884798,K-mer
LLM,0.21782823,K-mer
LLP,0.10596666,K-mer
LLV,0.10431437,K-mer
LLW,0.18773332,K-mer
LLY,0.11496104,K-mer
LMA,0.21837908,K-mer
LME,0.24048555,K-mer
LMF,0.15964814,K-mer
LMH,0.36082506,K-mer
LMI,0.17330457,K-mer
LMK,0.26323915,K-mer
LML,0.25863686,K-mer
LMP,0.18015082,K-mer
LMQ,0.26545388,K-mer
LMR,0.11443668,K-mer
LMS,0.19572681,K-mer
LMT,0.14665303,K-mer
LMV,0.38609928,K-mer
LMW,0.4133567,K-mer
LNA,0.2215353,K-mer
LND,0.15584764,K-mer
LNF,0.16219094,K-mer
LNG,0.09650917,K-mer
LNH,0.24341692,K-mer
LNI,0.15958521,K-mer
LNK,0.24185343,K-mer
LNL,0.099129006,K-mer
LNM,0.20197082,K-mer
LNN,0.13043448,K-mer
LNP,0.14821553,K-mer
LNV,0.20710509,K-mer
LNW,0.15778765,K-mer
LPA,0.14996152,K-mer
LPC,0.37367243,K-mer
LPD,0.111771315,K-mer
LPE,0.117298044,K-mer
LPF,0.13719094,K-mer
LPH,0.1782197,K-mer
LPI,0.12452473,K-mer
LPK,0.18007198,K-mer
LPL,0.100856334,K-mer
LPM,0.13399827,K-mer
LPN,0.14567962,K-mer
LPP,0.12063238,K-mer
LPQ,0.1349158,K-mer
LPS,0.14581072,K-mer
LPV,0.1666386,K-mer
LPW,0.2122356,K-mer
LQA,0.14755207,K-mer
LQC,0.211902,K-mer
LQD,0.19587842,K-mer
LQF,0.18047155,K-mer
LQI,0.2853701,K-mer
LQK,0.17112887,K-mer
LQL,0.16155264,K-mer
LQM,0.1459456,K-mer
LQN,0.22806446,K-mer
LQQ,0.16419476,K-mer
LQR,0.12701571,K-mer
LQS,0.15665948,K-mer
LQT,0.17059056,K-mer
LQV,0.12239611,K-mer
LQW,0.22340778,K-mer
LQY,0.111665025,K-mer
LRC,0.313647,K-mer
LRH,0.28081453,K-mer
LRI,0.12355145,K-mer
LRM,0.26707658,K-mer
LRN,0.10966784,K-mer
LRP,0.1815572,K-mer
LSD,0.16222943,K-mer
LSF,0.14618105,K-mer
LSH,0.19017875,K-mer
LSI,0.1289391,K-mer
LSK,0.14657563,K-mer
LSM,0.17742422,K-mer
LSV,0.142503,K-mer
LSW,0.15605354,K-mer
LTC,0.33004785,K-mer
LTH,0.307092,K-mer
LTI,0.1413585,K-mer
LTK,0.118198216,K-mer
LTL,0.13749394,K-mer
LTQ,0.13877824,K-mer
LTV,0.17683022,K-mer
LTW,0.17395619,K-mer
LVC,0.37265575,K-mer
LVD,0.1310273,K-mer
LVE,0.12290895,K-mer
LVF,0.17566112,K-mer
LVH,0.1180611,K-mer
LVI,0.14929284,K-mer
LVK,0.18858205,K-mer
LVN,0.114534914,K-mer
LVQ,0.12343219,K-mer
LVV,0.18386781,K-mer
LVW,0.17370427,K-mer
LVY,0.110310495,K-mer
LWC,0.3727821,K-mer
LWD,0.14181706,K-mer
LWF,0.21283007,K-mer
LWH,0.25745967,K-mer
LWI,0.18508035,K-mer
LWK,0.20858446,K-mer
LWL,0.13656335,K-mer
LWM,0.28158376,K-mer
LWN,0.19873856,K-mer
LWP,0.22214657,K-mer
LWR,0.17044899,K-mer
LWS,0.1049456,K-mer
LWY,0.19169809,K-mer
LYC,0.5289004,K-mer
LYF,0.14083537,K-mer
LYH,0.24295363,K-mer
LYK,0.3042696,K-mer
LYL,0.15128988,K-mer
LYM,0.4782781,K-mer
LYP,0.12701707,K-mer
LYQ,0.2094669,K-mer
LYV,0.22424667,K-mer
LYW,0.3444128,K-mer
LYY,0.13131723,K-mer
MAE,0.16368258,K-mer
MAF,0.19919553,K-mer
MAH,0.17263727,K-mer
MAI,0.51122844,K-mer
MAM,0.303752,K-mer
MAP,0.17395635,K-mer
MAQ,0.21740396,K-mer
MAR,0.15534076,K-mer
MAT,0.22697738,K-mer
MAW,0.3704899,K-mer
MAY,0.21859857,K-mer
MCD,0.21572651,K-mer
MCE,0.15786815,K-mer
MCG,0.37742198,K-mer
MCL,0.5056775,K-mer
MCN,0.28397852,K-mer
MCP,0.32358783,K-mer
MCR,0.5724226,K-mer
MCS,0.5254668,K-mer
MCT,0.17302456,K-mer
MCY,0.6527754,K-mer
MDA,0.32226306,K-mer
MDC,0.43399438,K-mer
MDD,0.28390637,K-mer
MDG,0.1313925,K-mer
MDI,0.1949806,K-mer
MDK,0.30690318,K-mer
MDL,0.16651997,K-mer
MDM,0.31135476,K-mer
MDN,0.2637356,K-mer
MDP,0.15965825,K-mer
MDQ,0.27794844,K-mer
MDR,0.11969294,K-mer
MDS,0.15269747,K-mer
MDT,0.1198954,K-mer
MDV,0.18194208,K-mer
MDW,0.25589472,K-mer
MDY,0.26997292,K-mer
MEA,0.2620313,K-mer
MEC,0.3209489,K-mer
MED,0.17187887,K-mer
MEG,0.13446473,K-mer
MEH,0.3231548,K-mer
MEK,0.179591,K-mer
MEL,0.3368811,K-mer
MEM,0.4263747,K-mer
MEN,0.21880163,K-mer
MEQ,0.21916416,K-mer
MER,0.17962602,K-mer
MET,0.1977062,K-mer
MEV,0.23963329,K-mer
MFD,0.44714528,K-mer
MFE,0.3703579,K-mer
MFF,0.25038576,K-mer
MFH,0.25535822,K-mer
MFI,0.57750005,K-mer
MFK,0.3993214,K-mer
MFL,0.31873435,K-mer
MFM,0.27182138,K-mer
MFN,0.3254589,K-mer
MFP,0.29955447,K-mer
MFQ,0.20609742,K-mer
MFR,0.2550007,K-mer
MFS,0.24537249,K-mer
MFT,0.24287419,K-mer
MFV,0.30428138,K-mer
MFY,0.152903,K-mer
MGC,0.52485096,K-mer
MGF,0.15239897,K-mer
MGK,0.1952984,K-mer
MGL,0.11351797,K-mer
MGM,0.15182257,K-mer
MGP,0.17176971,K-mer
MGR,0.12464609,K-mer
MGS,0.19238937,K-mer
MGW,0.12235246,K-mer
MHA,0.25767818,K-mer
MHD,0.30667514,K-mer
MHF,0.47488487,K-mer
MHG,0.18012351,K-mer
MHH,0.26331967,K-mer
MHK,0.33941633,K-mer
MHL,0.31041783,K-mer
MHM,0.592994,K-mer
MHP,0.29769734,K-mer
MHQ,0.20970169,K-mer
MHS,0.24899489,K-mer
MHV,0.31927556,K-mer
MHW,0.2809701,K-mer
MHY,0.2836929,K-mer
MIE,0.16377258,K-mer
MIF,0.30088872,K-mer
MII,0.44824994,K-mer
MIL,0.16387765,K-mer
MIM,0.48726672,K-mer
MIN,0.19743064,K-mer
MIP,0.22934997,K-mer
MIR,0.2105597,K-mer
MIV,0.27973926,K-mer
MIY,0.20197633,K-mer
MKA,0.32320434,K-mer
MKE,0.3060486,K-mer
MKF,0.32417965,K-mer
MKG,0.17591846,K-mer
MKI,0.3656369,K-mer
MKK,0.24790457,K-mer
MKL,0.28167814,K-mer
MKM,0.32326314,K-mer
MKN,0.3827092,K-mer
MKP,0.20446905,K-mer
MKQ,0.29807806,K-mer
MKS,0.51253986,K-mer
MKT,0.13761754,K-mer
MKV,0.16999087,K-mer
MKY,0.4001422,K-mer
MLD,0.18200947,K-mer
MLF,0.1982032,K-mer
MLG,0.18863012,K-mer
MLH,0.5267048,K-mer
MLI,0.38597658,K-mer
MLK,0.26180893,K-mer
MLL,0.29099932,K-mer
MLN,0.26044863,K-mer
MLP,0.26519364,K-mer
MLR,0.3024739,K-mer
MLT,0.14646076,K-mer
MLV,0.2918766,K-mer
MLW,0.18185186,K-mer
MLY,0.27859014,K-mer
MMA,0.25258145,K-mer
MMD,0.23399928,K-mer
MME,0.42738646,K-mer
MMH,0.3237229,K-mer
MMK,0.27844405,K-mer
MML,0.21247897,K-mer
MMM,0.42965794,K-mer
MMN,0.1893452,K-mer
MMP,0.3757288,K-mer
MMQ,0.2434602,K-mer
MMS,0.43540853,K-mer
MMT,0.21021107,K-mer
MMW,0.22725445,K-mer
MMY,0.26498222,K-mer
MNA,0.32463497,K-mer
MNE,0.15935016,K-mer
MNF,0.42170778,K-mer
MNG,0.12555335,K-mer
MNH,0.28296918,K-mer
MNI,0.2842235,K-mer
MNK,0.3135364,K-mer
MNL,0.23605399,K-mer
MNM,0.26592824,K-mer
MNP,0.14755549,K-mer
MNQ,0.16323629,K-mer
MNS,0.23018186,K-mer
MNV,0.1676068,K-mer
MNW,0.36173922,K-mer
MNY,0.25500345,K-mer
MPA,0.21023852,K-mer
MPD,0.34371758,K-mer
MPE,0.3543096,K-mer
MPG,0.14450127,K-mer
MPH,0.38268465,K-mer
MPK,0.34576416,K-mer
MPM,0.47433636,K-mer
MPN,0.26815432,K-mer
MPP,0.35184002,K-mer
MPQ,0.18049319,K-mer
MPR,0.33416438,K-mer
MPS,0.277873,K-mer
MPT,0.22196977,K-mer
MPV,0.4008614,K-mer
MPW,0.22090444,K-mer
MPY,0.14285594,K-mer
MQA,0.22838745,K-mer
MQE,0.17068534,K-mer
MQG,0.18926871,K-mer
MQH,0.58761716,K-mer
MQK,0.2667405,K-mer
MQL,0.3930221,K-mer
MQM,0.5653193,K-mer
MQN,0.27176306,K-mer
MQQ,0.27358168,K-mer
MQR,0.3568044,K-mer
MQS,0.3676594,K-mer
MQV,0.2251341,K-mer
MQW,0.4804615,K-mer
MRA,0.2520777,K-mer
MRC,0.49643284,K-mer
MRD,0.18580996,K-mer
MRE,0.25204313,K-mer
MRF,0.3427112,K-mer
MRG,0.13825798,K-mer
MRH,0.2892358,K-mer
MRI,0.26114607,K-mer
MRK,0.18300036,K-mer
MRL,0.14015183,K-mer
MRM,0.39791447,K-mer
MRN,0.15877856,K-mer
MRP,0.19399804,K-mer
MRQ,0.27845022,K-mer
MRR,0.2865142,K-mer
MRS,0.18905476,K-mer
MRT,0.14472441,K-mer
MRV,0.14818767,K-mer
MRY,0.28254366,K-mer
MSC,0.315587,K-mer
MSD,0.21825038,K-mer
MSE,0.20424727,K-mer
MSF,0.50644785,K-mer
MSG,0.12818323,K-mer
MSH,0.19892427,K-mer
MSI,0.3306231,K-mer
MSL,0.17982568,K-mer
MSM,0.36985928,K-mer
MSN,0.22354072,K-mer
MSP,0.22355253,K-mer
MSQ,0.20758632,K-mer
MSR,0.33333856,K-mer
MST,0.18378465,K-mer
MSV,0.26479077,K-mer
MSW,0.30218184,K-mer
MSY,0.16497162,K-mer
MTC,0.49976668,K-mer
MTE,0.18912797,K-mer
MTF,0.20297626,K-mer
MTI,0.29161,K-mer
MTK,0.3716098,K-mer
MTL,0.22377759,K-mer
MTM,0.17639002,K-mer
MTN,0.16476867,K-mer
MTP,0.17269537,K-mer
MTR,0.16948569,K-mer
MTT,0.1622457,K-mer
MTW,0.43694875,K-mer
MTY,0.20543939,K-mer
MVA,0.32854116,K-mer
MVC,0.2615393,K-mer
MVF,0.37699395,K-mer
MVH,0.25497824,K-mer
MVI,0.29114285,K-mer
MVK,0.21271245,K-mer
MVN,0.20458001,K-mer
MVP,0.16809842,K-mer
MVR,0.22336859,K-mer
MVT,0.2786808,K-mer
MVV,0.15322782,K-mer
MVW,0.3221836,K-mer
MVY,0.24528131,K-mer
MWA,0.28970063,K-mer
MWD,0.14873229,K-mer
MWE,0.2666743,K-mer
MWF,0.29315564,K-mer
MWG,0.17673583,K-mer
MWI,0.23907505,K-mer
MWK,0.2513721,K-mer
MWL,0.17464858,K-mer
MWM,0.19456254,K-mer
MWN,0.35491812,K-mer
MWQ,0.21186921,K-mer
MWR,0.25532043,K-mer
MWS,0.20003638,K-mer
MWT,0.23199311,K-mer
MWW,0.2773894,K-mer
MWY,0.2546676,K-mer
MYA,0.40483823,K-mer
MYE,0.119354375,K-mer
MYF,0.18663768,K-mer
MYG,0.17360374,K-mer
MYH,0.29560947,K-mer
MYL,0.60970443,K-mer
MYM,0.36956647,K-mer
MYN,0.25978327,K-mer
MYP,0.29310766,K-mer
MYQ,0.14913824,K-mer
MYR,0.1222824,K-mer
MYS,0.16042608,K-mer
MYT,0.21096116,K-mer
MYV,0.42854637,K-mer
MYW,0.3934049,K-mer
MYY,0.21143013,K-mer
NAC,0.41526127,K-mer
NAF,0.1559128,K-mer
NAG,0.19673283,K-mer
NAH,0.43447113,K-mer
NAI,0.48237795,K-mer
NAK,0.25096673,K-mer
NAL,0.2551795,K-mer
NAN,0.14961222,K-mer
NAQ,0.25834754,K-mer
NAR,0.23717646,K-mer
NAS,0.36484274,K-mer
NAW,0.22777516,K-mer
NCA,0.46946466,K-mer
NCD,0.20324263,K-mer
NCE,0.44210938,K-mer
NCG,0.28839588,K-mer
NCH,0.23522803,K-mer
NCI,0.37738448,K-mer
NCK,0.24426684,K-mer
NCL,0.2705962,K-mer
NCP,0.43641677,K-mer
NCQ,0.59800917,K-mer
NCS,0.32093173,K-mer
NCT,0.43133342,K-mer
NCV,0.21209851,K-mer
NCY,0.48733705,K-mer
NDA,0.45522982,K-mer
NDC,0.18016225,K-mer
NDE,0.11256454,K-mer
NDG,0.22302288,K-mer
NDH,0.28024346,K-mer
NDI,0.39983848,K-mer
NDK,0.2998563,K-mer
NDL,0.21036674,K-mer
NDM,0.18896519,K-mer
NDN,0.25828198,K-mer
NDQ,0.21376069,K-mer
NDT,0.32957554,K-mer
NED,0.23932952,K-mer
NEE,0.29452902,K-mer
NEF,0.42569393,K-mer
NEH,0.20109639,K-mer
NEI,0.15807012,K-mer
NEL,0.17760313,K-mer
NEM,0.32431394,K-mer
NEN,0.2458471,K-mer
NEP,0.2464963,K-mer
NER,0.15079626,K-mer
NET,0.2557252,K-mer
NEV,0.17613992,K-mer
NEW,0.3074107,K-mer
NFA,0.38025773,K-mer
NFC,0.20596357,K-mer
NFD,0.23140556,K-mer
NFE,0.14566895,K-mer
NFF,0.26433533,K-mer
NFG,0.25220948,K-mer
NFH,0.3228008,K-mer
NFI,0.3097392,K-mer
NFK,0.21339,K-mer
NFL,0.1364063,K-mer
NFM,0.27393478,K-mer
NFN,0.14614859,K-mer
NFP,0.18919203,K-mer
NFQ,0.20578301,K-mer
NFR,0.19325304,K-mer
NFT,0.24724215,K-mer
NFV,0.1808604,K-mer
NFW,0.40948325,K-mer
NFY,0.16444187,K-mer
NGC,0.4770043,K-mer
NGE,0.17983726,K-mer
NGF,0.241356,K-mer
NGG,0.11332459,K-mer
NGH,0.18645777,K-mer
NGI,0.14975624,K-mer
NGN,0.13949108,K-mer
NGQ,0.12522198,K-mer
NGS,0.18009055,K-mer
NGT,0.22078255,K-mer
NGW,0.30301696,K-mer
NHA,0.24805675,K-mer
NHC,0.45168197,K-mer
NHE,0.18165112,K-mer
NHF,0.33148044,K-mer
NHH,0.3927255,K-mer
NHI,0.2996264,K-mer
NHK,0.2504704,K-mer
NHL,0.18402483,K-mer
NHM,0.2834284,K-mer
NHP,0.19035307,K-mer
NHQ,0.2553329,K-mer
NHR,0.19055977,K-mer
NHS,0.42599517,K-mer
NHT,0.4615076,K-mer
NHV,0.33968174,K-mer
NHW,0.2866978,K-mer
NHY,0.22024587,K-mer
NIA,0.22551495,K-mer
NIC,0.16107741,K-mer
NID,0.18844333,K-mer
NIG,0.15670606,K-mer
NIH,0.21975744,K-mer
NII,0.2180576,K-mer
NIK,0.30016378,K-mer
NIL,0.20203641,K-mer
NIP,0.2035275,K-mer
NIT,0.19016418,K-mer
NIV,0.31825513,K-mer
NIW,0.42548186,K-mer
NIY,0.2051183,K-mer
NKC,0.39223033,K-mer
NKD,0.15245055,K-mer
NKE,0.16838461,K-mer
NKF,0.25996667,K-mer
NKH,0.46240473,K-mer
NKK,0.2778828,K-mer
NKL,0.19534361,K-mer
NKM,0.33388466,K-mer
NKN,0.2409585,K-mer
NKQ,0.34061325,K-mer
NKS,0.16330889,K-mer
NKT,0.29960996,K-mer
NKV,0.57328105,K-mer
NKW,0.21152556,K-mer
NKY,0.15556557,K-mer
NLA,0.12087001,K-mer
NLC,0.21795519,K-mer
NLD,0.12377715,K-mer
NLF,0.26134616,K-mer
NLH,0.13467187,K-mer
NLI,0.21970433,K-mer
NLK,0.27979118,K-mer
NLP,0.11145118,K-mer
NLQ,0.23514879,K-mer
NLR,0.11671734,K-mer
NLW,0.19014639,K-mer
NMA,0.3699314,K-mer
NMD,0.3236091,K-mer
NME,0.20595826,K-mer
NMF,0.22526394,K-mer
NMG,0.12627822,K-mer
NMH,0.61192286,K-mer
NMI,0.46628684,K-mer
NMK,0.26473108,K-mer
NMM,0.25110352,K-mer
NMP,0.4058151,K-mer
NMQ,0.38184768,K-mer
NMR,0.25451142,K-mer
NMT,0.448277,K-mer
NMW,0.27228695,K-mer
NMY,0.45794192,K-mer
NNA,0.25555295,K-mer
NNC,0.31114927,K-mer
NND,0.1543997,K-mer
NNF,0.33880338,K-mer
NNG,0.24499613,K-mer
NNH,0.465842,K-mer
NNK,0.26186684,K-mer
NNM,0.265265,K-mer
NNN,0.16736193,K-mer
NNT,0.2677766,K-mer
NNV,0.35302895,K-mer
NNW,0.32348746,K-mer
NNY,0.15634945,K-mer
NPA,0.10504091,K-mer
NPD,0.19143054,K-mer
NPE,0.10792982,K-mer
NPF,0.18674046,K-mer
NPH,0.13358516,K-mer
NPI,0.21251172,K-mer
NPK,0.17644186,K-mer
NPL,0.1697922,K-mer
NPN,0.13912442,K-mer
NPP,0.11515499,K-mer
NPQ,0.22001305,K-mer
NPR,0.11456449,K-mer
NPS,0.15703028,K-mer
NPT,0.12831941,K-mer
NPV,0.1320325,K-mer
NQA,0.40870756,K-mer
NQC,0.32480145,K-mer
NQD,0.26654434,K-mer
NQE,0.13417801,K-mer
NQF,0.13930418,K-mer
NQG,0.16194636,K-mer
NQI,0.31714088,K-mer
NQK,0.37913632,K-mer
NQL,0.18753028,K-mer
NQM,0.20359297,K-mer
NQR,0.18628946,K-mer
NQS,0.17154981,K-mer
NQV,0.21169072,K-mer
NQY,0.15765247,K-mer
NRA,0.15245579,K-mer
NRE,0.12082438,K-mer
NRF,0.25991094,K-mer
NRH,0.21253647,K-mer
NRI,0.16613275,K-mer
NRK,0.17856145,K-mer
NRM,0.2752111,K-mer
NRP,0.18754844,K-mer
NRQ,0.19642758,K-mer
NRS,0.21475714,K-mer
NRT,0.22719526,K-mer
NRV,0.087197386,K-mer
NRW,0.1608653,K-mer
NSA,0.20988493,K-mer
NSC,0.24899907,K-mer
NSD,0.14466354,K-mer
NSE,0.20038654,K-mer
NSH,0.20880207,K-mer
NSI,0.15226644,K-mer
NSK,0.2786563,K-mer
NSL,0.16345042,K-mer
NSM,0.22840892,K-mer
NSS,0.25422713,K-mer
NST,0.23224258,K-mer
NSV,0.18137899,K-mer
NSW,0.19262838,K-mer
NTA,0.24226527,K-mer
NTC,0.202595,K-mer
NTF,0.21419108,K-mer
NTH,0.14473683,K-mer
NTK,0.21920064,K-mer
NTL,0.21999946,K-mer
NTM,0.33904582,K-mer
NTN,0.15911217,K-mer
NTP,0.12670135,K-mer
NTQ,0.17617369,K-mer
NTS,0.20559503,K-mer
NTT,0.17214507,K-mer
NTV,0.1457468,K-mer
NTW,0.1590306,K-mer
NVC,0.3177547,K-mer
NVD,0.17429173,K-mer
NVE,0.18565457,K-mer
NVF,0.18451348,K-mer
NVG,0.14011233,K-mer
NVH,0.33364156,K-mer
NVI,0.31977123,K-mer
NVM,0.32699874,K-mer
NVN,0.21470454,K-mer
NVP,0.29776627,K-mer
NVQ,0.2718618,K-mer
NVT,0.2814943,K-mer
NVY,0.12735215,K-mer
NWC,0.5188463,K-mer
NWD,0.15194371,K-mer
NWE,0.14562136,K-mer
NWF,0.29171577,K-mer
NWH,0.23563111,K-mer
NWI,0.24260452,K-mer
NWN,0.3868421,K-mer
NWP,0.43086672,K-mer
NWQ,0.27371222,K-mer
NWR,0.1496301,K-mer
NWT,0.2783069,K-mer
NWV,0.21386918,K-mer
NWW,0.19562384,K-mer
NWY,0.2596467,K-mer
NYA,0.1857786,K-mer
NYC,0.18364641,K-mer
NYI,0.23353195,K-mer
NYK,0.47272176,K-mer
NYL,0.22842064,K-mer
NYM,0.3333446,K-mer
NYP,0.20202959,K-mer
NYQ,0.20305163,K-mer
NYR,0.13788836,K-mer
NYT,0.25046173,K-mer
NYV,0.18329737,K-mer
NYY,0.09166345,K-mer
PAD,0.13866034,K-mer
PAH,0.18262188,K-mer
PAI,0.27272895,K-mer
PAK,0.14689252,K-mer
PAL,0.11833754,K-mer
PAM,0.25202125,K-mer
PAN,0.17597853,K-mer
PAQ,0.13632926,K-mer
PAR,0.13609123,K-mer
PAS,0.115146495,K-mer
PAV,0.16756493,K-mer
PAW,0.12225814,K-mer
PAY,0.14551677,K-mer
PCA,0.39594275,K-mer
PCD,0.22175702,K-mer
PCE,0.29111677,K-mer
PCF,0.15009063,K-mer
PCG,0.21834639,K-mer
PCI,0.20742582,K-mer
PCL,0.26239038,K-mer
PCM,0.533866,K-mer
PCN,0.36929375,K-mer
PCQ,0.1729536,K-mer
PCR,0.34827983,K-mer
PCS,0.2694342,K-mer
PCT,0.3700929,K-mer
PCV,0.30067813,K-mer
PCW,0.1833876,K-mer
PCY,0.33468166,K-mer
PDC,0.37999886,K-mer
PDD,0.14631867,K-mer
PDE,0.121929936,K-mer
PDF,0.26917315,K-mer
PDI,0.1840708,K-mer
PDK,0.18545479,K-mer
PDL,0.124602415,K-mer
PDM,0.21383211,K-mer
PDN,0.107651934,K-mer
PDP,0.1102698,K-mer
PDQ,0.15095377,K-mer
PDV,0.28928363,K-mer
PDW,0.19827697,K-mer
PDY,0.1073266,K-mer
PEC,0.4018954,K-mer
PEF,0.2042818,K-mer
PEH,0.21510315,K-mer
PEI,0.18191081,K-mer
PEK,0.15370104,K-mer
PEM,0.15727657,K-mer
PEN,0.15094782,K-mer
PEP,0.1367355,K-mer
PER,0.13245416,K-mer
PEW,0.14405069,K-mer
PEY,0.14546171,K-mer
PFA,0.16385955,K-mer
PFD,0.15026586,K-mer
PFG,0.15029044,K-mer
PFI,0.143667,K-mer
PFK,0.15970334,K-mer
PFN,0.15484095,K-mer
PFP,0.17956382,K-mer
PFQ,0.33531827,K-mer
PFR,0.14182746,K-mer
PFS,0.13737178,K-mer
PFT,0.17234479,K-mer
PFV,0.20439248,K-mer
PGC,0.5057436,K-mer
PGM,0.10142465,K-mer
PGW,0.1133098,K-mer
PHA,0.20988655,K-mer
PHC,0.34703973,K-mer
PHD,0.26158613,K-mer
PHE,0.124496505,K-mer
PHF,0.25321916,K-mer
PHG,0.10382226,K-mer
PHI,0.2540946,K-mer
PHK,0.20938239,K-mer
PHL,0.12241578,K-mer
PHM,0.2395437,K-mer
PHN,0.11897176,K-mer
PHQ,0.1568742,K-mer
PHR,0.119550064,K-mer
PHV,0.29932708,K-mer
PHW,0.15810412,K-mer
PHY,0.123063564,K-mer
PIC,0.24497102,K-mer
PID,0.13127129,K-mer
PIE,0.12365959,K-mer
PIF,0.16647282,K-mer
PIH,0.18310612,K-mer
PII,0.24715184,K-mer
PIL,0.2242186,K-mer
PIM,0.20733808,K-mer
PIP,0.12360605,K-mer
PIQ,0.1158977,K-mer
PIR,0.13204242,K-mer
PIS,0.17036894,K-mer
PIV,0.19016401,K-mer
PIW,0.15690407,K-mer
PIY,0.19108321,K-mer
PKC,0.26182112,K-mer
PKE,0.14180344,K-mer
PKH,0.24259347,K-mer
PKI,0.16109519,K-mer
PKK,0.29926336,K-mer
PKL,0.216979,K-mer
PKM,0.22949375,K-mer
PKN,0.10070448,K-mer
PKP,0.14179891,K-mer
PKQ,0.1393896,K-mer
PKR,0.13047689,K-mer
PKS,0.19623923,K-mer
PKT,0.09114442,K-mer
PKV,0.1814057,K-mer
PKW,0.3065722,K-mer
PKY,0.17138891,K-mer
PLC,0.22704773,K-mer
PLE,0.12061426,K-mer
PLF,0.10571236,K-mer
PLK,0.15413395,K-mer
PLM,0.14349678,K-mer
PLQ,0.10607837,K-mer
PLV,0.15369359,K-mer
PLY,0.1180298,K-mer
PMA,0.14110431,K-mer
PMC,0.43354437,K-mer
PMD,0.1538704,K-mer
PME,0.19810875,K-mer
PMF,0.3957054,K-mer
PMG,0.15690857,K-mer
PMH,0.32340464,K-mer
PMK,0.17986384,K-mer
PML,0.21845686,K-mer
PMM,0.34727207,K-mer
PMP,0.15677685,K-mer
PMQ,0.34166375,K-mer
PMS,0.29349792,K-mer
PMT,0.107756734,K-mer
PMW,0.24373266,K-mer
PMY,0.2025615,K-mer
PNF,0.2786019,K-mer
PNH,0.18970764,K-mer
PNI,0.14524513,K-mer
PNK,0.27081907,K-mer
PNM,0.3715415,K-mer
PNN,0.12537645,K-mer
PNR,0.17133999,K-mer
PNV,0.33466396,K-mer
PNW,0.18255028,K-mer
PPC,0.31815267,K-mer
PPE,0.114829786,K-mer
PPF,0.13023563,K-mer
PPH,0.20634036,K-mer
PPI,0.19149557,K-mer
PPK,0.14920767,K-mer
PPN,0.11023285,K-mer
PPW,0.12173171,K-mer
PQA,0.16325751,K-mer
PQC,0.37978315,K-mer
PQF,0.111295536,K-mer
PQI,0.13794066,K-mer
PQK,0.21245101,K-mer
PQL,0.18504614,K-mer
PQM,0.26075137,K-mer
PQN,0.22749086,K-mer
PQQ,0.29888427,K-mer
PQR,0.11604083,K-mer
PQT,0.15077667,K-mer
PQV,0.14339826,K-mer
PQY,0.12836856,K-mer
PRC,0.22132434,K-mer
PRF,0.14541668,K-mer
PRH,0.19337714,K-mer
PRI,0.155422,K-mer
PRK,0.16167524,K-mer
PRM,0.23964752,K-mer
PRN,0.12068197,K-mer
PRW,0.12858135,K-mer
PRY,0.1572665,K-mer
PSC,0.5219189,K-mer
PSF,0.11967997,K-mer
PSH,0.20041248,K-mer
PSI,0.103557564,K-mer
PSV,0.1284284,K-mer
PSW,0.14344235,K-mer
PTF,0.14936021,K-mer
PTH,0.17217442,K-mer
PTI,0.21893166,K-mer
PTM,0.18064229,K-mer
PTP,0.14640312,K-mer
PTQ,0.13870335,K-mer
PTV,0.13164869,K-mer
PVA,0.12604934,K-mer
PVC,0.52378833,K-mer
PVD,0.122971386,K-mer
PVF,0.11980134,K-mer
PVH,0.19005206,K-mer
PVI,0.23674446,K-mer
PVK,0.12835434,K-mer
PVM,0.25864953,K-mer
PVP,0.13655764,K-mer
PVQ,0.13747284,K-mer
PVT,0.10696618,K-mer
PWC,0.42432684,K-mer
PWD,0.16200015,K-mer
PWE,0.12487766,K-mer
PWF,0.21021406,K-mer
PWK,0.23024583,K-mer
PWM,0.4312225,K-mer
PWS,0.18368655,K-mer
PWV,0.15765257,K-mer
PWW,0.198286,K-mer
PWY,0.28130096,K-mer
PYA,0.18023688,K-mer
PYC,0.4245341,K-mer
PYH,0.16571598,K-mer
PYI,0.20627919,K-mer
PYK,0.28392896,K-mer
PYL,0.12886348,K-mer
PYP,0.18987489,K-mer
PYQ,0.12434354,K-mer
PYR,0.13144496,K-mer
PYS,0.120742664,K-mer
PYT,0.13204761,K-mer
PYV,0.15756927,K-mer
PYW,0.18592387,K-mer
PYY,0.16911864,K-mer
QAC,0.17533,K-mer
QAD,0.16105166,K-mer
QAE,0.1610063,K-mer
QAH,0.119459346,K-mer
QAI,0.1449403,K-mer
QAK,0.1975764,K-mer
QAM,0.1506455,K-mer
QAQ,0.13271347,K-mer
QAR,0.13489738,K-mer
QAV,0.14139593,K-mer
QAW,0.18731464,K-mer
QCA,0.2679362,K-mer
QCC,0.25666696,K-mer
QCD,0.33510002,K-mer
QCE,0.30305353,K-mer
QCF,0.3220823,K-mer
QCG,0.23167336,K-mer
QCH,0.18881781,K-mer
QCL,0.24012682,K-mer
QCN,0.2204136,K-mer
QCP,0.2252757,K-mer
QCQ,0.25289947,K-mer
QCR,0.27653193,K-mer
QCT,0.261629,K-mer
QCV,0.30247056,K-mer
QCY,0.36553466,K-mer
QDA,0.11121435,K-mer
QDC,0.2511629,K-mer
QDD,0.12242718,K-mer
QDE,0.14301112,K-mer
QDF,0.13164313,K-mer
QDH,0.13512558,K-mer
QDI,0.16290691,K-mer
QDK,0.22474541,K-mer
QDM,0.20957614,K-mer
QDN,0.12612964,K-mer
QDQ,0.10097365,K-mer
QDW,0.10793239,K-mer
QDY,0.113795705,K-mer
QED,0.17806175,K-mer
QEF,0.13496402,K-mer
QEG,0.11380649,K-mer
QEH,0.17983837,K-mer
QEI,0.111673616,K-mer
QEK,0.12821886,K-mer
QEL,0.13974272,K-mer
QEM,0.19077,K-mer
QEN,0.14395426,K-mer
QEP,0.13477267,K-mer
QEQ,0.12342231,K-mer
QER,0.13639435,K-mer
QES,0.123804465,K-mer
QEV,0.118788354,K-mer
QEW,0.12629548,K-mer
QEY,0.1186209,K-mer
QFA,0.2449471,K-mer
QFC,0.1929643,K-mer
QFG,0.16219875,K-mer
QFH,0.23537347,K-mer
QFI,0.29937676,K-mer
QFK,0.30487162,K-mer
QFL,0.15583791,K-mer
QFM,0.13723198,K-mer
QFN,0.3393449,K-mer
QFP,0.12070446,K-mer
QFR,0.3088705,K-mer
QFS,0.16341297,K-mer
QFT,0.1845865,K-mer
QFV,0.20778997,K-mer
QFW,0.31966808,K-mer
QGC,0.17203069,K-mer
QHA,0.3620534,K-mer
QHC,0.63255966,K-mer
QHD,0.1833573,K-mer
QHE,0.20954522,K-mer
QHG,0.20579225,K-mer
QHH,0.27857876,K-mer
QHI,0.3671612,K-mer
QHK,0.2136837,K-mer
QHL,0.14640665,K-mer
QHM,0.33928034,K-mer
QHP,0.16063055,K-mer
QHQ,0.23577625,K-mer
QHS,0.21703011,K-mer
QHT,0.15957305,K-mer
QHV,0.14488614,K-mer
QHY,0.14757222,K-mer
QIA,0.18238698,K-mer
QIC,0.27164918,K-mer
QID,0.25977418,K-mer
QIE,0.26115835,K-mer
QIF,0.1668961,K-mer
QIH,0.16724545,K-mer
QII,0.20167388,K-mer
QIK,0.26310027,K-mer
QIM,0.22557421,K-mer
QIN,0.13690677,K-mer
QIP,0.1933776,K-mer
QIR,0.17538148,K-mer
QIT,0.22257642,K-mer
QIV,0.15546972,K-mer
QIW,0.16475219,K-mer
QKA,0.19224608,K-mer
QKC,0.34069803,K-mer
QKD,0.21971488,K-mer
QKE,0.16165426,K-mer
QKF,0.24162193,K-mer
QKG,0.16760494,K-mer
QKH,0.17449924,K-mer
QKI,0.22360338,K-mer
QKK,0.31236017,K-mer
QKL,0.1369125,K-mer
QKN,0.18212126,K-mer
QKP,0.22476657,K-mer
QKQ,0.21465614,K-mer
QKR,0.16053127,K-mer
QKS,0.13446036,K-mer
QKT,0.12154696,K-mer
QKW,0.41022342,K-mer
QLC,0.18947777,K-mer
QLD,0.13290647,K-mer
QLE,0.20194533,K-mer
QLF,0.2521883,K-mer
QLI,0.17612167,K-mer
QLK,0.15142119,K-mer
QLM,0.17699406,K-mer
QLP,0.2146714,K-mer
QLQ,0.19857624,K-mer
QLS,0.17729847,K-mer
QLT,0.109364726,K-mer
QLV,0.20677646,K-mer
QMA,0.22771496,K-mer
QMD,0.28511482,K-mer
QME,0.168218,K-mer
QMF,0.22599268,K-mer
QMG,0.2010809,K-mer
QMH,0.22609228,K-mer
QMK,0.17791387,K-mer
QMM,0.2566291,K-mer
QMP,0.16880551,K-mer
QMQ,0.2767048,K-mer
QMR,0.22685163,K-mer
QMS,0.3087022,K-mer
QMT,0.2454826,K-mer
QMV,0.51079893,K-mer
QMY,0.2039318,K-mer
QNA,0.13736263,K-mer
QND,0.30720988,K-mer
QNE,0.15883498,K-mer
QNF,0.19888014,K-mer
QNG,0.11721517,K-mer
QNH,0.3513751,K-mer
QNK,0.22761698,K-mer
QNL,0.21186985,K-mer
QNM,0.1666253,K-mer
QNN,0.19816771,K-mer
QNP,0.15648416,K-mer
QNQ,0.2162641,K-mer
QNS,0.15436485,K-mer
QNV,0.25722456,K-mer
QNW,0.24361295,K-mer
QNY,0.122008674,K-mer
QPA,0.13657713,K-mer
QPC,0.34746993,K-mer
QPD,0.14057678,K-mer
QPE,0.18132713,K-mer
QPF,0.1982747,K-mer
QPH,0.23879996,K-mer
QPI,0.18762204,K-mer
QPK,0.11568206,K-mer
QPL,0.13585289,K-mer
QPM,0.41876718,K-mer
QPP,0.19017899,K-mer
QPS,0.14281693,K-mer
QPT,0.18126526,K-mer
QPV,0.13678566,K-mer
QPY,0.16542424,K-mer
QQC,0.47607005,K-mer
QQD,0.14666559,K-mer
QQE,0.14762601,K-mer
QQF,0.11893827,K-mer
QQG,0.17791852,K-mer
QQH,0.32317504,K-mer
QQI,0.2696764,K-mer
QQK,0.23983105,K-mer
QQL,0.16435131,K-mer
QQM,0.23314838,K-mer
QQN,0.14505945,K-mer
QQQ,0.20479351,K-mer
QQR,0.1958797,K-mer
QQS,0.16849229,K-mer
QQT,0.22229314,K-mer
QQV,0.24189022,K-mer
QQW,0.37188417,K-mer
QQY,0.13236256,K-mer
QRA,0.15495327,K-mer
QRC,0.36570215,K-mer
QRD,0.13608468,K-mer
QRF,0.21788001,K-mer
QRH,0.16408253,K-mer
QRI,0.16640544,K-mer
QRK,0.1309608,K-mer
QRM,0.21967143,K-mer
QRQ,0.21343009,K-mer
QRR,0.17614675,K-mer
QRS,0.17819783,K-mer
QRT,0.12291785,K-mer
QRW,0.38422018,K-mer
QSA,0.13634521,K-mer
QSE,0.17663875,K-mer
QSF,0.26103348,K-mer
QSH,0.34754282,K-mer
QSI,0.13757601,K-mer
QSK,0.35212433,K-mer
QSN,0.14010972,K-mer
QSQ,0.1788691,K-mer
QSR,0.10941226,K-mer
QST,0.14269176,K-mer
QSV,0.2895406,K-mer
QSW,0.14641747,K-mer
QTA,0.123734236,K-mer
QTC,0.3263926,K-mer
QTD,0.21217732,K-mer
QTF,0.14252557,K-mer
QTH,0.2522064,K-mer
QTI,0.15643847,K-mer
QTK,0.22949374,K-mer
QTL,0.14509583,K-mer
QTM,0.26160294,K-mer
QTN,0.16807705,K-mer
QTP,0.14192685,K-mer
QTQ,0.13417678,K-mer
QTR,0.16294745,K-mer
QTS,0.16741794,K-mer
QTV,0.15572378,K-mer
QTW,0.12207464,K-mer
QTY,0.10475965,K-mer
QVC,0.37642848,K-mer
QVD,0.1673896,K-mer
QVH,0.15420383,K-mer
QVI,0.15793478,K-mer
QVK,0.22090036,K-mer
QVL,0.1594969,K-mer
QVM,0.18264139,K-mer
QVN,0.1451658,K-mer
QVP,0.19308317,K-mer
QVQ,0.15110976,K-mer
QVR,0.118308894,K-mer
QVW,0.13528417,K-mer
QWD,0.33308744,K-mer
QWE,0.16658726,K-mer
QWF,0.29679793,K-mer
QWG,0.19702944,K-mer
QWH,0.23872055,K-mer
QWI,0.26259494,K-mer
QWK,0.18604958,K-mer
QWL,0.16021413,K-mer
QWM,0.5804924,K-mer
QWP,0.30119866,K-mer
QWQ,0.31093803,K-mer
QWR,0.22498633,K-mer
QWS,0.1685204,K-mer
QWT,0.2288814,K-mer
QWV,0.33914262,K-mer
QWW,0.27024987,K-mer
QWY,0.18931329,K-mer
QYA,0.28590357,K-mer
QYC,0.43923134,K-mer
QYD,0.36773497,K-mer
QYE,0.09870441,K-mer
QYG,0.11795971,K-mer
QYH,0.32735372,K-mer
QYK,0.17797478,K-mer
QYM,0.31022632,K-mer
QYN,0.1545853,K-mer
QYP,0.2655936,K-mer
QYQ,0.21692374,K-mer
QYR,0.12510087,K-mer
QYS,0.14205162,K-mer
QYT,0.14406452,K-mer
QYV,0.10452142,K-mer
QYW,0.3205088,K-mer
RAH,0.13052498,K-mer
RAI,0.19725993,K-mer
RAK,0.1866231,K-mer
RAM,0.18324381,K-mer
RAQ,0.12933208,K-mer
RAS,0.124461405,K-mer
RAW,0.22891527,K-mer
RCC,0.46294424,K-mer
RCD,0.41220877,K-mer
RCE,0.25001147,K-mer
RCF,0.25399882,K-mer
RCG,0.4556486,K-mer
RCH,0.2312594,K-mer
RCI,0.33906978,K-mer
RCM,0.3773243,K-mer
RCN,0.119328946,K-mer
RCP,0.16382375,K-mer
RCQ,0.49628064,K-mer
RCR,0.19943461,K-mer
RCS,0.23625275,K-mer
RCT,0.215434,K-mer
RCV,0.29445645,K-mer
RCW,0.4033628,K-mer
RCY,0.33908683,K-mer
RDC,0.22350296,K-mer
RDD,0.12595534,K-mer
RDH,0.16637194,K-mer
RDK,0.112165846,K-mer
RDW,0.13797583,K-mer
REC,0.23192425,K-mer
RED,0.12852553,K-mer
REH,0.13281456,K-mer
REI,0.11950289,K-mer
REM,0.1600405,K-mer
REV,0.08805451,K-mer
REW,0.13997191,K-mer
REY,0.09529046,K-mer
RFA,0.13634819,K-mer
RFE,0.12580866,K-mer
RFF,0.13839528,K-mer
RFG,0.09769228,K-mer
RFH,0.2261628,K-mer
RFI,0.16187473,K-mer
RFK,0.20720097,K-mer
RFQ,0.13630709,K-mer
RFS,0.11792948,K-mer
RFT,0.21575606,K-mer
RFV,0.16083184,K-mer
RFW,0.14429635,K-mer
RFY,0.13916698,K-mer
RGC,0.25654978,K-mer
RGK,0.11816446,K-mer
RGM,0.20311199,K-mer
RHC,0.21935742,K-mer
RHD,0.18110405,K-mer
RHE,0.16370359,K-mer
RHF,0.15079305,K-mer
RHI,0.17346825,K-mer
RHK,0.22805083,K-mer
RHL,0.23361337,K-mer
RHM,0.22323039,K-mer
RHN,0.11732522,K-mer
RHP,0.13509694,K-mer
RHQ,0.2233254,K-mer
RHR,0.116457164,K-mer
RHS,0.13973045,K-mer
RHT,0.15723863,K-mer
RHY,0.20478883,K-mer
RIC,0.3401816,K-mer
RID,0.1264743,K-mer
RIE,0.16014157,K-mer
RIF,0.17461593,K-mer
RIH,0.20993102,K-mer
RII,0.1447662,K-mer
RIK,0.11704163,K-mer
RIL,0.1627706,K-mer
RIM,0.33611763,K-mer
RIN,0.10893963,K-mer
RIP,0.21728295,K-mer
RIQ,0.16213167,K-mer
RIR,0.12894015,K-mer
RIS,0.13801448,K-mer
RIV,0.22023316,K-mer
RIW,0.13256332,K-mer
RKC,0.25055116,K-mer
RKD,0.15027031,K-mer
RKE,0.1966447,K-mer
RKI,0.13748266,K-mer
RKK,0.16335163,K-mer
RKL,0.12759116,K-mer
RKN,0.1255229,K-mer
RKQ,0.14377564,K-mer
RKR,0.14456531,K-mer
RKS,0.1598677,K-mer
RKV,0.13436458,K-mer
RKY,0.13991323,K-mer
RLC,0.5078232,K-mer
RLE,0.103945136,K-mer
RLF,0.11398145,K-mer
RLH,0.11426392,K-mer
RLK,0.16062951,K-mer
RLM,0.25550008,K-mer
RLQ,0.113020584,K-mer
RLV,0.19833463,K-mer
RMA,0.22285035,K-mer
RMC,0.18782821,K-mer
RMD,0.115885586,K-mer
RME,0.17361934,K-mer
RMG,0.18755382,K-mer
RMH,0.22402939,K-mer
RMI,0.16966897,K-mer
RML,0.21908844,K-mer
RMM,0.23075017,K-mer
RMQ,0.1943483,K-mer
RMR,0.12287696,K-mer
RMT,0.12882087,K-mer
RMY,0.2708681,K-mer
RNA,0.2804907,K-mer
RNC,0.34382492,K-mer
RND,0.15852809,K-mer
RNF,0.18239364,K-mer
RNG,0.156376,K-mer
RNH,0.2706377,K-mer
RNI,0.18566155,K-mer
RNK,0.15572098,K-mer
RNM,0.23628527,K-mer
RNN,0.12108438,K-mer
RNP,0.10258064,K-mer
RNW,0.17369889,K-mer
RPA,0.12107751,K-mer
RPF,0.14677256,K-mer
RPH,0.16446622,K-mer
RPI,0.1435092,K-mer
RPK,0.11894558,K-mer
RPQ,0.13787457,K-mer
RQC,0.2337663,K-mer
RQD,0.111802764,K-mer
RQF,0.19694403,K-mer
RQH,0.13087787,K-mer
RQK,0.11843082,K-mer
RQL,0.14810911,K-mer
RQM,0.19637534,K-mer
RQQ,0.192049,K-mer
RQR,0.13061132,K-mer
RQS,0.1473938,K-mer
RQT,0.13814731,K-mer
RQV,0.13162978,K-mer
RQW,0.23094302,K-mer
RQY,0.14790115,K-mer
RRH,0.26489744,K-mer
RRK,0.14835124,K-mer
RRM,0.17502186,K-mer
RRN,0.10232881,K-mer
RRQ,0.09380884,K-mer
RRW,0.13062814,K-mer
RRY,0.1143311,K-mer
RSA,0.13803521,K-mer
RSC,0.21393432,K-mer
RSH,0.12126793,K-mer
RSM,0.20160782,K-mer
RSQ,0.1194539,K-mer
RSW,0.16446255,K-mer
RTC,0.23767535,K-mer
RTF,0.16545817,K-mer
RTH,0.18334039,K-mer
RTK,0.18978193,K-mer
RTM,0.1957582,K-mer
RTR,0.103937745,K-mer
RVH,0.16163574,K-mer
RVK,0.107262276,K-mer
RVQ,0.13726228,K-mer
RVW,0.16681337,K-mer
RVY,0.10449735,K-mer
RWC,0.18694997,K-mer
RWD,0.10873933,K-mer
RWE,0.21739423,K-mer
RWF,0.16335222,K-mer
RWI,0.26123777,K-mer
RWK,0.2536686,K-mer
RWL,0.27848214,K-mer
RWM,0.2804578,K-mer
RWN,0.15560578,K-mer
RWP,0.18027708,K-mer
RWR,0.19506212,K-mer
RWS,0.13314703,K-mer
RWV,0.2549606,K-mer
RWY,0.21251369,K-mer
RYA,0.16969045,K-mer
RYC,0.3229267,K-mer
RYD,0.26647472,K-mer
RYF,0.1325616,K-mer
RYH,0.21596211,K-mer
RYK,0.14640231,K-mer
RYL,0.1485991,K-mer
RYM,0.31722444,K-mer
RYQ,0.14409342,K-mer
RYR,0.1608051,K-mer
RYT,0.102263086,K-mer
RYV,0.31061912,K-mer
RYW,0.26546237,K-mer
RYY,0.1482429,K-mer
SAC,0.33340576,K-mer
SAF,0.09242767,K-mer
SAM,0.113944545,K-mer
SCA,0.352484,K-mer
SCC,0.19247174,K-mer
SCE,0.19792725,K-mer
SCF,0.28782278,K-mer
SCG,0.19312258,K-mer
SCH,0.47787338,K-mer
SCI,0.26744127,K-mer
SCK,0.22460873,K-mer
SCL,0.29967722,K-mer
SCM,0.2771911,K-mer
SCN,0.3486906,K-mer
SCP,0.12987107,K-mer
SCQ,0.22616377,K-mer
SCR,0.1138991,K-mer
SCS,0.21705376,K-mer
SCT,0.2295793,K-mer
SCV,0.26469952,K-mer
SCW,0.20730615,K-mer
SCY,0.19971985,K-mer
SDA,0.12984207,K-mer
SDC,0.2998411,K-mer
SDD,0.13641343,K-mer
SDH,0.14854264,K-mer
SDI,0.0939392,K-mer
SDK,0.118127845,K-mer
SDM,0.16542596,K-mer
SDN,0.20727938,K-mer
SDS,0.18807912,K-mer
SDV,0.13016404,K-mer
SDY,0.09886578,K-mer
SEC,0.20444882,K-mer
SEF,0.087109216,K-mer
SEH,0.12526332,K-mer
SEM,0.1168828,K-mer
SEW,0.091147214,K-mer
SEY,0.086337954,K-mer
SFC,0.3204171,K-mer
SFH,0.1560102,K-mer
SFK,0.14965457,K-mer
SGC,0.19982627,K-mer
SGH,0.12372156,K-mer
SGR,0.0992344,K-mer
SGW,0.108147115,K-mer
SHA,0.11862925,K-mer
SHC,0.29861307,K-mer
SHD,0.12143738,K-mer
SHE,0.13780886,K-mer
SHF,0.14028972,K-mer
SHH,0.16729796,K-mer
SHI,0.1311943,K-mer
SHK,0.17216781,K-mer
SHL,0.113428146,K-mer
SHM,0.26946157,K-mer
SHN,0.13563283,K-mer
SHP,0.10583894,K-mer
SHQ,0.13703431,K-mer
SHV,0.17356567,K-mer
SHW,0.17419133,K-mer
SHY,0.14289245,K-mer
SIE,0.1650627,K-mer
SIH,0.16694224,K-mer
SIN,0.11950162,K-mer
SIW,0.10854039,K-mer
SIY,0.093331285,K-mer
SKC,0.24235111,K-mer
SKE,0.17617023,K-mer
SKF,0.12180505,K-mer
SKH,0.16424754,K-mer
SKI,0.2172887,K-mer
SKL,0.13142127,K-mer
SKM,0.13534287,K-mer
SKN,0.1152596,K-mer
SKQ,0.19696963,K-mer
SKV,0.124361254,K-mer
SKW,0.14500768,K-mer
SKY,0.122336686,K-mer
SLC,0.27644676,K-mer
SLK,0.106410846,K-mer
SLM,0.15790749,K-mer
SMA,0.11965661,K-mer
SMC,0.49441463,K-mer
SMD,0.15390466,K-mer
SME,0.13041677,K-mer
SMF,0.17699365,K-mer
SMI,0.13438383,K-mer
SMM,0.25480297,K-mer
SMP,0.17255147,K-mer
SMR,0.1934017,K-mer
SMS,0.18488401,K-mer
SMT,0.1574055,K-mer
SMV,0.16876122,K-mer
SMW,0.14213398,K-mer
SNC,0.2576977,K-mer
SNF,0.2131686,K-mer
SNH,0.1436753,K-mer
SNI,0.11903864,K-mer
SNK,0.20218477,K-mer
SNM,0.14743082,K-mer
SNV,0.136035,K-mer
SNW,0.16757193,K-mer
SPC,0.2904727,K-mer
SQF,0.12177403,K-mer
SQI,0.10855733,K-mer
SQK,0.16714805,K-mer
SQM,0.14369717,K-mer
SQN,0.13390055,K-mer
SQW,0.16721639,K-mer
SQY,0.11426201,K-mer
SRH,0.10638189,K-mer
SRM,0.12099914,K-mer
SSC,0.28359863,K-mer
SSE,0.09383567,K-mer
STC,0.29589933,K-mer
STM,0.1268041,K-mer
SVC,0.21531466,K-mer
SVF,0.16221675,K-mer
SVH,0.20840092,K-mer
SVK,0.11253838,K-mer
SVM,0.12515286,K-mer
SVQ,0.11205962,K-mer
SVY,0.12068518,K-mer
SWC,0.25823152,K-mer
SWE,0.09165396,K-mer
SWH,0.19923925,K-mer
SWK,0.16748658,K-mer
SWR,0.12704413,K-mer
SWS,0.13153124,K-mer
SWV,0.122468285,K-mer
SWW,0.20078623,K-mer
SWY,0.20881987,K-mer
SYC,0.31949985,K-mer
SYD,0.10535252,K-mer
SYF,0.108467475,K-mer
SYH,0.110002205,K-mer
SYI,0.09777759,K-mer
SYK,0.13783655,K-mer
SYM,0.1384255,K-mer
SYP,0.13970006,K-mer
SYQ,0.111755595,K-mer
SYW,0.1345377,K-mer
SYY,0.1171561,K-mer
TAC,0.30861294,K-mer
TAE,0.14307052,K-mer
TAF,0.1101035,K-mer
TAH,0.1412615,K-mer
TAK,0.1399863,K-mer
TAM,0.15001962,K-mer
TAR,0.16683088,K-mer
TAV,0.14868009,K-mer
TAW,0.2725463,K-mer
TCA,0.3336445,K-mer
TCC,0.3311873,K-mer
TCD,0.25478542,K-mer
TCE,0.22629511,K-mer
TCF,0.4651667,K-mer
TCG,0.514029,K-mer
TCH,0.33022583,K-mer
TCI,0.31301522,K-mer
TCK,0.3805899,K-mer
TCL,0.16381386,K-mer
TCM,0.20042847,K-mer
TCN,0.2851655,K-mer
TCP,0.36227852,K-mer
TCQ,0.32180026,K-mer
TCR,0.25764126,K-mer
TCS,0.37995052,K-mer
TCV,0.310283,K-mer
TCW,0.30399013,K-mer
TCY,0.27746344,K-mer
TDA,0.14919363,K-mer
TDC,0.29354042,K-mer
TDD,0.17993669,K-mer
TDF,0.12844145,K-mer
TDH,0.17046669,K-mer
TDI,0.16400477,K-mer
TDK,0.2156708,K-mer
TDL,0.13896237,K-mer
TDM,0.13758978,K-mer
TDP,0.14652878,K-mer
TDQ,0.15896693,K-mer
TDV,0.12666199,K-mer
TDW,0.2552389,K-mer
TDY,0.10193251,K-mer
TEC,0.21968624,K-mer
TED,0.14068869,K-mer
TEF,0.15869933,K-mer
TEH,0.13448173,K-mer
TEI,0.1678198,K-mer
TEK,0.21968573,K-mer
TEM,0.16046652,K-mer
TEP,0.1494165,K-mer
TER,0.13271737,K-mer
TES,0.10092959,K-mer
TEV,0.112218976,K-mer
TEW,0.2501955,K-mer
TEY,0.18504453,K-mer
TFD,0.14128982,K-mer
TFE,0.16829576,K-mer
TFH,0.22121772,K-mer
TFL,0.23945698,K-mer
TFM,0.28124976,K-mer
TFN,0.19636229,K-mer
TFQ,0.1682186,K-mer
TFR,0.17913139,K-mer
TFS,0.20624596,K-mer
TFT,0.14224927,K-mer
TFW,0.17068788,K-mer
TGC,0.33683774,K-mer
THA,0.21607798,K-mer
THC,0.19431792,K-mer
THD,0.2264789,K-mer
THF,0.22188635,K-mer
THG,0.20529792,K-mer
THH,0.22389543,K-mer
THK,0.2929435,K-mer
THL,0.11906728,K-mer
THM,0.26365012,K-mer
THN,0.14614408,K-mer
THP,0.11894728,K-mer
THQ,0.13128601,K-mer
THR,0.12389855,K-mer
THS,0.12268667,K-mer
THT,0.18074,K-mer
THW,0.36924353,K-mer
TIC,0.19147906,K-mer
TID,0.12215692,K-mer
TIG,0.12986407,K-mer
TII,0.16596815,K-mer
TIK,0.29689658,K-mer
TIL,0.18654528,K-mer
TIM,0.23750709,K-mer
TIN,0.2760356,K-mer
TIQ,0.15499146,K-mer
TIR,0.12709856,K-mer
TIS,0.1056083,K-mer
TIT,0.13104132,K-mer
TIW,0.23769504,K-mer
TKA,0.1412932,K-mer
TKC,0.27077535,K-mer
TKD,0.16646817,K-mer
TKF,0.1614453,K-mer
TKG,0.11960849,K-mer
TKH,0.239009,K-mer
TKI,0.292526,K-mer
TKK,0.26414764,K-mer
TKL,0.15766631,K-mer
TKM,0.36494026,K-mer
TKN,0.11145703,K-mer
TKP,0.19404009,K-mer
TKQ,0.25727963,K-mer
TKT,0.12045479,K-mer
TKW,0.20542678,K-mer
TKY,0.22867858,K-mer
TLC,0.2290274,K-mer
TLD,0.105473295,K-mer
TLH,0.14836216,K-mer
TLI,0.2505168,K-mer
TLK,0.175655,K-mer
TLM,0.2413328,K-mer
TLQ,0.14663915,K-mer
TLV,0.22313535,K-mer
TLY,0.121477604,K-mer
TMA,0.27406496,K-mer
TMC,0.5648165,K-mer
TMD,0.13094169,K-mer
TMF,0.36437464,K-mer
TMH,0.21738228,K-mer
TMI,0.2406407,K-mer
TML,0.323962,K-mer
TMP,0.26279783,K-mer
TMQ,0.21546185,K-mer
TMS,0.2829412,K-mer
TMT,0.19016236,K-mer
TMV,0.32337242,K-mer
TMW,0.2616728,K-mer
TNC,0.27046567,K-mer
TND,0.15803017,K-mer
TNF,0.2088896,K-mer
TNH,0.23619205,K-mer
TNI,0.24585223,K-mer
TNK,0.16285919,K-mer
TNM,0.5563168,K-mer
TNN,0.19112551,K-mer
TNR,0.1550337,K-mer
TNV,0.14937794,K-mer
TNW,0.23623902,K-mer
TPA,0.124480754,K-mer
TPC,0.27795547,K-mer
TPD,0.12700176,K-mer
TPE,0.11372799,K-mer
TPF,0.14841154,K-mer
TPI,0.150835,K-mer
TPM,0.21930486,K-mer
TPV,0.13446684,K-mer
TPW,0.17908806,K-mer
TQA,0.2058044,K-mer
TQF,0.19203323,K-mer
TQH,0.16390115,K-mer
TQI,0.17712273,K-mer
TQK,0.18176764,K-mer
TQQ,0.15122011,K-mer
TQR,0.13859007,K-mer
TQS,0.14450303,K-mer
TQT,0.13536017,K-mer
TQV,0.19841751,K-mer
TQW,0.3598061,K-mer
TQY,0.095213905,K-mer
TRA,0.120505676,K-mer
TRC,0.37441647,K-mer
TRE,0.14480795,K-mer
TRF,0.11564996,K-mer
TRH,0.18285587,K-mer
TRI,0.13822895,K-mer
TRM,0.20393668,K-mer
TRN,0.15927795,K-mer
TRY,0.16047667,K-mer
TSC,0.1341199,K-mer
TSD,0.1589663,K-mer
TSF,0.16371799,K-mer
TSH,0.13682118,K-mer
TSK,0.12680858,K-mer
TSM,0.18426622,K-mer
TSR,0.11021085,K-mer
TSW,0.18700117,K-mer
TTA,0.16537914,K-mer
TTC,0.23719671,K-mer
TTH,0.1404675,K-mer
TTK,0.15715623,K-mer
TTL,0.15849443,K-mer
TTM,0.20148273,K-mer
TTN,0.1907856,K-mer
TTQ,0.19635285,K-mer
TTT,0.12259051,K-mer
TTW,0.2269645,K-mer
TVD,0.13152325,K-mer
TVF,0.21009237,K-mer
TVH,0.1438281,K-mer
TVI,0.14737056,K-mer
TVK,0.19580276,K-mer
TVL,0.21248959,K-mer
TVM,0.10661202,K-mer
TVP,0.2081497,K-mer
TVQ,0.19391568,K-mer
TVV,0.12907922,K-mer
TVW,0.14204495,K-mer
TWA,0.18074022,K-mer
TWC,0.5829054,K-mer
TWD,0.18877253,K-mer
TWE,0.13903546,K-mer
TWH,0.22691764,K-mer
TWI,0.31162587,K-mer
TWK,0.25558916,K-mer
TWL,0.16167805,K-mer
TWM,0.36265373,K-mer
TWN,0.14157888,K-mer
TWP,0.28822702,K-mer
TWR,0.19873813,K-mer
TWS,0.2336895,K-mer
TWT,0.16053785,K-mer
TWV,0.23731257,K-mer
TWY,0.16031471,K-mer
TYA,0.1793442,K-mer
TYC,0.1844338,K-mer
TYD,0.26037115,K-mer
TYF,0.2070649,K-mer
TYH,0.22611369,K-mer
TYI,0.24482012,K-mer
TYK,0.20501307,K-mer
TYL,0.12999259,K-mer
TYP,0.14745489,K-mer
TYQ,0.14379323,K-mer
TYR,0.13893256,K-mer
TYS,0.12413763,K-mer
TYT,0.15963408,K-mer
TYV,0.22062975,K-mer
TYW,0.16627038,K-mer
VAA,0.13793805,K-mer
VAD,0.1227,K-mer
VAF,0.11917352,K-mer
VAH,0.20504634,K-mer
VAI,0.15830919,K-mer
VAP,0.18442419,K-mer
VAQ,0.15332264,K-mer
VAR,0.09678959,K-mer
VAV,0.13302276,K-mer
VAW,0.2449395,K-mer
VCE,0.28423816,K-mer
VCF,0.26796803,K-mer
VCG,0.35681593,K-mer
VCH,0.20676875,K-mer
VCI,0.30092734,K-mer
VCK,0.18122187,K-mer
VCL,0.27449065,K-mer
VCN,0.38674906,K-mer
VCP,0.34664956,K-mer
VCQ,0.22249661,K-mer
VCS,0.18706536,K-mer
VCT,0.16529195,K-mer
VCY,0.28329077,K-mer
VDA,0.23442934,K-mer
VDC,0.28425968,K-mer
VDD,0.118572384,K-mer
VDF,0.14771912,K-mer
VDH,0.19185114,K-mer
VDI,0.26747268,K-mer
VDL,0.16468182,K-mer
VDM,0.15851714,K-mer
VDN,0.1117055,K-mer
VDV,0.1948733,K-mer
VDW,0.1311414,K-mer
VDY,0.13395119,K-mer
VEC,0.26885906,K-mer
VEE,0.11922329,K-mer
VEH,0.17197523,K-mer
VEI,0.11706772,K-mer
VEK,0.14034185,K-mer
VEL,0.14598638,K-mer
VEM,0.18392214,K-mer
VEN,0.10639581,K-mer
VEP,0.1257807,K-mer
VES,0.12589811,K-mer
VEV,0.14663279,K-mer
VEY,0.12136115,K-mer
VFA,0.15660784,K-mer
VFC,0.300082,K-mer
VFD,0.13040604,K-mer
VFE,0.27319676,K-mer
VFF,0.19759455,K-mer
VFG,0.12901445,K-mer
VFH,0.15447128,K-mer
VFI,0.23507284,K-mer
VFK,0.23187824,K-mer
VFL,0.2182874,K-mer
VFM,0.2578203,K-mer
VFN,0.16747838,K-mer
VFP,0.22356397,K-mer
VFQ,0.25589526,K-mer
VFR,0.16621697,K-mer
VFS,0.11171356,K-mer
VFT,0.1540874,K-mer
VFV,0.22748946,K-mer
VFW,0.2261506,K-mer
VFY,0.20622995,K-mer
VGC,0.1659135,K-mer
VGF,0.17828746,K-mer
VGH,0.16316456,K-mer
VGK,0.15445231,K-mer
VGM,0.1943125,K-mer
VGW,0.1723211,K-mer
VHA,0.30546415,K-mer
VHC,0.39935234,K-mer
VHE,0.14174499,K-mer
VHF,0.29345536,K-mer
VHG,0.1340693,K-mer
VHH,0.33978465,K-mer
VHI,0.29650193,K-mer
VHK,0.25765145,K-mer
VHL,0.33791897,K-mer
VHM,0.33402902,K-mer
VHN,0.15454221,K-mer
VHP,0.19762003,K-mer
VHQ,0.19674034,K-mer
VHT,0.1726817,K-mer
VHW,0.32696742,K-mer
VHY,0.18676373,K-mer
VIA,0.15973389,K-mer
VIC,0.42174232,K-mer
VIE,0.17687818,K-mer
VIF,0.32020125,K-mer
VIK,0.24379551,K-mer
VIN,0.14358343,K-mer
VIP,0.20767522,K-mer
VIQ,0.118493564,K-mer
VIR,0.1938549,K-mer
VIS,0.09457682,K-mer
VIT,0.12583506,K-mer
VIW,0.20596522,K-mer
VIY,0.2743937,K-mer
VKA,0.2038727,K-mer
VKC,0.1609397,K-mer
VKD,0.32260388,K-mer
VKE,0.12315248,K-mer
VKF,0.28854623,K-mer
VKG,0.12346174,K-mer
VKH,0.18985227,K-mer
VKI,0.3660218,K-mer
VKK,0.1816341,K-mer
VKL,0.2319546,K-mer
VKM,0.29152316,K-mer
VKP,0.21156493,K-mer
VKQ,0.22276881,K-mer
VKR,0.13390392,K-mer
VKS,0.36134177,K-mer
VKT,0.25532895,K-mer
VKV,0.16453914,K-mer
VKW,0.28501558,K-mer
VKY,0.25968996,K-mer
VLC,0.2019488,K-mer
VLE,0.13042448,K-mer
VLF,0.14927207,K-mer
VLH,0.15347601,K-mer
VLI,0.23548165,K-mer
VLK,0.20573734,K-mer
VLL,0.12165995,K-mer
VLP,0.1661935,K-mer
VLQ,0.11586489,K-mer
VLR,0.11154724,K-mer
VLW,0.19312714,K-mer
VMA,0.25729427,K-mer
VMC,0.25949144,K-mer
VMD,0.31345955,K-mer
VMG,0.12903361,K-mer
VMH,0.20625424,K-mer
VMI,0.39061892,K-mer
VMK,0.19678324,K-mer
VML,0.39847028,K-mer
VMM,0.37088716,K-mer
VMP,0.24608059,K-mer
VMR,0.11983926,K-mer
VMS,0.14696592,K-mer
VMT,0.20002748,K-mer
VND,0.138522,K-mer
VNK,0.16634381,K-mer
VNL,0.4417143,K-mer
VNM,0.18329963,K-mer
VNN,0.13580236,K-mer
VNR,0.12761752,K-mer
VPA,0.15881339,K-mer
VPC,0.4292559,K-mer
VPE,0.12183832,K-mer
VPH,0.13582706,K-mer
VPI,0.20916519,K-mer
VPN,0.13892905,K-mer
VPR,0.124141425,K-mer
VPS,0.11865288,K-mer
VPV,0.22929537,K-mer
VQA,0.19120324,K-mer
VQC,0.22891378,K-mer
VQD,0.14291401,K-mer
VQF,0.24431394,K-mer
VQH,0.23485838,K-mer
VQI,0.20529509,K-mer
VQM,0.16736308,K-mer
VQN,0.19624758,K-mer
VQQ,0.13074657,K-mer
VQR,0.12172855,K-mer
VQS,0.14435449,K-mer
VQT,0.15463655,K-mer
VQW,0.30537632,K-mer
VQY,0.21646884,K-mer
VRC,0.23284353,K-mer
VRF,0.20826238,K-mer
VRH,0.12127718,K-mer
VRK,0.18675652,K-mer
VRL,0.112118155,K-mer
VRM,0.2205207,K-mer
VRR,0.17083368,K-mer
VRS,0.11198245,K-mer
VRV,0.14679995,K-mer
VRW,0.16613653,K-mer
VRY,0.14478225,K-mer
VSD,0.11052573,K-mer
VSE,0.13775806,K-mer
VSF,0.12570602,K-mer
VSH,0.12032474,K-mer
VSI,0.16909909,K-mer
VSK,0.17465462,K-mer
VSL,0.09609825,K-mer
VSM,0.1683095,K-mer
VSR,0.099589065,K-mer
VSV,0.13805377,K-mer
VSW,0.2141281,K-mer
VTA,0.13256145,K-mer
VTC,0.21449979,K-mer
VTF,0.21203303,K-mer
VTI,0.20798147,K-mer
VTK,0.14747716,K-mer
VTL,0.10114242,K-mer
VTM,0.16304205,K-mer
VTN,0.13891007,K-mer
VTP,0.15193571,K-mer
VTQ,0.16100895,K-mer
VTT,0.10848042,K-mer
VTV,0.17891282,K-mer
VVA,0.14210269,K-mer
VVC,0.27208868,K-mer
VVF,0.30903316,K-mer
VVH,0.1615442,K-mer
VVI,0.25004438,K-mer
VVK,0.23354696,K-mer
VVL,0.13161892,K-mer
VVM,0.2758362,K-mer
VVN,0.16191256,K-mer
VVP,0.22140607,K-mer
VVQ,0.17993571,K-mer
VVR,0.17991167,K-mer
VVT,0.11263683,K-mer
VVY,0.12821442,K-mer
VWC,0.19647355,K-mer
VWE,0.13753891,K-mer
VWF,0.21434373,K-mer
VWG,0.10452977,K-mer
VWH,0.22930935,K-mer
VWI,0.18299657,K-mer
VWK,0.16548899,K-mer
VWL,0.20234878,K-mer
VWM,0.18368803,K-mer
VWN,0.16093498,K-mer
VWP,0.26751858,K-mer
VWR,0.18488511,K-mer
VWW,0.23348084,K-mer
VWY,0.15579519,K-mer
VYA,0.10481882,K-mer
VYC,0.35912493,K-mer
VYD,0.22135189,K-mer
VYF,0.2494688,K-mer
VYI,0.2031886,K-mer
VYK,0.32941532,K-mer
VYM,0.325516,K-mer
VYV,0.19229847,K-mer
WAC,0.30209053,K-mer
WAE,0.17060888,K-mer
WAF,0.13723361,K-mer
WAH,0.21801239,K-mer
WAI,0.27257073,K-mer
WAM,0.36139476,K-mer
WAP,0.11616807,K-mer
WAQ,0.20046306,K-mer
WAR,0.19412087,K-mer
WAS,0.17767541,K-mer
WAV,0.20184267,K-mer
WAW,0.40054512,K-mer
WCA,0.26736468,K-mer
WCC,0.37888753,K-mer
WCD,0.42367792,K-mer
WCE,0.26343876,K-mer
WCG,0.32957652,K-mer
WCH,0.38370797,K-mer
WCI,0.30691314,K-mer
WCK,0.26219028,K-mer
WCL,0.21787687,K-mer
WCN,0.21467721,K-mer
WCP,0.29676408,K-mer
WCQ,0.2802717,K-mer
WCT,0.2760201,K-mer
WCV,0.24801782,K-mer
WCW,0.15778857,K-mer
WCY,0.39073122,K-mer
WDA,0.19693473,K-mer
WDC,0.27572227,K-mer
WDD,0.20464242,K-mer
WDF,0.13069972,K-mer
WDG,0.09951632,K-mer
WDH,0.30483264,K-mer
WDL,0.11827062,K-mer
WDP,0.11678433,K-mer
WDV,0.17075929,K-mer
WDW,0.18443982,K-mer
WEA,0.13019395,K-mer
WED,0.16032548,K-mer
WEE,0.11698703,K-mer
WEH,0.32892457,K-mer
WEI,0.28584173,K-mer
WEK,0.1640527,K-mer
WEL,0.20151985,K-mer
WEN,0.1678951,K-mer
WEP,0.18412805,K-mer
WER,0.13177598,K-mer
WES,0.1887363,K-mer
WEV,0.14461896,K-mer
WEY,0.119515404,K-mer
WFA,0.23876345,K-mer
WFD,0.24570763,K-mer
WFE,0.21050522,K-mer
WFF,0.1498284,K-mer
WFI,0.20578071,K-mer
WFK,0.22471085,K-mer
WFL,0.25985646,K-mer
WFM,0.22989747,K-mer
WFN,0.2389586,K-mer
WFP,0.24942462,K-mer
WFQ,0.18848836,K-mer
WFS,0.18235013,K-mer
WFT,0.24468228,K-mer
WFV,0.23688401,K-mer
WFW,0.20376171,K-mer
WFY,0.23286225,K-mer
WGF,0.13828343,K-mer
WGH,0.13684443,K-mer
WGK,0.12177648,K-mer
WGL,0.13959876,K-mer
WGM,0.1879907,K-mer
WGV,0.106185384,K-mer
WHA,0.16993356,K-mer
WHE,0.18918085,K-mer
WHF,0.19529185,K-mer
WHG,0.25908715,K-mer
WHH,0.35730994,K-mer
WHK,0.3374707,K-mer
WHL,0.3621214,K-mer
WHM,0.18865874,K-mer
WHP,0.25775054,K-mer
WHQ,0.22240183,K-mer
WHS,0.34903193,K-mer
WHV,0.5526269,K-mer
WHW,0.33281073,K-mer
WHY,0.25041664,K-mer
WIC,0.32332724,K-mer
WID,0.33551902,K-mer
WIE,0.30831188,K-mer
WIF,0.36579785,K-mer
WIG,0.1502426,K-mer
WIH,0.24134494,K-mer
WII,0.33446604,K-mer
WIM,0.32507244,K-mer
WIQ,0.20016566,K-mer
WIR,0.27070126,K-mer
WIT,0.26849478,K-mer
WIV,0.14970475,K-mer
WIW,0.33796945,K-mer
WIY,0.24999528,K-mer
WKC,0.46443844,K-mer
WKE,0.34837058,K-mer
WKG,0.12413253,K-mer
WKI,0.18477628,K-mer
WKN,0.38470286,K-mer
WKP,0.24184546,K-mer
WKS,0.2136488,K-mer
WKT,0.1918021,K-mer
WKV,0.29384178,K-mer
WKW,0.282449,K-mer
WLD,0.20889543,K-mer
WLE,0.24224722,K-mer
WLF,0.23982087,K-mer
WLI,0.1762116,K-mer
WLK,0.29002154,K-mer
WLL,0.21886477,K-mer
WLM,0.364617,K-mer
WLN,0.11711118,K-mer
WLP,0.20953265,K-mer
WLQ,0.19476715,K-mer
WLR,0.18188307,K-mer
WLS,0.16026774,K-mer
WLT,0.22692052,K-mer
WLV,0.1673522,K-mer
WLW,0.25974363,K-mer
WLY,0.22741753,K-mer
WMD,0.28651273,K-mer
WME,0.25471795,K-mer
WMG,0.17711541,K-mer
WMI,0.3379148,K-mer
WMK,0.28765005,K-mer
WML,0.24721771,K-mer
WMM,0.34093812,K-mer
WMN,0.17978951,K-mer
WMP,0.42635196,K-mer
WMQ,0.40568566,K-mer
WMR,0.26426792,K-mer
WMT,0.3321522,K-mer
WMW,0.48232114,K-mer
WMY,0.20749451,K-mer
WNC,0.25308347,K-mer
WND,0.25839323,K-mer
WNF,0.29189867,K-mer
WNG,0.1478518,K-mer
WNH,0.15988815,K-mer
WNI,0.23842391,K-mer
WNK,0.32446074,K-mer
WNL,0.14576575,K-mer
WNM,0.24668705,K-mer
WNN,0.18980041,K-mer
WNP,0.13018398,K-mer
WNQ,0.15065332,K-mer
WNR,0.1422602,K-mer
WNS,0.11722647,K-mer
WNV,0.16234657,K-mer
WNW,0.3405071,K-mer
WNY,0.19242492,K-mer
WPA,0.25686198,K-mer
WPC,0.23906499,K-mer
WPE,0.19209284,K-mer
WPF,0.23999481,K-mer
WPG,0.18599278,K-mer
WPH,0.30312127,K-mer
WPI,0.18739033,K-mer
WPM,0.39811993,K-mer
WPN,0.16505575,K-mer
WPP,0.17636365,K-mer
WPQ,0.18772215,K-mer
WPR,0.21509767,K-mer
WPS,0.19048452,K-mer
WPT,0.13423654,K-mer
WPV,0.20575595,K-mer
WPW,0.26758873,K-mer
WPY,0.20943192,K-mer
WQD,0.15096319,K-mer
WQE,0.26220182,K-mer
WQF,0.14426687,K-mer
WQH,0.40845695,K-mer
WQI,0.28938314,K-mer
WQK,0.27191803,K-mer
WQL,0.2859484,K-mer
WQM,0.22999856,K-mer
WQN,0.13873135,K-mer
WQP,0.1622214,K-mer
WQQ,0.20847687,K-mer
WQR,0.2552325,K-mer
WQS,0.21844654,K-mer
WQT,0.22209668,K-mer
WQV,0.2674782,K-mer
WQW,0.21631102,K-mer
WQY,0.17734939,K-mer
WRC,0.31337583,K-mer
WRD,0.121132724,K-mer
WRE,0.10104585,K-mer
WRF,0.2691942,K-mer
WRH,0.23890969,K-mer
WRI,0.17639115,K-mer
WRK,0.20918852,K-mer
WRM,0.22975567,K-mer
WRN,0.185217,K-mer
WRP,0.18853012,K-mer
WRQ,0.11289926,K-mer
WRR,0.13998707,K-mer
WRW,0.12819703,K-mer
WRY,0.14085773,K-mer
WSC,0.3203575,K-mer
WSM,0.14964418,K-mer
WSW,0.15178427,K-mer
WSY,0.124974996,K-mer
WTF,0.19955981,K-mer
WTH,0.18695888,K-mer
WTI,0.17572433,K-mer
WTK,0.22046763,K-mer
WTL,0.14195132,K-mer
WTM,0.30509025,K-mer
WTN,0.17446186,K-mer
WTP,0.12869908,K-mer
WTQ,0.15618178,K-mer
WTR,0.17710894,K-mer
WTT,0.12808293,K-mer
WTV,0.10430908,K-mer
WTW,0.34570217,K-mer
WTY,0.15382853,K-mer
WVA,0.1347169,K-mer
WVC,0.26212126,K-mer
WVF,0.17254113,K-mer
WVG,0.11324487,K-mer
WVK,0.22302848,K-mer
WVL,0.13545543,K-mer
WVP,0.15259938,K-mer
WVR,0.18378057,K-mer
WVS,0.12792936,K-mer
WVT,0.12706073,K-mer
WVV,0.38499498,K-mer
WVW,0.2673959,K-mer
WVY,0.17461583,K-mer
WWA,0.18769358,K-mer
WWD,0.17744052,K-mer
WWE,0.24504298,K-mer
WWF,0.26856285,K-mer
WWG,0.28040397,K-mer
WWH,0.25439078,K-mer
WWI,0.39211905,K-mer
WWK,0.2901523,K-mer
WWL,0.22247924,K-mer
WWM,0.46049795,K-mer
WWN,0.28566307,K-mer
WWQ,0.23497874,K-mer
WWR,0.25925526,K-mer
WWV,0.27524066,K-mer
WWW,0.32675713,K-mer
WWY,0.2810287,K-mer
WYA,0.21588887,K-mer
WYD,0.23596542,K-mer
WYE,0.10235856,K-mer
WYF,0.19265707,K-mer
WYG,0.16947156,K-mer
WYH,0.33458263,K-mer
WYI,0.42742884,K-mer
WYK,0.25188884,K-mer
WYM,0.26441127,K-mer
WYP,0.26370662,K-mer
WYQ,0.2442288,K-mer
WYS,0.13630605,K-mer
WYT,0.17946273,K-mer
WYV,0.16094345,K-mer
WYW,0.36555493,K-mer
WYY,0.34277982,K-mer
YAA,0.19461405,K-mer
YAD,0.25428286,K-mer
YAE,0.18711239,K-mer
YAF,0.17823146,K-mer
YAG,0.087137446,K-mer
YAH,0.34619644,K-mer
YAI,0.18048489,K-mer
YAK,0.2675934,K-mer
YAM,0.18992195,K-mer
YAP,0.15401068,K-mer
YAR,0.15990858,K-mer
YAT,0.30074644,K-mer
YAW,0.28008366,K-mer
YAY,0.1876303,K-mer
YCA,0.2700975,K-mer
YCC,0.25057366,K-mer
YCD,0.28314728,K-mer
YCE,0.4221861,K-mer
YCG,0.39402255,K-mer
YCH,0.2906991,K-mer
YCK,0.5552319,K-mer
YCL,0.21101174,K-mer
YCP,0.39197525,K-mer
YCQ,0.23725384,K-mer
YCR,0.47312906,K-mer
YCS,0.31021664,K-mer
YCT,0.3334564,K-mer
YCV,0.296799,K-mer
YCW,0.40534377,K-mer
YCY,0.5232458,K-mer
YDA,0.35109076,K-mer
YDC,0.4599349,K-mer
YDD,0.17054616,K-mer
YDF,0.2602502,K-mer
YDG,0.14237405,K-mer
YDH,0.24384952,K-mer
YDI,0.20737737,K-mer
YDK,0.22656165,K-mer
YDM,0.30704236,K-mer
YDP,0.20387131,K-mer
YDQ,0.126865,K-mer
YDS,0.13264114,K-mer
YDV,0.20258573,K-mer
YDW,0.2359426,K-mer
YDY,0.14497125,K-mer
YEA,0.17488432,K-mer
YEC,0.3322962,K-mer
YED,0.1291837,K-mer
YEE,0.13047118,K-mer
YEF,0.26945224,K-mer
YEG,0.11028345,K-mer
YEH,0.20311528,K-mer
YEI,0.32100332,K-mer
YEK,0.15747365,K-mer
YEL,0.22144714,K-mer
YEM,0.27958155,K-mer
YEN,0.16130161,K-mer
YEP,0.1947315,K-mer
YES,0.24391526,K-mer
YEV,0.15403415,K-mer
YEW,0.32731396,K-mer
YFC,0.34646583,K-mer
YFD,0.2276114,K-mer
YFE,0.22401437,K-mer
YFF,0.16951986,K-mer
YFI,0.17517486,K-mer
YFK,0.32417405,K-mer
YFL,0.19336674,K-mer
YFM,0.22485685,K-mer
YFP,0.18750384,K-mer
YFQ,0.23876801,K-mer
YFR,0.13001117,K-mer
YFS,0.16468748,K-mer
YFV,0.1854662,K-mer
YFW,0.21557035,K-mer
YFY,0.14085895,K-mer
YGA,0.09158751,K-mer
YGC,0.23258501,K-mer
YGI,0.2358869,K-mer
YGM,0.16515,K-mer
YGP,0.1072629,K-mer
YGQ,0.11014781,K-mer
YGR,0.15773687,K-mer
YHA,0.14288627,K-mer
YHD,0.29338527,K-mer
YHF,0.27240852,K-mer
YHH,0.32443666,K-mer
YHI,0.18338305,K-mer
YHK,0.20534152,K-mer
YHL,0.19446433,K-mer
YHN,0.24614468,K-mer
YHP,0.29212797,K-mer
YHQ,0.27278262,K-mer
YHR,0.17444327,K-mer
YHS,0.12598218,K-mer
YHV,0.26235253,K-mer
YHW,0.18404555,K-mer
YID,0.36477506,K-mer
YIE,0.19009599,K-mer
YIG,0.1611145,K-mer
YIH,0.23857106,K-mer
YII,0.1891267,K-mer
YIK,0.15643996,K-mer
YIL,0.20370907,K-mer
YIM,0.15883017,K-mer
YIQ,0.11320984,K-mer
YIR,0.18625757,K-mer
YIS,0.39150462,K-mer
YIW,0.22871995,K-mer
YIY,0.17605194,K-mer
YKD,0.2375294,K-mer
YKE,0.23036672,K-mer
YKF,0.32778937,K-mer
YKG,0.17374255,K-mer
YKH,0.35801065,K-mer
YKK,0.16068405,K-mer
YKL,0.2828579,K-mer
YKM,0.3776791,K-mer
YKP,0.1580634,K-mer
YKR,0.2016375,K-mer
YKW,0.34402382,K-mer
YKY,0.22195229,K-mer
YLC,0.4851637,K-mer
YLD,0.17830893,K-mer
YLE,0.14369158,K-mer
YLF,0.23104118,K-mer
YLH,0.2106291,K-mer
YLI,0.1552569,K-mer
YLK,0.13213927,K-mer
YLL,0.1526499,K-mer
YLM,0.24662606,K-mer
YLN,0.18649408,K-mer
YLR,0.16508329,K-mer
YLT,0.21701063,K-mer
YLW,0.170667,K-mer
YLY,0.24934103,K-mer
YMD,0.3045867,K-mer
YME,0.18944958,K-mer
YMF,0.4348152,K-mer
YMG,0.14721191,K-mer
YMH,0.4918354,K-mer
YMI,0.21404365,K-mer
YMK,0.35047257,K-mer
YMM,0.33453992,K-mer
YMN,0.12231123,K-mer
YMP,0.16116977,K-mer
YMQ,0.22770754,K-mer
YMR,0.30685085,K-mer
YMS,0.21770643,K-mer
YMT,0.29585668,K-mer
YMV,0.20981503,K-mer
YMW,0.26032785,K-mer
YMY,0.19130841,K-mer
YNA,0.19397911,K-mer
YNF,0.3432142,K-mer
YNG,0.13043657,K-mer
YNH,0.28685153,K-mer
YNI,0.1592489,K-mer
YNK,0.2548989,K-mer
YNL,0.43423116,K-mer
YNN,0.10692181,K-mer
YNP,0.2102699,K-mer
YNR,0.11418301,K-mer
YNV,0.2814112,K-mer
YNY,0.10945416,K-mer
YPC,0.33860964,K-mer
YPD,0.11281076,K-mer
YPE,0.21836331,K-mer
YPF,0.2529237,K-mer
YPH,0.25560102,K-mer
YPI,0.32050025,K-mer
YPK,0.30725408,K-mer
YPL,0.13507448,K-mer
YPP,0.12140429,K-mer
YPQ,0.14321706,K-mer
YPR,0.12206287,K-mer
YPS,0.14203785,K-mer
YPT,0.15960635,K-mer
YPW,0.24800439,K-mer
YQA,0.13499016,K-mer
YQC,0.21905157,K-mer
YQD,0.19151597,K-mer
YQF,0.18444523,K-mer
YQH,0.21017115,K-mer
YQI,0.17669407,K-mer
YQK,0.37347615,K-mer
YQL,0.21854246,K-mer
YQM,0.3996399,K-mer
YQN,0.24231431,K-mer
YQQ,0.2289732,K-mer
YQR,0.14745048,K-mer
YQS,0.28561348,K-mer
YQT,0.22353026,K-mer
YQV,0.16138148,K-mer
YQW,0.14737152,K-mer
YQY,0.25244945,K-mer
YRA,0.118283376,K-mer
YRC,0.4193437,K-mer
YRE,0.1516471,K-mer
YRF,0.17373563,K-mer
YRH,0.2783999,K-mer
YRI,0.28596994,K-mer
YRK,0.14926372,K-mer
YRL,0.121356785,K-mer
YRM,0.24468593,K-mer
YRN,0.15362875,K-mer
YRP,0.1370189,K-mer
YRQ,0.14686552,K-mer
YRR,0.1789274,K-mer
YRS,0.1408253,K-mer
YRT,0.12717223,K-mer
YRW,0.24653113,K-mer
YRY,0.13817042,K-mer
YSA,0.13633592,K-mer
YSC,0.19869107,K-mer
YSD,0.13398758,K-mer
YSE,0.20084667,K-mer
YSI,0.12267867,K-mer
YSK,0.14600736,K-mer
YSL,0.15713793,K-mer
YSM,0.17632465,K-mer
YSQ,0.15474735,K-mer
YSR,0.11981664,K-mer
YSV,0.12669997,K-mer
YSW,0.2186057,K-mer
YTA,0.19515926,K-mer
YTC,0.5165626,K-mer
YTD,0.08517529,K-mer
YTI,0.22598723,K-mer
YTK,0.23423828,K-mer
YTL,0.14059073,K-mer
YTM,0.3253428,K-mer
YTN,0.16098344,K-mer
YTP,0.15533724,K-mer
YTQ,0.16777274,K-mer
YTT,0.13733618,K-mer
YTW,0.13031662,K-mer
YTY,0.14561206,K-mer
YVC,0.21286646,K-mer
YVE,0.25943676,K-mer
YVF,0.18538362,K-mer
YVH,0.32418406,K-mer
YVI,0.36318314,K-mer
YVK,0.24129555,K-mer
YVL,0.2028898,K-mer
YVM,0.45908055,K-mer
YVQ,0.14318928,K-mer
YVR,0.26653272,K-mer
YVW,0.34376302,K-mer
YVY,0.2582745,K-mer
YWA,0.14095642,K-mer
YWD,0.18761277,K-mer
YWF,0.56787753,K-mer
YWG,0.12162001,K-mer
YWH,0.22845632,K-mer
YWI,0.31408578,K-mer
YWK,0.2041568,K-mer
YWN,0.24854216,K-mer
YWQ,0.2542316,K-mer
YWR,0.22191562,K-mer
YWS,0.32104605,K-mer
YWT,0.16608196,K-mer
YWV,0.35293323,K-mer
YWY,0.39115167,K-mer
YYA,0.23967242,K-mer
YYC,0.2654568,K-mer
YYD,0.22549328,K-mer
YYF,0.21356396,K-mer
YYK,0.24201581,K-mer
YYL,0.20458606,K-mer
YYM,0.1969181,K-mer
YYP,0.122630015,K-mer
YYQ,0.21348727,K-mer
YYR,0.22592017,K-mer
YYS,0.14799666,K-mer
YYV,0.5028845,K-mer
YYW,0.23765351,K-mer
YYY,0.17503364,K-mer
