source,cdr3b,Epitope_gene_merged,Epitope_species_norm,signed_wasserstein
TRAIT,CASSTRGAYEQYF,M1,Influenza,1.6250266207292556
TRAIT,CASSSRSSYEQYF,M1,Influenza,0.4729727217442187
TRAIT,CASSIRSSYEQYF,M1,Influenza,1.4066494386838515
TRAIT,CASSLTSATGELFF,ebna4,EBV,2.5973130895460166
TRAIT,CASSLGQAYEQYF,EBNA3A,EBV,0.2626008104831027
TRAIT,CASSSGQAYEQYF,EBNA3A,EBV,-0.432481138660114
TRAIT,CASSLGGNLYEQYF,pp65,Cytomegalovirus (CMV),1.7169181446185409
TRAIT,CASSSANYGYTF,pp65,Cytomegalovirus (CMV),1.220657865563382
TRAIT,CASSQGQDTEAFF,DQ2GLIAOMEGA1,Human (Homo sapiens),-0.918295651428966
TRAIT,CASSVGNEQFF,BMLF1,EBV,-2.407842150444549
TRAIT,CSARDRGSGNTIYF,BMLF1,EBV,0.5466914114442107
TRAIT,CASSQSPGGTQYF,BMLF1,EBV,3.623220413639285
TRAIT,CSARVGVGNTIYF,BMLF1,EBV,3.5421633410809195
TRAIT,CASSLGREYGYTF,Gag,HIV / Human immunodeficiency virus (HIV),-0.952846869096521
TRAIT,CASSPQGLGTEAFF,MLANA,Cancer/Self antigen,0.4731201215372064
TRAIT,CASSFQGLGTEAFF,MLANA,Cancer/Self antigen,-3.7322546370907728
TRAIT,CASSLGGSNYEQYF,MLANA,Cancer/Self antigen,1.402941502836681
TRAIT,CASSQGLAGAGELFF,MLANA,Cancer/Self antigen,-2.653909761395472
TRAIT,CASSYGGLGQPQHF,MLANA,Cancer/Self antigen,-2.5197508046906707
TRAIT,CASSNSYEQYF,MLANA,Cancer/Self antigen,-0.2350089448018615
TRAIT,CASSPATGSNQPQHF,MLANA,Cancer/Self antigen,1.5980820181372173
TRAIT,CASSLGMGQPQHF,MLANA,Cancer/Self antigen,1.3853846523678222
TRAIT,CASSGGEGQPQHF,MLANA,Cancer/Self antigen,4.309782632654679
TRAIT,CASSLGWNQPQHF,MLANA,Cancer/Self antigen,-0.5690960913457197
TRAIT,CASSLGDTEAFF,MLANA,Cancer/Self antigen,0.2981723491503411
TRAIT,CASRQNTEAFF,BRLF1,EBV,-0.8449475537518869
TRAIT,CASSRTGSTYEQYF,BZLF1,EBV,1.7017728164040404
TRAIT,CASGTGDSNQPQHF,BZLF1,EBV,1.3804314334932857
TRAIT,CATGTGDSNQPQHF,BZLF1,EBV,-2.271181208853487
TRAIT,CAISTGDSNQPQHF,BZLF1,EBV,-1.0617726379713148
TRAIT,CASSTGDSNQPQHF,BZLF1,EBV,0.7127346966802373
TRAIT,CASSLEGYTEAFF,pp65,Cytomegalovirus (CMV),0.5277833163260589
TRAIT,CASSPPAGSYNEQFF,pp65,Cytomegalovirus (CMV),2.35567340487718
TRAIT,CASSLAPGATNEKLFF,pp65,Cytomegalovirus (CMV),3.846085334724541
TRAIT,CASSFQGYTEAFF,pp65,Cytomegalovirus (CMV),0.7617292498768975
TRAIT,CASSLERETQYF,SYNTHETIC,Human (Homo sapiens),-0.2908529280853583
TRAIT,CASSARSGELFF,EBNA1,EBV,2.4179724617052143
TRAIT,CASSAPTGELFF,EBNA1,EBV,-4.363381159819408
TRAIT,CASSARTGELFF,EBNA1,EBV,0.8337659274278618
TRAIT,CASSMGGTYEQYF,PMEL,Cancer/Self antigen,-4.409274354797086
TRAIT,CASRPGTASYEQYF,pp65,Cytomegalovirus (CMV),-0.8986353150812135
TRAIT,CASSLGQTNYGYTF,KRAS,Human (Homo sapiens),1.0612847605458555
TRAIT,CASSDPGTEAFF,KRAS,Human (Homo sapiens),-1.7702144104748043
TRAIT,CASSLGRASNQPQHF,KRAS,Human (Homo sapiens),-1.7357729813010805
TRAIT,CASSPGALNTEAFF,MLANA,Cancer/Self antigen,-0.5093040782629172
TRAIT,CASSFQGLGQPQHF,MLANA,Cancer/Self antigen,-1.279215391564796
TRAIT,CASSFGLGTEAFF,MLANA,Cancer/Self antigen,-1.703630793246537
TRAIT,CASSETGGTEAFF,MLANA,Cancer/Self antigen,-1.0480197936911395
TRAIT,CASSVWGTDTQYF,UL49,HSV-2,2.1828887365731653
TRAIT,CASSLGGLGDTQYF,UL49,HSV-2,-1.351671475820233
TRAIT,CASSYVGNTGELFF,CTAG1B,Cancer/Self antigen,-3.6071104816474224
TRAIT,CASSAGNTIYF,,Selaginella Moellendorffii,-0.7451314972195715
TRAIT,CASSPYRNTEAFF,pp65,Cytomegalovirus (CMV),-1.5993155458149473
TRAIT,CASSLSFGTEAFF,SYNTHETIC,synthetic,-4.52491996481135
TRAIT,CASSRLAGASTDTQYF,IE1,Cytomegalovirus (CMV),1.002383818450578
TRAIT,CASSRLAGNTDTQYF,IE1,Cytomegalovirus (CMV),1.8002426477303692
TRAIT,CASSRLAGGTDTQYF,IE1,Cytomegalovirus (CMV),0.6533745330920832
TRAIT,CASSRLAASTDTQYF,IE1,Cytomegalovirus (CMV),-0.7447024533396127
TRAIT,CASSLRVNTEAFF,IE1,Cytomegalovirus (CMV),0.9943202085481944
TRAIT,CASRRGPYEQYF,NS3,Hepatitis C virus (HCV),0.6344711202219206
TRAIT,CASSLTGGGELFF,POL,HIV / Human immunodeficiency virus (HIV),-1.080850637713887
TRAIT,CASSLTGGNTIYF,POL,HIV / Human immunodeficiency virus (HIV),0.8320418552401448
TRAIT,CASSSTGGNTIYF,POL,HIV / Human immunodeficiency virus (HIV),0.94912634594821
TRAIT,CASSLGDRGNEKLFF,ERBB2IP,Human (Homo sapiens),-0.5953290648413413
TRAIT,CASSYQGTEAFF,TERT,Human (Homo sapiens),-2.158311953175188
TRAIT,CASSIGVYGYTF,M1,Influenza,-3.6814863176108754
TRAIT,CASSIRSSYEQYF,M1,Influenza,1.4066494386838515
TRAIT,CASSSRSSYEQYF,M1,Influenza,0.4729727217442187
TRAIT,CASSPGTVKETQYF,SKIV2L,Human (Homo sapiens),3.9293420397007353
TRAIT,CASSLVENTEAFF,NS3,Hepatitis C virus (HCV),0.3612512867022599
TRAIT,CASSSGQGNIQYF,NS3,Hepatitis C virus (HCV),1.8375447478315907
TRAIT,CASSQGGDTEAFF,NS3,Hepatitis C virus (HCV),0.6272488813206482
TRAIT,CASSSQGGYGYTF,MAGEA6,Human (Homo sapiens),0.6811153808483542
TRAIT,CASSFDRGYGYTF,MAGEA6,Human (Homo sapiens),-0.4398831741887637
TRAIT,CASSFGGAYEQYF,MED13,Human (Homo sapiens),-0.3271407036397762
TRAIT,CASSQNYEQYF,CDK4,Cancer/Self antigen,0.6159046962170758
TRAIT,CASTPGGYEQYF,SMARCD3,Human (Homo sapiens),-1.8211258510205075
TRAIT,CASSQGYEQYF,SMARCD3,Human (Homo sapiens),1.4401783000480468
TRAIT,CASGQGQETQYF,NS3,Hepatitis C virus (HCV),1.4781172025992544
TRAIT,CASSLAQGQPQHF,NS3,Hepatitis C virus (HCV),0.6583656412186967
TRAIT,CASSYGSYEQYF,NS3,Hepatitis C virus (HCV),-0.8776536635123009
TRAIT,CASSWGGGEQYF,NS3,Hepatitis C virus (HCV),-1.9420388962808133
TRAIT,CASSLEGSYEQYF,NS3,Hepatitis C virus (HCV),-0.3882667022556987
TRAIT,CASSLGGDIQYF,NS3,Hepatitis C virus (HCV),1.1988101900258823
TRAIT,CASNRGDGYTF,NS3,Hepatitis C virus (HCV),-4.611895786669436
TRAIT,CASSDSYGYTF,NS3,Hepatitis C virus (HCV),-0.4835275164588632
TRAIT,CASSQGSYEQYF,NS3,Hepatitis C virus (HCV),0.3197206385706135
TRAIT,CASSYTGELFF,NS3,Hepatitis C virus (HCV),-0.2383435460488938
TRAIT,CASSFGADTQYF,NS3,Hepatitis C virus (HCV),0.4497782283570427
TRAIT,CASSAETQYF,NS3,Hepatitis C virus (HCV),-1.2799878484461549
TRAIT,CASSQETQYF,NS3,Hepatitis C virus (HCV),1.4427699333884676
TRAIT,CASSYRGSGNTIYF,NS3,Hepatitis C virus (HCV),-0.6435621744971666
TRAIT,CASSEGDTEAFF,NS3,Hepatitis C virus (HCV),-1.7538554269045612
TRAIT,CASSISSTGELFF,M1,Influenza,-2.2376779302059564
TRAIT,CASSIRASYEQYF,M1,Influenza,-2.6709731744591467
TRAIT,CASSVRSSYEQYF,M1,Influenza,-2.0439343262092087
TRAIT,CASSIRSTGELFF,M1,Influenza,-2.627699312335356
TRAIT,CASSIRAAYEQYF,M1,Influenza,-6.071814200823582
TRAIT,CASSIGSYGYTF,M1,Influenza,-2.973559942783509
TRAIT,CASSIRSAYEQYF,M1,Influenza,-3.335188824703122
TRAIT,CASSSRSTDTQYF,M1,Influenza,-0.3250753375320427
TRAIT,CASSGRSTGELFF,M1,Influenza,-3.2852334937814605
TRAIT,CASSTRSSYEQYF,M1,Influenza,-2.88400548878444
TRAIT,CASSQRASYEQYF,M1,Influenza,1.4773768639064082
TRAIT,CASSVGQPQHF,M1,Influenza,-1.208603729664515
TRAIT,CASSIGLYGYTF,M1,Influenza,-3.6820122472444767
TRAIT,CSARTGVGNTIYF,BMLF1,EBV,1.4757807691209803
TRAIT,CSARDRTGNGYTF,BMLF1,EBV,-2.795642567763734
TRAIT,CSARDGTGNGYTF,BMLF1,EBV,-3.143334679623492
TRAIT,CSARSGVGNTIYF,BMLF1,EBV,-3.01744184316626
TRAIT,CSVGTGGTNEKLFF,BMLF1,EBV,3.068030540890774
TRAIT,CSVEDGYEQYF,,Influenza,-5.547914946679743
TRAIT,CASTSGNTGELFF,,Influenza,-0.8229237884770123
TRAIT,CASSPTSGGNNEQFF,,Influenza,-1.6199174650088088
TRAIT,CASSQAENTEAFF,NS3,Hepatitis C virus (HCV),-0.9808272164137456
TRAIT,CASSLGTGAPYEQYF,NS3,Hepatitis C virus (HCV),-1.8345850895589928
TRAIT,CASSQESGTEAFF,NS3,Hepatitis C virus (HCV),-3.091187041579393
TRAIT,CASSLVQNTEAFF,NS3,Hepatitis C virus (HCV),0.4684652056358941
TRAIT,CASSSYNEQFF,NS3,Hepatitis C virus (HCV),1.7613384994796568
TRAIT,CASSVVGNEQFF,NS3,Hepatitis C virus (HCV),-0.9805895813315488
TRAIT,CASSRLADQETQYF,NS3,Hepatitis C virus (HCV),1.3151981398362858
TRAIT,CASSQREGTDTQYF,NS3,Hepatitis C virus (HCV),1.381649989566696
TRAIT,CASSPGAYNEQFF,NS3,Hepatitis C virus (HCV),0.3176696627431296
TRAIT,CASSLARGTEAFF,NS3,Hepatitis C virus (HCV),0.4063485666599807
TRAIT,CASSQGTDYNEQFF,NS3,Hepatitis C virus (HCV),-2.093190014785544
TRAIT,CASSPTGTNTEAFF,NS3,Hepatitis C virus (HCV),-1.0249742006899951
TRAIT,CASSQELAGGNEQFF,NS3,Hepatitis C virus (HCV),2.865107459343386
TRAIT,CASSVVENTEAFF,NS3,Hepatitis C virus (HCV),0.5510052654869871
TRAIT,CASSLLENTEAFF,NS3,Hepatitis C virus (HCV),0.4458219542672701
TRAIT,CASSLGTGFSNQPQHF,NS5B,Hepatitis C virus (HCV),-1.6135174897570144
TRAIT,CASSLAGDEQFF,NS5B,Hepatitis C virus (HCV),-1.506279744449213
TRAIT,CASSLSGTGDYEQYF,NS5B,Hepatitis C virus (HCV),-2.617518092763813
TRAIT,CASSLVDNYGYTF,NS5B,Hepatitis C virus (HCV),1.4173539036873977
TRAIT,CASSLGGNEQYF,NS5B,Hepatitis C virus (HCV),-0.9502256653439278
TRAIT,CASSLEGLAGYEQYF,NS5B,Hepatitis C virus (HCV),-1.4837485429528048
TRAIT,CASSLGTGYSNQPQHF,NS5B,Hepatitis C virus (HCV),0.3402284771743937
TRAIT,CASSPGANTGELFF,NS5B,Hepatitis C virus (HCV),0.7817799996729725
TRAIT,CASSYPGQQETQYF,NS5B,Hepatitis C virus (HCV),1.555659958945855
TRAIT,CASSLGGNEQFF,NS5B,Hepatitis C virus (HCV),1.1220754448708885
TRAIT,CASSLAGNEQFF,NS5B,Hepatitis C virus (HCV),-0.2728766883279988
TRAIT,CASSQGGNEQFF,NS5B,Hepatitis C virus (HCV),-0.7798529460665317
TRAIT,CASSFQYNEQFF,NS5B,Hepatitis C virus (HCV),0.8148289765269247
TRAIT,CASSPTSGGYNEQFF,CORE,Hepatitis C virus (HCV),0.6614070543418986
TRAIT,CASSLYNEQFF,CORE,Hepatitis C virus (HCV),1.6706875165932216
TRAIT,CASSLKGGGNQPQHF,CORE,Hepatitis C virus (HCV),-1.0284253670923251
TRAIT,CASSLGQGFTGELFF,CORE,Hepatitis C virus (HCV),0.6385350210059583
TRAIT,CATSDSPTDTQYF,NS3,Hepatitis C virus (HCV),1.780867588257229
TRAIT,CASSLVTGNQPQHF,CORE,Hepatitis C virus (HCV),-0.9057877852051884
TRAIT,CASRGRETQYF,NS3,Hepatitis C virus (HCV),1.2611196273056136
TRAIT,CASSSRGRGETQYF,NS3,Hepatitis C virus (HCV),1.123062810382092
TRAIT,CASSGQGYNSPLHF,NS3,Hepatitis C virus (HCV),1.1605373618217754
TRAIT,CASSPRGRGDTQYF,NS3,Hepatitis C virus (HCV),1.656347335198474
TRAIT,CASSPPRGEQFF,NS3,Hepatitis C virus (HCV),-1.661346322097037
TRAIT,CASSFRAGGTEAFF,NS3,Hepatitis C virus (HCV),-4.0681261290224064
TRAIT,CASTLTGGNQPQHF,NS3,Hepatitis C virus (HCV),2.5449843203167086
TRAIT,CASSLTFTDTQYF,NS3,Hepatitis C virus (HCV),-0.9877176467142852
TRAIT,CASSPQGGGSYEQYF,NS3,Hepatitis C virus (HCV),0.9849610106498032
TRAIT,CASSPTGRGQPQHF,NS3,Hepatitis C virus (HCV),2.3031499314514408
TRAIT,CASSPQGGGTGELFF,NS3,Hepatitis C virus (HCV),5.245787840911705
TRAIT,CASSEGPLNTEAFF,NS3,Hepatitis C virus (HCV),1.6753846173744762
TRAIT,CASSSLDSYNEQFF,NS3,Hepatitis C virus (HCV),-2.24750191076251
TRAIT,CASSLIGNTGELFF,NS3,Hepatitis C virus (HCV),0.7371309860626627
TRAIT,CASSLTSGTYEQYF,NS3,Hepatitis C virus (HCV),-0.4466118625927612
TRAIT,CASSLIQGSYEQYF,NS3,Hepatitis C virus (HCV),-1.6670098883436442
TRAIT,CASSLLAGNTGELFF,NS3,Hepatitis C virus (HCV),1.4939167261410118
TRAIT,CASSLLGSYNEQFF,NS3,Hepatitis C virus (HCV),-0.6676778058902127
TRAIT,CASSESSSGANVLTF,NS3,Hepatitis C virus (HCV),-6.898655003845647
TRAIT,CASSAGDTEAFF,NS3,Hepatitis C virus (HCV),-1.8155342506480752
TRAIT,CASSLEGGDEQFF,NS3,Hepatitis C virus (HCV),-0.9550661136668096
TRAIT,CASSPGDTEAFF,NS3,Hepatitis C virus (HCV),-1.113465555106904
TRAIT,CASSQGDTEAFF,NS3,Hepatitis C virus (HCV),-0.6325605068842229
TRAIT,CASSPGTESNQPQHF,RV3616C,M. tuberculosis,-1.2824786997218305
TRAIT,CASSLGTESNQPQHF,RV3616C,M. tuberculosis,-1.397996584669777
TRAIT,CASSLDRKAFF,SRPX,Human (Homo sapiens),2.885110056465292
TRAIT,CASSPGPNQPQHF,KIAA1279,Human (Homo sapiens),0.9422856119858808
TRAIT,CASTPTGNTEAFF,KIAA1279,Human (Homo sapiens),-0.9174814436663324
TRAIT,CASSPGREQYF,PHKA1,Human (Homo sapiens),-0.8633893630375075
TRAIT,CASSQAGGTGELFF,RECQL5,Human (Homo sapiens),0.8841014147863633
TRAIT,CASSQAGAYEQYF,NS4B,Yellow fever virus,-1.1189428344606205
TRAIT,CASSESPGYGYTF,NS4B,Yellow fever virus,-2.268414003442649
TRAIT,CASSSGPAYEQYF,NS4B,Yellow fever virus,-1.3651741282407095
TRAIT,CASSPGTGGYTEAFF,NS4B,Yellow fever virus,-2.27770469899586
TRAIT,CASSQGQANEKLFF,NS4B,Yellow fever virus,1.3385303712531158
TRAIT,CASSPGQGPYEQYF,NS4B,Yellow fever virus,0.7911451340830119
TRAIT,CASSATGTGGYEQYF,NS4B,Yellow fever virus,-1.483218056325018
TRAIT,CASSPGLAYEQYF,NS4B,Yellow fever virus,-0.6062354811119406
TRAIT,CASSTRSSYEQYF,NS4B,Yellow fever virus,-2.88400548878444
TRAIT,CASSGQGAYGYTF,NS4B,Yellow fever virus,-0.7878186965911474
TRAIT,CASSPGTSGAYEQYF,NS4B,Yellow fever virus,-0.418685354012178
TRAIT,CASSYSGGGNQPQHF,NS4B,Yellow fever virus,-0.5341765277051824
TRAIT,CASSRQGGYGYTF,NS4B,Yellow fever virus,0.9330676510590202
TRAIT,CASSGQGGYEQYF,NS4B,Yellow fever virus,1.1954482424199195
TRAIT,CASSAGQGYEQYF,NS4B,Yellow fever virus,-0.678000146828936
TRAIT,CASSDSRGTEAFF,NS4B,Yellow fever virus,-1.2302054132366096
TRAIT,CASSLGGAPYNEQFF,NS4B,Yellow fever virus,-2.475861995115633
TRAIT,CASSYPNQPQHF,NS4B,Yellow fever virus,-0.6588097764883695
TRAIT,CASSFPNQPQHF,NS4B,Yellow fever virus,-1.0110562171755046
TRAIT,CASSAYNEQFF,NS4B,Yellow fever virus,1.2605250228234253
TRAIT,CASSGGQAYEQYF,NS4B,Yellow fever virus,-2.1298813433874124
TRAIT,CASSLGAYNSPLHF,NS4B,Yellow fever virus,-0.8372567464570339
TRAIT,CASSQGGYGYTF,NS4B,Yellow fever virus,0.8957217702186436
TRAIT,CASSLGGASYEQYF,NS4B,Yellow fever virus,1.0642687807830715
TRAIT,CASSPGTGAYEQYF,NS4B,Yellow fever virus,0.1531507608711459
TRAIT,CASSPQGAYGYTF,NS4B,Yellow fever virus,0.7792156044822705
TRAIT,CASSSRTGDTQYF,NS4B,Yellow fever virus,2.9416039630735606
TRAIT,CASSDLAGGTDTQYF,NS4B,Yellow fever virus,-2.9219827005132424
TRAIT,CASSAAGNQPQHF,NS4B,Yellow fever virus,1.0424685536663945
TRAIT,CASSQEVAYEQYF,NS4B,Yellow fever virus,-4.814800794900114
TRAIT,CASSHGQGAYEQYF,NS4B,Yellow fever virus,-1.3134568834701073
TRAIT,CASSPGTVAYEQYF,NS4B,Yellow fever virus,0.9463413960102104
TRAIT,CASSPSGGAYGYTF,NS4B,Yellow fever virus,-2.474640580642384
TRAIT,CASSLKGNTEAFF,NS4B,Yellow fever virus,0.8983158713029192
TRAIT,CASSLKLNTEAFF,NS4B,Yellow fever virus,1.0747161307061384
TRAIT,CASSPAGVSYEQYF,NS4B,Yellow fever virus,-1.9209622588072104
TRAIT,CASSPGPTSYEQYF,NS4B,Yellow fever virus,2.1643139764688866
TRAIT,CASSSSGTAYGYTF,NS4B,Yellow fever virus,-1.251190255772821
TRAIT,CASSAGTVSYEQYF,NS4B,Yellow fever virus,1.398888932019302
TRAIT,CASSPQGFSYEQYF,NS4B,Yellow fever virus,-0.8180864161184545
TRAIT,CASSQGTSGNEQFF,NS4B,Yellow fever virus,1.090718310304284
TRAIT,CASSAQGAYGYTF,NS4B,Yellow fever virus,1.2924243339216903
TRAIT,CASSSGTVSYEQYF,NS4B,Yellow fever virus,-0.4212425342069238
TRAIT,CASSETGQPQHF,NS4B,Yellow fever virus,1.883558152076584
TRAIT,CASSQTGTGAYEQYF,NS4B,Yellow fever virus,1.9194900502589696
TRAIT,CASSPGLGTYEQYF,NS4B,Yellow fever virus,-2.453041847308901
TRAIT,CASSSQGAYGYTF,NS4B,Yellow fever virus,2.04174102827566
TRAIT,CASTRQGAYEQYF,NS4B,Yellow fever virus,0.8117852748527408
TRAIT,CASSGGTSGAYEQYF,NS4B,Yellow fever virus,-3.848965772151682
TRAIT,CASSRSGNYGYTF,NS4B,Yellow fever virus,-1.264495174345894
TRAIT,CASRPGQGYEQYF,NS4B,Yellow fever virus,0.97584734839966
TRAIT,CASSGQGAYEQYF,NS4B,Yellow fever virus,1.6635910351854748
TRAIT,CASSTGTAAYEQYF,NS4B,Yellow fever virus,-1.7247402777019136
TRAIT,CASSWGGAYEQYF,NS4B,Yellow fever virus,-1.8850751435793995
TRAIT,CASSAGTGAYEQYF,NS4B,Yellow fever virus,-3.2708688043686327
TRAIT,CASSVAGGAYEQYF,NS4B,Yellow fever virus,-3.37532246498379
TRAIT,CASSQGQLNQPQHF,NS4B,Yellow fever virus,1.1448444775767004
TRAIT,CASSGTGVSPLHF,NS4B,Yellow fever virus,-3.263225091919125
TRAIT,CASSGGTADTQYF,NS4B,Yellow fever virus,-1.58772831385533
TRAIT,CASSPAGAYGYTF,NS4B,Yellow fever virus,-0.5021106512091417
TRAIT,CASSPGTAYEQYF,NS4B,Yellow fever virus,0.5269310157745803
TRAIT,CASSQLGNEQFF,NS4B,Yellow fever virus,-0.7523285289211374
TRAIT,CASTPGTGAYEQYF,NS4B,Yellow fever virus,-2.859056801360848
TRAIT,CASSQGAYGYTF,M1,Influenza,-0.6181956209186749
TRAIT,CASSTRSAYEQYF,M1,Influenza,-3.9761046451931072
TRAIT,CASSLAQGGETQYF,MIM2,Human (Homo sapiens),2.9736198770499853
TRAIT,CASSSVNEQFF,pp65,Cytomegalovirus (CMV),0.7202654924722703
TRAIT,CASSFQGFTEAFF,pp65,Cytomegalovirus (CMV),1.658038560752528
TRAIT,CASSFEETQYF,CFP10,M. tuberculosis,0.5218504458709184
TRAIT,CASSPEETQYF,CFP10,M. tuberculosis,1.2421227930855765
TRAIT,CASSLEETQYF,CFP10,M. tuberculosis,1.7636981603234032
TRAIT,CASSLIENTEAFF,RV3804C,M. tuberculosis,0.9662601661163028
TRAIT,CASSLGQGHYNEQFF,RV0288,M. tuberculosis,4.909820716971842
TRAIT,CASSSVNEQYF,pp65,Cytomegalovirus (CMV),4.071604476437768
TRAIT,CASSPRQSNQPQHF,pp65,Cytomegalovirus (CMV),-0.903185292485517
TRAIT,CASSIRSTDTQYF,M1,Influenza,-1.5729775615351214
TRAIT,CASSMGQGTYEQYF,M1,Influenza,-2.525562939495376
TRAIT,CASSMRSSYEQYF,M1,Influenza,-4.29812063678923
TRAIT,CASSMRSTDTQYF,M1,Influenza,-1.4504906247591132
TRAIT,CASSSRASYEQYF,M1,Influenza,-2.3103931919049097
TRAIT,CASSSRSTGELFF,M1,Influenza,-3.5520637565389364
TRAIT,CASSPTSGSVYEQYF,BMLF1,EBV,2.7080592539869985
TRAIT,CASSFGVYEQYF,M1,Influenza,-1.3791397590390473
TRAIT,CASSGRATDTQYF,M1,Influenza,-1.587974099476634
TRAIT,CASSGRSTDTQYF,M1,Influenza,-1.3280813826016915
TRAIT,CASSILSNQPQHF,M1,Influenza,-1.5103388526428985
TRAIT,CASSIYSNQPQHF,M1,Influenza,-1.245021987842958
TRAIT,CASSLLAGPYNEQFF,M1,Influenza,0.6735776630614564
TRAIT,CASSLYSNQPQHF,M1,Influenza,0.8950270810497951
TRAIT,CASSQGSYGYTF,M1,Influenza,0.3566841855920545
TRAIT,CASSSRSAYEQYF,M1,Influenza,-4.5919747130302255
TRAIT,CASSTRSTDTQYF,M1,Influenza,-0.8022407936033893
TRAIT,CASSTYSTDTQYF,M1,Influenza,2.048408856524872
TRAIT,CASSVRSTDTQYF,M1,Influenza,-1.5698591397398372
TRAIT,CASSVRSTGELFF,M1,Influenza,-2.2227256944777265
TRAIT,CASSVYSNQPQHF,M1,Influenza,0.8875027973168421
TRAIT,CASSYYSNQPQHF,M1,Influenza,-1.5111441355417283
TRAIT,CASSLEVGQETQYF,M1,Influenza,-0.9759194600930408
TRAIT,CASSFSGDTEAFF,M1,Influenza,0.4893423135957606
TRAIT,CASSLAGEVNEQFF,M1,Influenza,-3.608972904968289
TRAIT,CASSLGQGRETQYF,M1,Influenza,1.9198891128543407
TRAIT,CASSLEGFTEAFF,pp65,Cytomegalovirus (CMV),-0.4619422653458277
TRAIT,CASSLGTGHNEQFF,M1,Influenza,1.1982929883504811
TRAIT,CASSSDRGGYNEQFF,M1,Influenza,2.0141157355316506
TRAIT,CAISESYEQYF,pp65,Cytomegalovirus (CMV),-0.742219340012427
TRAIT,CASSPGQGGDEQYF,pp65,Cytomegalovirus (CMV),-3.841157214811408
TRAIT,CAWSVADTQYF,pp65,Cytomegalovirus (CMV),0.9978137618531157
TRAIT,CASSQGKDTQYF,pp65,Cytomegalovirus (CMV),2.199309464066727
TRAIT,CASSLGRGIYEQYF,pp65,Cytomegalovirus (CMV),-3.111588712373567
TRAIT,CASSFLQGNQPQHF,pp65,Cytomegalovirus (CMV),-1.958593789575748
TRAIT,CASSGTNSPLHF,pp65,Cytomegalovirus (CMV),-1.549793286428192
TRAIT,CASSFGQGGYEQYF,M1,Influenza,-1.3992934990006494
TRAIT,CASSLGTGPYNEQFF,M1,Influenza,-0.9989456336615136
TRAIT,CASSLISNTEAFF,HA,Influenza,0.7155842129742742
TRAIT,CASSLGQPNTEAFF,HA,Influenza,1.0700877586897366
TRAIT,CASSLSNQPQHF,HA,Influenza,1.126944862733727
TRAIT,CASSSQGYEQYF,HA,Influenza,1.857990195089544
TRAIT,CASSSSGGASYEQYF,HA,Influenza,1.5747151156957693
TRAIT,CASSQVEETQYF,HA,Influenza,1.0441117387398595
TRAIT,CASSRDLTDTQYF,HA,Influenza,1.0860767205729194
TRAIT,CASSVGYNQPQHF,HA,Influenza,-4.204553101980666
TRAIT,CASSPGTSGAYEQYF,HA,Influenza,-0.418685354012178
TRAIT,CASSSGLAGGLETQYF,HA,Influenza,2.097978264218607
TRAIT,CASSLGGTYSNQPQHF,HA,Influenza,2.560044750458421
TRAIT,CASSLDRVTGELFF,pp65,Cytomegalovirus (CMV),2.880362693729224
TRAIT,CASSGDRNQPQHF,NS3,Hepatitis C virus (HCV),1.507076102345903
TRAIT,CASSWGGETQYF,NS3,Hepatitis C virus (HCV),1.2019983679899062
TRAIT,CASSVGGGGNEQFF,NS3,Hepatitis C virus (HCV),-1.8584312031589616
TRAIT,CASSKDRNQPQHF,NS3,Hepatitis C virus (HCV),2.5800102836534844
TRAIT,CASSQDRNYGYTF,NS3,Hepatitis C virus (HCV),0.5221738437697764
TRAIT,CASSYLGSGANVLTF,NS3,Hepatitis C virus (HCV),-1.9995722332734007
TRAIT,CASSQAGTSYEQYF,NS4B,Yellow fever virus,-2.2605334814579026
TRAIT,CASRPGTNTEAFF,NS4B,Yellow fever virus,-3.830614211474613
TRAIT,CASSLGGAAYNEQFF,NS4B,Yellow fever virus,-0.7328871150063626
TRAIT,CASSSAGTSYEQYF,NS4B,Yellow fever virus,-2.1806019357699404
TRAIT,CASSEGIYGYTF,NS4B,Yellow fever virus,2.0674249718686832
TRAIT,CASSFGTSGTYEQYF,NS4B,Yellow fever virus,-1.6803800502344357
TRAIT,CASSPGGVSYNEQFF,NS4B,Yellow fever virus,2.258500071179004
TRAIT,CASSGGQGAYEQYF,NS4B,Yellow fever virus,-2.053362810511366
TRAIT,CASSGTGAYEQYF,NS4B,Yellow fever virus,-1.2331055541146805
TRAIT,CASSQAENYGYTF,NS4B,Yellow fever virus,-0.9083539323298018
TRAIT,CASSQDLGGAYEQYF,NS4B,Yellow fever virus,-5.754019807359947
TRAIT,CASSLRDSSYEQYF,NS4B,Yellow fever virus,-0.916380711932926
TRAIT,CASSTGTVSYEQYF,NS4B,Yellow fever virus,0.8706031869346931
TRAIT,CASSLGQGSYEQYF,NS3,Dengue virus,1.1705706607162425
TRAIT,CASSLGQGSYEQYF,NS3,Dengue virus,1.1705706607162425
TRAIT,CASSLLLAGYNEQFF,pp65,Cytomegalovirus (CMV),0.9131918911444004
TRAIT,CASSVVTEAFF,pp65,Cytomegalovirus (CMV),-2.4334125713420853
TRAIT,CASSLGRYNEQFF,PMEL,Cancer/Self antigen,0.5392762937787533
TRAIT,CASSLGSSYEQYF,PMEL,Cancer/Self antigen,1.0593682876857429
TRAIT,CASSLSFGTEAFF,MLANA,Cancer/Self antigen,-4.52491996481135
TRAIT,CASSSRSSYEQYF,HA,Influenza,0.4729727217442187
TRAIT,CASSIGGPYEQYF,PMEL,Cancer/Self antigen,-3.1328895283532083
TRAIT,CSARDRVGNTIYF,BMLF1,EBV,1.1779907116770638
TRAIT,CASSLGTSYEQYF,M1,Influenza,-0.5341528563619522
TRAIT,CASSLRSSYEQYF,M1,Influenza,-1.0962133328240429
TRAIT,CASSISGDYGYTF,BMLF1,EBV,-1.3268744049109429
TRAIT,CSARDRVGNGYTF,BMLF1,EBV,2.2496088571887425
TRAIT,CSARDSTGNGYTF,BMLF1,EBV,-4.933270604179011
TRAIT,CSVGSGGTNEKLFF,BMLF1,EBV,1.9351893502726667
TRAIT,CASSVRAGETQYF,M1,Influenza,2.1866399255131874
TRAIT,CASSVAGGDEQFF,BMLF1,EBV,-4.230693020879475
TRAIT,CSVGAGGTNEKLFF,BMLF1,EBV,1.761375878989933
TRAIT,CASSVVGGNEQFF,BMLF1,EBV,0.7231327005948048
TRAIT,CASSIGYYGYTF,M1,Influenza,-5.749923402312119
TRAIT,CASSGQGGTEAFF,M1,Influenza,1.4834088942290171
TRAIT,CASSFRSTDTQYF,M1,Influenza,1.05749090603708
TRAIT,CASSKRSTDTQYF,M1,Influenza,-2.1525140157830904
TRAIT,CASSRRSTDTQYF,M1,Influenza,1.3591789099363747
TRAIT,CASSSRATGELFF,M1,Influenza,0.4950056062236688
TRAIT,CASSIRSGYEQYF,M1,Influenza,-4.058968629821351
TRAIT,CASSFYSNQPQHF,M1,Influenza,-0.6315319117377182
TRAIT,CASSGGRNQPQHF,M1,Influenza,1.846866604711484
TRAIT,CASSLRSTDTQYF,M1,Influenza,0.8164272411447044
TRAIT,CASSPRSGNEQFF,M1,Influenza,1.2974700375667425
TRAIT,CASSSANYGYTF,M1,Influenza,1.220657865563382
TRAIT,CASSSAYYGYTF,pp65,Cytomegalovirus (CMV),2.0032867793764697
TRAIT,CASSYRSSYEQYF,M1,Influenza,-0.7285763307362115
TRAIT,CASSGTDSNQPQHF,pp65,Cytomegalovirus (CMV),-0.7471007152835154
TRAIT,CASSARSTDTQYF,M1,Influenza,-0.8720666117083151
TRAIT,CASSRGQLYEQYF,M1,Influenza,-0.920716416996469
TRAIT,CASSVVASSYNEQFF,M1,Influenza,-1.901465317733128
TRAIT,CASRIDSNQPQHF,M1,Influenza,-1.586257028255916
TRAIT,CASSIDSNQPQHF,M1,Influenza,0.550988911597044
TRAIT,CASSPRSTDTQYF,M1,Influenza,0.6524873507898818
TRAIT,CASRGSLNQPQHF,M1,Influenza,4.317051987333947
TRAIT,CASSTRTGQETQYF,pp65,Cytomegalovirus (CMV),-1.0590225378226417
TRAIT,CASSVGGEAYEQYF,BMLF1,EBV,-1.69310089353637
TRAIT,CASSLRVSYNEQFF,M1,Influenza,2.9822113080453487
TRAIT,CASSQTYEQYF,M1,Influenza,1.2043744606992992
TRAIT,CASSQDPGYEQYF,M1,Influenza,-2.217882877693573
TRAIT,CASSFRSSYEQYF,M1,Influenza,-1.940587077381679
TRAIT,CASSPRDGQETQYF,M1,Influenza,-1.3272763824608318
TRAIT,CASSAGGGSYNEQFF,pp65,Cytomegalovirus (CMV),2.3517821225286744
TRAIT,CASSLGIYGYTF,M1,Influenza,-1.4468583002636843
TRAIT,CASSIGTYGYTF,M1,Influenza,-2.777014165470181
TRAIT,CASSSQSNQPQHF,M1,Influenza,0.6786783074466909
TRAIT,CASSISSGSYNEQFF,M1,Influenza,0.8703766944496628
TRAIT,CASSRDTVNTEAFF,SYNTHETIC,synthetic,-2.734550005775628
TRAIT,CASSRDTVNTEAFF,TXNDC11,Human (Homo sapiens),-2.734550005775628
TRAIT,CASSRDTVNTEAFF,U2AF2,Human (Homo sapiens),-2.734550005775628
TRAIT,CASGGSSYEQYF,SLC30A8,T1D,-1.1208421051294293
TRAIT,CASSDQETQYF,SLC30A8,T1D,0.5861047792789789
TRAIT,CASSQEGTAYEQYF,SLC30A8,T1D,-6.8281683100072375
TRAIT,CASSLRSTGELFF,M1,Influenza,1.3052969879764025
TRAIT,CASSGRATGELFF,M1,Influenza,-3.450480192047545
TRAIT,CASSQTGLNTEAFF,M1,Influenza,-0.4681018228271075
TRAIT,CASSARSTGELFF,M1,Influenza,1.3731441055174312
TRAIT,CASSTRSTGELFF,M1,Influenza,-3.262922595935853
TRAIT,CASGQGAGEQYF,M1,Influenza,-2.716756376230213
TRAIT,CASSGSDTQYF,M1,Influenza,-2.4311086754859232
TRAIT,CASSSGSYGYTF,M1,Influenza,-0.3197065932292634
TRAIT,CASSQRSQETQYF,M1,Influenza,4.02604986239539
TRAIT,CASSPFGANVLTF,M1,Influenza,1.552939011951754
TRAIT,CASSFGSTDTQYF,M1,Influenza,0.3702358182846328
TRAIT,CASSLFGSPLHF,M1,Influenza,-3.7961542470075766
TRAIT,CASSTGLYGYTF,M1,Influenza,-0.8350292485116257
TRAIT,CASSQGGDEQFF,GANAB,Human (Homo sapiens),-1.6799997123105546
TRAIT,CASSSGGGNEQFF,GNL3L,Human (Homo sapiens),-0.8067582176838227
TRAIT,CASSLGGGAYEQYF,GANAB,Human (Homo sapiens),0.827583322794387
TRAIT,CASSLAGESSYNEQFF,FNDC3B,Human (Homo sapiens),-1.8156632215367765
TRAIT,CASSLGDPNTEAFF,SMARCD3,Human (Homo sapiens),-2.3070420068777566
TRAIT,CASSLGGYSPLHF,FNDC3B,Human (Homo sapiens),-1.2362574469353709
TRAIT,CASSTQGQPQHF,FNDC3B,Human (Homo sapiens),-0.5570126789809325
TRAIT,CASSLGGSYTF,FNDC3B,Human (Homo sapiens),-3.03094341987589
TRAIT,CASRGEGYGYTF,CTAG1B,Cancer/Self antigen,-1.884209733012324
TRAIT,CASSVIYEQYF,CTAG1B,Cancer/Self antigen,1.3859632618876665
TRAIT,CASSGLAGVTGELFF,CTAG1B,Cancer/Self antigen,5.492684165520275
TRAIT,CSARGGSYNSPLHF,MBP,Human (Homo sapiens),2.2883244785085504
TRAIT,CASSLVNTEAFF,TP53,Cancer/Self antigen,0.8309625526386478
TRAIT,CASSFGSGSTDTQYF,TP53,Cancer/Self antigen,0.8149390530419132
TRAIT,CASSLGTGSTDTQYF,TP53,Cancer/Self antigen,0.7533357388540511
TRAIT,CASSSRDYEQYF,TP53,Cancer/Self antigen,-0.6362620801365284
TRAIT,CASSLTGGGNYGYTF,PLCD3,Human (Homo sapiens),-1.1001320209213512
TRAIT,CASSLSWGETQYF,PLCD3,Human (Homo sapiens),2.869691636467509
TRAIT,CASSLTGRETQYF,PLCD3,Human (Homo sapiens),1.6963665570801854
TRAIT,CASSFLTDTQYF,5T4,Human (Homo sapiens),0.6274851597101957
TRAIT,CASSQVSGYEQYF,5T4,Human (Homo sapiens),-3.697980748576633
TRAIT,CASSPQGDNEQFF,5T4,Human (Homo sapiens),-1.0248928321468749
TRAIT,CASSLGVNTEAFF,NP,Influenza,1.707891705320671
TRAIT,CASSQDPDTQYF,NP,Influenza,-1.099842787391729
TRAIT,CASSPGTDYGYTF,NP,Influenza,1.1757773015534116
TRAIT,CASSLGGYGYTF,NP,Influenza,1.5869529519377883
TRAIT,CASSLEGDTEAFF,NP,Influenza,-0.5566098887251609
TRAIT,CASSPGTGGNEQYF,NP,Influenza,0.5642522314860505
TRAIT,CASSQGGRTGELFF,NP,Influenza,2.6038759403208824
TRAIT,CSAETGNTEAFF,NP,Influenza,-4.302160648282401
TRAIT,CASSPGTPTDTQYF,NP,Influenza,2.287992278018362
TRAIT,CSARDRGREKLFF,NP,Influenza,1.2473851285054876
TRAIT,CASSLGQAYEQYF,ABCD3,Human (Homo sapiens),0.2626008104831027
TRAIT,CASSLGQAYEQYF,MLANA,Cancer/Self antigen,0.2626008104831027
TRAIT,CASSPSYNEQFF,Spike,COVID-19 / SARS-CoV-2 / SARS-CoV,0.5823876304001286
TRAIT,CASSLTGGGYEQYF,Spike,COVID-19 / SARS-CoV-2 / SARS-CoV,0.8654433014387559
TRAIT,CASSIAGNNEQFF,NSP3,COVID-19 / SARS-CoV-2 / SARS-CoV,-4.9615635543605965
TRAIT,CASSLGEPQHF,Spike,COVID-19 / SARS-CoV-2 / SARS-CoV,-3.8604028989453902
TRAIT,CASSFPGYGYTF,Spike,COVID-19 / SARS-CoV-2 / SARS-CoV,-0.4959333540834437
TRAIT,CASSFGTPSTDTQYF,Spike,COVID-19 / SARS-CoV-2 / SARS-CoV,1.2437877593158615
TRAIT,CASSFGQGSSPLHF,pp65,Cytomegalovirus (CMV),2.7592759756684155
TRAIT,CASSLETVNTEAFF,pp65,Cytomegalovirus (CMV),-0.7504678278016095
TRAIT,CASSDSTSGGNEQFF,pp65,Cytomegalovirus (CMV),-7.765433431544681
TRAIT,CASSPGGGMNTEAFF,pp65,Cytomegalovirus (CMV),1.4528082648568383
TRAIT,CASSLQGASGYTF,pp65,Cytomegalovirus (CMV),1.844451124924383
TRAIT,CASSIVAGGYNEQFF,pp65,Cytomegalovirus (CMV),-2.186888860681404
TRAIT,CASSLVGTGELFF,pp65,Cytomegalovirus (CMV),0.5854812741300853
TRAIT,CASSLGTGELFF,pp65,Cytomegalovirus (CMV),1.578393300537893
TRAIT,CASSPSDYGYTF,pp65,Cytomegalovirus (CMV),1.468010837287531
TRAIT,CASSTRSTGELFF,pp65,Cytomegalovirus (CMV),-3.262922595935853
TRAIT,CASSPGQLQETQYF,pp65,Cytomegalovirus (CMV),1.2965371941536838
TRAIT,CSARGADTQYF,pp65,Cytomegalovirus (CMV),-0.995066214145972
TRAIT,CASSTGSYGYTF,pp65,Cytomegalovirus (CMV),-0.4689280433366576
TRAIT,CASSSGIYGYTF,pp65,Cytomegalovirus (CMV),1.1368055083743684
TRAIT,CASSLAGFTGELFF,pp65,Cytomegalovirus (CMV),0.8497715069565422
TRAIT,CASSYASNQPQHF,pp65,Cytomegalovirus (CMV),-3.5316536397856155
TRAIT,CASSLGQGNSPLHF,pp65,Cytomegalovirus (CMV),1.5394605487348425
TRAIT,CATSEGNEQFF,pp65,Cytomegalovirus (CMV),-1.5814220587341774
TRAIT,CASSYSGTNQPQHF,pp65,Cytomegalovirus (CMV),-2.2147672261840405
TRAIT,CASSYSGTGDYGYTF,pp65,Cytomegalovirus (CMV),1.481446919081774
TRAIT,CASSPVGGDYGYTF,pp65,Cytomegalovirus (CMV),-1.6700209889082087
TRAIT,CASSLDLYGYTF,pp65,Cytomegalovirus (CMV),0.6940996435507575
TRAIT,CASSPPGRGNTGELFF,pp65,Cytomegalovirus (CMV),1.5128159923404163
TRAIT,CASSYNEQFF,pp65,Cytomegalovirus (CMV),-1.356309778751548
TRAIT,CASSRDSNSNQPQHF,pp65,Cytomegalovirus (CMV),-1.6032969828049803
TRAIT,CASSLAGDYEQYF,pp65,Cytomegalovirus (CMV),-0.5233923974796421
TRAIT,CASSELAGGGDTQYF,pp65,Cytomegalovirus (CMV),-1.8264529374600944
TRAIT,CASTGSYGYTF,Gag,HIV / Human immunodeficiency virus (HIV),-3.148035704337637
TRAIT,CASSQDPGSSYNEQFF,TAG,MCPyV,0.8315848953522247
TRAIT,CASSPGVGTEAFF,CTAG1B,Cancer/Self antigen,-0.9258484029763564
TRAIT,CASSPGASYEQYF,PMEL,Cancer/Self antigen,-0.7391785406691409
TRAIT,CASSWEYEQYF,SSX2,Human (Homo sapiens),0.6259924165288966
TRAIT,CASSSSYSNQPQHF,CTAG1B,Cancer/Self antigen,0.4879247913969995
TRAIT,CASSLASGSNQPQHF,MAGEA1,Human (Homo sapiens),0.692377800345828
TRAIT,CASSYLGNTGELFF,CTAG1B,Cancer/Self antigen,1.8274246994226373
TRAIT,CASSLGPVYEQYF,SRPX,Human (Homo sapiens),-1.93673203588624
TRAIT,CASSSGLAGEQFF,SRPX,Human (Homo sapiens),1.1896923977853806
TRAIT,CASSFFGSNQPQHF,SRPX,Human (Homo sapiens),-3.0207382418541315
TRAIT,CASSLYRGTGELFF,AHNAK,Human (Homo sapiens),1.2271821737526405
TRAIT,CASSQIRETQYF,TPI1,Human (Homo sapiens),2.659891255487634
TRAIT,CASSLAGYEQYF,Spike,COVID-19 / SARS-CoV-2 / SARS-CoV,1.362668185384841
TRAIT,CASSLAVNTEAFF,Spike,COVID-19 / SARS-CoV-2 / SARS-CoV,1.0157182044743205
TRAIT,CASSLDNSPLHF,NSP3,COVID-19 / SARS-CoV-2 / SARS-CoV,0.9175494861453656
TRAIT,CASSLVGGAGEQYF,NSP3,COVID-19 / SARS-CoV-2 / SARS-CoV,1.4481378968964145
TRAIT,CASSQGETQYF,Nucleocapsid,COVID-19 / SARS-CoV-2 / SARS-CoV,1.0190271670544684
TRAIT,CASSGGYEQYF,Spike,COVID-19 / SARS-CoV-2 / SARS-CoV,0.1727947874995935
TRAIT,CASSEAGGYEQYF,Spike,COVID-19 / SARS-CoV-2 / SARS-CoV,-0.5945329906207972
TRAIT,CASSNRGGNEQFF,Spike,COVID-19 / SARS-CoV-2 / SARS-CoV,-2.893177552777232
TRAIT,CASSRENYGYTF,Nucleocapsid,COVID-19 / SARS-CoV-2 / SARS-CoV,0.6654902556526002
TRAIT,CASKGGQETQYF,NSP3,COVID-19 / SARS-CoV-2 / SARS-CoV,0.8980728170526682
TRAIT,CASSLSDSYEQYF,NSP3,COVID-19 / SARS-CoV-2 / SARS-CoV,-2.4319650987325674
TRAIT,CASRLQGAGTEAFF,NSP3,COVID-19 / SARS-CoV-2 / SARS-CoV,-1.8007014040440832
TRAIT,CASSQGPNGYTF,Spike,COVID-19 / SARS-CoV-2 / SARS-CoV,-2.9978283747781305
TRAIT,CASSARTGELFF,Spike,COVID-19 / SARS-CoV-2 / SARS-CoV,0.8337659274278618
TRAIT,CASSPTSGSTDTQYF,NSP3,COVID-19 / SARS-CoV-2 / SARS-CoV,-0.4541793449271349
TRAIT,CASSLGGGLNYGYTF,NSP3,COVID-19 / SARS-CoV-2 / SARS-CoV,1.9915086799420951
TRAIT,CASSLPTGETQYF,NSP3,COVID-19 / SARS-CoV-2 / SARS-CoV,-1.2053924417076476
TRAIT,CASSLVGYEQYF,Orf3,COVID-19 / SARS-CoV-2 / SARS-CoV,1.3283896072747234
TRAIT,CASSLGASSYNEQFF,Spike,COVID-19 / SARS-CoV-2 / SARS-CoV,0.3858694823996503
TRAIT,CASSEQNTGELFF,Spike,COVID-19 / SARS-CoV-2 / SARS-CoV,-1.081230178764876
TRAIT,CASSDANTGELFF,Spike,COVID-19 / SARS-CoV-2 / SARS-CoV,-1.8246136966856543
TRAIT,CASSLDIEAFF,Spike,COVID-19 / SARS-CoV-2 / SARS-CoV,2.995297967028452
TRAIT,CASSLGAGTYEQYF,Spike,COVID-19 / SARS-CoV-2 / SARS-CoV,-0.4955958346321226
TRAIT,CASSQDHYEQYF,Orf3,COVID-19 / SARS-CoV-2 / SARS-CoV,-1.4559928644000424
TRAIT,CASSFAVNTEAFF,Spike,COVID-19 / SARS-CoV-2 / SARS-CoV,-1.097400408966635
TRAIT,CASSLRTDSYEQYF,NSP3,COVID-19 / SARS-CoV-2 / SARS-CoV,-1.0691499413692989
TRAIT,CASSTRATNEKLFF,NSP3,COVID-19 / SARS-CoV-2 / SARS-CoV,2.158063215396857
TRAIT,CASSLTSGAYNEQFF,Spike,COVID-19 / SARS-CoV-2 / SARS-CoV,1.1678905345330617
TRAIT,CASSLDWNYGYTF,Spike,COVID-19 / SARS-CoV-2 / SARS-CoV,-1.608441311048881
TRAIT,CASSLNRGQETQYF,Orf3,COVID-19 / SARS-CoV-2 / SARS-CoV,2.649454187419247
TRAIT,CASSLDSSYEQYF,NSP3,COVID-19 / SARS-CoV-2 / SARS-CoV,0.2885955033359971
TRAIT,CASSLTGGGYTF,Spike,COVID-19 / SARS-CoV-2 / SARS-CoV,-0.306671786681476
TRAIT,CASSQGGSADTQYF,Spike,COVID-19 / SARS-CoV-2 / SARS-CoV,4.037591105301498
TRAIT,CASSLTQGLNTEAFF,NSP3,COVID-19 / SARS-CoV-2 / SARS-CoV,-5.546091579577288
TRAIT,CASSLTGTSNQPQHF,NSP3,COVID-19 / SARS-CoV-2 / SARS-CoV,-0.6748726858609319
TRAIT,CSARDRTSGTYEQYF,NSP3,COVID-19 / SARS-CoV-2 / SARS-CoV,2.139576108409912
TRAIT,CASSAGDYGYTF,NSP3,COVID-19 / SARS-CoV-2 / SARS-CoV,0.5668814169534379
TRAIT,CASSTRDSNQPQHF,Spike,COVID-19 / SARS-CoV-2 / SARS-CoV,-2.189994785776487
TRAIT,CASSPEDTQYF,Spike,COVID-19 / SARS-CoV-2 / SARS-CoV,1.0375613579601732
TRAIT,CASSEQGGYEQYF,Spike,COVID-19 / SARS-CoV-2 / SARS-CoV,1.0169220816620248
TRAIT,CASSLDSPYEQYF,NSP3,COVID-19 / SARS-CoV-2 / SARS-CoV,-2.0139695679038265
TRAIT,CASSLRQGADTQYF,NSP3,COVID-19 / SARS-CoV-2 / SARS-CoV,1.5542959469184143
TRAIT,CASSLGGTEAFF,Orf3,COVID-19 / SARS-CoV-2 / SARS-CoV,1.781230850131964
TRAIT,CASSDRAGTDTQYF,NSP3,COVID-19 / SARS-CoV-2 / SARS-CoV,1.2182847429503785
TRAIT,CSVEAGYGYTF,Orf3,COVID-19 / SARS-CoV-2 / SARS-CoV,-5.257891852400535
TRAIT,CASSLGGSSTDTQYF,Orf3,COVID-19 / SARS-CoV-2 / SARS-CoV,0.9843159080253056
TRAIT,CASSGGNTIYF,Spike,COVID-19 / SARS-CoV-2 / SARS-CoV,-1.725421057294804
TRAIT,CASSGTSGSTDTQYF,Spike,COVID-19 / SARS-CoV-2 / SARS-CoV,-3.8831972035430105
TRAIT,CASTEGNTGELFF,Spike,COVID-19 / SARS-CoV-2 / SARS-CoV,2.940017575583834
TRAIT,CASSPGTSGGSSYNEQFF,Spike,COVID-19 / SARS-CoV-2 / SARS-CoV,-1.9142549147374943
TRAIT,CASSPRDRVNTGELFF,Spike,COVID-19 / SARS-CoV-2 / SARS-CoV,2.1027173311596794
TRAIT,CASSETGGYEQYF,Spike,COVID-19 / SARS-CoV-2 / SARS-CoV,-0.8965178350741967
TRAIT,CASSEGQGYEQYF,Spike,COVID-19 / SARS-CoV-2 / SARS-CoV,0.5433442553120232
TRAIT,CASSLGLNEQFF,NSP3,COVID-19 / SARS-CoV-2 / SARS-CoV,-1.1205930786854543
TRAIT,CASSVAYEQYF,NSP3,COVID-19 / SARS-CoV-2 / SARS-CoV,1.2801272754915
TRAIT,CASRDTGELFF,Orf3,COVID-19 / SARS-CoV-2 / SARS-CoV,-0.5463250203227507
TRAIT,CASSLQGVSYEQYF,NSP3,COVID-19 / SARS-CoV-2 / SARS-CoV,-1.237309983549321
TRAIT,CASSSLNTEAFF,NSP3,COVID-19 / SARS-CoV-2 / SARS-CoV,-0.5587201208481938
TRAIT,CASSLGQAYEQYF,NSP3,COVID-19 / SARS-CoV-2 / SARS-CoV,0.2626008104831027
TRAIT,CASSFENTGELFF,NSP3,COVID-19 / SARS-CoV-2 / SARS-CoV,1.0288492140863443
TRAIT,CASSVVGTEAFF,M,COVID-19 / SARS-CoV-2 / SARS-CoV,2.0344871969199025
TRAIT,CASSLSGYNEQFF,NSP3,COVID-19 / SARS-CoV-2 / SARS-CoV,-0.6868584517713107
TRAIT,CASSFGDQPQHF,NSP3,COVID-19 / SARS-CoV-2 / SARS-CoV,0.2857520783018788
TRAIT,CASSLTDSTDTQYF,NSP3,COVID-19 / SARS-CoV-2 / SARS-CoV,-1.4178602957356623
TRAIT,CASSLGDRGYQPQHF,M,COVID-19 / SARS-CoV-2 / SARS-CoV,-1.7585571395867152
TRAIT,CASGDSPLHF,NSP3,COVID-19 / SARS-CoV-2 / SARS-CoV,-3.7933429087053607
TRAIT,CASSWTSGSYEQYF,NSP3,COVID-19 / SARS-CoV-2 / SARS-CoV,-0.5299753585777209
TRAIT,CASSLSSPQETQYF,NSP3,COVID-19 / SARS-CoV-2 / SARS-CoV,3.441130661283
TRAIT,CASSPRTATYEQYF,Spike,COVID-19 / SARS-CoV-2 / SARS-CoV,-2.586264981667155
TRAIT,CASSQLGGYEQYF,Spike,COVID-19 / SARS-CoV-2 / SARS-CoV,0.9625460872383798
TRAIT,CASSVGAGELFF,Orf3,COVID-19 / SARS-CoV-2 / SARS-CoV,-1.6390684721257858
TRAIT,CASSYGNQPQHF,Spike,COVID-19 / SARS-CoV-2 / SARS-CoV,0.5615974756443938
TRAIT,CASSLDGYTGELFF,NSP3,COVID-19 / SARS-CoV-2 / SARS-CoV,-0.6708216845620987
TRAIT,CASSLAQGYEQYF,Spike,COVID-19 / SARS-CoV-2 / SARS-CoV,0.5525498869068441
TRAIT,CSARDGGTDTQYF,Spike,COVID-19 / SARS-CoV-2 / SARS-CoV,-1.0004182526872731
TRAIT,CASSLSGLGETQYF,NSP3,COVID-19 / SARS-CoV-2 / SARS-CoV,1.805205547388236
TRAIT,CASSFNRANTEAFF,Orf3,COVID-19 / SARS-CoV-2 / SARS-CoV,-1.7951835074417168
TRAIT,CASSPDRGREKLFF,Spike,COVID-19 / SARS-CoV-2 / SARS-CoV,0.5081380633110567
TRAIT,CASSVSYGYTF,NSP3,COVID-19 / SARS-CoV-2 / SARS-CoV,0.6311649878606365
TRAIT,CASSQQNQPQHF,NSP3,COVID-19 / SARS-CoV-2 / SARS-CoV,-1.9330012238200296
TRAIT,CASGGTNTGELFF,Spike,COVID-19 / SARS-CoV-2 / SARS-CoV,2.9851080762307656
TRAIT,CASSLYGGYEQYF,Spike,COVID-19 / SARS-CoV-2 / SARS-CoV,-1.337211979954156
TRAIT,CASSLGGGSTDTQYF,Orf3,COVID-19 / SARS-CoV-2 / SARS-CoV,0.7033113581455569
TRAIT,CASSQGSGNEQFF,Spike,COVID-19 / SARS-CoV-2 / SARS-CoV,-2.34707929559434
TRAIT,CASSLTSGTEAFF,Orf3,COVID-19 / SARS-CoV-2 / SARS-CoV,-1.064094413602064
TRAIT,CASSSLNTEAFF,RNP,COVID-19 / SARS-CoV-2 / SARS-CoV,-0.5587201208481938
TRAIT,CASSFNVNTEAFF,Orf3,COVID-19 / SARS-CoV-2 / SARS-CoV,1.545849779451728
TRAIT,CASSLAGNEQYF,NSP3,COVID-19 / SARS-CoV-2 / SARS-CoV,-2.3543164505165564
TRAIT,CASSPGSYSNQPQHF,Spike,COVID-19 / SARS-CoV-2 / SARS-CoV,-0.7535847839915242
TRAIT,CASSFTSSYNEQFF,Spike,COVID-19 / SARS-CoV-2 / SARS-CoV,-2.827555264213938
TRAIT,CASSLASNQPQHF,Spike,COVID-19 / SARS-CoV-2 / SARS-CoV,0.83358424563635
TRAIT,CASRGGYGYTF,NSP3,COVID-19 / SARS-CoV-2 / SARS-CoV,-1.3239811484423072
TRAIT,CASSLAGSSYNSPLHF,Spike,COVID-19 / SARS-CoV-2 / SARS-CoV,-1.2045610867698215
TRAIT,CASSVAGSSYEQYF,Spike,COVID-19 / SARS-CoV-2 / SARS-CoV,-0.3383673204392171
TRAIT,CASSTGNQPQHF,Spike,COVID-19 / SARS-CoV-2 / SARS-CoV,0.473828810883467
TRAIT,CASSLVTGEQYF,NSP3,COVID-19 / SARS-CoV-2 / SARS-CoV,-1.7186685557392738
TRAIT,CASSEGRGYEQYF,Spike,COVID-19 / SARS-CoV-2 / SARS-CoV,-1.6791512515384557
TRAIT,CASSLPGRGETQYF,Spike,COVID-19 / SARS-CoV-2 / SARS-CoV,1.431874949883844
TRAIT,CASSLGGGAYEQYF,RNP,COVID-19 / SARS-CoV-2 / SARS-CoV,0.827583322794387
TRAIT,CASSLAGASSYNEQFF,NSP3,COVID-19 / SARS-CoV-2 / SARS-CoV,0.590387257445574
TRAIT,CASSLSGGALDTQYF,Spike,COVID-19 / SARS-CoV-2 / SARS-CoV,-3.5755111590198227
TRAIT,CSARTGANYGYTF,Nucleocapsid,COVID-19 / SARS-CoV-2 / SARS-CoV,-1.6113481876121898
TRAIT,CASSQDGGGNTEAFF,Spike,COVID-19 / SARS-CoV-2 / SARS-CoV,-1.938292344423517
TRAIT,CASSLGIAKNIQYF,Spike,COVID-19 / SARS-CoV-2 / SARS-CoV,0.9642683670238352
TRAIT,CASSEAQGYEQYF,Spike,COVID-19 / SARS-CoV-2 / SARS-CoV,-2.4759080355327314
TRAIT,CASSFRTDSYEQYF,NSP3,COVID-19 / SARS-CoV-2 / SARS-CoV,-1.5280384276397188
TRAIT,CASSSLTDTQYF,NSP3,COVID-19 / SARS-CoV-2 / SARS-CoV,0.6190526096942002
TRAIT,CASSNNYEQYF,Spike,COVID-19 / SARS-CoV-2 / SARS-CoV,-0.9154947951019734
TRAIT,CASSPGTSNTGELFF,NSP3,COVID-19 / SARS-CoV-2 / SARS-CoV,2.6035138574149763
TRAIT,CASSSTSGVTDTQYF,NSP3,COVID-19 / SARS-CoV-2 / SARS-CoV,-0.8397768036450963
TRAIT,CASSLTSGSEQFF,Spike,COVID-19 / SARS-CoV-2 / SARS-CoV,-2.4479444083568795
TRAIT,CASSENRGYEQYF,Spike,COVID-19 / SARS-CoV-2 / SARS-CoV,1.6376555181472674
TRAIT,CASSPGQGYEQYF,Spike,COVID-19 / SARS-CoV-2 / SARS-CoV,1.3159688321853285
TRAIT,CASSPDRGGGYTF,Spike,COVID-19 / SARS-CoV-2 / SARS-CoV,1.0085021207253044
TRAIT,CASSAGTGGYTF,NSP3,COVID-19 / SARS-CoV-2 / SARS-CoV,-2.086030246664808
TRAIT,CAISGGNEQFF,Spike,COVID-19 / SARS-CoV-2 / SARS-CoV,0.9703802305084306
TRAIT,CASSLVVTGELFF,Spike,COVID-19 / SARS-CoV-2 / SARS-CoV,0.4684558055601033
TRAIT,CASSPSNYGYTF,Nucleocapsid,COVID-19 / SARS-CoV-2 / SARS-CoV,1.148970709930691
TRAIT,CASSVGAGSNQPQHF,Spike,COVID-19 / SARS-CoV-2 / SARS-CoV,-1.3661618362884864
TRAIT,CASSKGGSNQPQHF,Spike,COVID-19 / SARS-CoV-2 / SARS-CoV,1.2987640794520223
TRAIT,CASSQGGNEQYF,Spike,COVID-19 / SARS-CoV-2 / SARS-CoV,-2.9994594780994914
TRAIT,CASGLGSSYEQYF,NSP3,COVID-19 / SARS-CoV-2 / SARS-CoV,-1.1478331962951414
TRAIT,CASRSGTGTYEQYF,Spike,COVID-19 / SARS-CoV-2 / SARS-CoV,0.8613507280895722
TRAIT,CASSLSGGNEKLFF,M,COVID-19 / SARS-CoV-2 / SARS-CoV,1.8950871272471068
TRAIT,CASSQDGGQETQYF,Orf3,COVID-19 / SARS-CoV-2 / SARS-CoV,-1.7491921125928869
TRAIT,CASSLGPEAFF,Spike,COVID-19 / SARS-CoV-2 / SARS-CoV,-1.6360047482356357
TRAIT,CASSLEGIGGYTF,Spike,COVID-19 / SARS-CoV-2 / SARS-CoV,-0.9009683093427008
TRAIT,CASSSTSGRADTQYF,NSP3,COVID-19 / SARS-CoV-2 / SARS-CoV,-3.250329336512622
TRAIT,CASSLTDLYGYTF,Spike,COVID-19 / SARS-CoV-2 / SARS-CoV,1.6151896530915455
TRAIT,CSARDRSSYEQYF,Spike,COVID-19 / SARS-CoV-2 / SARS-CoV,-2.3241297420093554
TRAIT,CASSEAPGYEQYF,Spike,COVID-19 / SARS-CoV-2 / SARS-CoV,-2.400570945821276
TRAIT,CASSPTSGSYEQYF,Orf3,COVID-19 / SARS-CoV-2 / SARS-CoV,0.8161676007183903
TRAIT,CASSPLGTYEQYF,NSP3,COVID-19 / SARS-CoV-2 / SARS-CoV,-1.1234443822970706
TRAIT,CASSLAGGFTGELFF,Spike,COVID-19 / SARS-CoV-2 / SARS-CoV,-1.3217600281297055
TRAIT,CASSPLSYEQYF,Spike,COVID-19 / SARS-CoV-2 / SARS-CoV,-0.6672067937662285
TRAIT,CASTGADTQYF,Spike,COVID-19 / SARS-CoV-2 / SARS-CoV,-0.9571810686742768
TRAIT,CASSLQGGNTEAFF,Orf3,COVID-19 / SARS-CoV-2 / SARS-CoV,1.4658090695601869
TRAIT,CASSRQGSQPQHF,Orf3,COVID-19 / SARS-CoV-2 / SARS-CoV,0.7950514562623495
TRAIT,CSARLAGGYEQYF,RNP,COVID-19 / SARS-CoV-2 / SARS-CoV,-1.6907639320122327
TRAIT,CASSLLQYNEQFF,NSP3,COVID-19 / SARS-CoV-2 / SARS-CoV,2.622562021393411
TRAIT,CASSLGLSGELFF,Spike,COVID-19 / SARS-CoV-2 / SARS-CoV,-1.0353535482951806
TRAIT,CASSLLAGPNTGELFF,NSP3,COVID-19 / SARS-CoV-2 / SARS-CoV,1.075247462600748
TRAIT,CASSESTGYGYTF,Spike,COVID-19 / SARS-CoV-2 / SARS-CoV,-1.5089508046408318
TRAIT,CASSLGTKNIQYF,Spike,COVID-19 / SARS-CoV-2 / SARS-CoV,-1.4301571855579738
TRAIT,CASSQDLGSNQPQHF,Spike,COVID-19 / SARS-CoV-2 / SARS-CoV,-0.6915439057184115
TRAIT,CASSLTSAYEQYF,NSP3,COVID-19 / SARS-CoV-2 / SARS-CoV,-0.9783911221403766
TRAIT,CASRGREQYF,Nucleocapsid,COVID-19 / SARS-CoV-2 / SARS-CoV,-3.5360989174339323
TRAIT,CASSLGGNQPQHF,Spike,COVID-19 / SARS-CoV-2 / SARS-CoV,1.944345839427535
TRAIT,CASSLEAGDYNEQFF,Spike,COVID-19 / SARS-CoV-2 / SARS-CoV,2.108064728936367
TRAIT,CASSLSPSTEAFF,Spike,COVID-19 / SARS-CoV-2 / SARS-CoV,-5.413533384000617
TRAIT,CASSLGDSYNEQFF,Spike,COVID-19 / SARS-CoV-2 / SARS-CoV,0.5782091921888112
TRAIT,CASSLGGAEAFF,Orf3,COVID-19 / SARS-CoV-2 / SARS-CoV,-1.8174171488320023
TRAIT,CASSLPGYYGYTF,Spike,COVID-19 / SARS-CoV-2 / SARS-CoV,-0.9781091543436874
TRAIT,CASSLASTDTQYF,Spike,COVID-19 / SARS-CoV-2 / SARS-CoV,0.461037875117998
TRAIT,CASSILAGTYNEQFF,Spike,COVID-19 / SARS-CoV-2 / SARS-CoV,-5.226338512574001
TRAIT,CASSFTSGSYEQYF,NSP3,COVID-19 / SARS-CoV-2 / SARS-CoV,0.7053447428230473
TRAIT,CASSPLGGGNTGELFF,Spike,COVID-19 / SARS-CoV-2 / SARS-CoV,-1.1320978192139042
TRAIT,CASSPGGTEAFF,RNP,COVID-19 / SARS-CoV-2 / SARS-CoV,0.745606559899787
TRAIT,CASSEDRGSYGYTF,NSP3,COVID-19 / SARS-CoV-2 / SARS-CoV,1.5269014704869543
TRAIT,CASSPTGDYNSPLHF,Spike,COVID-19 / SARS-CoV-2 / SARS-CoV,-2.458027337568621
TRAIT,CASRRDRAYEQYF,Spike,COVID-19 / SARS-CoV-2 / SARS-CoV,-1.0211650043677751
TRAIT,CASSPTLYNEQFF,PPM1F,Human (Homo sapiens),-1.607387899437679
TRAIT,CAWSSYNEQFF,HSD17B12,Human (Homo sapiens),-0.5345867874965776
TRAIT,CASSPGTGGRETQYF,MAGEA2,Human (Homo sapiens),2.8976195269431866
TRAIT,CASSLTGGVSYEQYF,CTAG1B,Cancer/Self antigen,1.305200667283282
TRAIT,CASSLGTGGTGELFF,RSVGP,Human (Homo sapiens),1.1679239615440062
TRAIT,CASSELNTGELFF,Spike,COVID-19 / SARS-CoV-2 / SARS-CoV,-1.177259606739864
TRAIT,CASSISSTGELFF,SF3B1,Human (Homo sapiens),-2.2376779302059564
TRAIT,CASSLGQYNSPLHF,SF3B1,Human (Homo sapiens),1.4897015746369182
TRAIT,CASTPPRGPQHF,SF3B1,Human (Homo sapiens),5.363895186767234
TRAIT,CASSLEASTDTQYF,SF3B1,Human (Homo sapiens),1.0664355540044823
TRAIT,CASSLTGTDTQYF,SF3B1,Human (Homo sapiens),0.4902788110559715
TRAIT,CASSQGAAEAFF,SF3B1,Human (Homo sapiens),-3.678885433978358
TRAIT,CASSDGSYEQYF,SF3B1,Human (Homo sapiens),-3.087528598827408
TRAIT,CASSDSGTEAFF,SF3B1,Human (Homo sapiens),-3.69074457967705
TRAIT,CASSLWAGNTIYF,SF3B1,Human (Homo sapiens),-0.8990726767398471
TRAIT,CASSLRDRGNQPQHF,SF3B1,Human (Homo sapiens),-1.6872817838858023
TRAIT,CASSYSPGYEQYF,SF3B1,Human (Homo sapiens),-3.912195469109591
TRAIT,CASSLAGGSYEQYF,SF3B1,Human (Homo sapiens),1.484250992360645
TRAIT,CASSPRDEQFF,SF3B1,Human (Homo sapiens),1.5368531590831322
TRAIT,CASSYLAGGYNEQFF,Nucleocapsid,COVID-19 / SARS-CoV-2 / SARS-CoV,-2.0874176741582606
TRAIT,CASSYLAGGYNEQFF,NUCLEOCAPSID,HCoV-HKU1,-2.0874176741582606
TRAIT,CASTLAGGPYNEQFF,NUCLEOCAPSID,HCoV-HKU1,-2.6626258247673413
TRAIT,CASGLSYEQYF,NUCLEOCAPSID,HCoV-HKU1,-0.9411220815276096
TRAIT,CASSDLNTGELFF,Spike,COVID-19 / SARS-CoV-2 / SARS-CoV,-0.8752866797378267
TRAIT,CASSPDRNTGELFF,Spike,COVID-19 / SARS-CoV-2 / SARS-CoV,1.737822940525076
TRAIT,CASSEENTGELFF,Spike,COVID-19 / SARS-CoV-2 / SARS-CoV,-2.2029596348630487
TRAIT,CASGQLNTGELFF,Spike,COVID-19 / SARS-CoV-2 / SARS-CoV,2.0669939423716013
TRAIT,CASSDRGRSYEQYF,Spike,COVID-19 / SARS-CoV-2 / SARS-CoV,-1.300331930878046
TRAIT,CASSPLAGVGNEQFF,pp65,Cytomegalovirus (CMV),-0.5523609887260443
TRAIT,CASSSVTEAFF,pp65,Cytomegalovirus (CMV),1.3743613370245078
TRAIT,CASSPHRNTEAFF,pp65,Cytomegalovirus (CMV),-0.7242031289274437
TRAIT,CASSTRDRGSYEQYF,pp65,Cytomegalovirus (CMV),1.09773785780973
TRAIT,CASSPQRNTEAFF,pp65,Cytomegalovirus (CMV),1.204871201212356
TRAIT,CASSPSRNTEAFF,pp65,Cytomegalovirus (CMV),0.6823098136626379
TRAIT,CASSYSGNTEAFF,pp65,Cytomegalovirus (CMV),-0.803311227913707
TRAIT,CASSLYGNTEAFF,pp65,Cytomegalovirus (CMV),-0.6552408672472415
TRAIT,CASSQGYTDTQYF,pp65,Cytomegalovirus (CMV),1.8248942463836093
TRAIT,CASSLAIGNTEAFF,pp65,Cytomegalovirus (CMV),-1.2610843011677022
TRAIT,CASSLGSGIYNEQFF,pp65,Cytomegalovirus (CMV),0.8169688807163756
TRAIT,CASSLDRSTGELFF,pp65,Cytomegalovirus (CMV),1.276147472447109
TRAIT,CASSGHYEQYF,pp65,Cytomegalovirus (CMV),2.333298025693133
TRAIT,CASSPTSGSIYEQYF,BMLF1,EBV,1.6613893801332995
TRAIT,CASSYGQQETQYF,BMLF1,EBV,2.772522396814595
TRAIT,CSVGQGGTNEKLFF,BMLF1,EBV,2.037624743399034
TRAIT,CASSFGQQETQYF,BMLF1,EBV,2.0255797600359458
TRAIT,CSARDRGIGNTIYF,BMLF1,EBV,-2.189211942110965
TRAIT,CASSVVGNEQFF,BMLF1,EBV,-0.9805895813315488
TRAIT,CASSPEDYEQYF,BMLF1,EBV,-1.550257985665613
TRAIT,CASSLETGSYEQYF,EBNA3A,EBV,-1.6098997396010162
TRAIT,CASSQETGSYEQYF,EBNA3A,EBV,-2.761169790626237
TRAIT,CASSSRAAYEQYF,M1,Influenza,-3.053592000352865
TRAIT,CASSFLSTDTQYF,M1,Influenza,-0.54763069151403
TRAIT,CASSTGAYGYTF,M1,Influenza,-2.2053845197514206
TRAIT,CASSIGNYGYTF,M1,Influenza,-1.837279715602009
TRAIT,CASSLRSADTQYF,M1,Influenza,-0.9791006967122216
TRAIT,CASSMRSTGELFF,M1,Influenza,-2.161050935842372
TRAIT,CASSLISYNEQFF,M1,Influenza,-1.2852012635000831
TRAIT,CASSDRAGNTIYF,M1,Influenza,-1.1594285189577866
TRAIT,CASSSRSGYEQYF,M1,Influenza,-2.629594933268359
TRAIT,CASSPRSNQPQHF,M1,Influenza,-0.613233276788487
TRAIT,CASSTGSYGYTF,M1,Influenza,-0.4689280433366576
TRAIT,CASSGLSNQPQHF,M1,Influenza,-2.2276212365162387
TRAIT,CASSRRSTGELFF,M1,Influenza,-1.147726408539152
TRAIT,CASSGVSNQPQHF,M1,Influenza,-1.0084980290658403
TRAIT,CASSFGIYEQYF,M1,Influenza,-2.0605317194018897
TRAIT,CASSIRGSYEQYF,M1,Influenza,0.8887542378718358
TRAIT,CASSGYSNQPQHF,M1,Influenza,-0.7865706853161778
TRAIT,CAWSVQGGTEAFF,M1,Influenza,-1.6225585064711092
TRAIT,CASSIVSNQPQHF,M1,Influenza,-1.699354573666232
TRAIT,CASSWYSNQPQHF,M1,Influenza,-1.2173405461314668
TRAIT,CASSIGAYGYTF,M1,Influenza,-3.8932164357261545
TRAIT,CASSLAGANEQFF,Nucleocapsid,COVID-19 / SARS-CoV-2 / SARS-CoV,-0.36809000810781
TRAIT,CASSLAGAGELFF,Nucleocapsid,COVID-19 / SARS-CoV-2 / SARS-CoV,0.3782605757698993
TRAIT,CASSLAGLGYTF,Nucleocapsid,COVID-19 / SARS-CoV-2 / SARS-CoV,2.1268576995632618
TRAIT,CASSVDRGAYNEQFF,Nucleocapsid,COVID-19 / SARS-CoV-2 / SARS-CoV,1.7472673262756784
TRAIT,CASSFGRNYGYTF,Nucleocapsid,COVID-19 / SARS-CoV-2 / SARS-CoV,-0.3599798410727627
TRAIT,CASSPTANEKLFF,Nucleocapsid,COVID-19 / SARS-CoV-2 / SARS-CoV,1.1522940709155174
TRAIT,CASSPGTDTQYF,Nucleocapsid,COVID-19 / SARS-CoV-2 / SARS-CoV,1.2309983551382429
TRAIT,CASSLWNTGELFF,Nucleocapsid,COVID-19 / SARS-CoV-2 / SARS-CoV,0.8042531091101347
TRAIT,CASSRTGGSYNEQFF,Nucleocapsid,COVID-19 / SARS-CoV-2 / SARS-CoV,-0.4709996098338563
TRAIT,CASSLLGYEQYF,Nucleocapsid,COVID-19 / SARS-CoV-2 / SARS-CoV,1.1393408769999454
TRAIT,CASSWTQETQYF,Nucleocapsid,COVID-19 / SARS-CoV-2 / SARS-CoV,-1.171213064602581
TRAIT,CASSLLSGSSYEQYF,Nucleocapsid,COVID-19 / SARS-CoV-2 / SARS-CoV,1.2109632410332307
TRAIT,CASSVGVSNQPQHF,Nucleocapsid,COVID-19 / SARS-CoV-2 / SARS-CoV,-1.074850075539815
TRAIT,CASTVSSYNEQFF,Nucleocapsid,COVID-19 / SARS-CoV-2 / SARS-CoV,-1.2817694001443556
TRAIT,CASSLGRNNQPQHF,Nucleocapsid,COVID-19 / SARS-CoV-2 / SARS-CoV,-0.560209795430773
TRAIT,CASSSGRNTGELFF,Nucleocapsid,COVID-19 / SARS-CoV-2 / SARS-CoV,1.1719648338680004
TRAIT,CASSESNYGYTF,Nucleocapsid,COVID-19 / SARS-CoV-2 / SARS-CoV,0.607001294752381
TRAIT,CASSLGPDTQYF,Orf1ab,COVID-19 / SARS-CoV-2 / SARS-CoV,0.3101316582596277
TRAIT,CASSAYNEQFF,Orf1ab,COVID-19 / SARS-CoV-2 / SARS-CoV,1.2605250228234253
TRAIT,CASSLSYNSPLHF,Orf1ab,COVID-19 / SARS-CoV-2 / SARS-CoV,0.3002082163210277
TRAIT,CASSFSGLYNEQFF,Orf1ab,COVID-19 / SARS-CoV-2 / SARS-CoV,-1.7886843374947503
TRAIT,CASSLGGEQYF,Orf1ab,COVID-19 / SARS-CoV-2 / SARS-CoV,0.8588377002228291
TRAIT,CASSIQNTGELFF,Orf1ab,COVID-19 / SARS-CoV-2 / SARS-CoV,-1.395993299030236
TRAIT,CSARTGGDGYTF,Orf1ab,COVID-19 / SARS-CoV-2 / SARS-CoV,-1.2832861365796948
TRAIT,CASSENEQFF,Orf1ab,COVID-19 / SARS-CoV-2 / SARS-CoV,-4.4433185664269175
TRAIT,CASSRTGSSYNEQFF,Orf1ab,COVID-19 / SARS-CoV-2 / SARS-CoV,0.6179804704830882
TRAIT,CASTLGTEAFF,Orf1ab,COVID-19 / SARS-CoV-2 / SARS-CoV,-1.9895132541206464
TRAIT,CASRGEGSYEQYF,Orf1ab,COVID-19 / SARS-CoV-2 / SARS-CoV,-2.2568073024681192
TRAIT,CASSFGGRSTDTQYF,Orf1ab,COVID-19 / SARS-CoV-2 / SARS-CoV,1.1689588647554383
TRAIT,CASSQDPPDTQYF,Orf1ab,COVID-19 / SARS-CoV-2 / SARS-CoV,-0.9921530461446691
TRAIT,CASSLDRNTEAFF,Orf1ab,COVID-19 / SARS-CoV-2 / SARS-CoV,1.828684576806897
TRAIT,CASSIGATEAFF,Orf1ab,COVID-19 / SARS-CoV-2 / SARS-CoV,-6.0796317955428485
TRAIT,CASSIGPNTGELFF,Orf1ab,COVID-19 / SARS-CoV-2 / SARS-CoV,0.9543439942162858
TRAIT,CASSPGQVEAFF,Orf1ab,COVID-19 / SARS-CoV-2 / SARS-CoV,-1.8537647384149625
TRAIT,CASSGTGVTGELFF,Orf1ab,COVID-19 / SARS-CoV-2 / SARS-CoV,1.4576265656722902
TRAIT,CASSQVGDEQFF,Orf1ab,COVID-19 / SARS-CoV-2 / SARS-CoV,-2.5191583678614684
TRAIT,CASSPGSSYNEQFF,Orf1ab,COVID-19 / SARS-CoV-2 / SARS-CoV,0.7097979260496471
TRAIT,CASSSLSEAFF,Orf1ab,COVID-19 / SARS-CoV-2 / SARS-CoV,1.808243852067685
TRAIT,CASSQASNQPQHF,Orf1ab,COVID-19 / SARS-CoV-2 / SARS-CoV,0.5748673460259176
TRAIT,CASSLGTGGTEAFF,Orf1ab,COVID-19 / SARS-CoV-2 / SARS-CoV,0.6377788014358184
TRAIT,CASSEWTGNTEAFF,Orf1ab,COVID-19 / SARS-CoV-2 / SARS-CoV,-1.2237649717433587
TRAIT,CASSPRTDQETQYF,Orf1ab,COVID-19 / SARS-CoV-2 / SARS-CoV,-0.6833281297645454
TRAIT,CASSLGTSGRAGETQYF,Orf1ab,COVID-19 / SARS-CoV-2 / SARS-CoV,1.7263803862239255
TRAIT,CASSLDNQPQHF,Orf1ab,COVID-19 / SARS-CoV-2 / SARS-CoV,0.5644953280960193
TRAIT,CASSRVGSPLHF,Orf1ab,COVID-19 / SARS-CoV-2 / SARS-CoV,-1.3158720595602649
TRAIT,CASSLGDSEKLFF,Orf1ab,COVID-19 / SARS-CoV-2 / SARS-CoV,2.1118556900919883
TRAIT,CASSLGTSGSTDTQYF,Orf1ab,COVID-19 / SARS-CoV-2 / SARS-CoV,1.6192002909501813
TRAIT,CASSPSGLAGYNEQFF,Orf1ab,COVID-19 / SARS-CoV-2 / SARS-CoV,2.396128736363189
TRAIT,CASSLENTGELFF,Orf1ab,COVID-19 / SARS-CoV-2 / SARS-CoV,0.4976284561851417
TRAIT,CASSLNNEQFF,Orf1ab,COVID-19 / SARS-CoV-2 / SARS-CoV,1.2774789536428182
TRAIT,CSAGGSYEQYF,Orf1ab,COVID-19 / SARS-CoV-2 / SARS-CoV,-1.4467740284673525
TRAIT,CASSSDPSTDTQYF,Orf1ab,COVID-19 / SARS-CoV-2 / SARS-CoV,3.124534696870205
TRAIT,CASSLVNTGELFF,Orf1ab,COVID-19 / SARS-CoV-2 / SARS-CoV,0.3933889657599412
TRAIT,CASSLLGGSYEQYF,Orf1ab,COVID-19 / SARS-CoV-2 / SARS-CoV,-0.6578107276634745
TRAIT,CASSPSGVYNEQFF,Orf1ab,COVID-19 / SARS-CoV-2 / SARS-CoV,1.820656084974925
TRAIT,CASSLGANTGELFF,Orf1ab,COVID-19 / SARS-CoV-2 / SARS-CoV,0.829819788463726
TRAIT,CASSLSAAYEQYF,Orf1ab,COVID-19 / SARS-CoV-2 / SARS-CoV,-2.2567988277373026
TRAIT,CASSLGRGAYEQYF,Orf1ab,COVID-19 / SARS-CoV-2 / SARS-CoV,-1.007300658275406
TRAIT,CASSLVGLGTEAFF,Orf1ab,COVID-19 / SARS-CoV-2 / SARS-CoV,0.7168531824982967
TRAIT,CASSEYGGYTF,Orf1ab,COVID-19 / SARS-CoV-2 / SARS-CoV,0.7771425309352362
TRAIT,CASSGSTYNEQFF,Orf1ab,COVID-19 / SARS-CoV-2 / SARS-CoV,-1.663224280473934
TRAIT,CASSFGDSYNEQFF,Orf1ab,COVID-19 / SARS-CoV-2 / SARS-CoV,-1.843933718149664
TRAIT,CASSPGESTDTQYF,Orf1ab,COVID-19 / SARS-CoV-2 / SARS-CoV,2.0943432044992245
TRAIT,CASSLGGNTEAFF,Orf1ab,COVID-19 / SARS-CoV-2 / SARS-CoV,2.004141801433326
TRAIT,CASSLRDSSSYEQYF,Orf1ab,COVID-19 / SARS-CoV-2 / SARS-CoV,-1.696130133004159
TRAIT,CASSTSTDTQYF,Orf1ab,COVID-19 / SARS-CoV-2 / SARS-CoV,1.3417493745537952
TRAIT,CASSLLPYNEQFF,Orf1ab,COVID-19 / SARS-CoV-2 / SARS-CoV,-4.556972304270758
TRAIT,CASSIGTVNTEAFF,Orf1ab,COVID-19 / SARS-CoV-2 / SARS-CoV,-1.2598352778881234
TRAIT,CASSPGTGEQYF,Orf1ab,COVID-19 / SARS-CoV-2 / SARS-CoV,-1.7109834703878422
TRAIT,CASSLGTSGYEQYF,Orf1ab,COVID-19 / SARS-CoV-2 / SARS-CoV,0.6129597649033157
TRAIT,CASSLGTSGYNEQFF,Orf1ab,COVID-19 / SARS-CoV-2 / SARS-CoV,0.4910449232526712
TRAIT,CASSRGQGGQPQHF,Orf1ab,COVID-19 / SARS-CoV-2 / SARS-CoV,0.4776879393561562
TRAIT,CASSPAPNTEAFF,Orf1ab,COVID-19 / SARS-CoV-2 / SARS-CoV,-0.8697260794986384
TRAIT,CASSLEQGSYEQYF,Orf1ab,COVID-19 / SARS-CoV-2 / SARS-CoV,-1.0149395321895245
TRAIT,CASSLSRANSPLHF,Orf1ab,COVID-19 / SARS-CoV-2 / SARS-CoV,1.66254698074329
TRAIT,CASSPSSYEQYF,Orf1ab,COVID-19 / SARS-CoV-2 / SARS-CoV,1.413204228368093
TRAIT,CASSRDRGLGYTF,Orf1ab,COVID-19 / SARS-CoV-2 / SARS-CoV,-0.960130504531584
TRAIT,CASSLSVSSYNEQFF,Orf1ab,COVID-19 / SARS-CoV-2 / SARS-CoV,-1.073472293160049
TRAIT,CASSVLANTGELFF,Orf1ab,COVID-19 / SARS-CoV-2 / SARS-CoV,1.745357492034486
TRAIT,CASSVGATDTQYF,Orf1ab,COVID-19 / SARS-CoV-2 / SARS-CoV,-2.669751568850064
TRAIT,CSARDLAGGTDTQYF,Orf1ab,COVID-19 / SARS-CoV-2 / SARS-CoV,1.5144281414312537
TRAIT,CASSRTRGETQYF,Orf1ab,COVID-19 / SARS-CoV-2 / SARS-CoV,2.5289466686419737
TRAIT,CASSLLAGGKETQYF,Orf1ab,COVID-19 / SARS-CoV-2 / SARS-CoV,1.2780751329550188
TRAIT,CASSLEAGGTEAFF,Orf1ab,COVID-19 / SARS-CoV-2 / SARS-CoV,1.2453614964482118
TRAIT,CASSPQGASNQPQHF,Orf1ab,COVID-19 / SARS-CoV-2 / SARS-CoV,2.368244084758374
TRAIT,CASRWTENTEAFF,Orf1ab,COVID-19 / SARS-CoV-2 / SARS-CoV,-1.650677775657193
TRAIT,CASSLGTTQETQYF,Orf1ab,COVID-19 / SARS-CoV-2 / SARS-CoV,2.4121164713963346
TRAIT,CASSLTRAGELFF,NSP3,COVID-19 / SARS-CoV-2 / SARS-CoV,-1.067810836323433
TRAIT,CASSLTTDTQYF,NSP3,COVID-19 / SARS-CoV-2 / SARS-CoV,1.611780757035438
TRAIT,CASSEGGETQYF,Orf1ab,COVID-19 / SARS-CoV-2 / SARS-CoV,0.9421588135210228
TRAIT,CASSSPGEQFF,Orf1ab,COVID-19 / SARS-CoV-2 / SARS-CoV,-2.2539884976384523
TRAIT,CASSLGRSTGELFF,Orf1ab,COVID-19 / SARS-CoV-2 / SARS-CoV,0.8598798662062757
TRAIT,CASSLTGGNYGYTF,NSP3,COVID-19 / SARS-CoV-2 / SARS-CoV,0.5905075110577286
TRAIT,CASRDGTNYGYTF,Orf1ab,COVID-19 / SARS-CoV-2 / SARS-CoV,0.8667971770696173
TRAIT,CASSLAETYEQYF,Orf1ab,COVID-19 / SARS-CoV-2 / SARS-CoV,-2.3385245604864284
TRAIT,CASSSRLYNEQFF,Orf1ab,COVID-19 / SARS-CoV-2 / SARS-CoV,-3.666560847529112
TRAIT,CASSLYGSSYEQYF,Orf1ab,COVID-19 / SARS-CoV-2 / SARS-CoV,-1.3488344595398911
TRAIT,CASSLVGLSYNEQFF,Orf1ab,COVID-19 / SARS-CoV-2 / SARS-CoV,-3.038541591367694
TRAIT,CASSQGGRSTDTQYF,Orf1ab,COVID-19 / SARS-CoV-2 / SARS-CoV,1.44176990363802
TRAIT,CASSYGTGNQPQHF,Orf1ab,COVID-19 / SARS-CoV-2 / SARS-CoV,0.6265408071124258
TRAIT,CASSDRGTGELFF,Orf1ab,COVID-19 / SARS-CoV-2 / SARS-CoV,-1.949420241114688
TRAIT,CSASGTGSYEQYF,Orf1ab,COVID-19 / SARS-CoV-2 / SARS-CoV,0.7854669509796285
TRAIT,CASSLDRVSYNEQFF,Orf1ab,COVID-19 / SARS-CoV-2 / SARS-CoV,-1.5699090781356002
TRAIT,CASSLGGDEQFF,Orf1ab,COVID-19 / SARS-CoV-2 / SARS-CoV,-1.1717690032919204
TRAIT,CASSYRGGYEQYF,Orf1ab,COVID-19 / SARS-CoV-2 / SARS-CoV,-1.908105526015482
TRAIT,CASSLAGGSYEQYF,Orf1ab,COVID-19 / SARS-CoV-2 / SARS-CoV,1.484250992360645
TRAIT,CASSVGGYTGELFF,Orf1ab,COVID-19 / SARS-CoV-2 / SARS-CoV,1.589176969477344
TRAIT,CASSLGGGQPQHF,Orf1ab,COVID-19 / SARS-CoV-2 / SARS-CoV,0.6954400200068759
TRAIT,CASSPRDSLYEQYF,Orf1ab,COVID-19 / SARS-CoV-2 / SARS-CoV,-2.348592931859744
TRAIT,CASSPGRGDSPLHF,Orf1ab,COVID-19 / SARS-CoV-2 / SARS-CoV,1.0475462353073683
TRAIT,CASSYSLLNTEAFF,Orf1ab,COVID-19 / SARS-CoV-2 / SARS-CoV,-3.724817356241957
TRAIT,CASSLTGYNEQFF,Orf1ab,COVID-19 / SARS-CoV-2 / SARS-CoV,0.2257516952614418
TRAIT,CASSAPSYNEQFF,Orf1ab,COVID-19 / SARS-CoV-2 / SARS-CoV,-6.242137403671894
TRAIT,CASSTGSYEQYF,Orf1ab,COVID-19 / SARS-CoV-2 / SARS-CoV,-1.366362343599819
TRAIT,CASSLLGTEAFF,Orf1ab,COVID-19 / SARS-CoV-2 / SARS-CoV,-0.1239950422773727
TRAIT,CASSDRTTDTQYF,Orf1ab,COVID-19 / SARS-CoV-2 / SARS-CoV,-3.1408183116628865
TRAIT,CASSVAGSYNEQFF,Orf1ab,COVID-19 / SARS-CoV-2 / SARS-CoV,-0.649098518204933
TRAIT,CSVGDSNQPQHF,Orf1ab,COVID-19 / SARS-CoV-2 / SARS-CoV,1.1142134922197051
TRAIT,CASSPTSNEQFF,Orf1ab,COVID-19 / SARS-CoV-2 / SARS-CoV,-0.6209000410683514
TRAIT,CASSLGQSSYNEQFF,Orf1ab,COVID-19 / SARS-CoV-2 / SARS-CoV,0.9296949471568438
TRAIT,CASSLSGEYEQYF,Orf1ab,COVID-19 / SARS-CoV-2 / SARS-CoV,-3.2767306409667145
TRAIT,CASSLEGAGYEQYF,Orf1ab,COVID-19 / SARS-CoV-2 / SARS-CoV,-1.5556034625029196
TRAIT,CASSPGLAGDNEQFF,Orf1ab,COVID-19 / SARS-CoV-2 / SARS-CoV,-0.3166590136468966
TRAIT,CASSATGGTDTQYF,Orf1ab,COVID-19 / SARS-CoV-2 / SARS-CoV,0.9541270300624756
TRAIT,CASSLGSGGGETQYF,Orf1ab,COVID-19 / SARS-CoV-2 / SARS-CoV,1.1094839398111072
TRAIT,CASSYGLTDTQYF,Orf1ab,COVID-19 / SARS-CoV-2 / SARS-CoV,2.223580648129128
TRAIT,CASSLGPGQGYNEQFF,Orf1ab,COVID-19 / SARS-CoV-2 / SARS-CoV,2.8671572024705174
TRAIT,CASSLLAGSSYNEQFF,Orf1ab,COVID-19 / SARS-CoV-2 / SARS-CoV,0.7860771459721333
TRAIT,CASSGREAFF,Orf1ab,COVID-19 / SARS-CoV-2 / SARS-CoV,-3.2208250048213025
TRAIT,CASSQDRGGNQPQHF,Orf1ab,COVID-19 / SARS-CoV-2 / SARS-CoV,0.4408697835788868
TRAIT,CASSLVSGELFF,Orf1ab,COVID-19 / SARS-CoV-2 / SARS-CoV,-0.7244034170187061
TRAIT,CASSSESTDTQYF,Orf1ab,COVID-19 / SARS-CoV-2 / SARS-CoV,-1.830124470044564
TRAIT,CASSQEASYEQYF,Orf1ab,COVID-19 / SARS-CoV-2 / SARS-CoV,-5.910451519435693
TRAIT,CASSLNSNTEAFF,Orf1ab,COVID-19 / SARS-CoV-2 / SARS-CoV,0.6995140274868376
TRAIT,CASSPVSNTEAFF,Orf1ab,COVID-19 / SARS-CoV-2 / SARS-CoV,-2.4726349268041083
TRAIT,CASSLGSLNEQFF,Orf1ab,COVID-19 / SARS-CoV-2 / SARS-CoV,-1.3036352867390062
TRAIT,CSASRGTYEQYF,Orf1ab,COVID-19 / SARS-CoV-2 / SARS-CoV,-0.9428387680186748
TRAIT,CASSRRGTEAFF,Orf1ab,COVID-19 / SARS-CoV-2 / SARS-CoV,-1.510024300487551
TRAIT,CASSVAGGTDTQYF,Orf1ab,COVID-19 / SARS-CoV-2 / SARS-CoV,-1.9286855065624084
TRAIT,CASSPGQGGTEAFF,Orf1ab,COVID-19 / SARS-CoV-2 / SARS-CoV,0.3910280589412054
TRAIT,CASSPGASYNEQFF,Orf1ab,COVID-19 / SARS-CoV-2 / SARS-CoV,0.3991608649902769
TRAIT,CASSIRGSYNEQFF,Orf1ab,COVID-19 / SARS-CoV-2 / SARS-CoV,-2.66361273212078
TRAIT,CASSSLNTEAFF,Orf1ab,COVID-19 / SARS-CoV-2 / SARS-CoV,-0.5587201208481938
TRAIT,CASSLGSGAYNEQFF,Orf1ab,COVID-19 / SARS-CoV-2 / SARS-CoV,3.11061666872925
TRAIT,CASSLRGTDTQYF,Orf1ab,COVID-19 / SARS-CoV-2 / SARS-CoV,0.7784582063523757
TRAIT,CASSARGDTQYF,Orf1ab,COVID-19 / SARS-CoV-2 / SARS-CoV,0.7995993070225438
TRAIT,CASSLGGGADTQYF,Orf1ab,COVID-19 / SARS-CoV-2 / SARS-CoV,0.9550548081859545
TRAIT,CASSLTGISTDTQYF,Orf1ab,COVID-19 / SARS-CoV-2 / SARS-CoV,1.4696506543840773
TRAIT,CASSRDRGGEKLFF,Orf1ab,COVID-19 / SARS-CoV-2 / SARS-CoV,1.2484233277856531
TRAIT,CASSSGGRYEQYF,Orf1ab,COVID-19 / SARS-CoV-2 / SARS-CoV,1.5189609986232058
TRAIT,CASSVGQGNQPQHF,Orf1ab,COVID-19 / SARS-CoV-2 / SARS-CoV,0.2118782455957922
TRAIT,CASSLMGTEAFF,Orf1ab,COVID-19 / SARS-CoV-2 / SARS-CoV,-1.6547961262652806
TRAIT,CASSFSGGDTEAFF,Orf1ab,COVID-19 / SARS-CoV-2 / SARS-CoV,1.0303756892192122
TRAIT,CASSLAGPSYNEQFF,Orf1ab,COVID-19 / SARS-CoV-2 / SARS-CoV,0.7314448731420804
TRAIT,CASSLQGTGYGYTF,Orf1ab,COVID-19 / SARS-CoV-2 / SARS-CoV,-1.7117545418965676
TRAIT,CASSLLAGVSYNEQFF,Orf1ab,COVID-19 / SARS-CoV-2 / SARS-CoV,-1.179935709818376
TRAIT,CASSATSNQPQHF,Nucleocapsid,COVID-19 / SARS-CoV-2 / SARS-CoV,-1.0472674073642287
TRAIT,CASSPVSYNEQFF,Orf10,COVID-19 / SARS-CoV-2 / SARS-CoV,-2.306636308887306
TRAIT,CASSPPGGSSYEQYF,Orf14,COVID-19 / SARS-CoV-2 / SARS-CoV,-0.7476082125667707
TRAIT,CASSLGTGHGYTF,Orf14,COVID-19 / SARS-CoV-2 / SARS-CoV,-1.910581972532003
TRAIT,CASSLAGDSYNEQFF,Orf3,COVID-19 / SARS-CoV-2 / SARS-CoV,1.01644708205287
TRAIT,CASSLGGSEAFF,Orf3,COVID-19 / SARS-CoV-2 / SARS-CoV,-1.624993702121655
TRAIT,CASSLAGSTEAFF,Orf3,COVID-19 / SARS-CoV-2 / SARS-CoV,-0.4998210322989344
TRAIT,CASSLGAGGTEAFF,Orf3,COVID-19 / SARS-CoV-2 / SARS-CoV,-0.4750501237420476
TRAIT,CASSLNGGTEAFF,Orf3,COVID-19 / SARS-CoV-2 / SARS-CoV,1.1188402092692735
TRAIT,CASSLGQTEAFF,Orf3,COVID-19 / SARS-CoV-2 / SARS-CoV,-2.3985347343080075
TRAIT,CASSIGGTEAFF,Orf3,COVID-19 / SARS-CoV-2 / SARS-CoV,-3.537721141915448
TRAIT,CASSGTSGETQYF,Orf3,COVID-19 / SARS-CoV-2 / SARS-CoV,2.2769661594618693
TRAIT,CASSLGPADTQYF,Orf3,COVID-19 / SARS-CoV-2 / SARS-CoV,1.77950443797546
TRAIT,CASSLGSGGTEAFF,Orf3,COVID-19 / SARS-CoV-2 / SARS-CoV,0.5846916729559066
TRAIT,CASSLINTGELFF,Orf3,COVID-19 / SARS-CoV-2 / SARS-CoV,0.8757054110556578
TRAIT,CASSPSGYQPQHF,Orf3,COVID-19 / SARS-CoV-2 / SARS-CoV,-1.5604005482005605
TRAIT,CASSLGSSEAFF,Orf3,COVID-19 / SARS-CoV-2 / SARS-CoV,-3.833664887578657
TRAIT,CASSFGGSTEAFF,Orf3,COVID-19 / SARS-CoV-2 / SARS-CoV,-0.6085790902763059
TRAIT,CASSLGQGPYEQYF,Orf3,COVID-19 / SARS-CoV-2 / SARS-CoV,0.766340746331852
TRAIT,CASSLGSTEAFF,Orf3,COVID-19 / SARS-CoV-2 / SARS-CoV,-1.4146866927237505
TRAIT,CASSWTGSTEAFF,Orf3,COVID-19 / SARS-CoV-2 / SARS-CoV,-2.015662922787389
TRAIT,CASSPRSYEQYF,Orf7a,COVID-19 / SARS-CoV-2 / SARS-CoV,0.2913480170242825
TRAIT,CASSQVGTEAFF,Orf7a,COVID-19 / SARS-CoV-2 / SARS-CoV,-0.7749352293353751
TRAIT,CASSEGLNNEQFF,Orf7a,COVID-19 / SARS-CoV-2 / SARS-CoV,-2.287309553583256
TRAIT,CASSLRGTDYGYTF,Orf7b,COVID-19 / SARS-CoV-2 / SARS-CoV,-1.6177703382302937
TRAIT,CASSRGTATNEKLFF,Orf7b,COVID-19 / SARS-CoV-2 / SARS-CoV,1.439669498438507
TRAIT,CASKGLAGYNEQFF,Orf7b,COVID-19 / SARS-CoV-2 / SARS-CoV,-3.108712525019538
TRAIT,CASSLGGEGYEQYF,Orf8,COVID-19 / SARS-CoV-2 / SARS-CoV,-2.602756370039607
TRAIT,CASSLPNEQFF,Orf9b,COVID-19 / SARS-CoV-2 / SARS-CoV,-1.1631570460973446
TRAIT,CASSEGVNEQFF,Orf9b,COVID-19 / SARS-CoV-2 / SARS-CoV,-4.933255519309563
TRAIT,CASRSSGGNTGELFF,Envelope,COVID-19 / SARS-CoV-2 / SARS-CoV,3.072484610376395
TRAIT,CASSARANTEAFF,Envelope,COVID-19 / SARS-CoV-2 / SARS-CoV,-2.4470950995033443
TRAIT,CASSWTGMNTEAFF,M,COVID-19 / SARS-CoV-2 / SARS-CoV,-0.6439477639596177
TRAIT,CASSLGLAGAGELFF,M,COVID-19 / SARS-CoV-2 / SARS-CoV,0.7414042748941847
TRAIT,CASSTGQGARETQYF,M,COVID-19 / SARS-CoV-2 / SARS-CoV,3.2345783571624933
TRAIT,CASSLGTGDTDTQYF,M,COVID-19 / SARS-CoV-2 / SARS-CoV,-2.4472921225214663
TRAIT,CASSLTAAYEQYF,M,COVID-19 / SARS-CoV-2 / SARS-CoV,-1.4930145554004408
TRAIT,CASSEAGGGYEQYF,M,COVID-19 / SARS-CoV-2 / SARS-CoV,-2.143444016384811
TRAIT,CASSFTGDSYNEQFF,M,COVID-19 / SARS-CoV-2 / SARS-CoV,-1.3501820514628735
TRAIT,CASSAVSYNEQFF,M,COVID-19 / SARS-CoV-2 / SARS-CoV,-1.6402133202140394
TRAIT,CASSPLRENTEAFF,M,COVID-19 / SARS-CoV-2 / SARS-CoV,-0.883627522335427
TRAIT,CASSLDRGSEKLFF,Spike,COVID-19 / SARS-CoV-2 / SARS-CoV,1.327096165658351
TRAIT,CASTQGYNEQFF,Spike,COVID-19 / SARS-CoV-2 / SARS-CoV,-1.3241914409255822
TRAIT,CASSRGGGSYNEQFF,Spike,COVID-19 / SARS-CoV-2 / SARS-CoV,1.2625418608505532
TRAIT,CASSLFPTDTQYF,Spike,COVID-19 / SARS-CoV-2 / SARS-CoV,-3.33896715637817
TRAIT,CASSQDYNEQFF,Spike,COVID-19 / SARS-CoV-2 / SARS-CoV,-2.304786352479631
TRAIT,CASSRTGELFF,Spike,COVID-19 / SARS-CoV-2 / SARS-CoV,0.6393498473098893
TRAIT,CASSYGGVGNQPQHF,Spike,COVID-19 / SARS-CoV-2 / SARS-CoV,2.265944159249769
TRAIT,CASSLSAGTEAFF,Spike,COVID-19 / SARS-CoV-2 / SARS-CoV,-2.1529974806937164
TRAIT,CASSLDGATNEKLFF,Spike,COVID-19 / SARS-CoV-2 / SARS-CoV,0.8397537198124517
TRAIT,CASSEGGGYEQYF,Spike,COVID-19 / SARS-CoV-2 / SARS-CoV,-1.3491833206185486
TRAIT,CASSVGQGYEQYF,Spike,COVID-19 / SARS-CoV-2 / SARS-CoV,-1.3779498540118789
TRAIT,CASSLQVNTEAFF,Spike,COVID-19 / SARS-CoV-2 / SARS-CoV,1.1313581875181788
TRAIT,CASSPDSEQYF,Spike,COVID-19 / SARS-CoV-2 / SARS-CoV,1.778935107456696
TRAIT,CASSPPSGGNTGELFF,Spike,COVID-19 / SARS-CoV-2 / SARS-CoV,1.7420288416351806
TRAIT,CASSEVSYEQYF,Spike,COVID-19 / SARS-CoV-2 / SARS-CoV,-1.260035571140982
TRAIT,CASSLDAETQYF,Spike,COVID-19 / SARS-CoV-2 / SARS-CoV,1.0581516553758563
TRAIT,CASSPGTSGNEQFF,Spike,COVID-19 / SARS-CoV-2 / SARS-CoV,-0.6375666271724169
TRAIT,CASSDPGGTGELFF,Spike,COVID-19 / SARS-CoV-2 / SARS-CoV,1.6141640359019012
TRAIT,CASSWTANTEAFF,Spike,COVID-19 / SARS-CoV-2 / SARS-CoV,-0.3993653776956858
TRAIT,CASSLGSSNQPQHF,Spike,COVID-19 / SARS-CoV-2 / SARS-CoV,-0.6245735038354964
TRAIT,CASSYRGQPQHF,Spike,COVID-19 / SARS-CoV-2 / SARS-CoV,1.0262470299169837
TRAIT,CASSTGGGELFF,Spike,COVID-19 / SARS-CoV-2 / SARS-CoV,-3.601348570860968
TRAIT,CASSLGTGDEKLFF,Spike,COVID-19 / SARS-CoV-2 / SARS-CoV,0.7071869527717544
TRAIT,CASSSGTGIYNEQFF,Spike,COVID-19 / SARS-CoV-2 / SARS-CoV,2.0812508057666324
TRAIT,CASSEGGTYEQYF,Spike,COVID-19 / SARS-CoV-2 / SARS-CoV,-1.7722387396133512
TRAIT,CASSLGTGYEQYF,Spike,COVID-19 / SARS-CoV-2 / SARS-CoV,-0.5036465036780092
TRAIT,CASSQDRDYEQYF,Spike,COVID-19 / SARS-CoV-2 / SARS-CoV,-1.971677025559956
TRAIT,CASSLTLNTEAFF,Spike,COVID-19 / SARS-CoV-2 / SARS-CoV,0.4893505154156775
TRAIT,CASSLLGSYNEQFF,Spike,COVID-19 / SARS-CoV-2 / SARS-CoV,-0.6676778058902127
TRAIT,CASSPGTSGGYNEQFF,Spike,COVID-19 / SARS-CoV-2 / SARS-CoV,0.6754304228122664
TRAIT,CASSILAGGNTGELFF,Spike,COVID-19 / SARS-CoV-2 / SARS-CoV,-1.2883130802725078
TRAIT,CASSQVAGYEQYF,Spike,COVID-19 / SARS-CoV-2 / SARS-CoV,-1.756970543860345
TRAIT,CASSEGQGPYEQYF,Spike,COVID-19 / SARS-CoV-2 / SARS-CoV,-2.5750747549750552
TRAIT,CASSQDRASYNEQFF,Spike,COVID-19 / SARS-CoV-2 / SARS-CoV,1.277905295539528
TRAIT,CASSSSGYNEQFF,Spike,COVID-19 / SARS-CoV-2 / SARS-CoV,-0.8786350639667229
TRAIT,CASSQVYNEQFF,Spike,COVID-19 / SARS-CoV-2 / SARS-CoV,-1.3136699724513563
TRAIT,CASSLTSGYEQYF,Spike,COVID-19 / SARS-CoV-2 / SARS-CoV,-0.579557994344314
TRAIT,CASSLETGYEQYF,Spike,COVID-19 / SARS-CoV-2 / SARS-CoV,-1.4079335090416607
TRAIT,CASSPRGPSTDTQYF,Spike,COVID-19 / SARS-CoV-2 / SARS-CoV,-0.8002945093457219
TRAIT,CASSPGDSYNEQFF,Spike,COVID-19 / SARS-CoV-2 / SARS-CoV,-1.9691478473019488
TRAIT,CASSLAGNTIYF,Spike,COVID-19 / SARS-CoV-2 / SARS-CoV,0.5503388261751503
TRAIT,CASSLGTASTDTQYF,NSP3,COVID-19 / SARS-CoV-2 / SARS-CoV,1.0897977623861834
TRAIT,CASSDGQGGYGYTF,Orf1ab,COVID-19 / SARS-CoV-2 / SARS-CoV,-1.1003600360608825
TRAIT,CASSTGSNTGELFF,Nucleocapsid,COVID-19 / SARS-CoV-2 / SARS-CoV,1.3024995170870546
TRAIT,CASSLNPNTEAFF,Nucleocapsid,COVID-19 / SARS-CoV-2 / SARS-CoV,-0.673847301041953
TRAIT,CASSLSGSYEQYF,Nucleocapsid,COVID-19 / SARS-CoV-2 / SARS-CoV,0.7151004946590495
TRAIT,CASSSGQGFTDTQYF,CLSTN1,Human (Homo sapiens),1.8793467575750256
TRAIT,CASSPGQRETQYF,FCGRT,Human (Homo sapiens),1.596515636560504
TRAIT,CASSDRSYNEQFF,KBTBD3,Human (Homo sapiens),-4.089521046357183
TRAIT,CASSTRSSYEQYF,M1,Influenza,-2.88400548878444
TRAIT,CASSIRSAYEQYF,M1,Influenza,-3.335188824703122
TRAIT,CASSIRASYEQYF,M1,Influenza,-2.6709731744591467
TRAIT,CSALSGNTIYF,IE1,Cytomegalovirus (CMV),1.1868364226149497
TRAIT,CASSQGAYGYTF,M1,Influenza,-0.6181956209186749
TRAIT,CASSGRSTDTQYF,M1,Influenza,-1.3280813826016915
TRAIT,CASSIRSSYEQYF,M1,Influenza,1.4066494386838515
TRAIT,CASSLELASYEQYF,IE1,Cytomegalovirus (CMV),-1.4370450585894532
TRAIT,CASSSRSTGELFF,M1,Influenza,-3.5520637565389364
TRAIT,CASSLSSGTYEQYF,EBNA3B,EBV,-1.0067244024440307
TRAIT,CASSIGYYGYTF,M1,Influenza,-5.749923402312119
TRAIT,CASSLFGGTYEQYF,IE1,Cytomegalovirus (CMV),-3.157855763844511
TRAIT,CASSYGVGQPQHF,MLANA,Cancer/Self antigen,-0.7459428628661584
TRAIT,CASSVGGTDTQYF,BZLF1,EBV,-0.4966730915263652
TRAIT,CASSYGTEAFF,EBNA3B,EBV,-2.8973820002779584
TRAIT,CASSGRSTGELFF,M1,Influenza,-3.2852334937814605
TRAIT,CASSWGAYGYTF,M1,Influenza,1.5389870532441745
TRAIT,CASSIGVYGYTF,M1,Influenza,-3.6814863176108754
TRAIT,CASSFSGNTGELFF,BZLF1,EBV,0.9479901809709192
TRAIT,CATSTGDSNQPQHF,IE1,Cytomegalovirus (CMV),-1.3221899757171474
TRAIT,CASSLGFTDTQYF,EBNA3B,EBV,1.887208235410774
TRAIT,CASSVRSSYEQYF,M1,Influenza,-2.0439343262092087
TRAIT,CASSRTGTSYEQYF,EBNA3B,EBV,-0.7226644462587304
TRAIT,CASSIGLYGYTF,M1,Influenza,-3.6820122472444767
TRAIT,CASSLFGGTYEQYF,EBNA3B,EBV,-3.157855763844511
TRAIT,CASSLGGPYNEQFF,IE1,Cytomegalovirus (CMV),0.4842256723265259
TRAIT,CASSQGYNEQFF,IE1,Cytomegalovirus (CMV),-1.232248701033547
TRAIT,CASSVVSGANVLTF,IE1,Cytomegalovirus (CMV),-1.0914725496409683
TRAIT,CASSFGQGAEKLFF,M1,Influenza,1.0916406087848995
TRAIT,CASKEGNQPQHF,IE1,Cytomegalovirus (CMV),-1.4355675005737902
TRAIT,CASSLGSAEAFF,IE1,Cytomegalovirus (CMV),-3.4158992176991805
TRAIT,CASSLQGGNEQFF,LMP2,EBV,1.7246418376804613
TRAIT,CASSFGTGGYEQYF,IE1,Cytomegalovirus (CMV),-1.3234640439102012
TRAIT,CASSFGEQFF,M1,Influenza,-4.041263976948441
TRAIT,CASSAGAYGYTF,M1,Influenza,-2.2342342009012666
TRAIT,CASSPSSYEQYF,IE1,Cytomegalovirus (CMV),1.413204228368093
TRAIT,CASSIGSYGYTF,M1,Influenza,-2.973559942783509
TRAIT,CASSPGLGSPLHF,IE1,Cytomegalovirus (CMV),-1.057485757233683
TRAIT,CASSVSMNTEAFF,IE1,Cytomegalovirus (CMV),-0.6483768003068555
TRAIT,CASSARSSYEQYF,M1,Influenza,-1.6987064789345947
TRAIT,CASSSRSGETQYF,M1,Influenza,1.0495348238524618
TRAIT,CASSLSQGGNEQFF,MLANA,Cancer/Self antigen,2.432192026041365
TRAIT,CASSPGQGITGELFF,IE1,Cytomegalovirus (CMV),1.4039047526466344
TRAIT,CASSLGPNTEAFF,IE1,Cytomegalovirus (CMV),1.4186164106874917
TRAIT,CASSLGFTDTQYF,IE1,Cytomegalovirus (CMV),1.887208235410774
TRAIT,CASSLDGSNQPQHF,IE1,Cytomegalovirus (CMV),0.7799723724059711
TRAIT,CASSQRSTGELFF,M1,Influenza,1.006822858696249
TRAIT,CASSLSGYEQYF,EBNA3B,EBV,1.1487240281262403
TRAIT,CASSPPVGNEQFF,EBNA3A,EBV,1.425244874017554
TRAIT,CASSFGQGGEKLFF,M1,Influenza,0.9267709597108088
TRAIT,CASSPMGDTQYF,IE1,Cytomegalovirus (CMV),0.6840707791820577
TRAIT,CASSYGRAYEQYF,IE1,Cytomegalovirus (CMV),-1.8386164820418287
TRAIT,CASSSISGNTIYF,IE1,Cytomegalovirus (CMV),-0.8015731444427141
TRAIT,CASSPRGLSSYEQYF,IE1,Cytomegalovirus (CMV),-2.622308938755567
TRAIT,CASSLEGQGGSPLHF,MLANA,Cancer/Self antigen,0.7931682231948355
TRAIT,CASSSTGGYEQYF,IE1,Cytomegalovirus (CMV),-0.7947246160901119
TRAIT,CASSQGNYGYTF,M1,Influenza,1.661478953642819
TRAIT,CASSLTANYGYTF,IE1,Cytomegalovirus (CMV),0.2844231232802005
TRAIT,CASRGRSYNEQFF,IE1,Cytomegalovirus (CMV),-2.3267639734158463
TRAIT,CASSMRSTGELFF,M1,Influenza,-2.161050935842372
TRAIT,CASSYGTGGTYEQYF,IE1,Cytomegalovirus (CMV),-2.871056096002799
TRAIT,CASSYGTSGYNEQFF,PROTEINE7,HPV,-1.7068450615583464
TRAIT,CASTQGANTEAFF,IE1,Cytomegalovirus (CMV),-0.857942601324563
TRAIT,CASSLERGNTEAFF,IE1,Cytomegalovirus (CMV),0.3518419462150205
TRAIT,CSARQGAEAFF,MLANA,Cancer/Self antigen,-2.7934649961084883
TRAIT,CASSIRAAYEQYF,EBNA3B,EBV,-6.071814200823582
TRAIT,CASSSPNQETQYF,EBNA3B,EBV,1.7059058109486438
TRAIT,CASSLGILYEQYF,IE1,Cytomegalovirus (CMV),2.3246199391315585
TRAIT,CASSLTFSGANVLTF,BZLF1,EBV,1.872503841738408
TRAIT,CASKTGVNTEAFF,IE1,Cytomegalovirus (CMV),-1.6977761861517662
TRAIT,CASSIRSTGELFF,M1,Influenza,-2.627699312335356
TRAIT,CASSLSGRPYEQYF,BZLF1,EBV,-2.279040398709674
TRAIT,CASSLGGTDTQYF,EBNA3B,EBV,1.6766998389028098
TRAIT,CASSQGTVNTEAFF,IE1,Cytomegalovirus (CMV),0.887750500643106
TRAIT,CASSLLADYNEQFF,EBNA3B,EBV,-2.1981144512437334
TRAIT,CASSLTGLGQPQHF,MLANA,Cancer/Self antigen,-3.384082383173187
TRAIT,CASSIRSSYEQYF,IE1,Cytomegalovirus (CMV),1.4066494386838515
TRAIT,CASSMGSYGYTF,M1,Influenza,-4.620978888541455
TRAIT,CASSPGTDYGYTF,BZLF1,EBV,1.1757773015534116
TRAIT,CASSLAGYTGELFF,IE1,Cytomegalovirus (CMV),1.1987605633820362
TRAIT,CASSLSGYEQYF,IE1,Cytomegalovirus (CMV),1.1487240281262403
TRAIT,CASSISGSSYNEQFF,IE1,Cytomegalovirus (CMV),0.7181959096234286
TRAIT,CASSFSGNTGELFF,EBNA3B,EBV,0.9479901809709192
TRAIT,CASSINSNQPQHF,M1,Influenza,0.5438261953496789
TRAIT,CASSPDTGELFF,IE1,Cytomegalovirus (CMV),0.4903135150466897
TRAIT,CASSTRSAYEQYF,M1,Influenza,-3.9761046451931072
TRAIT,CASSPGGGASYEQYF,BCL2L1,Cancer/Self antigen,-3.67570064557324
TRAIT,CATGTGDSNQPQHF,EBNA3B,EBV,-2.271181208853487
TRAIT,CASSPGTGPNQPQHF,M1,Influenza,2.1384676524062325
TRAIT,CASSLFHEQYF,EBNA3A,EBV,1.4733746019388994
TRAIT,CASSQDRGDEQFF,BZLF1,EBV,-0.8969690468628868
TRAIT,CASKGTDTQYF,IE1,Cytomegalovirus (CMV),-0.7133041684491175
TRAIT,CASSIRSTGELFF,EBNA3B,EBV,-2.627699312335356
TRAIT,CASSEQGYEQYF,EBNA3B,EBV,1.751102865197231
TRAIT,CASSVRSTGELFF,M1,Influenza,-2.2227256944777265
TRAIT,CASGTSGAYEQYF,IE1,Cytomegalovirus (CMV),0.8697178781814493
TRAIT,CASSYGGGTEAFF,EBNA3B,EBV,-1.9941626202524536
TRAIT,CASSEAGGRETQYF,IE1,Cytomegalovirus (CMV),2.100046163433795
TRAIT,CASSEGQGWTEAFF,IE1,Cytomegalovirus (CMV),-2.0400706227351044
TRAIT,CASSVSMNTEAFF,EBNA3B,EBV,-0.6483768003068555
TRAIT,CASSHRSTDTQYF,M1,Influenza,-1.6206988392015154
TRAIT,CASSQGTGNTEAFF,IE1,Cytomegalovirus (CMV),-0.4638216957977492
TRAIT,CASSLTGGAEAFF,MLANA,Cancer/Self antigen,-0.9123543258761968
TRAIT,CASSIRSQETQYF,M1,Influenza,-2.012864255076124
TRAIT,CASSIRGAYEQYF,M1,Influenza,1.2265555439995557
TRAIT,CASSPLAGVSDTQYF,BMLF1,EBV,1.944540517864804
TRAIT,CASRTSGGAYNEQFF,IE1,Cytomegalovirus (CMV),1.2945249890554962
TRAIT,CASSKQGATEAFF,IE1,Cytomegalovirus (CMV),1.3102871654473178
TRAIT,CASSLGQGASQPQHF,BMLF1,EBV,-0.490117042417023
TRAIT,CASSLGGTVEAFF,IE1,Cytomegalovirus (CMV),-1.898966377234079
TRAIT,CASSPGRVYGYTF,M1,Influenza,-2.662736234357539
TRAIT,CASSFGGRNTEAFF,IE1,Cytomegalovirus (CMV),1.448183651440048
TRAIT,CASSTGVYGYTF,M1,Influenza,-0.537382748510829
TRAIT,CASSLSGYEQYF,EBNA3A,EBV,1.1487240281262403
TRAIT,CASSVAPDTQYF,IE1,Cytomegalovirus (CMV),-3.115495060190468
TRAIT,CASSTGSYGYTF,M1,Influenza,-0.4689280433366576
TRAIT,CASSDRSGNTIYF,M1,Influenza,0.9176745415350788
TRAIT,CASSLGTSGSSYEQYF,EBNA3B,EBV,-0.8820599701322929
TRAIT,CASSLGGLGQPQHF,MLANA,Cancer/Self antigen,0.891894136666069
TRAIT,CASSQRSSYEQYF,M1,Influenza,-2.551159418875468
TRAIT,CASSVGGTGVYEQYF,IE1,Cytomegalovirus (CMV),1.6483150625865872
TRAIT,CASSSLAGGRDEQFF,IE1,Cytomegalovirus (CMV),4.172048304093444
TRAIT,CASSIYSNQPQHF,M1,Influenza,-1.245021987842958
TRAIT,CASSFRGTEAFF,IE1,Cytomegalovirus (CMV),-0.2168220601864036
TRAIT,CASSFRSSYEQYF,M1,Influenza,-1.940587077381679
TRAIT,CASSPTGLEAFF,IE1,Cytomegalovirus (CMV),-2.4776412300500463
TRAIT,CASRRQGNEKLFF,IE1,Cytomegalovirus (CMV),2.259549938141875
TRAIT,CATSTGDSNQPQHF,EBNA3B,EBV,-1.3221899757171474
TRAIT,CASSISSTGELFF,M1,Influenza,-2.2376779302059564
TRAIT,CASSIGTYGYTF,M1,Influenza,-2.777014165470181
TRAIT,CASSLWDNTEAFF,IE1,Cytomegalovirus (CMV),-3.7493438831687858
TRAIT,CASSLSLAGELFF,MLANA,Cancer/Self antigen,-1.534461459042289
TRAIT,CASSSTGVGYTF,IE1,Cytomegalovirus (CMV),0.8297615297574681
TRAIT,CASSGLAGLNEQFF,M1,Influenza,-2.8300083846704887
TRAIT,CASSPPGGGNTGELFF,EBNA3B,EBV,1.7538346436700678
TRAIT,CASSPSGGDYNEQFF,IE1,Cytomegalovirus (CMV),-3.9606409870216375
TRAIT,CASSYGLNQPQHF,MLANA,Cancer/Self antigen,-2.179067612640998
TRAIT,CASSEGDTDTQYF,IE1,Cytomegalovirus (CMV),-4.675718338433965
TRAIT,CASSLGGQGSNEQFF,IE1,Cytomegalovirus (CMV),2.113707581551864
TRAIT,CASSFKSSGNTIYF,IE1,Cytomegalovirus (CMV),-2.431325928608871
TRAIT,CASSQGQGATEAFF,IE1,Cytomegalovirus (CMV),-1.0662684327519605
TRAIT,CASSQRSTDTQYF,M1,Influenza,-0.7290668571815668
TRAIT,CASSLGTSGRETQYF,IE1,Cytomegalovirus (CMV),0.721438578167182
TRAIT,CASSFGVTYEQYF,IE1,Cytomegalovirus (CMV),-1.841461658685437
TRAIT,CASSLTGEGSPLHF,IE1,Cytomegalovirus (CMV),0.6455607137490068
TRAIT,CASSLDRSYEQYF,IE1,Cytomegalovirus (CMV),0.403611396996734
TRAIT,CASSLGNQPQHF,EBNA3B,EBV,1.4091091144424706
TRAIT,CASSEGWGYTF,IE1,Cytomegalovirus (CMV),-2.136818572921363
TRAIT,CASSLETANTEAFF,Gag,HIV / Human immunodeficiency virus (HIV),-1.8262341348473417
TRAIT,CASSLSWNQPQHF,MLANA,Cancer/Self antigen,-1.1319559160612394
TRAIT,CASSLGGSSYNEQFF,IE1,Cytomegalovirus (CMV),1.6513453051683868
TRAIT,CASSFGQGGEQYF,IE1,Cytomegalovirus (CMV),1.6748303281996813
TRAIT,CASGIYNEQFF,IE1,Cytomegalovirus (CMV),-1.2092219678127631
TRAIT,CASSLVGGEQYF,IE1,Cytomegalovirus (CMV),0.5637356636432216
TRAIT,CASRHSYEQYF,IE1,Cytomegalovirus (CMV),-3.9150017093406073
TRAIT,CASSLGETQYF,MLANA,Cancer/Self antigen,2.055213647520372
TRAIT,CASSPPGGNEQFF,EBNA3B,EBV,0.4418473727261134
TRAIT,CASSLGTAYEQYF,IE1,Cytomegalovirus (CMV),0.3965990708067713
TRAIT,CASSAGSYGYTF,M1,Influenza,-0.8577108898110352
TRAIT,CASSFSGNTGELFF,M1,Influenza,0.9479901809709192
TRAIT,CASSQGSYGYTF,M1,Influenza,0.3566841855920545
TRAIT,CASSLGSAEAFF,EBNA3B,EBV,-3.4158992176991805
TRAIT,CASSPTGSSYEQYF,EBNA3B,EBV,-0.5218742793418797
TRAIT,CASSLAGGYTEAFF,EBNA3A,EBV,0.352827657472923
TRAIT,CASSMRSSYEQYF,M1,Influenza,-4.29812063678923
TRAIT,CASSSGTAAYEQYF,EBNA3B,EBV,-0.9629714619349944
TRAIT,CASSPEGDEQFF,IE1,Cytomegalovirus (CMV),1.411994757693014
TRAIT,CASSFGGYEQYF,IE1,Cytomegalovirus (CMV),-0.3207826063357599
TRAIT,CASSPRGEKLFF,IE1,Cytomegalovirus (CMV),0.6191183662207457
TRAIT,CASSFSGNTGELFF,IE1,Cytomegalovirus (CMV),0.9479901809709192
TRAIT,CASSLGPDNEQFF,IE1,Cytomegalovirus (CMV),1.1030617171024106
TRAIT,CASSIRSTDTQYF,M1,Influenza,-1.5729775615351214
TRAIT,CSATDSYEQYF,IE1,Cytomegalovirus (CMV),-1.370205382746765
TRAIT,CASSLTSGNTEAFF,EBNA3B,EBV,0.7297567842833595
TRAIT,CASSQDGGYYGYTF,IE1,Cytomegalovirus (CMV),-3.564028656340726
TRAIT,CASSPLAGVTDTQYF,EBNA3B,EBV,-1.419248994887552
TRAIT,CASSRSTEAFF,IE1,Cytomegalovirus (CMV),-1.0451208716827307
TRAIT,CASSLGFTDTQYF,EBNA3A,EBV,1.887208235410774
TRAIT,CSASGLAAYNEQFF,IE1,Cytomegalovirus (CMV),-2.342076689985182
TRAIT,CASSTRSAYEQYF,EBNA3B,EBV,-3.9761046451931072
TRAIT,CASSLGGGQETQYF,IE1,Cytomegalovirus (CMV),1.4100088318085482
TRAIT,CASSLGQINEQFF,IE1,Cytomegalovirus (CMV),-1.4821283155156997
TRAIT,CASSPGPMNTEAFF,EBNA3B,EBV,-1.25841216227272
TRAIT,CASSIRSNQPQHF,M1,Influenza,-0.6415659130516287
TRAIT,CASSLDPGEQYF,IE1,Cytomegalovirus (CMV),-2.759376526757908
TRAIT,CASSPQGGNYGYTF,LMP2,EBV,0.3276749537440096
TRAIT,CASSLQGGNYGYTF,LMP2,EBV,1.185123323765449
TRAIT,CASSTGTLYGYTF,M1,Influenza,0.680999441970654
TRAIT,CASSRGQINQPQHF,IE1,Cytomegalovirus (CMV),-1.4073762538151122
TRAIT,CASSLGQGPYEQYF,IE1,Cytomegalovirus (CMV),0.766340746331852
TRAIT,CASSIRSSYEQYF,EBNA3B,EBV,1.4066494386838515
TRAIT,CASSQGQGNTEAFF,EBNA3B,EBV,1.1802041278672606
TRAIT,CASSPTGVGQPQHF,MLANA,Cancer/Self antigen,-1.9090183710888369
TRAIT,CASSIGAYGYTF,M1,Influenza,-3.8932164357261545
TRAIT,CASRDLSSYEQYF,Gag,HIV / Human immunodeficiency virus (HIV),-3.733284528034235
TRAIT,CASSQGTGGTEAFF,IE1,Cytomegalovirus (CMV),0.6124719454476946
TRAIT,CASSSGFGQPQHF,MLANA,Cancer/Self antigen,-2.449802727481399
TRAIT,CASSAAGSTDTQYF,IE1,Cytomegalovirus (CMV),-1.9427902187049784
TRAIT,CASSLEGPYEQYF,IE1,Cytomegalovirus (CMV),-0.7120211371726999
TRAIT,CASSYLAGSTDTQYF,IE1,Cytomegalovirus (CMV),-1.8667766557842096
TRAIT,CASSYRSTDTQYF,M1,Influenza,-1.4556697274123378
TRAIT,CASSIRSNTEAFF,M1,Influenza,-1.947558760462008
TRAIT,CASSLTFNTEAFF,EBNA3B,EBV,-1.2623019427033817
TRAIT,CASSVGLAGSNEQFF,EBNA3B,EBV,-1.0724379886549769
TRAIT,CATSREEGDGYTF,IE1,Cytomegalovirus (CMV),1.321363563169908
TRAIT,CASAGGNQPQHF,IE1,Cytomegalovirus (CMV),-1.2262918756406922
TRAIT,CASSLGGARNTEAFF,IE1,Cytomegalovirus (CMV),2.8436684327449497
TRAIT,CASSPSSYEQYF,EBNA3B,EBV,1.413204228368093
TRAIT,CASSLGDSSYEQYF,BZLF1,EBV,-0.9016135719335914
TRAIT,CASSQGQGGEQYF,IE1,Cytomegalovirus (CMV),-0.4980522324791012
TRAIT,CASSLLNEQFF,MLANA,Cancer/Self antigen,0.3264074699659424
TRAIT,CASSQAPGETQYF,EBNA3B,EBV,-1.4395888762822395
TRAIT,CASSFLAGGPYNEQFF,BCL2L1,Cancer/Self antigen,-2.2914501551204234
TRAIT,CASSPGGAEAFF,IE1,Cytomegalovirus (CMV),-1.543793773629908
TRAIT,CASSPGQSSGNTIYF,IE1,Cytomegalovirus (CMV),0.5176674691224485
TRAIT,CASSLSRGNTEAFF,EBNA3B,EBV,-0.398844902554248
TRAIT,CASSPGDIQYF,IE1,Cytomegalovirus (CMV),-1.75018473159715
TRAIT,CASSFGGGTGELFF,IE1,Cytomegalovirus (CMV),0.7735121350328515
TRAIT,CASSRTLNTEAFF,IE1,Cytomegalovirus (CMV),0.6397466296377188
TRAIT,CASSFGSYGYTF,M1,Influenza,1.015933371390036
TRAIT,CASSPAGGTDTQYF,IE1,Cytomegalovirus (CMV),-0.5664578391677356
TRAIT,CASSLVAGELFF,IE1,Cytomegalovirus (CMV),-0.3859638205827021
TRAIT,CASSLGRTNQPQHF,M1,Influenza,1.3270992004739504
TRAIT,CASSEQGYEQYF,IE1,Cytomegalovirus (CMV),1.751102865197231
TRAIT,CASSTRTDTQYF,EBNA3B,EBV,0.2920915877044489
TRAIT,CASSFGGPQETQYF,BZLF1,EBV,-2.339606722673273
TRAIT,CASSPGQGSYGYTF,IE1,Cytomegalovirus (CMV),0.9557674720727524
TRAIT,CASSFAGSYEQYF,IE1,Cytomegalovirus (CMV),-1.338982841843227
TRAIT,CASSDSSNYGYTF,IE1,Cytomegalovirus (CMV),-2.2426358885557462
TRAIT,CASSPQGLGQPQHF,MLANA,Cancer/Self antigen,-1.825479223831051
TRAIT,CASSYYSNQPQHF,M1,Influenza,-1.5111441355417283
TRAIT,CAISTGDSNQPQHF,IE1,Cytomegalovirus (CMV),-1.0617726379713148
TRAIT,CASRADSYNEQFF,IE1,Cytomegalovirus (CMV),-0.7420666448883639
TRAIT,CASSLGGASNYGYTF,IE1,Cytomegalovirus (CMV),1.2738097880143346
TRAIT,CSASAGNQPQHF,MLANA,Cancer/Self antigen,-1.5233008101080472
TRAIT,CASSVGGRTGELFF,PMEL,Cancer/Self antigen,1.5437728390774057
TRAIT,CASSYGRAYEQYF,EBNA3A,EBV,-1.8386164820418287
TRAIT,CASSPRSTDTQYF,EBNA3B,EBV,0.6524873507898818
TRAIT,CASSEGQGNYGYTF,IE1,Cytomegalovirus (CMV),0.3568265584188246
TRAIT,CASSLAASYEQYF,IE1,Cytomegalovirus (CMV),-1.3397975771445143
TRAIT,CASSLGTGGSYEQYF,IE1,Cytomegalovirus (CMV),-0.3583731367659716
TRAIT,CASSLQGYNEQFF,M1,Influenza,-0.6033481609870386
TRAIT,CASSLLNQPQHF,IE1,Cytomegalovirus (CMV),1.2070266714851423
TRAIT,CASSYRDRGYGYTF,IE1,Cytomegalovirus (CMV),0.4896157363507752
TRAIT,CASSQNSPLHF,EBNA3B,EBV,0.7311339710017221
TRAIT,CASSRGQINQPQHF,EBNA3B,EBV,-1.4073762538151122
TRAIT,CASSLGTGFGYTF,EBNA3B,EBV,-0.740147841736566
TRAIT,CASSVRSSYEQYF,EBNA3B,EBV,-2.0439343262092087
TRAIT,CASRAGGSYEQYF,IE1,Cytomegalovirus (CMV),-0.6183158306051485
TRAIT,CASSLGINTEAFF,MLANA,Cancer/Self antigen,-0.4527302566364685
TRAIT,CASSPLAGVSDTQYF,IE1,Cytomegalovirus (CMV),1.944540517864804
TRAIT,CASSARSTGELFF,M1,Influenza,1.3731441055174312
TRAIT,CASSLGTLAKNIQYF,HTLV1,HTLV-1,-1.7057668564130473
TRAIT,CASSPTSNTEAFF,IE1,Cytomegalovirus (CMV),-0.8032090075497271
TRAIT,CASSRSSYEQYF,EBNA3B,EBV,0.934470143070131
TRAIT,CASSPRGQSYEQYF,M1,Influenza,1.1185839494493055
TRAIT,CASSFRLAGTGELFF,MLANA,Cancer/Self antigen,2.0453244662623926
TRAIT,CASSLGTGDGYTF,MLANA,Cancer/Self antigen,-0.323589558776608
TRAIT,CASSLQGIGNTIYF,MLANA,Cancer/Self antigen,1.066202670291975
TRAIT,CASSSGQMNTEAFF,IE1,Cytomegalovirus (CMV),1.0509776553266346
TRAIT,CASSPPGIYGYTF,IE1,Cytomegalovirus (CMV),-2.0667296055206084
TRAIT,CASSPSGQPQHF,EBNA3B,EBV,0.6775609505678668
TRAIT,CASRGAGELFF,IE1,Cytomegalovirus (CMV),0.3594413086947862
TRAIT,CASSLGDNTEAFF,IE1,Cytomegalovirus (CMV),-0.8531121681316437
TRAIT,CASSIGIYGYTF,M1,Influenza,-4.603089993005536
TRAIT,CASSFSGANVLTF,EBNA3B,EBV,1.3938214880457738
TRAIT,CASSLAGAGTEAFF,Gag,HIV / Human immunodeficiency virus (HIV),0.6157815018761629
TRAIT,CASSYGQGTGELFF,IE1,Cytomegalovirus (CMV),-1.9361972482964247
TRAIT,CASSPLGAKNIQYF,IE1,Cytomegalovirus (CMV),-1.0578310960567845
TRAIT,CASSGLAGVTDTQYF,EBNA3B,EBV,-1.9671496190700792
TRAIT,CASSLGQGPYEQYF,EBNA3B,EBV,0.766340746331852
TRAIT,CASSYGTGQPQHF,MLANA,Cancer/Self antigen,-3.422222517666724
TRAIT,CASSQDPGDEQFF,IE1,Cytomegalovirus (CMV),-5.9377683391433145
TRAIT,CASSTGTEAFF,IE1,Cytomegalovirus (CMV),-2.8720490796120863
TRAIT,CASSPSSSYEQYF,BZLF1,EBV,-2.014706298192008
TRAIT,CASSPQGSGANVLTF,IE1,Cytomegalovirus (CMV),1.021127183388657
TRAIT,CASSSGTSGAYEQYF,IE1,Cytomegalovirus (CMV),-1.9842231483269608
TRAIT,CASSSPETQYF,IE1,Cytomegalovirus (CMV),0.5979845098732479
TRAIT,CASAGNTEAFF,IE1,Cytomegalovirus (CMV),-1.8095461880307475
TRAIT,CASSVGLSYEQYF,EBNA3B,EBV,-2.805380271661998
TRAIT,CASSPPGGGNTGELFF,BZLF1,EBV,1.7538346436700678
TRAIT,CASSLGGNNEQFF,IE1,Cytomegalovirus (CMV),0.8490185364172446
TRAIT,CASSSTDTQYF,IE1,Cytomegalovirus (CMV),1.675110083706785
TRAIT,CASSQELSYEQYF,IE1,Cytomegalovirus (CMV),-2.3890650778930635
TRAIT,CASSRLTSTDTQYF,IE1,Cytomegalovirus (CMV),-1.3717985997712954
TRAIT,CASSPGGHQPQHF,IE1,Cytomegalovirus (CMV),-1.6765369027817711
TRAIT,CASSSQGFEQYF,EBNA3B,EBV,2.049039751932166
TRAIT,CASSLGKNEQFF,IE1,Cytomegalovirus (CMV),-5.843440064425771
TRAIT,CASSYSGNTGELFF,IE1,Cytomegalovirus (CMV),0.5352783445057148
TRAIT,CASSLSGYEQYF,BZLF1,EBV,1.1487240281262403
TRAIT,CASSLRSSYEQYF,M1,Influenza,-1.0962133328240429
TRAIT,CASSFGQGANTEAFF,IE1,Cytomegalovirus (CMV),-1.234388202216024
TRAIT,CASSSGANYGYTF,IE1,Cytomegalovirus (CMV),0.7282935809736075
TRAIT,CASSSTDTQYF,MLANA,Cancer/Self antigen,1.675110083706785
TRAIT,CASSLGQGRNEQFF,IE1,Cytomegalovirus (CMV),-0.6414207525602509
TRAIT,CASRDGELFF,M1,Influenza,0.9707743441719028
TRAIT,CASSPGGLNEKLFF,IE1,Cytomegalovirus (CMV),-1.0722771065244363
TRAIT,CASSFLAGGYNEQFF,IE1,Cytomegalovirus (CMV),-0.6128000784875594
TRAIT,CASSLRLAGVGETQYF,IE1,Cytomegalovirus (CMV),3.732455594121984
TRAIT,CASSTRSTGELFF,M1,Influenza,-3.262922595935853
TRAIT,CASSLSGAGNTIYF,IE1,Cytomegalovirus (CMV),-0.6528280212594054
TRAIT,CASSPGPGELFF,BZLF1,EBV,0.4656568183487075
TRAIT,CASSPGQGGYEQYF,EBNA3B,EBV,0.3046684314103509
TRAIT,CASSGTGANYGYTF,IE1,Cytomegalovirus (CMV),0.5958942409221505
TRAIT,CASSSAGPYGYTF,M1,Influenza,2.2091677002947803
TRAIT,CSARDPGGRETQYF,IE1,Cytomegalovirus (CMV),2.3943616032097546
TRAIT,CASSLVGGQETQYF,IE1,Cytomegalovirus (CMV),2.031858982824198
TRAIT,CASSVAASGSYEQYF,IE1,Cytomegalovirus (CMV),-3.419297822817092
TRAIT,CASSLGEQFF,IE1,Cytomegalovirus (CMV),-4.21390662782712
TRAIT,CASSYYNEQFF,EBNA3B,EBV,0.9131751125640174
TRAIT,CASSQGPYNEQFF,IE1,Cytomegalovirus (CMV),-1.2130970310772964
TRAIT,CASSPGTNYGYTF,IE1,Cytomegalovirus (CMV),0.6963940126303244
TRAIT,CASAGGNQPQHF,EBNA3A,EBV,-1.2262918756406922
TRAIT,CASSGTSGAYNEQFF,EBNA3A,EBV,-1.3644756333734036
TRAIT,CASGGETQYF,IE1,Cytomegalovirus (CMV),-0.6103284658101905
TRAIT,CASSSGQGNEQYF,MLANA,Cancer/Self antigen,-0.518367966984433
TRAIT,CASSSRSAYEQYF,M1,Influenza,-4.5919747130302255
TRAIT,CASSLLGSPLHF,IE1,Cytomegalovirus (CMV),-1.008045051392089
TRAIT,CASSVVSGGTEAFF,IE1,Cytomegalovirus (CMV),1.6378992608240326
TRAIT,CASSIRSGYEQYF,M1,Influenza,-4.058968629821351
TRAIT,CASSSLAGGLTDTQYF,IE1,Cytomegalovirus (CMV),0.999231819452528
TRAIT,CASSPQGAYEQYF,IE1,Cytomegalovirus (CMV),1.238896748602095
TRAIT,CASSPGLAGGEQFF,MLANA,Cancer/Self antigen,0.677994813112447
TRAIT,CASSQAPGETQYF,IE1,Cytomegalovirus (CMV),-1.4395888762822395
TRAIT,CASSIRAAYEQYF,M1,Influenza,-6.071814200823582
TRAIT,CASSVGSYGYTF,M1,Influenza,-1.8715970602322056
TRAIT,CASSPTGLGQPQHF,MLANA,Cancer/Self antigen,-1.7102240375848037
TRAIT,CASSPRSTDTQYF,M1,Influenza,0.6524873507898818
TRAIT,CASSFLAGQETQYF,EBNA3B,EBV,1.7268481004581373
TRAIT,CASRQSNQPQHF,EBNA3A,EBV,1.3351088346675266
TRAIT,CASSLARGTGELFF,IE1,Cytomegalovirus (CMV),1.6323514758058724
TRAIT,CASSDRSNTEAFF,M1,Influenza,-2.4665578522107454
TRAIT,CASSLGQGGYEQYF,IE1,Cytomegalovirus (CMV),0.6826081701162848
TRAIT,CASSLVRGGNQPQHF,EBNA3B,EBV,-0.7081017531646737
TRAIT,CASGEAFF,MLANA,Cancer/Self antigen,-5.194667212928227
TRAIT,CASSLRDRGHEQYF,IE1,Cytomegalovirus (CMV),-2.057489423072431
TRAIT,CASSVRAGETQYF,M1,Influenza,2.1866399255131874
TRAIT,CASSAGTGVYGYTF,IE1,Cytomegalovirus (CMV),1.684857363768832
TRAIT,CASSPLAGVSDTQYF,EBNA3B,EBV,1.944540517864804
TRAIT,CASTPGQGGSPLHF,MLANA,Cancer/Self antigen,1.2421781149214062
TRAIT,CASRPGTGDYEQYF,IE1,Cytomegalovirus (CMV),-1.2197501648069935
TRAIT,CASSLSGGVTEAFF,IE1,Cytomegalovirus (CMV),-1.901505375783784
TRAIT,CASSTGAYGYTF,M1,Influenza,-2.2053845197514206
TRAIT,CATSTGDSNQPQHF,EBNA3A,EBV,-1.3221899757171474
TRAIT,CASSLRGLGQPQHF,MLANA,Cancer/Self antigen,-1.3940495253957654
TRAIT,CASSWGGPNTEAFF,IE1,Cytomegalovirus (CMV),-2.0981976458785474
TRAIT,CASSQGTGSYEQYF,IE1,Cytomegalovirus (CMV),-2.113392185409732
TRAIT,CASSPTSGGYNEQFF,M1,Influenza,0.6614070543418986
TRAIT,CASSSDRGTGELFF,EBNA3B,EBV,-0.5658939215281212
TRAIT,CASSLGTGEKLFF,IE1,Cytomegalovirus (CMV),0.4957811895989795
TRAIT,CASSFLAGGYNEQFF,BZLF1,EBV,-0.6128000784875594
TRAIT,CASSLGFYEQYF,IE1,Cytomegalovirus (CMV),-0.7790327290298202
TRAIT,CASSQDGYNEQFF,IE1,Cytomegalovirus (CMV),-0.7184944357279832
TRAIT,CASSSLANEQFF,IE1,Cytomegalovirus (CMV),1.1336954846556884
TRAIT,CASSLGFTDTQYF,BZLF1,EBV,1.887208235410774
TRAIT,CASSYGRAYEQYF,EBNA3B,EBV,-1.8386164820418287
TRAIT,CASSHRSSYEQYF,M1,Influenza,-2.1524072510580408
TRAIT,CASSLTGGSYEQYF,IE1,Cytomegalovirus (CMV),0.9907635726928408
TRAIT,CASSLTGTYEQYF,BZLF1,EBV,-0.214684252654346
TRAIT,CASSLTGTEAFF,IE1,Cytomegalovirus (CMV),-0.5774266863904174
TRAIT,CASSEGSSYEQYF,BZLF1,EBV,-1.4533570547768768
TRAIT,CASSLGSYEQYF,IE1,Cytomegalovirus (CMV),1.528709920280971
TRAIT,CSAATGNTEAFF,IE1,Cytomegalovirus (CMV),-2.020862452066929
TRAIT,CASSLSGYEQYF,M1,Influenza,1.1487240281262403
TRAIT,CASSDRSNQPQHF,M1,Influenza,0.9782607116296652
TRAIT,CASSLGGGTGELFF,PMEL,Cancer/Self antigen,0.601966476590434
TRAIT,CSAREGNQPQHF,MLANA,Cancer/Self antigen,-0.6856781925642901
TRAIT,CASSSGEKLFF,IE1,Cytomegalovirus (CMV),-1.0930342653161134
TRAIT,CASSLLSGSYEQYF,M1,Influenza,-0.8270751915727625
TRAIT,CASSLGLAGGQETQYF,EBNA3B,EBV,2.0338286688157243
TRAIT,CASSLGFTDTQYF,M1,Influenza,1.887208235410774
TRAIT,CASSNQETQYF,MLANA,Cancer/Self antigen,1.5071009452426436
TRAIT,CASSETGYNQPQHF,IE1,Cytomegalovirus (CMV),1.6379178372042973
TRAIT,CASSLDSYNEQFF,IE1,Cytomegalovirus (CMV),1.018285008328795
TRAIT,CASSLGEGNTIYF,MLANA,Cancer/Self antigen,-0.4588426194357938
TRAIT,CASSLGGAGETQYF,IE1,Cytomegalovirus (CMV),1.4071680922195968
TRAIT,CASSYHSNQPQHF,M1,Influenza,-1.4948810751326702
TRAIT,CASSLGTANYGYTF,M1,Influenza,1.1161122170888462
TRAIT,CASSIRSAYEQYF,EBNA3B,EBV,-3.335188824703122
TRAIT,CASSSGGARETQYF,MLANA,Cancer/Self antigen,0.8377207290385874
TRAIT,CASSLSAGMNTEAFF,IE1,Cytomegalovirus (CMV),-1.9244379352008472
TRAIT,CATGTDTQYF,IE1,Cytomegalovirus (CMV),0.9592694694660144
TRAIT,CASSLAGDSYEQYF,M1,Influenza,-0.6975464163360399
TRAIT,CASSLGGADGYTF,IE1,Cytomegalovirus (CMV),-1.930982497670128
TRAIT,CASSLGQGVYGYTF,IE1,Cytomegalovirus (CMV),0.3013018576791133
TRAIT,CASSLSGLGTEAFF,IE1,Cytomegalovirus (CMV),-2.4325126193136093
TRAIT,CASSWGAYGYTF,BZLF1,EBV,1.5389870532441745
TRAIT,CASSLGTTGNTIYF,IE1,Cytomegalovirus (CMV),2.408367406636544
TRAIT,CASSTRDRGSYEQYF,IE1,Cytomegalovirus (CMV),1.09773785780973
TRAIT,CASSLGQGASQPQHF,IE1,Cytomegalovirus (CMV),-0.490117042417023
TRAIT,CASRTSGTTDTQYF,IE1,Cytomegalovirus (CMV),-3.295612036133728
TRAIT,CASSQQGGYEQYF,IE1,Cytomegalovirus (CMV),2.3796158400512586
TRAIT,CASSLGDRNTEAFF,HTLV1,HTLV-1,1.1119573215087757
TRAIT,CASSLGGGDYEQYF,EBNA3A,EBV,-0.8532288683926617
TRAIT,CASSLSAGGYNEQFF,EBNA3B,EBV,-0.6188430612355369
TRAIT,CASSLQGYNEQFF,IE1,Cytomegalovirus (CMV),-0.6033481609870386
TRAIT,CASSGRSQETQYF,M1,Influenza,1.377280781533126
TRAIT,CASSLGSYGYTF,M1,Influenza,0.9305563386413296
TRAIT,CASSPGQGNSPLHF,IE1,Cytomegalovirus (CMV),1.4622708836379577
TRAIT,CASSPGGDEQFF,IE1,Cytomegalovirus (CMV),-0.8012212700033253
TRAIT,CASSLGTDTQYF,MLANA,Cancer/Self antigen,1.6711926618706388
TRAIT,CASSLGSAEAFF,EBNA3A,EBV,-3.4158992176991805
TRAIT,CASSLGGSGANVLTF,IE1,Cytomegalovirus (CMV),1.503197096702979
TRAIT,CASRGSMNTEAFF,IE1,Cytomegalovirus (CMV),1.320038907338688
TRAIT,CASSLGTGENQPQHF,IE1,Cytomegalovirus (CMV),-0.7160683405892467
TRAIT,CASSLGGTEAFF,IE1,Cytomegalovirus (CMV),1.781230850131964
TRAIT,CASSLTSNTGELFF,EBNA3B,EBV,1.8968501939726887
TRAIT,CASSLSPSGSYEQYF,EBNA3B,EBV,-1.1052983536028305
TRAIT,CASSLTPGTDTQYF,EBNA3B,EBV,-0.7407072291857413
TRAIT,CASSFEGEQYF,IE1,Cytomegalovirus (CMV),-3.0036418473702327
TRAIT,CASSRQGVGQPQHF,M1,Influenza,-1.356947257314873
TRAIT,CASSLTGSEQYF,IE1,Cytomegalovirus (CMV),-0.6269531839203222
TRAIT,CASSLPTANYGYTF,IE1,Cytomegalovirus (CMV),-1.800334376200365
TRAIT,CASSSQGLGNTIYF,MLANA,Cancer/Self antigen,-1.0850903052939258
TRAIT,CASSPDLDTQYF,IE1,Cytomegalovirus (CMV),0.9403329989252188
TRAIT,CASGDSGNTIYF,MLANA,Cancer/Self antigen,-1.2724311705475515
TRAIT,CAISESVNTEAFF,EBNA6,EBV,-1.546508586879142
TRAIT,CASSIGQGETQYF,CA2INDEPENPLIPA2,Human (Homo sapiens),1.04672354569741
TRAIT,CASSVGPGNEQFF,BZLF1,EBV,-1.452372768047108
TRAIT,CASSIRSTDTQYF,IE1,Cytomegalovirus (CMV),-1.5729775615351214
TRAIT,CASSQETGYGYTF,IE1,Cytomegalovirus (CMV),-1.7481451249298223
TRAIT,CASSFGTDTQYF,IE1,Cytomegalovirus (CMV),0.276048138371519
TRAIT,CASSRDASSYEQYF,EBNA3B,EBV,1.958722290197356
TRAIT,CASSGLNEQFF,M1,Influenza,-0.5643456269823534
TRAIT,CASSMGQGSYNEQFF,IE1,Cytomegalovirus (CMV),-1.283579079396565
TRAIT,CASSPRATEAFF,IE1,Cytomegalovirus (CMV),-1.1672903732886049
TRAIT,CASSISPNQPQHF,IE1,Cytomegalovirus (CMV),-2.844112605175371
TRAIT,CASAGGNQPQHF,EBNA3B,EBV,-1.2262918756406922
TRAIT,CASSTTGGSTEAFF,IE1,Cytomegalovirus (CMV),1.5006039314343247
TRAIT,CASSQSTEAFF,IE1,Cytomegalovirus (CMV),-1.462587026853583
TRAIT,CASSLGTSGGTGELFF,BZLF1,EBV,0.8430629836765158
TRAIT,CASSPGQGLDTQYF,MLANA,Cancer/Self antigen,2.5764028310709173
TRAIT,CASSPGTSGGADTQYF,IE1,Cytomegalovirus (CMV),1.0079978741218851
TRAIT,CASSSGLAGVNEQFF,IE1,Cytomegalovirus (CMV),1.0225351977183434
TRAIT,CASSGGTGGTEAFF,IE1,Cytomegalovirus (CMV),-1.908944503402679
TRAIT,CASSSRGRSTDTQYF,IE1,Cytomegalovirus (CMV),-2.194926255207512
TRAIT,CASSFQGGYEQYF,IE1,Cytomegalovirus (CMV),-1.421127604287031
TRAIT,CASSSRGGQETQYF,BZLF1,EBV,2.285357320084739
TRAIT,CASSLPTDTQYF,EBNA3A,EBV,-0.4183666399815243
TRAIT,CASSLTSGEETQYF,EBNA3B,EBV,-0.7492230725832041
TRAIT,CASSSTGVGYTF,EBNA3A,EBV,0.8297615297574681
TRAIT,CASSFGEQFF,IE1,Cytomegalovirus (CMV),-4.041263976948441
TRAIT,CASSLGGNEQFF,MLANA,Cancer/Self antigen,1.1220754448708885
TRAIT,CASSLQGATEAFF,IE1,Cytomegalovirus (CMV),0.629087356812461
TRAIT,CASSLRLGNTGELFF,IE1,Cytomegalovirus (CMV),2.427671960733367
TRAIT,CASSSDGNEQFF,MLANA,Cancer/Self antigen,-2.029824095234153
TRAIT,CASSLGQAETQYF,IE1,Cytomegalovirus (CMV),1.224522664671656
TRAIT,CASGQGTDTQYF,IE1,Cytomegalovirus (CMV),0.8885122358909813
TRAIT,CASSLGLAGLNEQFF,IE1,Cytomegalovirus (CMV),1.1551793755238091
TRAIT,CASSQGAYGYTF,BZLF1,EBV,-0.6181956209186749
TRAIT,CASSLEGGPYEQYF,IE1,Cytomegalovirus (CMV),0.8696805114929015
TRAIT,CASSQANYEQYF,IE1,Cytomegalovirus (CMV),2.5862478446349213
TRAIT,CASSLYTDTQYF,WT1,Cancer/Self antigen,0.3215518820258605
TRAIT,CASSLSSAYEQYF,IE1,Cytomegalovirus (CMV),-2.5770916991391704
TRAIT,CASSPDSNYGYTF,EBNA3A,EBV,1.8335251643637056
TRAIT,CASSARTGDGYTF,IE1,Cytomegalovirus (CMV),-1.5633413084293188
TRAIT,CASSPGDTQYF,IE1,Cytomegalovirus (CMV),0.4884650375534032
TRAIT,CASSLQGSGTGELFF,IE1,Cytomegalovirus (CMV),1.1079978676502584
TRAIT,CASSPPGGGNTEAFF,IE1,Cytomegalovirus (CMV),-1.2565458551623374
TRAIT,CASSSGTFYEQYF,BZLF1,EBV,0.5226016278022136
TRAIT,CASSLGRAYEQYF,IE1,Cytomegalovirus (CMV),-0.3475553438543853
TRAIT,CASSVASNQPQHF,EBNA3B,EBV,-1.9508530247437168
TRAIT,CASSGGTSGYNEQFF,EBNA3B,EBV,-0.6722795005029683
TRAIT,CASSDDGMNTEAFF,EBNA3B,EBV,1.2273860197854711
TRAIT,CASSRDLSGANVLTF,EBNA3B,EBV,1.970765334279104
TRAIT,CASSLAGGNTIYF,IE1,Cytomegalovirus (CMV),1.3635230898344957
TRAIT,CASSSRGGTYEQYF,EBNA3A,EBV,-1.055736504983324
TRAIT,CASSPRYSNQPQHF,IE1,Cytomegalovirus (CMV),-1.3508786917948905
TRAIT,CASSLTSGGATDTQYF,IE1,Cytomegalovirus (CMV),-1.0247799519308276
TRAIT,CASSLPGQDYGYTF,EBNA3A,EBV,-2.1209494595676803
TRAIT,CASSVAGTTDTQYF,BMLF1,EBV,-1.121621062775635
TRAIT,CASSVEGNEQFF,IE1,Cytomegalovirus (CMV),-2.77350005742124
TRAIT,CASSERDRGYEQYF,HTLV1,HTLV-1,-1.488103609236075
TRAIT,CASSLVGVNEKLFF,IE1,Cytomegalovirus (CMV),1.5821043408308946
TRAIT,CASSLAAANTEAFF,EBNA3B,EBV,-0.5516066748580913
TRAIT,CASSYSSGNTIYF,IE1,Cytomegalovirus (CMV),-1.3716338784076108
TRAIT,CASSSSDTQYF,IE1,Cytomegalovirus (CMV),0.24395848164801
TRAIT,CASSRTGSDYGYTF,IE1,Cytomegalovirus (CMV),1.7151764468252475
TRAIT,CASSPRLAGAETQYF,EBNA3B,EBV,2.033430428747079
TRAIT,CSASGGAGETQYF,IE1,Cytomegalovirus (CMV),1.406452469041927
TRAIT,CASSPTGTAYGYTF,IE1,Cytomegalovirus (CMV),-1.0143069190567946
TRAIT,CASSQDPGDEQFF,EBNA3B,EBV,-5.9377683391433145
TRAIT,CASSSDSYEQYF,IE1,Cytomegalovirus (CMV),0.3234777531820027
TRAIT,CATSDRGGTEAFF,EBNA3B,EBV,-1.3113756594293706
TRAIT,CASSQGQGQPQHF,MLANA,Cancer/Self antigen,1.3075124576337005
TRAIT,CASSRDHSYEQYF,IE1,Cytomegalovirus (CMV),1.355764348297841
TRAIT,CASTLTGVNTEAFF,IE1,Cytomegalovirus (CMV),1.0720257008084135
TRAIT,CASSWGQMNTEAFF,MLANA,Cancer/Self antigen,-1.325370257741994
TRAIT,CASSSTGGKETQYF,EBNA3B,EBV,3.6857893227445104
TRAIT,CASSLYSNQPQHF,EBNA3B,EBV,0.8950270810497951
TRAIT,CASSHSGGTDTQYF,IE1,Cytomegalovirus (CMV),-1.7230812569061609
TRAIT,CASSLGNTEAFF,EBNA3B,EBV,1.69252380570249
TRAIT,CASSQQGSYGYTF,BZLF1,EBV,2.2657867163507124
TRAIT,CASSLAGLAGETQYF,MLANA,Cancer/Self antigen,1.393289352508545
TRAIT,CASSPPSQETQYF,EBNA3B,EBV,0.7505693542652061
TRAIT,CASSLGTGDGYTF,IE1,Cytomegalovirus (CMV),-0.323589558776608
TRAIT,CASSLTGESYEQYF,EBNA3B,EBV,-2.9381010696489422
TRAIT,CASSPRETYEQYF,IE1,Cytomegalovirus (CMV),-2.4058035714278985
TRAIT,CASTSYEQYF,CA2INDEPENPLIPA2,Human (Homo sapiens),-4.752874758147572
TRAIT,CASSPSGNTEAFF,IE1,Cytomegalovirus (CMV),-0.2594641090353967
TRAIT,CASSSRSAYEQYF,EBNA3B,EBV,-4.5919747130302255
TRAIT,CASSIVSTDTQYF,M1,Influenza,-3.149995622628368
TRAIT,CASSLEGQSSYEQYF,IE1,Cytomegalovirus (CMV),0.89163152204556
TRAIT,CASSLLAENTGELFF,IE1,Cytomegalovirus (CMV),-1.1043280478625968
TRAIT,CASSQSGTGYGYTF,EBNA3B,EBV,1.4790947024762129
TRAIT,CASRQGNTGELFF,IE1,Cytomegalovirus (CMV),1.3538099060531574
TRAIT,CASSFSYEQYF,EBNA3B,EBV,1.256608569191015
TRAIT,CASSASYEQYF,IE1,Cytomegalovirus (CMV),0.4946826542443619
TRAIT,CASSLAPYEQYF,EBNA3B,EBV,-1.2404156151726589
TRAIT,CASSQGGGGTDTQYF,Gag,HIV / Human immunodeficiency virus (HIV),0.6764791756770909
TRAIT,CASSIRSSYEQYF,MLANA,Cancer/Self antigen,1.4066494386838515
TRAIT,CASSIGSYGYTF,EBNA3B,EBV,-2.973559942783509
TRAIT,CASSLAGTGYEQYF,IE1,Cytomegalovirus (CMV),-1.2852405029759824
TRAIT,CASSQRSTGELFF,BZLF1,EBV,1.006822858696249
TRAIT,CASSPTGGRYGYTF,PROTEINE7,HPV,2.3095223201498865
TRAIT,CASSLRRTDTQYF,EBNA3B,EBV,0.9881555142684526
TRAIT,CASSTLAGGQETQYF,M1,Influenza,-1.4727658089891624
TRAIT,CASSFGGGAYNEQFF,IE1,Cytomegalovirus (CMV),-1.054907589043867
TRAIT,CASSPGLGNTIYF,MLANA,Cancer/Self antigen,1.3278797748279785
TRAIT,CASSSGTSGSYEQYF,IE1,Cytomegalovirus (CMV),0.6385477813848405
TRAIT,CASSLQSTEAFF,IE1,Cytomegalovirus (CMV),1.748025842937566
TRAIT,CASSLEGGNQPQHF,IE1,Cytomegalovirus (CMV),0.6648810914379341
TRAIT,CASSLGQGSSYEQYF,IE1,Cytomegalovirus (CMV),0.5024336395757397
TRAIT,CASSVGQATNEKLFF,BZLF1,EBV,1.2508311795013038
TRAIT,CASSFTDTQYF,IE1,Cytomegalovirus (CMV),1.613707414598092
TRAIT,CASSTRSTDTQYF,M1,Influenza,-0.8022407936033893
TRAIT,CASSYGFNQPQHF,MLANA,Cancer/Self antigen,-2.417520054168921
TRAIT,CASSFLAGGYNEQFF,EBNA3B,EBV,-0.6128000784875594
TRAIT,CASSYSSGSYEQYF,IE1,Cytomegalovirus (CMV),-2.3467687515305315
TRAIT,CASSQGGGEQYF,IE1,Cytomegalovirus (CMV),-1.51438746102843
TRAIT,CASSPGTGLGQPQHF,MLANA,Cancer/Self antigen,1.759765539065623
TRAIT,CASSPRTAMNTEAFF,IE1,Cytomegalovirus (CMV),0.603785698698675
TRAIT,CASSPGTPYEQYF,EBNA3B,EBV,-0.7926912157607018
TRAIT,CASSYGTGNGYTF,MLANA,Cancer/Self antigen,-4.496733401569536
TRAIT,CASSARTSTDTQYF,EBNA3B,EBV,1.725610648220098
TRAIT,CASSPGQGYNEQFF,IE1,Cytomegalovirus (CMV),-0.2645048685202402
TRAIT,CASRRGTTDTQYF,IE1,Cytomegalovirus (CMV),3.937299092066504
TRAIT,CASSSRSTDTQYF,IE1,Cytomegalovirus (CMV),-0.3250753375320427
TRAIT,CASSPGQGSEQYF,IE1,Cytomegalovirus (CMV),-0.535446538116683
TRAIT,CASSDSYEQYF,IE1,Cytomegalovirus (CMV),0.1615249973667327
TRAIT,CASSFLTGNTEAFF,M1,Influenza,-2.140241883936308
TRAIT,CASSLAGDTEAFF,EBNA3B,EBV,0.8016638791059304
TRAIT,CASGDNEQFF,IE1,Cytomegalovirus (CMV),-2.7803032401213934
TRAIT,CASSQGGSPLHF,MLANA,Cancer/Self antigen,-0.9332583025429017
TRAIT,CASSLGDNTEAFF,M1,Influenza,-0.8531121681316437
TRAIT,CASSTGTAYGYTF,IE1,Cytomegalovirus (CMV),-0.4400557578640026
TRAIT,CASSVGHTEAFF,EBNA3B,EBV,-3.6762401808911926
TRAIT,CASSPGQLYEQYF,EBNA3B,EBV,-1.2656010893956409
TRAIT,CSARNTGELFF,IE1,Cytomegalovirus (CMV),-2.400557190746885
TRAIT,CASSYGSNQPQHF,IE1,Cytomegalovirus (CMV),-0.4030545226632501
TRAIT,CASSFGQPQHF,IE1,Cytomegalovirus (CMV),-2.6633509493438248
TRAIT,CASSGTSGAYNEQFF,IE1,Cytomegalovirus (CMV),-1.3644756333734036
TRAIT,CASSLDYNTGELFF,IE1,Cytomegalovirus (CMV),-1.9447148555319984
TRAIT,CASSSTGVGYTF,EBNA3B,EBV,0.8297615297574681
TRAIT,CASSPQAGGSYEQYF,IE1,Cytomegalovirus (CMV),1.8204416757301427
TRAIT,CASSLEGYEQYF,IE1,Cytomegalovirus (CMV),1.240635442192438
TRAIT,CASSLGGLGNEQFF,IE1,Cytomegalovirus (CMV),-2.505101196605254
TRAIT,CATSTGDSNQPQHF,Gag,HIV / Human immunodeficiency virus (HIV),-1.3221899757171474
TRAIT,CASSRGQINQPQHF,PMEL,Cancer/Self antigen,-1.4073762538151122
TRAIT,CASSQGMNTEAFF,IE1,Cytomegalovirus (CMV),1.0128760344192749
TRAIT,CASSSQGAGANVLTF,EBNA3B,EBV,1.8182156524288149
TRAIT,CASSSRSGYEQYF,EBNA3B,EBV,-2.629594933268359
TRAIT,CASSTDYEQYF,IE1,Cytomegalovirus (CMV),-2.2900044066158154
TRAIT,CASSPGSGNTIYF,MLANA,Cancer/Self antigen,0.887266075170236
TRAIT,CASSPRLAGTGELFF,IE1,Cytomegalovirus (CMV),1.1871052533572948
TRAIT,CASSIGTDTQYF,M1,Influenza,-0.5536651856641902
TRAIT,CASSLTGGDTQYF,HTLV1,HTLV-1,0.6932891414801391
TRAIT,CASSLAGTGELFF,EBNA3B,EBV,0.8275496830833037
TRAIT,CASSFGQNTEAFF,IE1,Cytomegalovirus (CMV),0.9573471467248672
TRAIT,CASSLRGDNQPQHF,IE1,Cytomegalovirus (CMV),-1.2335913165603691
TRAIT,CASSLDAYNEQFF,IE1,Cytomegalovirus (CMV),0.7159353808504341
TRAIT,CASRRDGSYEQYF,IE1,Cytomegalovirus (CMV),-1.4624631127528755
TRAIT,CASSVTGPYGYTF,IE1,Cytomegalovirus (CMV),-1.387186039121524
TRAIT,CASSIHSNQPQHF,M1,Influenza,-2.106535288120872
TRAIT,CASSAGTSGQETQYF,BMLF1,EBV,-2.052406001584235
TRAIT,CASSVTDYNEQFF,EBNA3B,EBV,-1.7497134977718285
TRAIT,CASSSLRGSNQPQHF,IE1,Cytomegalovirus (CMV),1.965154144205513
TRAIT,CASSLSGATYNEQFF,Gag,HIV / Human immunodeficiency virus (HIV),1.640389477931441
TRAIT,CASSQDPGDEQFF,M1,Influenza,-5.9377683391433145
TRAIT,CASSVRSTGELFF,EBNA3B,EBV,-2.2227256944777265
TRAIT,CASSLTPNTEAFF,IE1,Cytomegalovirus (CMV),1.0672816474917743
TRAIT,CASSVVSGANVLTF,EBNA3B,EBV,-1.0914725496409683
TRAIT,CASSVDSYSNQPQHF,IE1,Cytomegalovirus (CMV),0.9543758600186556
TRAIT,CASSEGTVNEKLFF,IE1,Cytomegalovirus (CMV),0.8821333811281883
TRAIT,CATGTVNTEAFF,IE1,Cytomegalovirus (CMV),-2.9426808676853504
TRAIT,CASSLQGTGANVLTF,EBNA3B,EBV,2.551616261821724
TRAIT,CSARTGTNYGYTF,IE1,Cytomegalovirus (CMV),1.7884702097402942
TRAIT,CASSWGSYEQYF,IE1,Cytomegalovirus (CMV),-1.5323680523137524
TRAIT,CASSSQGVGNTIYF,MLANA,Cancer/Self antigen,2.5438787118273853
TRAIT,CASSLKGEKLFF,IE1,Cytomegalovirus (CMV),-1.3163562645921112
TRAIT,CASSIGSYGYTF,BZLF1,EBV,-2.973559942783509
TRAIT,CASSPGGSYNEQFF,IE1,Cytomegalovirus (CMV),0.8384675185370434
TRAIT,CASSLAWGQPQHF,MLANA,Cancer/Self antigen,-1.0055485807779745
TRAIT,CASSSRSSYEQYF,M1,Influenza,0.4729727217442187
TRAIT,CASSPSGGDYNEQFF,EBNA3A,EBV,-3.9606409870216375
TRAIT,CASSLGTGAYEQYF,EBNA3B,EBV,-0.3441672314074049
TRAIT,CASSIYSNQPQHF,EBNA3B,EBV,-1.245021987842958
TRAIT,CASSWTSGSYEQYF,IE1,Cytomegalovirus (CMV),-0.5299753585777209
TRAIT,CASSPQGVGQPQHF,MLANA,Cancer/Self antigen,-1.984303043341252
TRAIT,CASSRQGGNYGYTF,LMP2,EBV,2.1136646253006752
TRAIT,CSAGGNTEAFF,BZLF1,EBV,-2.01361011476067
TRAIT,CASSVRSTDTQYF,M1,Influenza,-1.5698591397398372
TRAIT,CASSLGGTNEQFF,BZLF1,EBV,-1.3804609832640256
TRAIT,CASSLGDRAGGYTF,BZLF1,EBV,2.086783081614913
TRAIT,CASSLYSNQPQHF,M1,Influenza,0.8950270810497951
TRAIT,CASRGAGELFF,EBNA3B,EBV,0.3594413086947862
TRAIT,CASSPRTGNSGANVLTF,BZLF1,EBV,1.670852915236248
TRAIT,CASSGGEQYF,IE1,Cytomegalovirus (CMV),-4.006895586754295
TRAIT,CSAPGQGGYEQYF,IE1,Cytomegalovirus (CMV),1.360682087036663
TRAIT,CASSYRSSYEQYF,M1,Influenza,-0.7285763307362115
TRAIT,CASSRTGVEQYF,EBNA3B,EBV,0.7365566151577974
TRAIT,CASSPAGGTDTQYF,EBNA3B,EBV,-0.5664578391677356
TRAIT,CSVGTGDYEQYF,BZLF1,EBV,-3.507753974947675
TRAIT,CSAGQGPYEQYF,BZLF1,EBV,1.292632329988268
TRAIT,CASRSSGGAYNEQFF,BZLF1,EBV,-2.31005879327057
TRAIT,CASSSGVGNEQFF,BMLF1,EBV,-1.6124232356859354
TRAIT,CSAGGNTEAFF,EBNA3B,EBV,-2.01361011476067
TRAIT,CASSYSGGAGELFF,BZLF1,EBV,-3.162623035407579
TRAIT,CASSLGGQNYGYTF,IE1,Cytomegalovirus (CMV),1.083650978039757
TRAIT,CASSLTGQMNTEAFF,BZLF1,EBV,1.5298251996406682
TRAIT,CASRSSGGAYNEQFF,EBNA3B,EBV,-2.31005879327057
TRAIT,CASSLQGGTGELFF,BZLF1,EBV,1.687428147980202
TRAIT,CASSFSGGTGELFF,BZLF1,EBV,1.0738755648085605
TRAIT,CASSLWGDYEQYF,BZLF1,EBV,-1.1339405886949196
TRAIT,CASSPLTSGSYEQYF,BZLF1,EBV,-1.0281719244808416
TRAIT,CASSRTDGNTIYF,BZLF1,EBV,1.2013605346269012
TRAIT,CASSLTGESYEQYF,IE1,Cytomegalovirus (CMV),-2.9381010696489422
TRAIT,CASSLAGRNYGYTF,IE1,Cytomegalovirus (CMV),-0.5640168147797704
TRAIT,CASSLLGGDYEQYF,IE1,Cytomegalovirus (CMV),-2.172495429304515
TRAIT,CASSLGGGYGYTF,IE1,Cytomegalovirus (CMV),0.8530692496743761
TRAIT,CASRSSGGAYNEQFF,IE1,Cytomegalovirus (CMV),-2.31005879327057
TRAIT,CASSLGQGTYEQYF,IE1,Cytomegalovirus (CMV),0.4299177667255433
TRAIT,CASSIRSSYEQYF,BZLF1,EBV,1.4066494386838515
TRAIT,CASSLSGGSYNEQFF,IE1,Cytomegalovirus (CMV),1.4230990953698752
TRAIT,CASSLRASYEQYF,M1,Influenza,-2.314697140679584
TRAIT,CASRTGNTEAFF,M1,Influenza,-0.9211619802806098
TRAIT,CASSLLAGEYNEQFF,BZLF1,EBV,-1.5456574019129643
TRAIT,CASSFGTASYEQYF,EBNA3B,EBV,-1.493367858297677
TRAIT,CASSFSGANYGYTF,BZLF1,EBV,1.5157925543710986
TRAIT,CASSSQGANEKLFF,BZLF1,EBV,0.925896722037916
TRAIT,CASRDGELFF,IE1,Cytomegalovirus (CMV),0.9707743441719028
TRAIT,CASSWRSTDTQYF,M1,Influenza,-1.5107027949136516
TRAIT,CASSLTGPPYEQYF,IE1,Cytomegalovirus (CMV),-1.4645733394666496
TRAIT,CASSLGAYGYTF,M1,Influenza,-0.3647462284374392
TRAIT,CASSYQGGNYGYTF,LMP2,EBV,2.668773517401435
TRAIT,CASSFRSGETQYF,M1,Influenza,1.5384362552103976
TRAIT,CASSLVGGNEQFF,IE1,Cytomegalovirus (CMV),0.6104315753006502
TRAIT,CASTGPLNTEAFF,IE1,Cytomegalovirus (CMV),-4.157313997617351
TRAIT,CASSTGTAAYEQYF,IE1,Cytomegalovirus (CMV),-1.7247402777019136
TRAIT,CASSLRDRVHEQYF,IE1,Cytomegalovirus (CMV),-1.943957210386965
TRAIT,CASSLTGETQYF,IE1,Cytomegalovirus (CMV),0.8566694595165165
TRAIT,CASSLSSGTEAFF,IE1,Cytomegalovirus (CMV),-1.524728002405637
TRAIT,CASSLRGGQPQHF,IE1,Cytomegalovirus (CMV),-0.3386564682255741
TRAIT,CASSYLDEQFF,BMLF1,EBV,-0.6590531806016202
TRAIT,CASRGQPNTGELFF,BZLF1,EBV,2.602054635282101
TRAIT,CASSLTAYGYTF,IE1,Cytomegalovirus (CMV),1.30366459052849
TRAIT,CASSLGLSNQPQHF,BZLF1,EBV,1.10033882617515
TRAIT,CASSLTGETQYF,EBNA3B,EBV,0.8566694595165165
TRAIT,CASSSRASYEQYF,M1,Influenza,-2.3103931919049097
TRAIT,CASSPRSNQPQHF,M1,Influenza,-0.613233276788487
TRAIT,CASSRDTSSYEQYF,IE1,Cytomegalovirus (CMV),1.896445362967646
TRAIT,CASSSGTSGGAGETQYF,BZLF1,EBV,2.928801196403852
TRAIT,CASSEGGSGANVLTF,BZLF1,EBV,-3.793610719451255
TRAIT,CASRTSGSSYNEQFF,IE1,Cytomegalovirus (CMV),-0.4945194505156021
TRAIT,CASSDSAGGQETQYF,IE1,Cytomegalovirus (CMV),-9.72294886034908
TRAIT,CASSFTGGTGELFF,BZLF1,EBV,1.2564127461454144
TRAIT,CASSLEAGNTEAFF,IE1,Cytomegalovirus (CMV),0.5051399525469984
TRAIT,CASSLPGSYEQYF,IE1,Cytomegalovirus (CMV),-0.3092521399203955
TRAIT,CASSQGSNQPQHF,BZLF1,EBV,0.9734815673385842
TRAIT,CASSLGLAGPTDTQYF,IE1,Cytomegalovirus (CMV),0.6435352891169197
TRAIT,CASSLVTYNEQFF,M1,Influenza,-1.571354794692175
TRAIT,CASSFRDSYEQYF,IE1,Cytomegalovirus (CMV),-1.7610147842265214
TRAIT,CAWKRSGNTIYF,IE1,Cytomegalovirus (CMV),7.522886756845889
TRAIT,CASSQDPGSGNTIYF,IE1,Cytomegalovirus (CMV),-1.4404657882181984
TRAIT,CASSRDTSTDTQYF,IE1,Cytomegalovirus (CMV),1.2605310675426469
TRAIT,CASSSRAAYEQYF,M1,Influenza,-3.053592000352865
TRAIT,CASSGRTGSSYEQYF,M1,Influenza,3.104736707726279
TRAIT,CASSPWTGDYEQYF,IE1,Cytomegalovirus (CMV),1.4965781675863008
TRAIT,CASSPGGGYTF,IE1,Cytomegalovirus (CMV),-0.6413787600636255
TRAIT,CASSEGSYGYTF,M1,Influenza,1.0576429436046997
TRAIT,CASSLGLGGYTF,IE1,Cytomegalovirus (CMV),-0.3992851061974433
TRAIT,CASSSSGAGELFF,BZLF1,EBV,1.2019824076805907
TRAIT,CASSSPGQGETQYF,IE1,Cytomegalovirus (CMV),0.9033011508800648
TRAIT,CASSLGGQGSNEQFF,BZLF1,EBV,2.113707581551864
TRAIT,CASSLDTQYF,IE1,Cytomegalovirus (CMV),-1.5611817323574362
TRAIT,CASSSGLAGLNEQFF,IE1,Cytomegalovirus (CMV),1.989736402349696
TRAIT,CASSLNGNYGYTF,IE1,Cytomegalovirus (CMV),1.8238334810826404
TRAIT,CASSTGQPQHF,M1,Influenza,-2.536485370264576
TRAIT,CASRGVNEQFF,IE1,Cytomegalovirus (CMV),-1.019388603254903
TRAIT,CASSPGQGHTDTQYF,IE1,Cytomegalovirus (CMV),-3.226199753712307
TRAIT,CASSTTGGDQPQHF,EBNA3B,EBV,2.603848618573261
TRAIT,CASSLRGVDEQFF,IE1,Cytomegalovirus (CMV),-1.4050973976193455
TRAIT,CASSLGGGDYEQYF,EBNA3A,EBV,-0.8532288683926617
TRAIT,CASSSRSGYEQYF,M1,Influenza,-2.629594933268359
TRAIT,CASSLVGGELFF,BZLF1,EBV,0.6847916336441553
TRAIT,CASSTRSSYEQYF,BZLF1,EBV,-2.88400548878444
TRAIT,CASSSGEYGYTF,BZLF1,EBV,-1.0969222980309974
TRAIT,CASSYSSGGGETQYF,IE1,Cytomegalovirus (CMV),-1.8193694221045809
TRAIT,CASSLPDTQYF,IE1,Cytomegalovirus (CMV),-1.6258822199154794
TRAIT,CASSPLAGIYNEQFF,BZLF1,EBV,-1.144772618919339
TRAIT,CASSSGQGGYGYTF,IE1,Cytomegalovirus (CMV),1.561269671769761
TRAIT,CASSLGQNTEAFF,EBNA3A,EBV,1.9815242211325308
TRAIT,CASSLIDTQYF,BZLF1,EBV,0.5736654142151688
TRAIT,CASRPGVGNQPQHF,IE1,Cytomegalovirus (CMV),2.9274749982098536
TRAIT,CASRLGGEQYF,IE1,Cytomegalovirus (CMV),-2.483867955614097
TRAIT,CASSPGALNTEAFF,MLANA,Cancer/Self antigen,-0.5093040782629172
TRAIT,CASSLLPGNQPQHF,IE1,Cytomegalovirus (CMV),1.829161812135085
TRAIT,CASRGQGSYNEQFF,IE1,Cytomegalovirus (CMV),1.6014255005658562
TRAIT,CASSRGTGELFF,EBNA3B,EBV,0.8631564827053027
TRAIT,CASSLGGGPQETQYF,BZLF1,EBV,-2.133404867790365
TRAIT,CASSLGTGGSYEQYF,BZLF1,EBV,-0.3583731367659716
TRAIT,CASSLGGGPQETQYF,IE1,Cytomegalovirus (CMV),-2.133404867790365
TRAIT,CASSLWGDYEQYF,M1,Influenza,-1.1339405886949196
TRAIT,CASSPLSTDTQYF,M1,Influenza,0.621724878815852
TRAIT,CASSLVVVNTEAFF,BZLF1,EBV,-2.1712960745549736
TRAIT,CASSPGLAGGDEQFF,IE1,Cytomegalovirus (CMV),0.8974675643142611
TRAIT,CASSRDASSYEQYF,IE1,Cytomegalovirus (CMV),1.958722290197356
TRAIT,CASSSSGGAGELFF,M1,Influenza,-1.005780465217383
TRAIT,CASSSQGGSYGYTF,LMP2,EBV,1.0472312966875723
TRAIT,CASSYNSYEQYF,BZLF1,EBV,-3.246521046357181
TRAIT,CASSLRQAYNEQFF,IE1,Cytomegalovirus (CMV),3.5945161180125607
TRAIT,CASSFSSETQYF,IE1,Cytomegalovirus (CMV),2.6457762193261454
TRAIT,CASSSTGELFF,IE1,Cytomegalovirus (CMV),-0.3378161929475182
TRAIT,CASSSGTGSPLHF,MLANA,Cancer/Self antigen,-2.021852364743325
TRAIT,CASRGQQETQYF,IE1,Cytomegalovirus (CMV),-0.873280380049485
TRAIT,CASSTRGGYEQYF,BZLF1,EBV,1.4351685666889074
TRAIT,CASRGDGNTEAFF,IE1,Cytomegalovirus (CMV),0.912957258929214
TRAIT,CASSLLGQPNTEAFF,BZLF1,EBV,-3.714611878386924
TRAIT,CASSLGQSSGNTIYF,IE1,Cytomegalovirus (CMV),0.3811361336748355
TRAIT,CASSGRSTGELFF,BZLF1,EBV,-3.2852334937814605
TRAIT,CASSIGRAEAFF,IE1,Cytomegalovirus (CMV),-2.9582952880739213
TRAIT,CASSFSGNTGELFF,EBNA3A,EBV,0.9479901809709192
TRAIT,CASSIGGGNQPQHF,M1,Influenza,-0.497446899896816
TRAIT,CASSVGVTDTQYF,IE1,Cytomegalovirus (CMV),2.4977492540547184
TRAIT,CSVGTGTYEQYF,IE1,Cytomegalovirus (CMV),-3.270046853271769
TRAIT,CASSYSGSGELFF,IE1,Cytomegalovirus (CMV),-4.061887087916185
TRAIT,CASSEGGVETQYF,IE1,Cytomegalovirus (CMV),-1.3802851012806192
TRAIT,CASSPGTNYGYTF,BZLF1,EBV,0.6963940126303244
TRAIT,CASRGQPNTGELFF,IE1,Cytomegalovirus (CMV),2.602054635282101
TRAIT,CASSLDTQYF,EBNA3B,EBV,-1.5611817323574362
TRAIT,CASSRGGLSYNEQFF,M1,Influenza,1.6772359421482768
TRAIT,CASSLAGTGNEQYF,IE1,Cytomegalovirus (CMV),2.4091712265224885
TRAIT,CSVGQGMNTEAFF,BZLF1,EBV,-1.0665759525715115
TRAIT,CSAPGQGNYEQYF,IE1,Cytomegalovirus (CMV),-3.13848806072838
TRAIT,CASSLNTEAFF,M1,Influenza,1.7570236521875155
TRAIT,CASSLVGGNEQFF,EBNA3B,EBV,0.6104315753006502
TRAIT,CASSRAGGGTGELFF,IE1,Cytomegalovirus (CMV),3.665502608083603
TRAIT,CASSRLSNQPQHF,M1,Influenza,-0.7263509377980899
TRAIT,CASSLQGANEKLFF,BZLF1,EBV,0.8293084552980289
TRAIT,CASSHSGGSYNEQFF,IE1,Cytomegalovirus (CMV),0.901693175086176
TRAIT,CASSSGLAGVNEQFF,EBNA3A,EBV,1.0225351977183434
TRAIT,CASSLGSATNEKLFF,BZLF1,EBV,1.365921083377147
TRAIT,CASSESSGGTDTQYF,BMLF1,EBV,-2.188867125980591
TRAIT,CASSYGTGSYEQYF,IE1,Cytomegalovirus (CMV),-3.161820191656327
TRAIT,CASSQDRGSNQPQHF,IE1,Cytomegalovirus (CMV),-0.6241608869620865
TRAIT,CASSLGGNNEQFF,BMLF1,EBV,0.8490185364172446
TRAIT,CASSEGGVETQYF,EBNA3B,EBV,-1.3802851012806192
TRAIT,CASSPRSGNTIYF,M1,Influenza,0.3766426863768195
TRAIT,CASSTGTAAYEQYF,EBNA3B,EBV,-1.7247402777019136
TRAIT,CASSLGGQGSNEQFF,EBNA3B,EBV,2.113707581551864
TRAIT,CASSYSETYEQYF,IE1,Cytomegalovirus (CMV),-7.710052618538331
TRAIT,CASSLFGGTYEQYF,BZLF1,EBV,-3.157855763844511
TRAIT,CASSSPGQGTEAFF,EBNA3B,EBV,-2.312178164013692
TRAIT,CASSFGGYQPQHF,IE1,Cytomegalovirus (CMV),-1.8129136816007725
TRAIT,CASSPSSSYEQYF,EBNA3B,EBV,-2.014706298192008
TRAIT,CASSLAGSYEQYF,BZLF1,EBV,1.4168588554108323
TRAIT,CASSIVSNQPQHF,M1,Influenza,-1.699354573666232
TRAIT,CASSSRGGQETQYF,IE1,Cytomegalovirus (CMV),2.285357320084739
TRAIT,CASSLDTQYF,BZLF1,EBV,-1.5611817323574362
TRAIT,CASSLGRDSPLHF,IE1,Cytomegalovirus (CMV),1.6557916111693791
TRAIT,CASSLGGNTYEQYF,IE1,Cytomegalovirus (CMV),-2.166538877290182
TRAIT,CASSPQGGGYGYTF,LMP2,EBV,1.6455906751329905
TRAIT,CSVGQGPYEQYF,BZLF1,EBV,1.2906631643032649
TRAIT,CASSIDGGNQPQHF,BZLF1,EBV,-1.061772215022706
TRAIT,CASSTRGGYEQYF,M1,Influenza,1.4351685666889074
TRAIT,CATSTGDSNQPQHF,BZLF1,EBV,-1.3221899757171474
TRAIT,CASSWGDSYNEQFF,IE1,Cytomegalovirus (CMV),-2.3406375694774884
TRAIT,CASSLAGNTDTQYF,BZLF1,EBV,1.4172186954496144
TRAIT,CASSLGDTEAFF,IE1,Cytomegalovirus (CMV),0.2981723491503411
TRAIT,CASSGQGTYGYTF,IE1,Cytomegalovirus (CMV),2.3602516391951127
TRAIT,CASSQGQGISYEQYF,BMLF1,EBV,-2.230361295223784
TRAIT,CASSYSSGGGETQYF,EBNA3B,EBV,-1.8193694221045809
TRAIT,CSARTGDTEAFF,IE1,Cytomegalovirus (CMV),-5.436397185016055
TRAIT,CASSLNPTDTQYF,IE1,Cytomegalovirus (CMV),0.7915856988297806
TRAIT,CASSSGTAAYEQYF,EBNA3A,EBV,-0.9629714619349944
TRAIT,CASSLDRGVNTEAFF,IE1,Cytomegalovirus (CMV),-1.7592032614125266
TRAIT,CASSVGTGELFF,Gag,HIV / Human immunodeficiency virus (HIV),-0.3559650013341608
TRAIT,CASSASGGADTQYF,IE1,Cytomegalovirus (CMV),-4.647102750501487
TRAIT,CASSLSSGTYEQYF,IE1,Cytomegalovirus (CMV),-1.0067244024440307
TRAIT,CASSLSGNEQFF,MLANA,Cancer/Self antigen,-0.4668954500737661
TRAIT,CASSLGLYGYTF,M1,Influenza,-0.2385355470665727
TRAIT,CASSVYSNQPQHF,M1,Influenza,0.8875027973168421
TRAIT,CASSPGLADYEQYF,BZLF1,EBV,-1.440706459213024
TRAIT,CASGLPYEQYF,M1,Influenza,-6.588675517901899
TRAIT,CASSLADEQFF,BZLF1,EBV,-1.4715210463571813
TRAIT,CASSFSGNTGELFF,BMLF1,EBV,0.9479901809709192
TRAIT,CASSPRTGNTGELFF,EBNA3B,EBV,1.9519682278105444
TRAIT,CASSVGGDYGYTF,IE1,Cytomegalovirus (CMV),0.323880595846773
TRAIT,CASSLSSYEQYF,IE1,Cytomegalovirus (CMV),1.5348095464597815
TRAIT,CASSLGTANYGYTF,IE1,Cytomegalovirus (CMV),1.1161122170888462
TRAIT,CSARDRTGNGYTF,M1,Influenza,-2.795642567763734
TRAIT,CASSFGGGTYEQYF,IE1,Cytomegalovirus (CMV),-1.9747809639646148
TRAIT,CASSQERGPYNEQFF,EBNA3B,EBV,-1.101506435309278
TRAIT,CASSLGGGGYNEQFF,IE1,Cytomegalovirus (CMV),0.5921788046737532
TRAIT,CASRGGASYEQYF,IE1,Cytomegalovirus (CMV),-1.202581949183871
TRAIT,CASSFGGPNYGYTF,IE1,Cytomegalovirus (CMV),-2.843593585217284
TRAIT,CASSSGQGAGEKLFF,IE1,Cytomegalovirus (CMV),2.7481484903311784
TRAIT,CASSYLGEETQYF,EBNA3B,EBV,1.297376457440742
TRAIT,CASSIGRNTEAFF,IE1,Cytomegalovirus (CMV),-1.2226148733512456
TRAIT,CASSPGTVYGYTF,IE1,Cytomegalovirus (CMV),-0.226002520409718
TRAIT,CASSLGGANTGELFF,IE1,Cytomegalovirus (CMV),1.6514304954930386
TRAIT,CASSIGDYEQYF,IE1,Cytomegalovirus (CMV),-2.046913325353455
TRAIT,CASSYSTSGNTIYF,M1,Influenza,-3.017293994588534
TRAIT,CASSIQGSTEAFF,IE1,Cytomegalovirus (CMV),0.6276432886179519
TRAIT,CASSPEGSYNEQFF,BMLF1,EBV,-0.8705914487433688
TRAIT,CASSFRGPGTEAFF,BMLF1,EBV,-5.376332557769098
TRAIT,CASSLEAGGPYEQYF,IE1,Cytomegalovirus (CMV),-0.8288345991478687
TRAIT,CASSSRTGPDTQYF,IE1,Cytomegalovirus (CMV),1.2309443701061604
TRAIT,CASTTGNTGELFF,IE1,Cytomegalovirus (CMV),-1.5719993164441708
TRAIT,CASSFYSNQPQHF,M1,Influenza,-0.6315319117377182
TRAIT,CASSWGYEQYF,IE1,Cytomegalovirus (CMV),-0.797043915179946
TRAIT,CASSQGAGELFF,M1,Influenza,-0.6981571575864854
TRAIT,CASSWDGNTEAFF,BZLF1,EBV,-0.7788060718280786
TRAIT,CASRAGGSSYNEQFF,IE1,Cytomegalovirus (CMV),-0.8420485565872367
TRAIT,CASSFGGRAEAFF,IE1,Cytomegalovirus (CMV),1.3319292604347128
TRAIT,CASSYGSGELFF,IE1,Cytomegalovirus (CMV),-1.9886458563851548
TRAIT,CSARTGDTEAFF,M1,Influenza,-5.436397185016055
TRAIT,CASSQGTDTQYF,IE1,Cytomegalovirus (CMV),-0.3513981169686596
TRAIT,CASSFRDSYEQYF,EBNA3B,EBV,-1.7610147842265214
TRAIT,CASSPGGGPDTQYF,IE1,Cytomegalovirus (CMV),4.463403101743758
TRAIT,CASSPGQGGYEQYF,PMEL,Cancer/Self antigen,0.3046684314103509
TRAIT,CASSQASQPQHF,IE1,Cytomegalovirus (CMV),-1.6897291418419464
TRAIT,CASSLTGDGQPQHF,BMLF1,EBV,-1.7179479422191195
TRAIT,CASSQSPGGIQYF,BMLF1,EBV,3.309354958689178
TRAIT,CASRGAGQPQHF,IE1,Cytomegalovirus (CMV),1.1077922778070386
TRAIT,CASSPGGGSEAFF,EBNA3B,EBV,-2.20546448783555
TRAIT,CASSLRQTYEQYF,IE1,Cytomegalovirus (CMV),-0.8209998249043806
TRAIT,CASSLERGTGELFF,IE1,Cytomegalovirus (CMV),0.8247363596349389
TRAIT,CASSLGTGYYEQYF,IE1,Cytomegalovirus (CMV),-1.7195540367049502
TRAIT,CASSLDTQYF,BMLF1,EBV,-1.5611817323574362
TRAIT,CASSWRSNQPQHF,M1,Influenza,2.05817588694318
TRAIT,CASSLGGGNNEQFF,IE1,Cytomegalovirus (CMV),2.034641266882965
TRAIT,CASSYGPTEAFF,IE1,Cytomegalovirus (CMV),-4.90221776337706
TRAIT,CASSWRSTDTQYF,LMP2,EBV,-1.5107027949136516
TRAIT,CASSSRSTDTQYF,M1,Influenza,-0.3250753375320427
TRAIT,CASSLESSYNEQFF,IE1,Cytomegalovirus (CMV),-0.8834698600573567
TRAIT,CASSPEYNEQFF,BZLF1,EBV,-1.4381065831606787
TRAIT,CASSLAGSSYGYTF,IE1,Cytomegalovirus (CMV),0.6053140215120812
TRAIT,CASSFRSTDTQYF,M1,Influenza,1.05749090603708
TRAIT,CASRGAGELFF,M1,Influenza,0.3594413086947862
TRAIT,CASSLDGYGYTF,BZLF1,EBV,1.0806778316164904
TRAIT,CASRPDSYNEQFF,IE1,Cytomegalovirus (CMV),-0.622498714304509
TRAIT,CASSFLAGTDTQYF,BZLF1,EBV,3.130610805220532
TRAIT,CASSQGAGELFF,IE1,Cytomegalovirus (CMV),-0.6981571575864854
TRAIT,CASSPTSNTEAFF,M1,Influenza,-0.8032090075497271
TRAIT,CASSQGTVNTEAFF,BZLF1,EBV,0.887750500643106
TRAIT,CASSQERGPYNEQFF,IE1,Cytomegalovirus (CMV),-1.101506435309278
TRAIT,CASSLGRTTEAFF,BZLF1,EBV,-1.356186253664987
TRAIT,CASSGLAGGPDTQYF,IE1,Cytomegalovirus (CMV),-5.909214774790039
TRAIT,CASSPGTALYEQYF,EBNA3B,EBV,-2.523482099881019
TRAIT,CASSEGTGGTEAFF,IE1,Cytomegalovirus (CMV),-5.74901611539071
TRAIT,CASSLGLTTGELFF,IE1,Cytomegalovirus (CMV),1.7501475556856296
TRAIT,CASSQDRGSSYEQYF,BZLF1,EBV,-3.0897486111494104
TRAIT,CASSKRSTDTQYF,M1,Influenza,-2.1525140157830904
TRAIT,CASSLGTSGGETQYF,M1,Influenza,1.179595083726223
TRAIT,CASSAQGGNYGYTF,LMP2,EBV,1.2554837865706274
TRAIT,CASSPSYEQYF,BZLF1,EBV,1.652008114988072
TRAIT,CASSLGGAGETQYF,BMLF1,EBV,1.4071680922195968
TRAIT,CASSQEGNTGELFF,MLANA,Cancer/Self antigen,0.764053465105104
TRAIT,CASSPGTAAYEQYF,IE1,Cytomegalovirus (CMV),-3.272525413169408
TRAIT,CASKAGSSYNEQFF,EBNA3B,EBV,-1.797896740353142
TRAIT,CASSLVGNTEAFF,BZLF1,EBV,1.298503385273829
TRAIT,CASSDGGATDTQYF,BZLF1,EBV,-7.507869695423052
TRAIT,CASSLNTEAFF,IE1,Cytomegalovirus (CMV),1.7570236521875155
TRAIT,CASSLGTQPQHF,BZLF1,EBV,-0.3905492028828985
TRAIT,CASSQGLYNEQFF,IE1,Cytomegalovirus (CMV),-1.6887646092920463
TRAIT,CASTPGGEKLFF,IE1,Cytomegalovirus (CMV),-2.220092474928609
TRAIT,CASSIGLYGYTF,BZLF1,EBV,-3.6820122472444767
TRAIT,CASSVGQGPYEQYF,IE1,Cytomegalovirus (CMV),-0.8257212700490302
TRAIT,CASSLNGMNTEAFF,IE1,Cytomegalovirus (CMV),0.793346193414872
TRAIT,CASSQGTGELFF,IE1,Cytomegalovirus (CMV),-0.5034956102025966
TRAIT,CASSLDGQGPLYGYTF,IE1,Cytomegalovirus (CMV),-1.804665938235018
TRAIT,CASSTGIYGYTF,M1,Influenza,1.2775644083729336
TRAIT,CASSSGTAAYEQYF,IE1,Cytomegalovirus (CMV),-0.9629714619349944
TRAIT,CASSLGGGNNEQFF,BMLF1,EBV,2.034641266882965
TRAIT,CASSPRTGNTGELFF,IE1,Cytomegalovirus (CMV),1.9519682278105444
TRAIT,CASHSGNTIYF,BZLF1,EBV,-2.500823424613356
TRAIT,CASSQVSETQYF,IE1,Cytomegalovirus (CMV),1.4654695701928948
TRAIT,CASSPSSSYEQYF,IE1,Cytomegalovirus (CMV),-2.014706298192008
TRAIT,CASSEGQAYEQYF,EBNA3B,EBV,2.012108725470946
TRAIT,CASSLGSGAQETQYF,IE1,Cytomegalovirus (CMV),1.169992304364405
TRAIT,CASSIRAAYEQYF,IE1,Cytomegalovirus (CMV),-6.071814200823582
TRAIT,CASSRDLSGANVLTF,IE1,Cytomegalovirus (CMV),1.970765334279104
TRAIT,CASSARSSYEQYF,BZLF1,EBV,-1.6987064789345947
TRAIT,CASGQGSQPQHF,BZLF1,EBV,-2.542049065865317
TRAIT,CSASGGAYEQYF,IE1,Cytomegalovirus (CMV),-1.3911526749927288
TRAIT,CASSSGLAGLNEQFF,BZLF1,EBV,1.989736402349696
TRAIT,CASSFSGGTGELFF,IE1,Cytomegalovirus (CMV),1.0738755648085605
TRAIT,CASSLLGDTQYF,IE1,Cytomegalovirus (CMV),1.1263220873520297
TRAIT,CASSPAGGTDTQYF,BZLF1,EBV,-0.5664578391677356
TRAIT,CASSPGGTGTYEQYF,IE1,Cytomegalovirus (CMV),1.1381319867620063
TRAIT,CASSSQGGSYGYTF,BZLF1,EBV,1.0472312966875723
TRAIT,CASSLAGYNEQFF,IE1,Cytomegalovirus (CMV),-0.2076146409000209
TRAIT,CSARDLAGNEQFF,IE1,Cytomegalovirus (CMV),-6.054366735704939
TRAIT,CASRTSGSSYNEQFF,Gag,HIV / Human immunodeficiency virus (HIV),-0.4945194505156021
TRAIT,CASSELAGGPDTQYF,IE1,Cytomegalovirus (CMV),-5.733904547372521
TRAIT,CASSILSNQPQHF,M1,Influenza,-1.5103388526428985
TRAIT,CASSPNSNQPQHF,IE1,Cytomegalovirus (CMV),0.6596397792037751
TRAIT,CASSEGSSGNTIYF,IE1,Cytomegalovirus (CMV),1.5245828413816285
TRAIT,CASRESNTEAFF,IE1,Cytomegalovirus (CMV),-4.68169170251257
TRAIT,CASSPRLSTDTQYF,BZLF1,EBV,2.684565910164558
TRAIT,CASSQDRVSEAFF,IE1,Cytomegalovirus (CMV),-3.817971864743394
TRAIT,CASSYAETQYF,M1,Influenza,-0.4894853528013262
TRAIT,CASSLGVNTEAFF,IE1,Cytomegalovirus (CMV),1.707891705320671
TRAIT,CASSMRSTDTQYF,M1,Influenza,-1.4504906247591132
TRAIT,CASSTYSNQPQHF,M1,Influenza,-0.4949069673344149
TRAIT,CASRGAGELFF,BZLF1,EBV,0.3594413086947862
TRAIT,CASSRTAAYEQYF,IE1,Cytomegalovirus (CMV),0.8283963432208237
TRAIT,CASSPLSGGTEAFF,IE1,Cytomegalovirus (CMV),-1.3488371383528637
TRAIT,CASSPGGGYTF,EBNA3B,EBV,-0.6413787600636255
TRAIT,CASSWAGEQYF,IE1,Cytomegalovirus (CMV),-1.1254849233151796
TRAIT,CASSFSQNTEAFF,BZLF1,EBV,1.172397717967018
TRAIT,CASSLKGTDTQYF,BZLF1,EBV,1.110104559907776
TRAIT,CASSLRGGQPQHF,EBNA3A,EBV,-0.3386564682255741
TRAIT,CASSLRGSMNTEAFF,BZLF1,EBV,-2.0982518155879504
TRAIT,CASSELAGGQETQYF,IE1,Cytomegalovirus (CMV),-4.803276967988708
TRAIT,CASSTRASYEQYF,M1,Influenza,-1.1017094967826386
TRAIT,CASSFTSGGANEQFF,IE1,Cytomegalovirus (CMV),2.272561586401264
TRAIT,CASSQDRGYQPQHF,IE1,Cytomegalovirus (CMV),1.0151701071706136
TRAIT,CASSPGGQNYGYTF,IE1,Cytomegalovirus (CMV),1.10285009651259
TRAIT,CASSLGGGNNEQFF,BZLF1,EBV,2.034641266882965
TRAIT,CASSLVSTEAFF,BZLF1,EBV,-1.6516751195719157
TRAIT,CASSLGTQPQHF,IE1,Cytomegalovirus (CMV),-0.3905492028828985
TRAIT,CASSSGLAGRNEQFF,IE1,Cytomegalovirus (CMV),-1.2244601132195152
TRAIT,CASSGRSNTEAFF,M1,Influenza,1.0493879731086064
TRAIT,CASSSGQGLNEKLFF,IE1,Cytomegalovirus (CMV),2.4931071801710014
TRAIT,CASSLGGQGSNEQFF,M1,Influenza,2.113707581551864
TRAIT,CASSLSGGSYNEQFF,EBNA3B,EBV,1.4230990953698752
TRAIT,CASSEEAGGYNEQFF,IE1,Cytomegalovirus (CMV),-5.010246877244169
TRAIT,CASSLPDYNEQFF,BZLF1,EBV,-3.960179264941572
TRAIT,CASSRDANYGYTF,IE1,Cytomegalovirus (CMV),1.336205574890557
TRAIT,CASSSWTGGYEQYF,IE1,Cytomegalovirus (CMV),-1.890892983298838
TRAIT,CASSGQGYNEQFF,BZLF1,EBV,1.8507479446775768
TRAIT,CASSLIGELFF,IE1,Cytomegalovirus (CMV),-0.6709569563847324
TRAIT,CASSLGTGELFF,IE1,Cytomegalovirus (CMV),1.578393300537893
TRAIT,CASSLERGSYNEQFF,IE1,Cytomegalovirus (CMV),0.8319757710220124
TRAIT,CASSSYSYEQYF,EBNA3B,EBV,-1.089018219284502
TRAIT,CASSGTGELFF,IE1,Cytomegalovirus (CMV),-1.7854328539690898
TRAIT,CASSLRGSMNTEAFF,IE1,Cytomegalovirus (CMV),-2.0982518155879504
TRAIT,CASSLGTSYEQYF,IE1,Cytomegalovirus (CMV),-0.5341528563619522
TRAIT,CASSFFSNQPQHF,IE1,Cytomegalovirus (CMV),-1.8491240430490967
TRAIT,CASSLQGGEKLFF,BZLF1,EBV,0.8260846641375933
TRAIT,CASSFQGLGTEAFF,MLANA,Cancer/Self antigen,-3.7322546370907728
TRAIT,CASSARDTSYEQYF,BZLF1,EBV,1.4292269991337414
TRAIT,CASRGGGSSYNEQFF,EBNA3B,EBV,1.0083498525644483
TRAIT,CASSQTGVGYTF,IE1,Cytomegalovirus (CMV),-1.0163572344382732
TRAIT,CASSRDRSSYEQYF,BZLF1,EBV,1.6386756947641417
TRAIT,CASSARSSYEQYF,IE1,Cytomegalovirus (CMV),-1.6987064789345947
TRAIT,CSAPGQGTDTQYF,IE1,Cytomegalovirus (CMV),-1.5356742498807183
TRAIT,CASSSHGNQPQHF,IE1,Cytomegalovirus (CMV),-1.613003138184669
TRAIT,CASSFYEQYF,IE1,Cytomegalovirus (CMV),-0.6124819495738518
TRAIT,CASSWDGNTEAFF,IE1,Cytomegalovirus (CMV),-0.7788060718280786
TRAIT,CASSRLGDTQYF,IE1,Cytomegalovirus (CMV),0.5140332206795344
TRAIT,CASSLLGGPDTQYF,BZLF1,EBV,-1.250394619814176
TRAIT,CASSLTSGGAETQYF,IE1,Cytomegalovirus (CMV),-0.8375824270338909
TRAIT,CASSLGTGSYEQYF,IE1,Cytomegalovirus (CMV),0.4094728537498106
TRAIT,CASSSGTPNQPQHF,BZLF1,EBV,2.6336134133530646
TRAIT,CASSVGEAFF,IE1,Cytomegalovirus (CMV),-3.349816297286676
TRAIT,CASSPRSGNTIYF,BZLF1,EBV,0.3766426863768195
TRAIT,CASSLFTDTQYF,BZLF1,EBV,0.6507929145724959
TRAIT,CASSPGAYEQYF,IE1,Cytomegalovirus (CMV),0.619875194223261
TRAIT,CASSPRPGGYEQYF,IE1,Cytomegalovirus (CMV),-1.4508923478907572
TRAIT,CASSLGVLQPQHF,IE1,Cytomegalovirus (CMV),-1.8745516600537573
TRAIT,CASSLGGGPQETQYF,Gag,HIV / Human immunodeficiency virus (HIV),-2.133404867790365
TRAIT,CASSVADNQPQHF,BZLF1,EBV,-2.0558348174206325
TRAIT,CATSRGLAGAYEQYF,IE1,Cytomegalovirus (CMV),-2.36649386160661
TRAIT,CASSPRSSYEQYF,BZLF1,EBV,-0.8173449237158329
TRAIT,CSAPGQGTYEQYF,IE1,Cytomegalovirus (CMV),0.7400841183962692
TRAIT,CASSFRDSYEQYF,BZLF1,EBV,-1.7610147842265214
TRAIT,CASNRGGTGELFF,IE1,Cytomegalovirus (CMV),2.5255275101832617
TRAIT,CASSLVSNEQFF,BZLF1,EBV,0.6861324547130219
TRAIT,CASSLQGYNEQFF,EBNA3B,EBV,-0.6033481609870386
TRAIT,CASSSGLAGVNEQFF,M1,Influenza,1.0225351977183434
TRAIT,CASSPGGYEQYF,IE1,Cytomegalovirus (CMV),0.9893591231983002
TRAIT,CASSSSSTGELFF,BZLF1,EBV,1.5995028210899205
TRAIT,CASSPSGGAADTQYF,BZLF1,EBV,-2.0886933295328363
TRAIT,CASSESWGPYEQYF,EBNA3B,EBV,-6.041237970053386
TRAIT,CASSVTGGDTEAFF,BZLF1,EBV,2.584373375541504
TRAIT,CASSPGGRGNQPQHF,EBNA3B,EBV,1.868034034176739
TRAIT,CASSETSGGAYEQYF,EBNA3B,EBV,-3.556821592805269
TRAIT,CASSPPSGAYEQYF,IE1,Cytomegalovirus (CMV),3.3477176246829226
TRAIT,CASSPGTALYEQYF,IE1,Cytomegalovirus (CMV),-2.523482099881019
TRAIT,CASSLTDTQYF,BZLF1,EBV,1.763520970449541
TRAIT,CASSLDGQGPLYGYTF,EBNA3B,EBV,-1.804665938235018
TRAIT,CASSQDLAGGPDTQYF,IE1,Cytomegalovirus (CMV),-6.714351561948048
TRAIT,CASSSGTSGGAGETQYF,EBNA3B,EBV,2.928801196403852
TRAIT,CASSEGGVETQYF,M1,Influenza,-1.3802851012806192
TRAIT,CSARDRTGNGYTF,BZLF1,EBV,-2.795642567763734
TRAIT,CASSPRQGDQPQHF,BZLF1,EBV,-1.4498390495293854
TRAIT,CASSLNGNYGYTF,EBNA3B,EBV,1.8238334810826404
TRAIT,CASSLGSSNYGYTF,IE1,Cytomegalovirus (CMV),-0.964933154662576
TRAIT,CASSLDSSYEQYF,IE1,Cytomegalovirus (CMV),0.2885955033359971
TRAIT,CASSLSGGSYNEQFF,BZLF1,EBV,1.4230990953698752
TRAIT,CASSGTSGGYEQYF,EBNA3B,EBV,0.7551614180663815
TRAIT,CASSFAGDEQYF,Gag,HIV / Human immunodeficiency virus (HIV),1.8947564178006195
TRAIT,CASSPAGGTDTQYF,EBNA3A,EBV,-0.5664578391677356
TRAIT,CSVGTGDYEQYF,M1,Influenza,-3.507753974947675
TRAIT,CASSLWQGAYEQYF,IE1,Cytomegalovirus (CMV),-2.6739591950800587
TRAIT,CASSTGGTDTQYF,M1,Influenza,-0.6625609312693204
TRAIT,CASSYSGGSSYEQYF,IE1,Cytomegalovirus (CMV),-0.6669909584829746
TRAIT,CASSWDRDTEAFF,IE1,Cytomegalovirus (CMV),0.6693197841836954
TRAIT,CASSRDRDYGYTF,BZLF1,EBV,1.1450911472317562
TRAIT,CASSASGGSYEQYF,IE1,Cytomegalovirus (CMV),-1.1292397657644306
TRAIT,CASSPPGQGHEQYF,BZLF1,EBV,1.6153108222788148
TRAIT,CASSLRGSMNTEAFF,EBNA3B,EBV,-2.0982518155879504
TRAIT,CASSQEGYTEAFF,IE1,Cytomegalovirus (CMV),-0.7546797559434909
TRAIT,CASSLTPGGETQYF,IE1,Cytomegalovirus (CMV),-1.403483326646893
TRAIT,CASSLGTGGSYEQYF,EBNA3B,EBV,-0.3583731367659716
TRAIT,CASSGGGYEQYF,IE1,Cytomegalovirus (CMV),0.4186033714682077
TRAIT,CASSLALAGPYEQYF,MLANA,Cancer/Self antigen,-0.7839513088505548
TRAIT,CASSLGASMNTEAFF,BZLF1,EBV,-2.2207386918766225
TRAIT,CASSPLSTDTQYF,BZLF1,EBV,0.621724878815852
TRAIT,CASSAGGGPDTQYF,IE1,Cytomegalovirus (CMV),11.087526902200295
TRAIT,CASGQGYEQYF,IE1,Cytomegalovirus (CMV),0.482296358057892
TRAIT,CASSSGPNYEQYF,IE1,Cytomegalovirus (CMV),0.8956298272919573
TRAIT,CASSIGDYEQYF,EBNA3B,EBV,-2.046913325353455
TRAIT,CASSLGGQNYGYTF,BZLF1,EBV,1.083650978039757
TRAIT,CASSPGQGDYEQYF,BZLF1,EBV,-2.5248316062660856
TRAIT,CASRPGVGNQPQHF,EBNA3B,EBV,2.9274749982098536
TRAIT,CASSPRSSYEQYF,M1,Influenza,-0.8173449237158329
TRAIT,CASSSPGQGTEAFF,BZLF1,EBV,-2.312178164013692
TRAIT,CASSLTGDEQYF,IE1,Cytomegalovirus (CMV),-1.202464471276952
TRAIT,CASSFSGGTGELFF,M1,Influenza,1.0738755648085605
TRAIT,CASSLETGYEQYF,IE1,Cytomegalovirus (CMV),-1.4079335090416607
TRAIT,CASSYRATDTQYF,M1,Influenza,-2.6699910652053087
TRAIT,CASSSYTGELFF,Gag,HIV / Human immunodeficiency virus (HIV),1.711586416478685
TRAIT,CASRAGGSSYNEQFF,EBNA3B,EBV,-0.8420485565872367
TRAIT,CASSLMGNTEAFF,IE1,Cytomegalovirus (CMV),0.9354756021550296
TRAIT,CASSQERGGPDTQYF,KANAMYCINBDIOXYGENASE,Human (Homo sapiens),-7.407016074094706
TRAIT,CASSPGLAGGDEQFF,EBNA3B,EBV,0.8974675643142611
TRAIT,CASSYGQLNQPQHF,BZLF1,EBV,-1.434883885233177
TRAIT,CASSYDSGTGELFF,IE1,Cytomegalovirus (CMV),1.7143436030063128
TRAIT,CASSPGQGHTDTQYF,EBNA3B,EBV,-3.226199753712307
TRAIT,CASSVGLSSYNEQFF,BZLF1,EBV,1.6323103483375734
TRAIT,CASSEAGDTGELFF,PMEL,Cancer/Self antigen,-7.360114501359632
TRAIT,CASSVGGGGAYEQYF,IE1,Cytomegalovirus (CMV),-5.264075995386586
TRAIT,CASSRGTGELFF,IE1,Cytomegalovirus (CMV),0.8631564827053027
TRAIT,CASSIRSSYEQYF,BMLF1,EBV,1.4066494386838515
TRAIT,CASSLSGGSYNEQFF,BMLF1,EBV,1.4230990953698752
TRAIT,CASSPTGPEAFF,IE1,Cytomegalovirus (CMV),-3.1442548390688523
TRAIT,CASSSGLAGLNEQFF,EBNA3B,EBV,1.989736402349696
TRAIT,CASSSQGANEKLFF,M1,Influenza,0.925896722037916
TRAIT,CASSYGTEQYF,BZLF1,EBV,-3.725450956587108
TRAIT,CASSSGLAGVNEQFF,EBNA3B,EBV,1.0225351977183434
TRAIT,CASSLAHNQPQHF,BZLF1,EBV,1.864051318060244
TRAIT,CASSLGDRAGGYTF,M1,Influenza,2.086783081614913
TRAIT,CASSLDSSYGYTF,EBNA3B,EBV,0.5959891002730786
TRAIT,CASSHRSNQPQHF,M1,Influenza,-1.6185209663307347
TRAIT,CASSLGPYEQYF,BZLF1,EBV,0.9048266689790536
TRAIT,CASSRAPNTEAFF,IE1,Cytomegalovirus (CMV),-0.6824280019337385
TRAIT,CASSPGQGHTDTQYF,Gag,HIV / Human immunodeficiency virus (HIV),-3.226199753712307
TRAIT,CASSIRSTDTQYF,EBNA3B,EBV,-1.5729775615351214
TRAIT,CASSLQGTQETQYF,IE1,Cytomegalovirus (CMV),1.340690224128049
TRAIT,CASSPGQIYNEQFF,IE1,Cytomegalovirus (CMV),-0.6867784654243024
TRAIT,CASSFLAGTDTQYF,IE1,Cytomegalovirus (CMV),3.130610805220532
TRAIT,CASSLRGGTEAFF,BZLF1,EBV,1.1339131968189975
TRAIT,CASSSGLAGGNEQFF,IE1,Cytomegalovirus (CMV),-0.3266946637784977
TRAIT,CASSGTGYNEQFF,BZLF1,EBV,-0.9930582397670862
TRAIT,CASSPGLAGNEQFF,BMLF1,EBV,0.4859840999824628
TRAIT,CASSQRSTDTQYF,BZLF1,EBV,-0.7290668571815668
TRAIT,CASSRGHEQFF,IE1,Cytomegalovirus (CMV),-2.342243076668064
TRAIT,CASSLGGGNNEQFF,EBNA3B,EBV,2.034641266882965
TRAIT,CASRPTGDYGYTF,BZLF1,EBV,-1.7718516795020864
TRAIT,CASSFSGNTGELFF,LMP1,EBV,0.9479901809709192
TRAIT,CASSLGTANYGYTF,EBNA3B,EBV,1.1161122170888462
TRAIT,CASTLSYEQYF,IE1,Cytomegalovirus (CMV),-2.077623282778906
TRAIT,CASSPDGSYEQYF,EBNA3B,EBV,-0.8634735085594508
TRAIT,CASSTRSNQPQHF,M1,Influenza,1.415302098278786
TRAIT,CASSSQGDTQYF,IE1,Cytomegalovirus (CMV),0.5890620558300971
TRAIT,CASSIRSTDTQYF,BZLF1,EBV,-1.5729775615351214
TRAIT,CASSLGGSEAFF,IE1,Cytomegalovirus (CMV),-1.624993702121655
TRAIT,CASSLGFYNEQFF,IE1,Cytomegalovirus (CMV),1.4482281012886853
TRAIT,CASSLSGSNNEQFF,BZLF1,EBV,1.601048441004749
TRAIT,CASRPGVGNQPQHF,BZLF1,EBV,2.9274749982098536
TRAIT,CASSSGLAGGNEQFF,EBNA3B,EBV,-0.3266946637784977
TRAIT,CASSQATNTGELFF,BZLF1,EBV,-1.8450800376755565
TRAIT,CASSPRSDSPLHF,M1,Influenza,2.791243288846556
TRAIT,CASSTGVYGYTF,BZLF1,EBV,-0.537382748510829
TRAIT,CASSSGPTEAFF,EBNA3B,EBV,-3.27603380344794
TRAIT,CASSLTREQYF,IE1,Cytomegalovirus (CMV),0.972180757582291
TRAIT,CASSQSPGGTQYF,M1,Influenza,3.623220413639285
TRAIT,CASSSYSYEQYF,IE1,Cytomegalovirus (CMV),-1.089018219284502
TRAIT,CASSSPGQGTEAFF,IE1,Cytomegalovirus (CMV),-2.312178164013692
TRAIT,CASSPGTNYGYTF,EBNA3B,EBV,0.6963940126303244
TRAIT,CASSLAGGPSYNEQFF,IE1,Cytomegalovirus (CMV),2.6187392548715365
TRAIT,CASSQDRGGGTDTQYF,IE1,Cytomegalovirus (CMV),-3.7582216542504057
TRAIT,CASSLGGSEAFF,EBNA3B,EBV,-1.624993702121655
TRAIT,CASGPGQGTDTQYF,IE1,Cytomegalovirus (CMV),-1.269631279587046
TRAIT,CASSIGDYEQYF,EBNA3A,EBV,-2.046913325353455
TRAIT,CASSLEGTNEKLFF,BZLF1,EBV,1.047030073927269
TRAIT,CASSLQGANEKLFF,M1,Influenza,0.8293084552980289
TRAIT,CASSLGTSYEQYF,EBNA3B,EBV,-0.5341528563619522
TRAIT,CASSSGLAGVNEQFF,BZLF1,EBV,1.0225351977183434
TRAIT,CASSPRTGNTGELFF,BZLF1,EBV,1.9519682278105444
TRAIT,CASSLVVPYEQYF,IE1,Cytomegalovirus (CMV),-4.898189468669321
TRAIT,CASGLNTEAFF,BZLF1,EBV,-2.3271345675970214
TRAIT,CASSLTLSSYEQYF,IE1,Cytomegalovirus (CMV),-3.113979096802186
TRAIT,CASSVGNTIYF,IE1,Cytomegalovirus (CMV),-1.4161757210912231
TRAIT,CASSLAGRGNQPQHF,BZLF1,EBV,1.377306841470204
TRAIT,CASSYNSYEQYF,IE1,Cytomegalovirus (CMV),-3.246521046357181
TRAIT,CASSYLGGETQYF,IE1,Cytomegalovirus (CMV),1.189754190431615
TRAIT,CASTSGYNEQFF,IE1,Cytomegalovirus (CMV),1.0151757390643683
TRAIT,CASSRQNTGELFF,pp65,Cytomegalovirus (CMV),2.1098174623131305
TRAIT,CASSGGGVYGYTF,IE1,Cytomegalovirus (CMV),-1.0622945196211384
TRAIT,CASSLGGYTDTQYF,IE1,Cytomegalovirus (CMV),1.200513566007836
TRAIT,CASSPTGGGYNEQFF,IE1,Cytomegalovirus (CMV),0.6086790960763898
TRAIT,CASSRTNEQFF,IE1,Cytomegalovirus (CMV),0.5464872035794045
TRAIT,CASSPRVGETQYF,IE1,Cytomegalovirus (CMV),1.634453488331274
TRAIT,CASSLAGQGYGYTF,IE1,Cytomegalovirus (CMV),0.3864180042427972
TRAIT,CASSARSNQPQHF,M1,Influenza,-1.239281826304086
TRAIT,CASSPTSNEQFF,IE1,Cytomegalovirus (CMV),-0.6209000410683514
TRAIT,CASSPGVYGYTF,IE1,Cytomegalovirus (CMV),1.2138367552213467
TRAIT,CASSLGTSGGTGELFF,M1,Influenza,0.8430629836765158
TRAIT,CASSFGADNQPQHF,IE1,Cytomegalovirus (CMV),-5.831412594684295
TRAIT,CASSLEAGSYNEQFF,IE1,Cytomegalovirus (CMV),1.3800936860079287
TRAIT,CASSFPGTGSYEQYF,BMLF1,EBV,-2.1044266149845896
TRAIT,CASSYSSGGADTQYF,M1,Influenza,-6.420025105716714
TRAIT,CASSSQGGYEQYF,IE1,Cytomegalovirus (CMV),0.7261402866671844
TRAIT,CASSSGGSYEQYF,BZLF1,EBV,-0.3468366720327441
TRAIT,CASSNSGANVLTF,BZLF1,EBV,0.9931519324133604
TRAIT,CASSAGTGGTEAFF,IE1,Cytomegalovirus (CMV),-1.8046567828108848
TRAIT,CASSYRSQETQYF,M1,Influenza,1.1360402531214295
TRAIT,CSAGGNTEAFF,IE1,Cytomegalovirus (CMV),-2.01361011476067
TRAIT,CASSSGLAGGNEQFF,M1,Influenza,-0.3266946637784977
TRAIT,CASSSSDTQYF,EBNA3B,EBV,0.24395848164801
TRAIT,CASSELSSGANVLTF,IE1,Cytomegalovirus (CMV),-2.3591936171606074
TRAIT,CASSWTGGYTF,IE1,Cytomegalovirus (CMV),-1.5894830167136815
TRAIT,CASSLEAGSYNEQFF,M1,Influenza,1.3800936860079287
TRAIT,CASSFGGSGANVLTF,BZLF1,EBV,1.5572942475822615
TRAIT,CASSLVGGDEQYF,IE1,Cytomegalovirus (CMV),-1.1345700480337109
TRAIT,CASSLGTVSYEQYF,M1,Influenza,0.7423112413301678
TRAIT,CASSARDTSYEQYF,IE1,Cytomegalovirus (CMV),1.4292269991337414
TRAIT,CASSLGGGGTYNEQFF,BZLF1,EBV,1.6109227770541923
TRAIT,CASSVAGGTDTQYF,IE1,Cytomegalovirus (CMV),-1.9286855065624084
TRAIT,CASSTRSSYEQYF,BMLF1,EBV,-2.88400548878444
TRAIT,CASSQDRNTDTQYF,BZLF1,EBV,1.2208889529442577
TRAIT,CASSYGQLNQPQHF,IE1,Cytomegalovirus (CMV),-1.434883885233177
TRAIT,CASSLQGVSYEQYF,IE1,Cytomegalovirus (CMV),-1.237309983549321
TRAIT,CASRTSGSSYNEQFF,BZLF1,EBV,-0.4945194505156021
TRAIT,CASSLGPNTEAFF,EBNA3B,EBV,1.4186164106874917
TRAIT,CASSFQGLGQPQHF,MLANA,Cancer/Self antigen,-1.279215391564796
TRAIT,CASSLGVEAFF,MLANA,Cancer/Self antigen,-2.5233785706060687
TRAIT,CASSYLGEETQYF,IE1,Cytomegalovirus (CMV),1.297376457440742
TRAIT,CASSLGLAGTDTQYF,IE1,Cytomegalovirus (CMV),1.4272691457574282
TRAIT,CASSLDGQGPLYGYTF,BZLF1,EBV,-1.804665938235018
TRAIT,CASSDSRGTEAFF,IE1,Cytomegalovirus (CMV),-1.2302054132366096
TRAIT,CATSRESSGANVLTF,IE1,Cytomegalovirus (CMV),-5.746566072357863
TRAIT,CASSQDRVRETQYF,M1,Influenza,3.0723210322349863
TRAIT,CASSLGSSNYGYTF,EBNA3B,EBV,-0.964933154662576
TRAIT,CASSARSSYEQYF,BMLF1,EBV,-1.6987064789345947
TRAIT,CASSPTGAYEQYF,IE1,Cytomegalovirus (CMV),-0.7445709707149916
TRAIT,CASSFLAGTDTQYF,BMLF1,EBV,3.130610805220532
TRAIT,CASSPSLSYEQYF,BZLF1,EBV,-2.5411721151108733
TRAIT,CASSLSSYNEQFF,BZLF1,EBV,0.3133328277866052
TRAIT,CASSYSGGYYGYTF,LMP2,EBV,-2.500264230827967
TRAIT,CASSLGTLPYEQYF,IE1,Cytomegalovirus (CMV),-1.289003074395548
TRAIT,CASSEDGMNTEAFF,IE1,Cytomegalovirus (CMV),4.055748601748396
TRAIT,CASSAFTDTQYF,BZLF1,EBV,0.6935646757917885
TRAIT,CASSFGGYTDTQYF,IE1,Cytomegalovirus (CMV),-1.1733571838589696
TRAIT,CASSVEGGNTEAFF,IE1,Cytomegalovirus (CMV),-3.386843291679429
TRAIT,CASSGGASGANVLTF,IE1,Cytomegalovirus (CMV),1.4950488654142409
TRAIT,CASSSRATDTQYF,M1,Influenza,-1.185429717125012
TRAIT,CASSPGGGNEQFF,IE1,Cytomegalovirus (CMV),-1.7704292034785625
TRAIT,CASSVSGGGYNEQFF,EBNA3B,EBV,2.242793147943245
TRAIT,CASSREGEQFF,IE1,Cytomegalovirus (CMV),1.9010241147477456
TRAIT,CASSPRTGVYGYTF,IE1,Cytomegalovirus (CMV),0.5793154770897903
TRAIT,CASSGLAGLNEQFF,BZLF1,EBV,-2.8300083846704887
TRAIT,CASGQGYEQYF,EBNA3B,EBV,0.482296358057892
TRAIT,CASSFYEQYF,EBNA3B,EBV,-0.6124819495738518
TRAIT,CASSQVVGNTIYF,M1,Influenza,1.1959160921172185
TRAIT,CASSQDRNTDTQYF,EBNA3B,EBV,1.2208889529442577
TRAIT,CASSRGPNYEQYF,IE1,Cytomegalovirus (CMV),-1.235558158852088
TRAIT,CASSGTSGGYEQYF,M1,Influenza,0.7551614180663815
TRAIT,CASSDSSTDTQYF,EBNA3B,EBV,-4.45292986959252
TRAIT,CASSSLGGGNTEAFF,BZLF1,EBV,-1.675972489442977
TRAIT,CASSLRSTDTQYF,M1,Influenza,0.8164272411447044
TRAIT,CASTPGGEKLFF,EBNA3B,EBV,-2.220092474928609
TRAIT,CASSLMATDTQYF,BZLF1,EBV,2.388288837407981
TRAIT,CASSVGGPSYEQYF,IE1,Cytomegalovirus (CMV),-2.999730001581061
TRAIT,CASSIQGSTEAFF,EBNA3B,EBV,0.6276432886179519
TRAIT,CASSYTDNQPQHF,IE1,Cytomegalovirus (CMV),-1.0646904991917223
TRAIT,CASSPMDTQYF,IE1,Cytomegalovirus (CMV),1.7797717599551772
TRAIT,CASSLGQDGYTF,IE1,Cytomegalovirus (CMV),-0.6791984868763287
TRAIT,CASSYGAGGYNEQFF,IE1,Cytomegalovirus (CMV),-2.906280379751488
TRAIT,CASSLTRTDTQYF,IE1,Cytomegalovirus (CMV),-1.144132536951875
TRAIT,CASRVGNTEAFF,IE1,Cytomegalovirus (CMV),-1.9042580435750107
TRAIT,CASSLQGQPQHF,IE1,Cytomegalovirus (CMV),0.4432910493443484
TRAIT,CASSLGSGGTDTQYF,IE1,Cytomegalovirus (CMV),2.537326372482396
TRAIT,CASSLSGAGANVLTF,IE1,Cytomegalovirus (CMV),1.8880673782762
TRAIT,CASSARQGQETQYF,IE1,Cytomegalovirus (CMV),-1.962518905149792
TRAIT,CASSLIGYGYTF,IE1,Cytomegalovirus (CMV),-0.9813476391609712
TRAIT,CASSYSGGNEQFF,IE1,Cytomegalovirus (CMV),-1.3721872769634746
TRAIT,CASSHGLAGGETQYF,IE1,Cytomegalovirus (CMV),-2.491840527785317
TRAIT,CASSVVGNTEAFF,IE1,Cytomegalovirus (CMV),-0.8436888126154285
TRAIT,CASSLEPSYEQYF,IE1,Cytomegalovirus (CMV),-1.5838660072626176
TRAIT,CASSYDGGNQPQHF,IE1,Cytomegalovirus (CMV),2.2679369121946804
TRAIT,CASSDRMNTEAFF,IE1,Cytomegalovirus (CMV),-1.383708336278377
TRAIT,CATRQGYEQYF,IE1,Cytomegalovirus (CMV),-3.222188789038746
TRAIT,CASSPGRNTGELFF,IE1,Cytomegalovirus (CMV),0.8328661228126925
TRAIT,CASSRDRGDTEAFF,IE1,Cytomegalovirus (CMV),0.6049465684855004
TRAIT,CASGQQETQYF,IE1,Cytomegalovirus (CMV),3.20222451757794
TRAIT,CASSQQGATEAFF,IE1,Cytomegalovirus (CMV),1.5346187741035102
TRAIT,CASSFGTGTTEAFF,IE1,Cytomegalovirus (CMV),-1.783443876336056
TRAIT,CSVVVTEAFF,IE1,Cytomegalovirus (CMV),-2.371148949953578
TRAIT,CASTVGGTEAFF,IE1,Cytomegalovirus (CMV),-3.3810716060936485
TRAIT,CASSSGLAGENEQFF,IE1,Cytomegalovirus (CMV),-1.2268968726731506
TRAIT,CASSLSSNQPQHF,IE1,Cytomegalovirus (CMV),1.151466465650504
TRAIT,CASSLGGSNQPQHF,IE1,Cytomegalovirus (CMV),1.6060774607420198
TRAIT,CASSSPGLAGGSSYNEQFF,IE1,Cytomegalovirus (CMV),-3.0571054619415974
TRAIT,CASSPPGAGEKLFF,IE1,Cytomegalovirus (CMV),1.3141116369836827
TRAIT,CASRGQGTTEAFF,IE1,Cytomegalovirus (CMV),-2.006282672744102
TRAIT,CASSPPGGQETQYF,IE1,Cytomegalovirus (CMV),0.3973624427275267
TRAIT,CASSPDLGTEAFF,IE1,Cytomegalovirus (CMV),-2.396128860758384
TRAIT,CASSFGQGYQPQHF,IE1,Cytomegalovirus (CMV),-1.2191321108125472
TRAIT,CASRDGTEAFF,IE1,Cytomegalovirus (CMV),-3.218644647299284
TRAIT,CASSGQGFNQPQHF,IE1,Cytomegalovirus (CMV),-1.1223248644094497
TRAIT,CASSVVDNEQFF,IE1,Cytomegalovirus (CMV),-2.680836362378903
TRAIT,CASSSGLARNEQFF,IE1,Cytomegalovirus (CMV),1.2020526301291947
TRAIT,CASSDAGNYGYTF,IE1,Cytomegalovirus (CMV),-1.2213720923479667
TRAIT,CASSQGTGRNTEAFF,IE1,Cytomegalovirus (CMV),-2.5001677225249765
TRAIT,CASSSDSEAFF,IE1,Cytomegalovirus (CMV),-1.816130680261552
TRAIT,CASSLKTGELFF,IE1,Cytomegalovirus (CMV),-1.5245831208244076
TRAIT,CASSPPSRNTEAFF,IE1,Cytomegalovirus (CMV),-2.031592813250183
TRAIT,CASSQVGNNEQFF,IE1,Cytomegalovirus (CMV),-2.917747602730289
TRAIT,CASSPGQGHNEQFF,IE1,Cytomegalovirus (CMV),-0.5747429025652881
TRAIT,CASSLAGGQTEAFF,IE1,Cytomegalovirus (CMV),1.449210932221626
TRAIT,CASSGGGNEKLFF,IE1,Cytomegalovirus (CMV),1.1732191914641763
TRAIT,CASSLGQDGYTF,EBNA3B,EBV,-0.6791984868763287
TRAIT,CASSEGLGTEAFF,IE1,Cytomegalovirus (CMV),-1.7944742745477749
TRAIT,CASSRYNEQFF,IE1,Cytomegalovirus (CMV),1.124545384969024
TRAIT,CASREGETQYF,EBNA3B,EBV,1.2100672202855556
TRAIT,CASSWDRAYEQYF,IE1,Cytomegalovirus (CMV),-1.4844849630423496
TRAIT,CASSWGDTQYF,EBNA3B,EBV,-1.272113570291955
TRAIT,CASSQGSEAFF,M1,Influenza,-1.692423225655925
TRAIT,CASSQNYNEQFF,IE1,Cytomegalovirus (CMV),-1.532330400602112
TRAIT,CASSLGLAGSYNEQFF,IE1,Cytomegalovirus (CMV),-0.8111370367833692
TRAIT,CASSQVNTGELFF,IE1,Cytomegalovirus (CMV),-0.396143743335202
TRAIT,CASSPGTGGYQPQHF,IE1,Cytomegalovirus (CMV),1.5330551334779736
TRAIT,CASSLGQGVQPQHF,IE1,Cytomegalovirus (CMV),-0.7456724490002757
TRAIT,CASSYSLAGGYNEQFF,IE1,Cytomegalovirus (CMV),-2.1275725085355552
TRAIT,CASSENSNQPQHF,IE1,Cytomegalovirus (CMV),-0.4971497575723485
TRAIT,CASSQDLGSGANVLTF,IE1,Cytomegalovirus (CMV),-5.196973834724572
TRAIT,CASSLVSPNTEAFF,IE1,Cytomegalovirus (CMV),-1.849925486737857
TRAIT,CASSEGGGTEAFF,IE1,Cytomegalovirus (CMV),-1.3359919023386628
TRAIT,CASSLTGNTEAFF,IE1,Cytomegalovirus (CMV),1.83239199712108
TRAIT,CASTAQETQYF,IE1,Cytomegalovirus (CMV),1.5368002930492295
TRAIT,CASSSVGTEAFF,IE1,Cytomegalovirus (CMV),-0.5760529324703538
TRAIT,CASSFLNTGELFF,IE1,Cytomegalovirus (CMV),0.3512350888850429
TRAIT,CASSQAGDQPQHF,IE1,Cytomegalovirus (CMV),1.2929393937260245
TRAIT,CASSLGRGLNTEAFF,IE1,Cytomegalovirus (CMV),-1.846798610733433
TRAIT,CASSMGPNTEAFF,IE1,Cytomegalovirus (CMV),-2.491214297890922
TRAIT,CASSPRTGGNTIYF,IE1,Cytomegalovirus (CMV),0.9554666014679198
TRAIT,CASSKTGNEQFF,IE1,Cytomegalovirus (CMV),-1.2287433221253483
TRAIT,CASSQDLDTQYF,IE1,Cytomegalovirus (CMV),-2.490880551685447
TRAIT,CASSPGTSGGATDTQYF,IE1,Cytomegalovirus (CMV),1.5588180763139072
TRAIT,CASSPPGYTEAFF,IE1,Cytomegalovirus (CMV),0.5760998401758975
TRAIT,CASSLGNTEAFF,IE1,Cytomegalovirus (CMV),1.69252380570249
TRAIT,CASSRGPDTQYF,IE1,Cytomegalovirus (CMV),0.4871881143167046
TRAIT,CASSLSPGGNSPLHF,IE1,Cytomegalovirus (CMV),-1.3974233408348469
TRAIT,CSVAGTGNTEAFF,IE1,Cytomegalovirus (CMV),-3.1136099770173247
TRAIT,CASSLGYGYTF,IE1,Cytomegalovirus (CMV),1.555048874487146
TRAIT,CASSFGTGGTDTQYF,IE1,Cytomegalovirus (CMV),-1.6561213794631888
TRAIT,CASSLGSSQPQHF,IE1,Cytomegalovirus (CMV),-0.9866447247612004
TRAIT,CASSFGGNTIYF,IE1,Cytomegalovirus (CMV),-0.6194853890596511
TRAIT,CASSLGGTYEQYF,IE1,Cytomegalovirus (CMV),0.5284477010504075
TRAIT,CASSLARTVNTEAFF,IE1,Cytomegalovirus (CMV),-1.0601191801992278
TRAIT,CASSIGSNEQFF,IE1,Cytomegalovirus (CMV),-6.384958719864644
TRAIT,CASSLGQDGYTF,EBNA3A,EBV,-0.6791984868763287
TRAIT,CASSPTGGLYNEQFF,IE1,Cytomegalovirus (CMV),-1.829616812050502
TRAIT,CASSYSYEQYF,IE1,Cytomegalovirus (CMV),0.8246952951148564
TRAIT,CASSLLGTNYGYTF,IE1,Cytomegalovirus (CMV),-1.9452509879502389
TRAIT,CASSFTDYGYTF,IE1,Cytomegalovirus (CMV),0.9005501557571145
TRAIT,CASSSRMNTEAFF,IE1,Cytomegalovirus (CMV),-0.4384467120391456
TRAIT,CASSSGNTEAFF,IE1,Cytomegalovirus (CMV),-0.2751626783792882
TRAIT,CASSLGLGSSYEQYF,IE1,Cytomegalovirus (CMV),1.02018574215206
TRAIT,CASSPGRRSYEQYF,IE1,Cytomegalovirus (CMV),-1.6706166748654203
TRAIT,CASSLYYEQYF,IE1,Cytomegalovirus (CMV),0.7106394354173249
TRAIT,CASSIGLNTEAFF,IE1,Cytomegalovirus (CMV),-2.0107669329152147
TRAIT,CASSFGGENSPLHF,IE1,Cytomegalovirus (CMV),-3.336171367501599
TRAIT,CASSSTGGSGELFF,IE1,Cytomegalovirus (CMV),-1.1807546580334
TRAIT,CASSLAPGTDTQYF,IE1,Cytomegalovirus (CMV),2.8362401356822446
TRAIT,CASSGTSGYNEQFF,IE1,Cytomegalovirus (CMV),0.3488604104942757
TRAIT,CASSLSGTGELFF,IE1,Cytomegalovirus (CMV),0.772147722041637
TRAIT,CASSLSPNTGELFF,IE1,Cytomegalovirus (CMV),0.4631099945963894
TRAIT,CASSLAGGSYEQYF,IE1,Cytomegalovirus (CMV),1.484250992360645
TRAIT,CASSHGKTQYF,IE1,Cytomegalovirus (CMV),4.332780424174121
TRAIT,CASSFSATEAFF,IE1,Cytomegalovirus (CMV),1.5230442184744537
TRAIT,CASSLGDTSYNEQFF,IE1,Cytomegalovirus (CMV),1.37913348633984
TRAIT,CASTPGGSTDTQYF,IE1,Cytomegalovirus (CMV),-0.8303323506949389
TRAIT,CASSVGGTGYNEQFF,IE1,Cytomegalovirus (CMV),1.1745501154963485
TRAIT,CASSLGQGYEQYF,IE1,Cytomegalovirus (CMV),1.5506205771315913
TRAIT,CASSVTGTEAFF,IE1,Cytomegalovirus (CMV),-2.9011434503440494
TRAIT,CASKGGGETQYF,IE1,Cytomegalovirus (CMV),0.8642335236051973
TRAIT,CASRLAGGGEQYF,IE1,Cytomegalovirus (CMV),3.812682406295128
TRAIT,CASSPGQGRGTEAFF,IE1,Cytomegalovirus (CMV),1.1240453706709954
TRAIT,CASSLGGRNNEQFF,IE1,Cytomegalovirus (CMV),-1.4475375172404443
TRAIT,CASSSDYNEQFF,IE1,Cytomegalovirus (CMV),-2.3401351350964656
TRAIT,CASSLTGPNYGYTF,IE1,Cytomegalovirus (CMV),-0.6950608603729733
TRAIT,CASSLAGLGNQPQHF,IE1,Cytomegalovirus (CMV),-0.7050746403461873
TRAIT,CASSWGSYNEQFF,IE1,Cytomegalovirus (CMV),-1.250504895204923
TRAIT,CASSPMDTQYF,EBNA3B,EBV,1.7797717599551772
TRAIT,CASSLAGGTEAFF,IE1,Cytomegalovirus (CMV),1.312342088300655
TRAIT,CASSLGQAYGYTF,IE1,Cytomegalovirus (CMV),-0.3833481509368336
TRAIT,CASSWGGDTQYF,IE1,Cytomegalovirus (CMV),-1.3344951710786384
TRAIT,CASSMGNTEAFF,IE1,Cytomegalovirus (CMV),-4.223867287488584
TRAIT,CASSQDRGLNQPQHF,IE1,Cytomegalovirus (CMV),-2.4406089958938235
TRAIT,CASSEGQGANYGYTF,EBNA3B,EBV,-1.0962914430926678
TRAIT,CASSWGETQYF,IE1,Cytomegalovirus (CMV),0.4885131553619836
TRAIT,CASSSGLAGENEQFF,EBNA3B,EBV,-1.2268968726731506
TRAIT,CASSLLNTGELFF,IE1,Cytomegalovirus (CMV),0.2271627257599297
TRAIT,CASSSTVYNEQFF,EBNA3B,EBV,-1.4711918395963566
TRAIT,CASSPGLANTGELFF,IE1,Cytomegalovirus (CMV),1.240789751289105
TRAIT,CASSPRTGNYEQYF,IE1,Cytomegalovirus (CMV),3.135754644611333
TRAIT,CASSVVQGYGYTF,IE1,Cytomegalovirus (CMV),1.462703946093983
TRAIT,CASSRDGYNEQFF,IE1,Cytomegalovirus (CMV),-0.7399626489542953
TRAIT,CASSLGGLGYGYTF,IE1,Cytomegalovirus (CMV),-1.1163845159188523
TRAIT,CASSLGTVGYEQYF,IE1,Cytomegalovirus (CMV),-1.569906438910741
TRAIT,CASSEIAGGTDTQYF,IE1,Cytomegalovirus (CMV),-8.63761149685638
TRAIT,CASSLGDEQYF,IE1,Cytomegalovirus (CMV),-0.4812717430166059
TRAIT,CASSLSGSTDTQYF,IE1,Cytomegalovirus (CMV),0.8754839570398442
TRAIT,CASSQDRVGYEQYF,IE1,Cytomegalovirus (CMV),-4.529853711146775
TRAIT,CASRGFYGYTF,IE1,Cytomegalovirus (CMV),-0.8354308022442112
TRAIT,CASSLAGAYSNQPQHF,IE1,Cytomegalovirus (CMV),1.96404222441033
TRAIT,CASSPGTFNEQFF,IE1,Cytomegalovirus (CMV),2.2972323742163447
TRAIT,CASRVGNTEAFF,EBNA3A,EBV,-1.9042580435750107
TRAIT,CASSFRQGDTGELFF,IE1,Cytomegalovirus (CMV),2.391899351713732
TRAIT,CASSFTSGGYEQYF,EBNA3B,EBV,-1.6190439086768853
TRAIT,CASSQDLGGGTEAFF,IE1,Cytomegalovirus (CMV),1.887386547103246
TRAIT,CASRDPTDTQYF,IE1,Cytomegalovirus (CMV),1.9159097165521053
TRAIT,CASSYSSGGYGYTF,IE1,Cytomegalovirus (CMV),-3.5085233165072123
TRAIT,CASSIGGSSYNEQFF,IE1,Cytomegalovirus (CMV),-1.470962456564894
TRAIT,CASSAGTGGTDTQYF,IE1,Cytomegalovirus (CMV),0.8424738222232359
TRAIT,CASRVGNTEAFF,EBNA3B,EBV,-1.9042580435750107
TRAIT,CASSIGAGGYNEQFF,EBNA3B,EBV,-1.4162091552710705
TRAIT,CASSLVAGPTDTQYF,IE1,Cytomegalovirus (CMV),1.0475545519651388
TRAIT,CASSFRGVYGYTF,IE1,Cytomegalovirus (CMV),1.217539480113981
TRAIT,CASSQDLYEQYF,IE1,Cytomegalovirus (CMV),-2.822110440845752
TRAIT,CASSFQGYNEQFF,IE1,Cytomegalovirus (CMV),-1.288318924254761
TRAIT,CASSPGAGDTEAFF,IE1,Cytomegalovirus (CMV),-2.0968008012240187
TRAIT,CASSSWTGAYEQYF,IE1,Cytomegalovirus (CMV),-1.1545085186800297
TRAIT,CASSLGETEAFF,IE1,Cytomegalovirus (CMV),-2.119962669449197
TRAIT,CASSLQGTGELFF,IE1,Cytomegalovirus (CMV),1.57868923401665
TRAIT,CASSPESSYNEQFF,IE1,Cytomegalovirus (CMV),-1.1843449775058574
TRAIT,CASSVEPNTGELFF,IE1,Cytomegalovirus (CMV),3.368222491450985
TRAIT,CASSLEQGTYEQYF,IE1,Cytomegalovirus (CMV),-0.8268856144389187
TRAIT,CASSPTGQGYNEQFF,IE1,Cytomegalovirus (CMV),1.991272997911214
TRAIT,CASSPGTGNYGYTF,IE1,Cytomegalovirus (CMV),1.1559066063759382
TRAIT,CASSLLGGTGELFF,IE1,Cytomegalovirus (CMV),-0.9976456550326632
TRAIT,CASSAPGQMNTEAFF,IE1,Cytomegalovirus (CMV),1.3596149447912032
TRAIT,CASSLNYNQPQHF,IE1,Cytomegalovirus (CMV),2.375810108647872
TRAIT,CASSETGSNQPQHF,IE1,Cytomegalovirus (CMV),-0.6532042813411871
TRAIT,CASSGGVTEAFF,IE1,Cytomegalovirus (CMV),-2.0176128772649062
TRAIT,CASSLDGTGTEAFF,IE1,Cytomegalovirus (CMV),3.880821488045775
TRAIT,CASSHGNSPLHF,IE1,Cytomegalovirus (CMV),-3.0074603699221902
TRAIT,CASSQGTGTDTQYF,IE1,Cytomegalovirus (CMV),2.157434435934899
TRAIT,CASSSRGGNEQFF,IE1,Cytomegalovirus (CMV),-0.8516744327316704
TRAIT,CASSLIGSNYGYTF,IE1,Cytomegalovirus (CMV),-3.884068618265972
TRAIT,CASSVLAGGSTDTQYF,EBNA3B,EBV,-0.8810160557817337
TRAIT,CASSPGLAGDNEQFF,IE1,Cytomegalovirus (CMV),-0.3166590136468966
TRAIT,CASSLGYEQFF,IE1,Cytomegalovirus (CMV),0.492242760924401
TRAIT,CASSFTSGGYEQYF,IE1,Cytomegalovirus (CMV),-1.6190439086768853
TRAIT,CASSYGAAYEQYF,IE1,Cytomegalovirus (CMV),0.9261659051152514
TRAIT,CASSQGPEQFF,IE1,Cytomegalovirus (CMV),-1.9728072360467244
TRAIT,CASSFLVNTEAFF,IE1,Cytomegalovirus (CMV),-1.634839761717285
TRAIT,CASSMETQYF,EBNA3B,EBV,2.573603678878252
TRAIT,CASSLAPGGNTEAFF,IE1,Cytomegalovirus (CMV),-1.3775710211837349
TRAIT,CASSYTGGDTEAFF,EBNA3B,EBV,-2.140178088151456
TRAIT,CASSQGTYEQYF,IE1,Cytomegalovirus (CMV),0.4584887890692422
TRAIT,CASSVGGRGNEQFF,IE1,Cytomegalovirus (CMV),-2.972418797689162
TRAIT,CASSQRGNTEAFF,IE1,Cytomegalovirus (CMV),0.3388527605890737
TRAIT,CASSSRGFYGYTF,IE1,Cytomegalovirus (CMV),-2.6092430287715858
TRAIT,CASSLGQDGYTF,Gag,HIV / Human immunodeficiency virus (HIV),-0.6791984868763287
TRAIT,CASSPRGTDTQYF,IE1,Cytomegalovirus (CMV),0.5803360199515519
TRAIT,CASSPGQGWNEQFF,IE1,Cytomegalovirus (CMV),-1.2604131532402811
TRAIT,CASSFVNTGELFF,IE1,Cytomegalovirus (CMV),0.5094999346423896
TRAIT,CASSPGAGTYEQYF,IE1,Cytomegalovirus (CMV),-1.4637679050144836
TRAIT,CASSLGRSTYEQYF,IE1,Cytomegalovirus (CMV),-1.846187934807454
TRAIT,CASSFTNNEQFF,IE1,Cytomegalovirus (CMV),1.8921640855946475
TRAIT,CASSLISEQFF,IE1,Cytomegalovirus (CMV),-3.048191358938667
TRAIT,CASSSRGYNEQFF,IE1,Cytomegalovirus (CMV),-1.6926453126046055
TRAIT,CASSLLRDTQYF,IE1,Cytomegalovirus (CMV),0.5111831902292262
TRAIT,CASSPTYYGYTF,EBNA3A,EBV,-1.1841261334741335
TRAIT,CASSPTVNTEAFF,IE1,Cytomegalovirus (CMV),0.9033604463306654
TRAIT,CSVERNTEAFF,IE1,Cytomegalovirus (CMV),-3.2359850453628325
TRAIT,CASSYGTGQPQHF,IE1,Cytomegalovirus (CMV),-3.422222517666724
TRAIT,CASSLGTDYGYTF,IE1,Cytomegalovirus (CMV),0.9646007871277354
TRAIT,CASSEQGDYGYTF,EBNA3B,EBV,0.8920962502745929
TRAIT,CASSRNMNTEAFF,IE1,Cytomegalovirus (CMV),1.9092378026974508
TRAIT,CASSQVTGGNTEAFF,IE1,Cytomegalovirus (CMV),-4.028969491645952
TRAIT,CASREGETQYF,IE1,Cytomegalovirus (CMV),1.2100672202855556
TRAIT,CASSLGTESYEQYF,IE1,Cytomegalovirus (CMV),-0.7228308588283636
TRAIT,CASSFRGSNQPQHF,EBNA3B,EBV,-1.0189110485181665
TRAIT,CASSLLAGGGYNEQFF,IE1,Cytomegalovirus (CMV),3.846721606363736
TRAIT,CASSLGAQETQYF,IE1,Cytomegalovirus (CMV),1.5359308684506412
TRAIT,CASSYSTGGNTEAFF,IE1,Cytomegalovirus (CMV),-1.0474188338873698
TRAIT,CASSLGQGNQPQHF,IE1,Cytomegalovirus (CMV),1.5920385633161322
TRAIT,CASSRGQGSTDTQYF,IE1,Cytomegalovirus (CMV),3.146943389400269
TRAIT,CASSLSGGPETQYF,IE1,Cytomegalovirus (CMV),1.3224303998777542
TRAIT,CASSAGTGNEQYF,IE1,Cytomegalovirus (CMV),-1.7021771165634814
TRAIT,CASSLPDSGNTIYF,IE1,Cytomegalovirus (CMV),-1.1548471101675268
TRAIT,CASSSGQGPNQPQHF,IE1,Cytomegalovirus (CMV),2.288415050726028
TRAIT,CASSLAGNSPLHF,IE1,Cytomegalovirus (CMV),0.6150454831788098
TRAIT,CASRGQGASGYTF,IE1,Cytomegalovirus (CMV),3.146158834083446
TRAIT,CASSSGNSYEQYF,IE1,Cytomegalovirus (CMV),-0.8637671539593542
TRAIT,CASSPGQGYQPQHF,IE1,Cytomegalovirus (CMV),0.4078481216110121
TRAIT,CASSPLGSSTDTQYF,IE1,Cytomegalovirus (CMV),1.7519394624577416
TRAIT,CASSLGGGTGELFF,IE1,Cytomegalovirus (CMV),0.601966476590434
TRAIT,CASSTGRSSYNEQFF,IE1,Cytomegalovirus (CMV),-1.5367930538946697
TRAIT,CASSWDTNTEAFF,IE1,Cytomegalovirus (CMV),1.0751639950974452
TRAIT,CASSLEPSYEQYF,EBNA3B,EBV,-1.5838660072626176
TRAIT,CASSLGQGVGQPQHF,IE1,Cytomegalovirus (CMV),1.5139627629483163
TRAIT,CASSETSGQETQYF,IE1,Cytomegalovirus (CMV),-1.3996019902689811
TRAIT,CASSLGTGNTEAFF,IE1,Cytomegalovirus (CMV),1.0148459948413204
TRAIT,CASSLDSYNSPLHF,IE1,Cytomegalovirus (CMV),0.748258516071034
TRAIT,CASSRTGLNTEAFF,EBNA3B,EBV,0.9231863137465626
TRAIT,CASSQGGVTEAFF,IE1,Cytomegalovirus (CMV),-0.731207165524121
TRAIT,CASSLPANTGELFF,IE1,Cytomegalovirus (CMV),1.094373893444276
TRAIT,CASSDPYNEQFF,IE1,Cytomegalovirus (CMV),-1.6066525824259643
TRAIT,CASSPLSNTGELFF,IE1,Cytomegalovirus (CMV),3.85832890973314
TRAIT,CASSLGRGGRNEQFF,IE1,Cytomegalovirus (CMV),-1.933500941401924
TRAIT,CASSYVNEQFF,IE1,Cytomegalovirus (CMV),1.6702661627774655
TRAIT,CASSVGGGTEAFF,IE1,Cytomegalovirus (CMV),-1.6912588164144062
TRAIT,CASSFSGGAGDTQYF,IE1,Cytomegalovirus (CMV),0.587248427405452
TRAIT,CASSQDRGGTQYF,IE1,Cytomegalovirus (CMV),2.7534649656047354
TRAIT,CASSDRGQPQHF,IE1,Cytomegalovirus (CMV),0.4819324044563475
TRAIT,CASSLLSMNTEAFF,IE1,Cytomegalovirus (CMV),-1.1049044860955206
TRAIT,CASSTQGGNQPQHF,IE1,Cytomegalovirus (CMV),1.429018126590048
TRAIT,CASSDGGGSYNEQFF,IE1,Cytomegalovirus (CMV),-5.14302760299385
TRAIT,CASSQGGENTEAFF,IE1,Cytomegalovirus (CMV),-1.0093255360811408
TRAIT,CASSPAGQGNTEAFF,IE1,Cytomegalovirus (CMV),1.155104832412599
TRAIT,CASSESWGTEAFF,EBNA3B,EBV,1.723691751311316
TRAIT,CASSVGGTEAFF,IE1,Cytomegalovirus (CMV),-1.716466737885059
TRAIT,CASSLVRGSNQPQHF,IE1,Cytomegalovirus (CMV),-2.098521076420138
TRAIT,CASSRVTNEKLFF,IE1,Cytomegalovirus (CMV),-1.4392159813441738
TRAIT,CASSLVDGNTEAFF,IE1,Cytomegalovirus (CMV),-2.034609279831211
TRAIT,CASSQTDNEQFF,IE1,Cytomegalovirus (CMV),1.9687413593882328
TRAIT,CASSTTGSSYNEQFF,IE1,Cytomegalovirus (CMV),0.6425266387655758
TRAIT,CASSLGTANGYTF,IE1,Cytomegalovirus (CMV),-3.7285716437699934
TRAIT,CASSPPGGQETQYF,EBNA3B,EBV,0.3973624427275267
TRAIT,CASSLPGYNEQFF,IE1,Cytomegalovirus (CMV),-1.4793164885518653
TRAIT,CASSDTYGYTF,IE1,Cytomegalovirus (CMV),-1.3639258873660158
TRAIT,CASSPPSAGELFF,IE1,Cytomegalovirus (CMV),-1.3136468406884825
TRAIT,CASSLEATDTQYF,IE1,Cytomegalovirus (CMV),0.777687000039955
TRAIT,CASSPTSTDTQYF,IE1,Cytomegalovirus (CMV),0.3009194281014896
TRAIT,CASSPNTGELFF,IE1,Cytomegalovirus (CMV),1.4395066216270087
TRAIT,CASSLQNSPLHF,IE1,Cytomegalovirus (CMV),0.9841413122149356
TRAIT,CASSVLNTEAFF,IE1,Cytomegalovirus (CMV),-0.5188778882930234
TRAIT,CASSEGYNEQFF,IE1,Cytomegalovirus (CMV),-0.9895965872940884
TRAIT,CASSLLSTDTQYF,IE1,Cytomegalovirus (CMV),-0.8607229116749211
TRAIT,CASSLRAMNTEAFF,IE1,Cytomegalovirus (CMV),-1.3830966713154709
TRAIT,CASSFTGGSYEQYF,IE1,Cytomegalovirus (CMV),0.4828275739277217
TRAIT,CASSYRGLGNQPQHF,IE1,Cytomegalovirus (CMV),-3.1285978321065144
TRAIT,CASSGASYEQYF,IE1,Cytomegalovirus (CMV),-1.1826632636536203
TRAIT,CASSIVGQGNQPQHF,IE1,Cytomegalovirus (CMV),-1.777844887302845
TRAIT,CASSLEANTEAFF,IE1,Cytomegalovirus (CMV),0.6929680468266483
TRAIT,CASSLETGYTEAFF,IE1,Cytomegalovirus (CMV),-1.835011522937927
TRAIT,CASSLSQGTYEQYF,IE1,Cytomegalovirus (CMV),-1.1256854871227642
TRAIT,CASSFAGGGGYTF,IE1,Cytomegalovirus (CMV),1.2380844104676898
TRAIT,CASSRGTGEQYF,IE1,Cytomegalovirus (CMV),1.337584694465639
TRAIT,CASSEWNTGELFF,EBNA3B,EBV,1.1202107691968104
TRAIT,CASSVSGSNQPQHF,IE1,Cytomegalovirus (CMV),-1.687376496562194
TRAIT,CASSLRGVSYNEQFF,IE1,Cytomegalovirus (CMV),-0.9038412633903008
TRAIT,CASSPGTGGFQPQHF,IE1,Cytomegalovirus (CMV),1.5259112901305452
TRAIT,CASSEGRMNTEAFF,IE1,Cytomegalovirus (CMV),-1.5729308990308462
TRAIT,CASSPYSSGNTIYF,IE1,Cytomegalovirus (CMV),-3.308271817431111
TRAIT,CASGGGTGELFF,EBNA3B,EBV,-2.353670312636963
TRAIT,CASSFPSYGYTF,IE1,Cytomegalovirus (CMV),-4.610122836664315
TRAIT,CAWSPGNYGYTF,IE1,Cytomegalovirus (CMV),-2.4722084713390853
TRAIT,CASSGTSGATDTQYF,IE1,Cytomegalovirus (CMV),-4.337311526220455
TRAIT,CASSTGLSGNTIYF,IE1,Cytomegalovirus (CMV),0.7765551518582514
TRAIT,CASSLGQGVYEQYF,IE1,Cytomegalovirus (CMV),-0.199993009612435
TRAIT,CASSDRMNTEAFF,EBNA3B,EBV,-1.383708336278377
TRAIT,CASSYSGGNGYTF,IE1,Cytomegalovirus (CMV),2.1290956922066484
TRAIT,CASSLAATYEQYF,IE1,Cytomegalovirus (CMV),-1.3354129849700973
TRAIT,CATRLNTEAFF,IE1,Cytomegalovirus (CMV),-2.3477246459785515
TRAIT,CASSPHGNQPQHF,EBNA3A,EBV,1.2785661871470235
TRAIT,CASSPTSGNTEAFF,IE1,Cytomegalovirus (CMV),2.517320686306027
TRAIT,CASSRTGNQETQYF,IE1,Cytomegalovirus (CMV),1.9987759028968064
TRAIT,CASSPIGSGANVLTF,IE1,Cytomegalovirus (CMV),2.3561732671270805
TRAIT,CSARDRGDTEAFF,IE1,Cytomegalovirus (CMV),-6.60828248539773
TRAIT,CASSPGGPETQYF,IE1,Cytomegalovirus (CMV),1.0342002060294275
TRAIT,CASRLAGDEQFF,IE1,Cytomegalovirus (CMV),-1.784803049381697
TRAIT,CSARDSDYGYTF,IE1,Cytomegalovirus (CMV),-4.398871565910401
TRAIT,CASSSSNTGELFF,EBNA3B,EBV,1.2753281870140856
TRAIT,CASSPRTGDTGELFF,IE1,Cytomegalovirus (CMV),1.2282434223374492
TRAIT,CASSLTGTGQETQYF,IE1,Cytomegalovirus (CMV),1.7391815301651483
TRAIT,CASSLLAGAPDTQYF,IE1,Cytomegalovirus (CMV),-0.8136900647909769
TRAIT,CASSTRQGGTDTQYF,IE1,Cytomegalovirus (CMV),3.128846209326772
TRAIT,CSARESGNTIYF,IE1,Cytomegalovirus (CMV),0.6905587064321155
TRAIT,CASSLTGGTEAFF,EBNA3B,EBV,1.7008796444891052
TRAIT,CASKTGLNTEAFF,IE1,Cytomegalovirus (CMV),-2.0800695557955
TRAIT,CASSLVAGGPQETQYF,IE1,Cytomegalovirus (CMV),-1.26844076241936
TRAIT,CASSYGYGYTF,IE1,Cytomegalovirus (CMV),0.7129165257005731
TRAIT,CASSLWTGDQPQHF,IE1,Cytomegalovirus (CMV),-1.035056973557988
TRAIT,CASSPIGGNTEAFF,IE1,Cytomegalovirus (CMV),-1.130557642234365
TRAIT,CASSLVLAGGEQYF,EBNA3B,EBV,-0.8660648443252528
TRAIT,CASSIDTDTQYF,IE1,Cytomegalovirus (CMV),0.9927830049513952
TRAIT,CASSLDDNSPLHF,IE1,Cytomegalovirus (CMV),1.1770021577397831
TRAIT,CASRGQGSQPQHF,IE1,Cytomegalovirus (CMV),0.6985185658647007
TRAIT,CASSLGQGGTEAFF,EBNA3B,EBV,1.0921771925766597
TRAIT,CASSLSYNEQFF,IE1,Cytomegalovirus (CMV),0.3566273596968303
TRAIT,CASSRTGGTDTQYF,IE1,Cytomegalovirus (CMV),1.113308863950392
TRAIT,CASSVEGRGTEAFF,IE1,Cytomegalovirus (CMV),-2.175855123611089
TRAIT,CASGQGNTEAFF,IE1,Cytomegalovirus (CMV),-2.0890631871277336
TRAIT,CASSEGTGHTDTQYF,IE1,Cytomegalovirus (CMV),-11.072616451740126
TRAIT,CASSPAGYEQYF,IE1,Cytomegalovirus (CMV),0.4069238732797986
TRAIT,CASSDGTSGSNEQFF,IE1,Cytomegalovirus (CMV),-7.600004800869813
TRAIT,CASSSTGLGNTIYF,MLANA,Cancer/Self antigen,-1.3958793816009476
TRAIT,CASSLSGGSYEQYF,IE1,Cytomegalovirus (CMV),0.7508638517985078
TRAIT,CASSFPGGYGYTF,IE1,Cytomegalovirus (CMV),-1.6778091184047557
TRAIT,CASSLDGNQPQHF,IE1,Cytomegalovirus (CMV),1.2438400782186798
TRAIT,CASSDGTGNTEAFF,IE1,Cytomegalovirus (CMV),-2.62251520367406
TRAIT,CASSLSGGSGNTIYF,IE1,Cytomegalovirus (CMV),-0.4291126301843318
TRAIT,CATSRASTDTQYF,IE1,Cytomegalovirus (CMV),1.7015924930751982
TRAIT,CASSSTGTGDGYTF,EBNA3B,EBV,-2.971567093504322
TRAIT,CASSLATGNEQFF,IE1,Cytomegalovirus (CMV),1.14470539302696
TRAIT,CASSERGSYNEQFF,IE1,Cytomegalovirus (CMV),-1.1654832748067163
TRAIT,CASSSTNEQFF,IE1,Cytomegalovirus (CMV),-2.1693939932571573
TRAIT,CASSPSDNEQFF,IE1,Cytomegalovirus (CMV),0.9485843626973284
TRAIT,CASSVAGGPTDTQYF,IE1,Cytomegalovirus (CMV),1.4508840634287874
TRAIT,CASSYGGNTEAFF,EBNA3B,EBV,-0.3329280805770355
TRAIT,CASSILSNQPQHF,IE1,Cytomegalovirus (CMV),-1.5103388526428985
TRAIT,CASSILGNTGELFF,IE1,Cytomegalovirus (CMV),-2.2433626561304547
TRAIT,CASSLAGGATEAFF,IE1,Cytomegalovirus (CMV),1.213551576772926
TRAIT,CASSLAGTGGNEQFF,IE1,Cytomegalovirus (CMV),1.5341898430503376
TRAIT,CASSFTTNEKLFF,IE1,Cytomegalovirus (CMV),0.9321250786710752
TRAIT,CASSFGGGGNQPQHF,IE1,Cytomegalovirus (CMV),1.6368916013809809
TRAIT,CASSRVDTQYF,IE1,Cytomegalovirus (CMV),-1.3613746382192509
TRAIT,CASSFSTDTQYF,IE1,Cytomegalovirus (CMV),1.5731027113333045
TRAIT,CASRGLAGGSTDTQYF,IE1,Cytomegalovirus (CMV),1.43051607176712
TRAIT,CASSQDGGSSYNEQFF,IE1,Cytomegalovirus (CMV),1.1437510683047851
TRAIT,CASSIYTDTQYF,IE1,Cytomegalovirus (CMV),-1.6096189723009524
TRAIT,CASSLVTGLNTEAFF,IE1,Cytomegalovirus (CMV),-0.5750355542691491
TRAIT,CASSRPSSGNTIYF,EBNA3A,EBV,-0.7463182484604207
TRAIT,CASTGLAGYNEQFF,IE1,Cytomegalovirus (CMV),-0.9689487893605148
TRAIT,CASSTQGGEQYF,IE1,Cytomegalovirus (CMV),-2.8791235339549988
TRAIT,CASSLVGAGELFF,EBNA3B,EBV,0.6501647623963255
TRAIT,CASSEQYNEQFF,IE1,Cytomegalovirus (CMV),2.019688988811165
TRAIT,CASSLGGSNQPQHF,EBNA3B,EBV,1.6060774607420198
TRAIT,CASSVGTGNYEQYF,IE1,Cytomegalovirus (CMV),-2.7210130458956447
TRAIT,CATSDGNTIYF,IE1,Cytomegalovirus (CMV),-1.4833769401997283
TRAIT,CASGTGELFF,IE1,Cytomegalovirus (CMV),-2.453997475674501
TRAIT,CASSPFNTEAFF,IE1,Cytomegalovirus (CMV),-1.5978339292840196
TRAIT,CASSLGTTSTDTQYF,IE1,Cytomegalovirus (CMV),-1.0705163919177103
TRAIT,CASRDSMNTEAFF,IE1,Cytomegalovirus (CMV),-0.7712024207711454
TRAIT,CASSIGNYNEQFF,IE1,Cytomegalovirus (CMV),4.258351464389575
TRAIT,CASSSGGSYNEQFF,IE1,Cytomegalovirus (CMV),-0.2069014638612234
TRAIT,CATSDPNTEAFF,IE1,Cytomegalovirus (CMV),-0.9843246723250478
TRAIT,CASSLVGQSYNEQFF,IE1,Cytomegalovirus (CMV),1.3602512476187425
TRAIT,CASSTITGELFF,IE1,Cytomegalovirus (CMV),1.2567834214732576
TRAIT,CASSLGTGVSGANVLTF,IE1,Cytomegalovirus (CMV),1.6627202894473472
TRAIT,CASSYGTGTYEQYF,IE1,Cytomegalovirus (CMV),-1.6873997399808212
TRAIT,CASSPQGASYEQYF,IE1,Cytomegalovirus (CMV),1.631064511796613
TRAIT,CASSWGQGGYEQYF,IE1,Cytomegalovirus (CMV),-3.027328688894201
TRAIT,CASSYSGQGSQPQHF,IE1,Cytomegalovirus (CMV),2.283916625123742
TRAIT,CASSPSSNEQFF,IE1,Cytomegalovirus (CMV),-0.7012136318567457
TRAIT,CASTDLNTEAFF,IE1,Cytomegalovirus (CMV),-1.3292611970027006
TRAIT,CASSEDSNTEAFF,IE1,Cytomegalovirus (CMV),-2.705342692156252
TRAIT,CASSVSVNTEAFF,IE1,Cytomegalovirus (CMV),1.0230775772849232
TRAIT,CASSYGTGGNEQFF,IE1,Cytomegalovirus (CMV),-4.877070654472991
TRAIT,CASSLVGSYNEQFF,IE1,Cytomegalovirus (CMV),1.2487096368693518
TRAIT,CASSLDRYNEQFF,IE1,Cytomegalovirus (CMV),0.8756758514563372
TRAIT,CASSQDRVSYEQYF,IE1,Cytomegalovirus (CMV),-0.901703312086096
TRAIT,CASSYTGGNTEAFF,IE1,Cytomegalovirus (CMV),-2.0544158811296502
TRAIT,CASSLAAGGPYNEQFF,IE1,Cytomegalovirus (CMV),-3.914298410216111
TRAIT,CASSLSGGGETQYF,IE1,Cytomegalovirus (CMV),1.1032403776908404
TRAIT,CASSLGESGANVLTF,IE1,Cytomegalovirus (CMV),-0.939102495734467
TRAIT,CASSQGQGNTEAFF,IE1,Cytomegalovirus (CMV),1.1802041278672606
TRAIT,CASSLVGGGTDTQYF,IE1,Cytomegalovirus (CMV),0.6611203804669643
TRAIT,CASSSRLAVYNEQFF,IE1,Cytomegalovirus (CMV),-1.5958901121564586
TRAIT,CASSFTGVNTEAFF,EBNA3B,EBV,0.7280429351628337
TRAIT,CASSLSDNQPQHF,EBNA3B,EBV,-0.6926075825037953
TRAIT,CASSYGQGYTEAFF,IE1,Cytomegalovirus (CMV),1.591871473201449
TRAIT,CASSRLAESTDTQYF,IE1,Cytomegalovirus (CMV),-2.275627308169815
TRAIT,CASRTGNYGYTF,IE1,Cytomegalovirus (CMV),-0.3759379305738823
TRAIT,CASSVAGEETQYF,IE1,Cytomegalovirus (CMV),-1.5252897771878513
TRAIT,CASSVGPSTDTQYF,IE1,Cytomegalovirus (CMV),1.539708304862447
TRAIT,CASSQGGYGYTF,IE1,Cytomegalovirus (CMV),0.8957217702186436
TRAIT,CASSYGAGGYNEQFF,EBNA3B,EBV,-2.906280379751488
TRAIT,CASSLASATDTQYF,IE1,Cytomegalovirus (CMV),1.335715844384194
TRAIT,CASSPGNTEAFF,EBNA3B,EBV,0.6079144672598948
TRAIT,CASSIGGGNTEAFF,IE1,Cytomegalovirus (CMV),-3.0994712907484248
TRAIT,CASSLRGDEQFF,IE1,Cytomegalovirus (CMV),-0.4016862904904313
TRAIT,CASSHRDRDTEAFF,IE1,Cytomegalovirus (CMV),-1.9026897183160527
TRAIT,CASSLAVGNYGYTF,IE1,Cytomegalovirus (CMV),-1.1183177470998324
TRAIT,CASSQGQGDGYTF,IE1,Cytomegalovirus (CMV),0.4832231674286482
TRAIT,CASRIGNTEAFF,IE1,Cytomegalovirus (CMV),-2.3784716117394344
TRAIT,CASSLSRNQPQHF,IE1,Cytomegalovirus (CMV),0.328954214212146
TRAIT,CASSSTGLGYTF,IE1,Cytomegalovirus (CMV),0.9520673819761988
TRAIT,CASSILGTEAFF,Gag,HIV / Human immunodeficiency virus (HIV),-2.3591449077842555
TRAIT,CASSGTSGNTGELFF,IE1,Cytomegalovirus (CMV),-0.5790754950612594
TRAIT,CASSLGDNEQFF,EBNA3B,EBV,-0.6733483600747051
TRAIT,CASSLSTDTQYF,IE1,Cytomegalovirus (CMV),1.819337539501404
TRAIT,CASSPTGGYGYTF,IE1,Cytomegalovirus (CMV),1.0376273094760684
TRAIT,CASSPGLAGGPDTGELFF,IE1,Cytomegalovirus (CMV),-1.43072057546493
TRAIT,CASSIGVNEQFF,IE1,Cytomegalovirus (CMV),-3.3313040729591377
TRAIT,CASSLGSTNEKLFF,IE1,Cytomegalovirus (CMV),1.5230962123086658
TRAIT,CASSLASANTEAFF,IE1,Cytomegalovirus (CMV),0.7252543514105086
TRAIT,CASSLGPGGNTEAFF,IE1,Cytomegalovirus (CMV),-1.0983709585870844
TRAIT,CASSFSPTEAFF,IE1,Cytomegalovirus (CMV),-3.5963979499129657
TRAIT,CASSGTDTYEQYF,IE1,Cytomegalovirus (CMV),-4.540558518469023
TRAIT,CASRPLAGAYNEQFF,IE1,Cytomegalovirus (CMV),1.872056420520348
TRAIT,CASSFRGSGNTIYF,IE1,Cytomegalovirus (CMV),1.4229903746616952
TRAIT,CASSITGNTEAFF,IE1,Cytomegalovirus (CMV),-1.98503249673886
TRAIT,CASSPYSSGNTIYF,pp65,Cytomegalovirus (CMV),-3.308271817431111
TRAIT,CASSSGSSYEQYF,IE1,Cytomegalovirus (CMV),-0.5640702433221044
TRAIT,CASSSGLSYEQYF,IE1,Cytomegalovirus (CMV),-1.4101754845333672
TRAIT,CASSPPGQGAYGYTF,IE1,Cytomegalovirus (CMV),1.3241777808306376
TRAIT,CASSFSLYNEQFF,IE1,Cytomegalovirus (CMV),1.7778497866069491
TRAIT,CASSLVGGDTEAFF,IE1,Cytomegalovirus (CMV),-0.311617655454232
TRAIT,CASSSTTGGNTEAFF,IE1,Cytomegalovirus (CMV),-1.8464539502751105
TRAIT,CASSQGAGNTEAFF,IE1,Cytomegalovirus (CMV),-0.7161830704342972
TRAIT,CASSLLGDYGYTF,IE1,Cytomegalovirus (CMV),1.4930287146081878
TRAIT,CASSLGAEAFF,IE1,Cytomegalovirus (CMV),-2.050463679150264
TRAIT,CASSQDRGAYNEQFF,IE1,Cytomegalovirus (CMV),0.7191374208503585
TRAIT,CASSLGQGADTQYF,IE1,Cytomegalovirus (CMV),0.9613377819741912
TRAIT,CASSLGVNQPQHF,IE1,Cytomegalovirus (CMV),0.2051274336328806
TRAIT,CASSSGLASYEQYF,EBNA3B,EBV,-1.5455738017894711
TRAIT,CASSLAGGTGELFF,IE1,Cytomegalovirus (CMV),1.16143256283536
TRAIT,CASSPDYNEQFF,IE1,Cytomegalovirus (CMV),-0.7885052455903995
TRAIT,CASSLAEYQETQYF,IE1,Cytomegalovirus (CMV),-4.002211024583631
TRAIT,CASSPSGGNEQFF,IE1,Cytomegalovirus (CMV),-0.7791635473000958
TRAIT,CASSGGTGPYEQYF,IE1,Cytomegalovirus (CMV),0.9869576014478474
TRAIT,CASSWTGTNEKLFF,IE1,Cytomegalovirus (CMV),-0.5794299903586667
TRAIT,CASSLVVRGTEAFF,IE1,Cytomegalovirus (CMV),-2.3954546359748816
TRAIT,CASKGDTGELFF,IE1,Cytomegalovirus (CMV),0.961251405828082
TRAIT,CASSFGNEQFF,IE1,Cytomegalovirus (CMV),-2.012080388025791
TRAIT,CASSPGLAGNNEQFF,EBNA3B,EBV,1.0396006909636435
TRAIT,CASSLSGGGSYEQYF,IE1,Cytomegalovirus (CMV),-0.8881760333769623
TRAIT,CASSAGNTEAFF,IE1,Cytomegalovirus (CMV),-1.570065975423144
TRAIT,CASSLVGQGYTEAFF,IE1,Cytomegalovirus (CMV),-1.0009333513534362
TRAIT,CASSLSLGQPQHF,IE1,Cytomegalovirus (CMV),-2.984125155380183
TRAIT,CASSYSGGAYEQYF,EBNA3B,EBV,-0.7096289885154058
TRAIT,CASSLDSGNTGELFF,IE1,Cytomegalovirus (CMV),3.471066323309118
TRAIT,CASSLLAGGRDTQYF,IE1,Cytomegalovirus (CMV),-1.5432868761390808
TRAIT,CASSSPTSGTYEQYF,IE1,Cytomegalovirus (CMV),-2.1013406608052967
TRAIT,CASSSDLNTEAFF,IE1,Cytomegalovirus (CMV),2.208770863567756
TRAIT,CASSRGDNQPQHF,IE1,Cytomegalovirus (CMV),2.169761807231979
TRAIT,CASSSGTGPYNEQFF,IE1,Cytomegalovirus (CMV),-0.9528270072133408
TRAIT,CASSIGTVNTEAFF,EBNA3B,EBV,-1.2598352778881234
TRAIT,CASSLSGQGNTEAFF,IE1,Cytomegalovirus (CMV),-0.9498412277721804
TRAIT,CASSLDSGNTIYF,IE1,Cytomegalovirus (CMV),0.873892087319341
TRAIT,CASSFGGSGNQPQHF,IE1,Cytomegalovirus (CMV),1.266742989010548
TRAIT,CASSPNQPQHF,EBNA3B,EBV,-0.6370905104192697
TRAIT,CASSLGQGYQPQHF,IE1,Cytomegalovirus (CMV),-0.5176300987502306
TRAIT,CASSLDPGTYEQYF,IE1,Cytomegalovirus (CMV),-2.2277692989897573
TRAIT,CASSVSGLNTEAFF,IE1,Cytomegalovirus (CMV),1.0170280456910696
TRAIT,CASSQEGDEQFF,IE1,Cytomegalovirus (CMV),-3.2151170393821777
TRAIT,CASSLGSSSYNEQFF,IE1,Cytomegalovirus (CMV),1.06844504337924
TRAIT,CASSSGQGGKLFF,IE1,Cytomegalovirus (CMV),4.005048568682742
TRAIT,CASSVDRGNQPQHF,IE1,Cytomegalovirus (CMV),-0.5885790289757341
TRAIT,CASSAGQGGYEQYF,IE1,Cytomegalovirus (CMV),-3.542634680489322
TRAIT,CASSSRDYQETQYF,EBNA3B,EBV,1.2636607784309797
TRAIT,CASSLVLNTGELFF,IE1,Cytomegalovirus (CMV),0.8559656612701472
TRAIT,CASSVGGENTEAFF,IE1,Cytomegalovirus (CMV),-1.4056342006992686
TRAIT,CASSQDYEQYF,IE1,Cytomegalovirus (CMV),-0.726826234377527
TRAIT,CASSPPGANYGYTF,IE1,Cytomegalovirus (CMV),-0.8092916559537527
TRAIT,CASSLSGYNEQFF,IE1,Cytomegalovirus (CMV),-0.6868584517713107
TRAIT,CASSLTESGANVLTF,EBNA3B,EBV,1.815228805231116
TRAIT,CASSLGLGQPQHF,MLANA,Cancer/Self antigen,-0.4775426227620122
TRAIT,CASSQGSEKLFF,IE1,Cytomegalovirus (CMV),-1.761795227430714
TRAIT,CASSLTGTDTQYF,IE1,Cytomegalovirus (CMV),0.4902788110559715
TRAIT,CASSLSGPNSPLHF,IE1,Cytomegalovirus (CMV),-2.6832208047195443
TRAIT,CASSPGTGPYEQYF,EBNA3A,EBV,-0.5420001436589634
TRAIT,CASSLGTGTGELFF,IE1,Cytomegalovirus (CMV),0.5657223658090832
TRAIT,CASSLTGGEKLFF,IE1,Cytomegalovirus (CMV),-0.9425651401223976
TRAIT,CASSPGQAPYEQYF,IE1,Cytomegalovirus (CMV),-1.13636469470906
TRAIT,CASSLTESGANVLTF,IE1,Cytomegalovirus (CMV),1.815228805231116
TRAIT,CASSLGGGMNTEAFF,IE1,Cytomegalovirus (CMV),0.684146062678717
TRAIT,CASSPEGSYNEQFF,IE1,Cytomegalovirus (CMV),-0.8705914487433688
TRAIT,CASSPGGGSSYNEQFF,EBNA3B,EBV,1.1316446537846043
TRAIT,CASSPGVSYEQYF,IE1,Cytomegalovirus (CMV),-1.1061228162686865
TRAIT,CASSPGASNEKLFF,IE1,Cytomegalovirus (CMV),-2.6410062635138964
TRAIT,CASSHGTGTYEQYF,IE1,Cytomegalovirus (CMV),-4.730621098833041
TRAIT,CASSPGVTGELFF,IE1,Cytomegalovirus (CMV),-0.6046279058706912
TRAIT,CASSIAGNTEAFF,IE1,Cytomegalovirus (CMV),-2.6763797957451927
TRAIT,CASSSGGTYGYTF,IE1,Cytomegalovirus (CMV),2.1282651277032087
TRAIT,CASSPLGGTQYF,IE1,Cytomegalovirus (CMV),-1.0274095277052455
TRAIT,CASSFAGNEQFF,IE1,Cytomegalovirus (CMV),-2.606881120231535
TRAIT,CASSFGTVYNEQFF,IE1,Cytomegalovirus (CMV),-1.124431308509044
TRAIT,CASSLQNTGELFF,IE1,Cytomegalovirus (CMV),0.4723878383956171
TRAIT,CASSEGGVYGYTF,IE1,Cytomegalovirus (CMV),1.5778628734939528
TRAIT,CASSIGTNSPLHF,IE1,Cytomegalovirus (CMV),-2.1152521317963315
TRAIT,CASSEGTSGQETQYF,IE1,Cytomegalovirus (CMV),-2.670716924976353
TRAIT,CASSDRVNEQFF,IE1,Cytomegalovirus (CMV),-2.3703111035961766
TRAIT,CASSLQGNTGELFF,IE1,Cytomegalovirus (CMV),1.7190891667931667
TRAIT,CASSLVLAGGNEQFF,IE1,Cytomegalovirus (CMV),0.5810936462731997
TRAIT,CASSPGTAYGYTF,IE1,Cytomegalovirus (CMV),0.3124344371924278
TRAIT,CASSFRTGGETQYF,IE1,Cytomegalovirus (CMV),2.4661539606487053
TRAIT,CASSIGGVGNQPQHF,IE1,Cytomegalovirus (CMV),2.302445440868361
TRAIT,CASSLAANTGELFF,IE1,Cytomegalovirus (CMV),0.5619745632946374
TRAIT,CASSPGTTYNEQFF,IE1,Cytomegalovirus (CMV),1.3583799753623564
TRAIT,CASSLIAGGPNEQFF,IE1,Cytomegalovirus (CMV),-3.028871009193705
TRAIT,CASSLSPGGSYEQYF,IE1,Cytomegalovirus (CMV),-1.3607802525511694
TRAIT,CASSLGLAGGPGETQYF,IE1,Cytomegalovirus (CMV),0.884467866588796
TRAIT,CASSSGAGGTDTQYF,IE1,Cytomegalovirus (CMV),-1.5562022836664409
TRAIT,CASSLGDTSYNEQFF,EBNA3B,EBV,1.37913348633984
TRAIT,CASSLSTNTEAFF,IE1,Cytomegalovirus (CMV),-0.4862329381743374
TRAIT,CASSLYTGELFF,IE1,Cytomegalovirus (CMV),0.6550042545781787
TRAIT,CASSLGASSTDTQYF,IE1,Cytomegalovirus (CMV),-2.110060812079108
TRAIT,CASSLGGVSPLHF,IE1,Cytomegalovirus (CMV),-1.6708695149548212
TRAIT,CAWSVTGNTEAFF,IE1,Cytomegalovirus (CMV),-2.923481980201508
TRAIT,CASSLSGSPYEQYF,IE1,Cytomegalovirus (CMV),-1.7480586650419276
TRAIT,CASSLTSGSTDTQYF,IE1,Cytomegalovirus (CMV),0.320186161885079
TRAIT,CASSLRDGSYEQYF,IE1,Cytomegalovirus (CMV),-1.0481713577566003
TRAIT,CASRQGSDTQYF,IE1,Cytomegalovirus (CMV),-1.327085271868672
TRAIT,CASSPPGSYNEQFF,IE1,Cytomegalovirus (CMV),0.901524258530553
TRAIT,CASSSTPYEQYF,IE1,Cytomegalovirus (CMV),-1.0115831361767489
TRAIT,CASSELTDTQYF,IE1,Cytomegalovirus (CMV),1.458314315718784
TRAIT,CASSFVGGSYEQYF,IE1,Cytomegalovirus (CMV),-1.459884922476709
TRAIT,CASSPPGAQETQYF,IE1,Cytomegalovirus (CMV),1.7702102785766485
TRAIT,CASSQEAGNTIYF,IE1,Cytomegalovirus (CMV),-2.7625060532124937
TRAIT,CATSRANTEAFF,IE1,Cytomegalovirus (CMV),-0.9609506522847114
TRAIT,CASSLAMGNTEAFF,IE1,Cytomegalovirus (CMV),-1.365020472276954
TRAIT,CASSSRGDYGYTF,IE1,Cytomegalovirus (CMV),0.5145122942223687
TRAIT,CASSLDRGHEQYF,EBNA3B,EBV,-0.7301065165984647
TRAIT,CASSSGAYEQYF,IE1,Cytomegalovirus (CMV),-0.4783184742619083
TRAIT,CASSEGQGNTEAFF,IE1,Cytomegalovirus (CMV),-1.801921607953712
TRAIT,CASSPTGYSNQPQHF,IE1,Cytomegalovirus (CMV),-0.5975277028380481
TRAIT,CASSVVAGELFF,IE1,Cytomegalovirus (CMV),-1.6498346393661016
TRAIT,CASSYSIGNQPQHF,IE1,Cytomegalovirus (CMV),-1.4978387784632083
TRAIT,CASSPSGIYEQYF,IE1,Cytomegalovirus (CMV),-2.4441458014193778
TRAIT,CASSPGTGNYGYTF,EBNA3B,EBV,1.1559066063759382
TRAIT,CASSAGTGGPYEQYF,IE1,Cytomegalovirus (CMV),-2.2212500521649554
TRAIT,CASSPQGSYEQYF,IE1,Cytomegalovirus (CMV),0.3751966094533373
TRAIT,CASSLYQETQYF,MAGEA1,Human (Homo sapiens),0.4953797178278544
TRAIT,CASSFSGVGTEAFF,IE1,Cytomegalovirus (CMV),1.7860358710962254
TRAIT,CASSLSGGYQPQHF,IE1,Cytomegalovirus (CMV),-1.6442190571906932
TRAIT,CASSLLGGDTEAFF,EBNA3A,EBV,1.0917581474510234
TRAIT,CASSPGTGGTDTQYF,IE1,Cytomegalovirus (CMV),-0.3342038070126518
TRAIT,CASSGGGASYNEQFF,IE1,Cytomegalovirus (CMV),-1.3619248784845608
TRAIT,CASSPGTLTEAFF,IE1,Cytomegalovirus (CMV),2.435704414760263
TRAIT,CASSYGEKLFF,IE1,Cytomegalovirus (CMV),-1.1699150793847135
TRAIT,CASSYGGSTEAFF,IE1,Cytomegalovirus (CMV),-2.721087022370871
TRAIT,CASSLAGGSNTGELFF,EBNA3A,EBV,2.0816617852531407
TRAIT,CASSPSPYNEQFF,IE1,Cytomegalovirus (CMV),1.2873021473481288
TRAIT,CASSPGTGGFQPQHF,EBNA3B,EBV,1.5259112901305452
TRAIT,CASSRATEAFF,IE1,Cytomegalovirus (CMV),-0.9169508498491528
TRAIT,CASSLLTGNQPQHF,IE1,Cytomegalovirus (CMV),-1.135647895269596
TRAIT,CASSTQGYGYTF,IE1,Cytomegalovirus (CMV),1.6186267334390103
TRAIT,CASSLAATEAFF,IE1,Cytomegalovirus (CMV),-3.8164389483503296
TRAIT,CASSPGGPYNEQFF,IE1,Cytomegalovirus (CMV),-1.047186983135597
TRAIT,CASSLDRGGGYTF,EBNA3B,EBV,0.5106539917439579
TRAIT,CASSLTGDNTEAFF,IE1,Cytomegalovirus (CMV),-0.7242143474948608
TRAIT,CASSLVAGGYNEQFF,IE1,Cytomegalovirus (CMV),0.5740796812862553
TRAIT,CASSIMNTEAFF,IE1,Cytomegalovirus (CMV),-1.312141827556376
TRAIT,CASSSGVYEQYF,IE1,Cytomegalovirus (CMV),-1.9663421322971544
TRAIT,CASSLGGNTIYF,IE1,Cytomegalovirus (CMV),1.0877000069777305
TRAIT,CASSIGTGGTEAFF,EBNA3B,EBV,-1.704212899400012
TRAIT,CASSLFDQPQHF,IE1,Cytomegalovirus (CMV),1.4584772454175354
TRAIT,CAISGQNTEAFF,IE1,Cytomegalovirus (CMV),-3.985005074835191
TRAIT,CASSRSGTGSYEQYF,EBNA3B,EBV,-0.8483320684935114
TRAIT,CASSWGSSYEQYF,IE1,Cytomegalovirus (CMV),-3.715037132669184
TRAIT,CASSFGEKLFF,IE1,Cytomegalovirus (CMV),-1.5773165476902529
TRAIT,CASSYTNTGELFF,IE1,Cytomegalovirus (CMV),-2.399126148678694
TRAIT,CASSLLQGTEAFF,PMEL,Cancer/Self antigen,-1.361650115728748
TRAIT,CASSLVGQSNEKLFF,EBNA3B,EBV,1.77073651709351
TRAIT,CASSTSSYEQYF,IE1,Cytomegalovirus (CMV),-2.00209228507423
TRAIT,CASSPPDSYEQYF,IE1,Cytomegalovirus (CMV),-1.989552764400852
TRAIT,CASSFGPNYGYTF,IE1,Cytomegalovirus (CMV),-2.336624485757957
TRAIT,CASSVGGGDYEQYF,IE1,Cytomegalovirus (CMV),-2.2674920528754323
TRAIT,CASSGGNEKLFF,IE1,Cytomegalovirus (CMV),0.9852794195279014
TRAIT,CASSDSYSGNTIYF,IE1,Cytomegalovirus (CMV),-3.091101975365824
TRAIT,CASGTTGELFF,IE1,Cytomegalovirus (CMV),-1.7046521665389252
TRAIT,CASRQGATYEQYF,IE1,Cytomegalovirus (CMV),1.4374960702504866
TRAIT,CASSLALSYEQYF,EBNA3B,EBV,-1.234182651280634
TRAIT,CASSLVLAGGEQYF,IE1,Cytomegalovirus (CMV),-0.8660648443252528
TRAIT,CASSLEGEGYTF,EBNA3B,EBV,-3.420883209490362
TRAIT,CASSLGGADEQFF,EBNA3B,EBV,0.911817586294607
TRAIT,CASRAGVNTEAFF,IE1,Cytomegalovirus (CMV),1.1611801523931478
TRAIT,CASSAGNSPLHF,EBNA3B,EBV,-0.8585844340816762
TRAIT,CASSLMGQLNTEAFF,IE1,Cytomegalovirus (CMV),1.0945076216058216
TRAIT,CASSLATGTEAFF,IE1,Cytomegalovirus (CMV),1.1308985079067568
TRAIT,CASSLGDRQETQYF,IE1,Cytomegalovirus (CMV),1.7933998582953328
TRAIT,CASSLGTNSGNTIYF,IE1,Cytomegalovirus (CMV),1.6832304172984824
TRAIT,CASSPRGTGELFF,EBNA3B,EBV,1.52160648764796
TRAIT,CASSLTGAEAFF,IE1,Cytomegalovirus (CMV),-1.695319740526931
TRAIT,CASSLRGAYNEQFF,IE1,Cytomegalovirus (CMV),0.8315502874229443
TRAIT,CASSYRQNYGYTF,IE1,Cytomegalovirus (CMV),-1.1831094065574193
TRAIT,CASSIGGTDTQYF,IE1,Cytomegalovirus (CMV),1.2709254487654786
TRAIT,CASSLSGEQFF,IE1,Cytomegalovirus (CMV),-1.0178434157425844
TRAIT,CASSFTGGRYEQYF,IE1,Cytomegalovirus (CMV),1.3903008965003265
TRAIT,CASSEGDTQYF,IE1,Cytomegalovirus (CMV),0.6494053151128448
TRAIT,CASSVLAGSSYNEQFF,IE1,Cytomegalovirus (CMV),2.5181183383389563
TRAIT,CASSYGQGAYEQYF,IE1,Cytomegalovirus (CMV),-1.3337657069439135
TRAIT,CASSPTSGQETQYF,IE1,Cytomegalovirus (CMV),1.6319560091182015
TRAIT,CASSQGGGQETQYF,IE1,Cytomegalovirus (CMV),1.0325838232665654
TRAIT,CASSRTEETQYF,IE1,Cytomegalovirus (CMV),-0.6448638185947532
TRAIT,CASSSGSYNEQFF,EBNA3B,EBV,-0.4614676357163744
TRAIT,CASSPTGELFF,IE1,Cytomegalovirus (CMV),-0.5462748041799365
TRAIT,CASSGGQPNEKLFF,IE1,Cytomegalovirus (CMV),1.6747101272345182
TRAIT,CASSQGQGAYGYTF,IE1,Cytomegalovirus (CMV),0.5786772735838779
TRAIT,CASSYSAAYEQYF,IE1,Cytomegalovirus (CMV),-3.2561087389100067
TRAIT,CASSLSSGNEQFF,IE1,Cytomegalovirus (CMV),-2.6626354883832866
TRAIT,CASSFRGDTQYF,IE1,Cytomegalovirus (CMV),0.5001767531674866
TRAIT,CASSLIGEAFF,EBNA3B,EBV,-4.2639353374731215
TRAIT,CASSQGSEQFF,EBNA3B,EBV,-1.5842399520269312
TRAIT,CASSLGNEQFF,IE1,Cytomegalovirus (CMV),0.8873154253885323
TRAIT,CASSYGRGGQPQHF,EBNA3B,EBV,-1.8275462009671977
TRAIT,CASRLADTQYF,IE1,Cytomegalovirus (CMV),2.1270289807347686
TRAIT,CASSLGLAGGNEQFF,IE1,Cytomegalovirus (CMV),0.5700341195718651
TRAIT,CASSFGPNNEQFF,MLANA,Cancer/Self antigen,-1.9347747829868545
TRAIT,CASRDRGPYNEQFF,IE1,Cytomegalovirus (CMV),-2.370766904252614
TRAIT,CASTGLAGYNEQFF,EBNA3B,EBV,-0.9689487893605148
TRAIT,CASSLGDGYTF,IE1,Cytomegalovirus (CMV),-1.1891555762101895
TRAIT,CASSQQGAEAFF,IE1,Cytomegalovirus (CMV),2.6204316132272494
TRAIT,CASSESGQGNSPLHF,EBNA3B,EBV,1.0283264577061817
TRAIT,CASSLGELNTEAFF,IE1,Cytomegalovirus (CMV),-2.007228480409939
TRAIT,CASSLLGSNQPQHF,IE1,Cytomegalovirus (CMV),-0.6041335333774703
TRAIT,CASSLGPGTYEQYF,IE1,Cytomegalovirus (CMV),-1.7019910970047465
TRAIT,CASSPSGSYNEQFF,IE1,Cytomegalovirus (CMV),0.3828732916287916
TRAIT,CASSQGGPYNEQFF,IE1,Cytomegalovirus (CMV),-1.57420620737468
TRAIT,CASSEGTTEAFF,IE1,Cytomegalovirus (CMV),-3.165778751964909
TRAIT,CAWSVRENTEAFF,IE1,Cytomegalovirus (CMV),-2.169442843737155
TRAIT,CASRLAGYNEQFF,IE1,Cytomegalovirus (CMV),-0.7020774740606537
TRAIT,CASSLSGGTEAFF,IE1,Cytomegalovirus (CMV),0.6106361960348566
TRAIT,CASSLAGYSNQPQHF,IE1,Cytomegalovirus (CMV),0.2306962341153935
TRAIT,CASSLVDEQFF,IE1,Cytomegalovirus (CMV),-0.8435628655016266
TRAIT,CASSFDRGYNEQFF,IE1,Cytomegalovirus (CMV),3.0073580577575925
TRAIT,CASSLTRAGNTIYF,IE1,Cytomegalovirus (CMV),1.6200095862284185
TRAIT,CASSFLGAGELFF,IE1,Cytomegalovirus (CMV),-2.154291284442502
TRAIT,CASSDSGNTIYF,MLANA,Cancer/Self antigen,-1.1668644896218985
TRAIT,CASSLFSDTQYF,EBNA3B,EBV,0.6518301291948984
TRAIT,CASSFGTGAYEQYF,IE1,Cytomegalovirus (CMV),-1.0040153381383656
TRAIT,CASSFGADTQYF,IE1,Cytomegalovirus (CMV),0.4497782283570427
TRAIT,CASSQVVYNEQFF,IE1,Cytomegalovirus (CMV),-1.9998961377939533
TRAIT,CASSLMGGYTF,IE1,Cytomegalovirus (CMV),-1.394796285703919
TRAIT,CASSPGQGYNQPQHF,IE1,Cytomegalovirus (CMV),-1.0425874929152317
TRAIT,CASSLPNSPLHF,IE1,Cytomegalovirus (CMV),0.6108831660221706
TRAIT,CASSWTSYEQYF,IE1,Cytomegalovirus (CMV),-2.3055091706614164
TRAIT,CASSEQGASNQPQHF,IE1,Cytomegalovirus (CMV),2.459138838475359
TRAIT,CASSSAGYEQYF,EBNA3B,EBV,1.1590971111158064
TRAIT,CASSHGKTQYF,Gag,HIV / Human immunodeficiency virus (HIV),4.332780424174121
TRAIT,CASSLTRTDTQYF,EBNA3B,EBV,-1.144132536951875
TRAIT,CASSMGVNTEAFF,IE1,Cytomegalovirus (CMV),-3.8271668536114007
TRAIT,CASSQDRGGYGYTF,IE1,Cytomegalovirus (CMV),-0.7607404987934123
TRAIT,CASSQTGGSYGYTF,IE1,Cytomegalovirus (CMV),-2.290730274215985
TRAIT,CASNRGNTGELFF,IE1,Cytomegalovirus (CMV),4.378156659132193
TRAIT,CASSLGPYSNQPQHF,IE1,Cytomegalovirus (CMV),-2.2358137546342505
TRAIT,CASSPPGELFF,IE1,Cytomegalovirus (CMV),-1.4449332765666445
TRAIT,CASSLDRGTEAFF,IE1,Cytomegalovirus (CMV),0.7514206874182809
TRAIT,CASSFTGGPYNEQFF,IE1,Cytomegalovirus (CMV),-1.2150993657954547
TRAIT,CASSGGGVNTEAFF,IE1,Cytomegalovirus (CMV),2.0183881785919056
TRAIT,CASSPGLAGGYEQFF,IE1,Cytomegalovirus (CMV),-0.9507629885213112
TRAIT,CASSLGQNYGYTF,IE1,Cytomegalovirus (CMV),1.7960051590935522
TRAIT,CASSLGYEQYF,EBNA3B,EBV,1.998090684332615
TRAIT,CASSLTSGNNEQFF,IE1,Cytomegalovirus (CMV),1.5650069803664737
TRAIT,CASSLEPSYEQYF,EBNA3A,EBV,-1.5838660072626176
TRAIT,CASSHGPNYGYTF,IE1,Cytomegalovirus (CMV),-3.7158453706815058
TRAIT,CASSGQGANTEAFF,IE1,Cytomegalovirus (CMV),0.8202657728481377
TRAIT,CASSVLAGAYNEQFF,M1,Influenza,-0.471067549381258
TRAIT,CASSVGQDYEQYF,IE1,Cytomegalovirus (CMV),-2.1365776062215383
TRAIT,CASSDRDTDTQYF,IE1,Cytomegalovirus (CMV),-6.126344465316258
TRAIT,CASSLAGRGSTDTQYF,IE1,Cytomegalovirus (CMV),1.4885814195063518
TRAIT,CASSLGGTGELFF,IE1,Cytomegalovirus (CMV),1.4050215068343084
TRAIT,CASSFPGELFF,IE1,Cytomegalovirus (CMV),-0.8327923741860952
TRAIT,CASSYSDSNQPQHF,IE1,Cytomegalovirus (CMV),1.4588444097340187
TRAIT,CASRIGNQPQHF,IE1,Cytomegalovirus (CMV),-1.8385366507584164
TRAIT,CASSIDGNTEAFF,IE1,Cytomegalovirus (CMV),-1.1409290200894486
TRAIT,CASRLAGSTGELFF,IE1,Cytomegalovirus (CMV),-1.3482769002163202
TRAIT,CASSPRDTQYF,IE1,Cytomegalovirus (CMV),1.3976865600099764
TRAIT,CASSLALNQPQHF,IE1,Cytomegalovirus (CMV),-0.59415355387678
TRAIT,CASSLASVYGYTF,IE1,Cytomegalovirus (CMV),1.4473510153845406
TRAIT,CASSWGTGGTDTQYF,IE1,Cytomegalovirus (CMV),1.554336489800189
TRAIT,CASSYGTEAFF,IE1,Cytomegalovirus (CMV),-2.8973820002779584
TRAIT,CASSLGPSNQPQHF,IE1,Cytomegalovirus (CMV),-0.3989871546917862
TRAIT,CASRRSGANVLTF,IE1,Cytomegalovirus (CMV),1.279762388285543
TRAIT,CASSLDTEETQYF,IE1,Cytomegalovirus (CMV),-1.0940489504621862
TRAIT,CASSAGTGDTDTQYF,IE1,Cytomegalovirus (CMV),-5.694065618837431
TRAIT,CASSDSGGSTDTQYF,IE1,Cytomegalovirus (CMV),-5.363263691171197
TRAIT,CASSPPGSTEAFF,IE1,Cytomegalovirus (CMV),0.5882405964585509
TRAIT,CASSQDRVYEQYF,IE1,Cytomegalovirus (CMV),0.5845943432176397
TRAIT,CASSSSGFYEQYF,IE1,Cytomegalovirus (CMV),-3.692724576210287
TRAIT,CASSSLTNTEAFF,IE1,Cytomegalovirus (CMV),1.9852124522776728
TRAIT,CASSLVANTEAFF,IE1,Cytomegalovirus (CMV),0.7372516024504232
TRAIT,CASSFGRGNTEAFF,IE1,Cytomegalovirus (CMV),0.7681943034048337
TRAIT,CASSGQMNTEAFF,IE1,Cytomegalovirus (CMV),0.8834597158063392
TRAIT,CASSLVAGSYGYTF,IE1,Cytomegalovirus (CMV),-1.040810566387885
TRAIT,CASRSSYNEQFF,IE1,Cytomegalovirus (CMV),-1.1211937381120904
TRAIT,CASSSPASYEQYF,IE1,Cytomegalovirus (CMV),-1.670164239197558
TRAIT,CASSVEGGSSYNEQFF,IE1,Cytomegalovirus (CMV),-2.117084279411641
TRAIT,CASSLSGGMNTEAFF,IE1,Cytomegalovirus (CMV),-1.5262668090690448
TRAIT,CASSYSGGDTEAFF,IE1,Cytomegalovirus (CMV),-1.2507727827819606
TRAIT,CASSAGGTEAFF,IE1,Cytomegalovirus (CMV),-1.6604633967138875
TRAIT,CASSLAPPDTQYF,IE1,Cytomegalovirus (CMV),-1.4957652771551029
TRAIT,CASSESTDTQYF,IE1,Cytomegalovirus (CMV),0.6077573880401906
TRAIT,CASSSTSGDYNEQFF,EBNA3B,EBV,-3.483696239473873
TRAIT,CASSRLNNEQFF,IE1,Cytomegalovirus (CMV),0.8710531776136546
TRAIT,CASSLGYEQYF,IE1,Cytomegalovirus (CMV),1.998090684332615
TRAIT,CASSQQGSTEAFF,IE1,Cytomegalovirus (CMV),2.7844738779373905
TRAIT,CASSFAGYEQYF,IE1,Cytomegalovirus (CMV),0.431430364947165
TRAIT,CASSYRTGGTEAFF,IE1,Cytomegalovirus (CMV),-2.0283520985646444
TRAIT,CASSLFRSYEQYF,IE1,Cytomegalovirus (CMV),-1.8520637546743943
TRAIT,CASSSTGGGNQPQHF,IE1,Cytomegalovirus (CMV),-0.368073824882009
TRAIT,CASSLGGYGYTF,IE1,Cytomegalovirus (CMV),1.5869529519377883
TRAIT,CASSFTDEQFF,IE1,Cytomegalovirus (CMV),1.308479116901497
TRAIT,CASRGGLQETQYF,IE1,Cytomegalovirus (CMV),2.787659667810884
TRAIT,CASSQGFSNQPQHF,IE1,Cytomegalovirus (CMV),1.1597240976535574
TRAIT,CASSSTGANTGELFF,IE1,Cytomegalovirus (CMV),0.9869710800161868
TRAIT,CASSTGTGYGYTF,IE1,Cytomegalovirus (CMV),-0.7769027274875103
TRAIT,CASSQDEGSNQPQHF,IE1,Cytomegalovirus (CMV),-1.7112357594162797
TRAIT,CASSIGSNTEAFF,IE1,Cytomegalovirus (CMV),-3.73708997782603
TRAIT,CASSLGYGYTF,EBNA3B,EBV,1.555048874487146
TRAIT,CASSARLADTQYF,IE1,Cytomegalovirus (CMV),2.308514213271492
TRAIT,CASSISSYEQYF,IE1,Cytomegalovirus (CMV),-2.261086263748486
TRAIT,CASSPGGGVYGYTF,IE1,Cytomegalovirus (CMV),-1.3000490801386704
TRAIT,CASSLGQGRNTEAFF,IE1,Cytomegalovirus (CMV),0.8447955448666707
TRAIT,CASSLTEAFF,IE1,Cytomegalovirus (CMV),-3.1878869611441494
TRAIT,CASSTTMNTEAFF,EBNA3A,EBV,-2.8770688936748043
TRAIT,CASSYRNTEAFF,IE1,Cytomegalovirus (CMV),-0.8730457675483347
TRAIT,CASSYRVGEQFF,IE1,Cytomegalovirus (CMV),-1.3059662907765204
TRAIT,CASGYSNQPQHF,IE1,Cytomegalovirus (CMV),-0.4229591956189661
TRAIT,CASSIGGNTEAFF,EBNA3B,EBV,-1.8731140851791368
TRAIT,CASSDSAGGYNEQFF,IE1,Cytomegalovirus (CMV),-9.88686287296979
TRAIT,CASSQTSGGTDTQYF,IE1,Cytomegalovirus (CMV),-1.7022633697355336
TRAIT,CASSPTGGSGYTF,IE1,Cytomegalovirus (CMV),-1.0869801507210026
TRAIT,CASSPVDTEAFF,IE1,Cytomegalovirus (CMV),-3.2762883073473685
TRAIT,CASSFTGPNTEAFF,IE1,Cytomegalovirus (CMV),0.606737926333128
TRAIT,CASSESYGYTF,IE1,Cytomegalovirus (CMV),-0.9470772712354952
TRAIT,CASSRAYEQYF,IE1,Cytomegalovirus (CMV),0.4580618880465811
TRAIT,CASRDRGDYGYTF,IE1,Cytomegalovirus (CMV),-3.940494795409077
TRAIT,CASSTSGYNEQFF,IE1,Cytomegalovirus (CMV),0.6166038918140607
TRAIT,CASSLGETQYF,IE1,Cytomegalovirus (CMV),2.055213647520372
TRAIT,CASSPPNQPQHF,IE1,Cytomegalovirus (CMV),0.3642128798927004
TRAIT,CASSYGRQETQYF,IE1,Cytomegalovirus (CMV),1.7476127552503224
TRAIT,CASSPGLAGDEQFF,IE1,Cytomegalovirus (CMV),-1.0598814954685165
TRAIT,CASSPTYYGYTF,IE1,Cytomegalovirus (CMV),-1.1841261334741335
TRAIT,CASSLVSMNTEAFF,IE1,Cytomegalovirus (CMV),-1.552614466572418
TRAIT,CASSPMDTQYF,EBNA3A,EBV,1.7797717599551772
TRAIT,CASSSGTGAYEQYF,IE1,Cytomegalovirus (CMV),-0.5728789908597349
TRAIT,CASSFRGVNTEAFF,IE1,Cytomegalovirus (CMV),-2.737680959295647
TRAIT,CASSQDLRSNQPQHF,IE1,Cytomegalovirus (CMV),1.316926532381003
TRAIT,CASSYGVGQPQHF,IE1,Cytomegalovirus (CMV),-0.7459428628661584
TRAIT,CASRGLNTEAFF,IE1,Cytomegalovirus (CMV),-1.3772996708655527
TRAIT,CASSLAAGNTEAFF,IE1,Cytomegalovirus (CMV),0.2928754943375372
TRAIT,CASSMGQGTEAFF,IE1,Cytomegalovirus (CMV),-3.1968585957603453
TRAIT,CASSQRGGELFF,IE1,Cytomegalovirus (CMV),1.573721302515683
TRAIT,CASSPVSGNTIYF,IE1,Cytomegalovirus (CMV),-0.642186648810002
TRAIT,CASSLAASDTQYF,IE1,Cytomegalovirus (CMV),-2.1212815649117456
TRAIT,CASSPGLYNEQFF,IE1,Cytomegalovirus (CMV),0.3394794238109139
TRAIT,CASSLAGVTEAFF,IE1,Cytomegalovirus (CMV),0.8841279543676346
TRAIT,CASSLGENTGELFF,EBNA3B,EBV,0.4596076556875604
TRAIT,CASSYGGYNEQFF,IE1,Cytomegalovirus (CMV),-1.3067166072832257
TRAIT,CASSGISTDTQYF,M1,Influenza,-1.1628719317225746
TRAIT,CASSLGQGLGNTIYF,IE1,Cytomegalovirus (CMV),1.6591283200765847
TRAIT,CASSFSGRATDTQYF,EBNA3B,EBV,-0.8232680918124834
TRAIT,CASSVSSTDTQYF,IE1,Cytomegalovirus (CMV),-0.5861791827682302
TRAIT,CASSYSQETQYF,IE1,Cytomegalovirus (CMV),1.2145421465945485
TRAIT,CASSLGRAYGYTF,IE1,Cytomegalovirus (CMV),-0.7956221618667251
TRAIT,CASSTGLSGNTIYF,EBNA3B,EBV,0.7765551518582514
TRAIT,CASSSSGGSDTQYF,IE1,Cytomegalovirus (CMV),1.7465130707123953
TRAIT,CASSLATSTDTQYF,EBNA3B,EBV,0.3929079374042731
TRAIT,CASSLSASNQPQHF,IE1,Cytomegalovirus (CMV),-2.792611389036308
TRAIT,CASSYDRVNYGYTF,IE1,Cytomegalovirus (CMV),1.068409567932279
TRAIT,CASSFGQANTEAFF,IE1,Cytomegalovirus (CMV),0.9768201927805636
TRAIT,CASSEDGSSYNEQFF,IE1,Cytomegalovirus (CMV),0.9294659468587992
TRAIT,CASSDSNTGELFF,IE1,Cytomegalovirus (CMV),-4.474421338050837
TRAIT,CASSLDLGTEAFF,IE1,Cytomegalovirus (CMV),-1.8493684680814264
TRAIT,CASSLGSNQPQHF,IE1,Cytomegalovirus (CMV),1.8178319192172696
TRAIT,CASSSGTGVTEAFF,IE1,Cytomegalovirus (CMV),-1.478664949713247
TRAIT,CASSSGTRTYEQYF,IE1,Cytomegalovirus (CMV),-1.0041545485380254
TRAIT,CASGALNTEAFF,IE1,Cytomegalovirus (CMV),-2.1399149415829046
TRAIT,CASTGEETQYF,IE1,Cytomegalovirus (CMV),-2.234892158437544
TRAIT,CSAGQGDTEAFF,IE1,Cytomegalovirus (CMV),-2.50577365686919
TRAIT,CASSFGGANYGYTF,IE1,Cytomegalovirus (CMV),-1.172263546866056
TRAIT,CASSHGQGNYGYTF,IE1,Cytomegalovirus (CMV),1.0904826205897602
TRAIT,CASSQETGYGYTF,EBNA3B,EBV,-1.7481451249298223
TRAIT,CASSLGQETQYF,IE1,Cytomegalovirus (CMV),1.3856072206945689
TRAIT,CASRWTGGYEQYF,IE1,Cytomegalovirus (CMV),2.051657473686463
TRAIT,CASSLLDEKLFF,IE1,Cytomegalovirus (CMV),-1.0112207763221197
TRAIT,CASSYPNNEQFF,IE1,Cytomegalovirus (CMV),-3.59419071053828
TRAIT,CASSLGNYGYTF,IE1,Cytomegalovirus (CMV),0.7410394375137858
TRAIT,CASSLGNEKLFF,PMEL,Cancer/Self antigen,-0.3620117238732918
TRAIT,CASSPPMNTEAFF,IE1,Cytomegalovirus (CMV),-0.8002171706898218
TRAIT,CASSLDWGQPQHF,IE1,Cytomegalovirus (CMV),2.0795213726198334
TRAIT,CASSVGETQYF,IE1,Cytomegalovirus (CMV),0.6720354191595881
TRAIT,CASSQGRGAEAFF,IE1,Cytomegalovirus (CMV),1.9209885504337425
TRAIT,CASSWGTNTEAFF,IE1,Cytomegalovirus (CMV),0.5201055319242989
TRAIT,CASSLSGGNTGELFF,IE1,Cytomegalovirus (CMV),0.4508487424622375
TRAIT,CASSFYNTEAFF,IE1,Cytomegalovirus (CMV),-1.4817413823808243
TRAIT,CASSGTGNQPQHF,IE1,Cytomegalovirus (CMV),1.7980622869761516
TRAIT,CASSPDSNNEQFF,IE1,Cytomegalovirus (CMV),1.5242398232317729
TRAIT,CASSLKETQYF,IE1,Cytomegalovirus (CMV),1.4984429500424592
TRAIT,CASSLLAGGSTDTQYF,IE1,Cytomegalovirus (CMV),-0.4103711628173193
TRAIT,CASSRDVQETQYF,EBNA3B,EBV,-0.7501387462640366
TRAIT,CASSLVASNYGYTF,IE1,Cytomegalovirus (CMV),0.9833636487509476
TRAIT,CASSSGGAPDTQYF,IE1,Cytomegalovirus (CMV),2.3417029184799443
TRAIT,CASSVDRGLNTEAFF,IE1,Cytomegalovirus (CMV),-3.072159402733264
TRAIT,CASSRPGTEAFF,IE1,Cytomegalovirus (CMV),0.5279733468305595
TRAIT,CASSLSGYYEQYF,IE1,Cytomegalovirus (CMV),-0.6971866351977195
TRAIT,CASSADRGLYGYTF,IE1,Cytomegalovirus (CMV),-1.6486906138464148
TRAIT,CASSIGLAGYNEQFF,IE1,Cytomegalovirus (CMV),-2.783065867328952
TRAIT,CASSSGTGGTEAFF,IE1,Cytomegalovirus (CMV),0.4515759274128285
TRAIT,CASSYGSYNEQFF,EBNA3B,EBV,-2.672300006012001
TRAIT,CASSLPAQPQHF,IE1,Cytomegalovirus (CMV),-1.7819979850136316
TRAIT,CASSPGQGTEAFF,IE1,Cytomegalovirus (CMV),0.4419026866608329
TRAIT,CASSDRTYGYTF,IE1,Cytomegalovirus (CMV),-2.342635230098397
TRAIT,CASSSLQETQYF,IE1,Cytomegalovirus (CMV),-0.4564234247156583
TRAIT,CASSLGNTGELFF,IE1,Cytomegalovirus (CMV),1.379790364359533
TRAIT,CASSIGTANQPQHF,IE1,Cytomegalovirus (CMV),0.9979999895775176
TRAIT,CASSFGALNTEAFF,MLANA,Cancer/Self antigen,1.1230044295231174
TRAIT,CASSSTTANTEAFF,IE1,Cytomegalovirus (CMV),2.278007170723751
TRAIT,CASSSSGTGGTEAFF,IE1,Cytomegalovirus (CMV),-3.3707234032332942
TRAIT,CASSPPTSYEQYF,IE1,Cytomegalovirus (CMV),1.0445755499675018
TRAIT,CASSLGQAYGYTF,EBNA3B,EBV,-0.3833481509368336
TRAIT,CASSPSGGGYNEQFF,IE1,Cytomegalovirus (CMV),1.7184232019810954
TRAIT,CASSLGSYSNQPQHF,IE1,Cytomegalovirus (CMV),-0.9356238430080924
TRAIT,CASSAGTSGDNEQFF,IE1,Cytomegalovirus (CMV),-3.1348757147735893
TRAIT,CSVEGNTEAFF,IE1,Cytomegalovirus (CMV),-1.0783457266581735
TRAIT,CASSYSGSNEQFF,IE1,Cytomegalovirus (CMV),-3.573325134688335
TRAIT,CASSWGQGAGETQYF,IE1,Cytomegalovirus (CMV),1.981275998150215
TRAIT,CSARGGDNQPQHF,IE1,Cytomegalovirus (CMV),4.441657585280874
TRAIT,CASSQVGGQPQHF,EBNA3B,EBV,-1.276239422877477
TRAIT,CASRGTGQETQYF,IE1,Cytomegalovirus (CMV),0.4901896363971572
TRAIT,CASSRNEQFF,IE1,Cytomegalovirus (CMV),-1.141639039360642
TRAIT,CASSGGGETQYF,IE1,Cytomegalovirus (CMV),0.9423907541068962
TRAIT,CASTPGGGTDTQYF,IE1,Cytomegalovirus (CMV),1.0825330442581078
TRAIT,CASSSRTDYGYTF,IE1,Cytomegalovirus (CMV),0.9869328399725896
TRAIT,CASRDTNTGELFF,IE1,Cytomegalovirus (CMV),0.6064168570510917
TRAIT,CASSFSVEQYF,IE1,Cytomegalovirus (CMV),-1.368036996232784
TRAIT,CASSLVGNYGYTF,IE1,Cytomegalovirus (CMV),0.3926501392622024
TRAIT,CASSYEGGTEAFF,IE1,Cytomegalovirus (CMV),-1.9538036316772416
TRAIT,CASSKGGQETQYF,IE1,Cytomegalovirus (CMV),2.6702074753855363
TRAIT,CASSVGGPSTDTQYF,IE1,Cytomegalovirus (CMV),-1.4169383590914646
TRAIT,CASSLGTSGGGDTQYF,IE1,Cytomegalovirus (CMV),0.9465323732728896
TRAIT,CASSLATGELFF,IE1,Cytomegalovirus (CMV),-0.379921402456398
TRAIT,CASSWTSGYNEQFF,IE1,Cytomegalovirus (CMV),-2.906139743444521
TRAIT,CASSQGTGRNTEAFF,EBNA3B,EBV,-2.5001677225249765
TRAIT,CASSLVGAGTDTQYF,IE1,Cytomegalovirus (CMV),2.395084213563853
TRAIT,CASSPDREDQPQHF,IE1,Cytomegalovirus (CMV),-1.0350304485102837
TRAIT,CASSLNGDTQYF,IE1,Cytomegalovirus (CMV),1.6710738681295556
TRAIT,CASSPDAGNTIYF,IE1,Cytomegalovirus (CMV),-2.9490730682984
TRAIT,CASSLGTANTGELFF,IE1,Cytomegalovirus (CMV),1.3317344404055187
TRAIT,CASSPSGGTNYGYTF,IE1,Cytomegalovirus (CMV),1.0184192074121785
TRAIT,CASRQGPNYGYTF,EBNA3B,EBV,0.8460265614281234
TRAIT,CASSQAGSTGELFF,IE1,Cytomegalovirus (CMV),-1.744607388233176
TRAIT,CASSLYTSTDTQYF,IE1,Cytomegalovirus (CMV),1.8218480506390868
TRAIT,CASSLRGSNEKLFF,IE1,Cytomegalovirus (CMV),0.834443981589037
TRAIT,CASSQGTADTQYF,IE1,Cytomegalovirus (CMV),2.3526846996546134
TRAIT,CASSYGAGGYNEQFF,EBNA3A,EBV,-2.906280379751488
TRAIT,CASSLSRATGELFF,IE1,Cytomegalovirus (CMV),3.2286908192341595
TRAIT,CASSGYSNQPQHF,IE1,Cytomegalovirus (CMV),-0.7865706853161778
TRAIT,CASSRGNTEAFF,IE1,Cytomegalovirus (CMV),0.9513127170623558
TRAIT,CASSSTDSYEQYF,IE1,Cytomegalovirus (CMV),-2.389696712654163
TRAIT,CASSFSGGSYEQYF,IE1,Cytomegalovirus (CMV),-0.4465881561686819
TRAIT,CASSSQGNTGELFF,IE1,Cytomegalovirus (CMV),2.009160323755508
TRAIT,CASSQGGDGYTF,IE1,Cytomegalovirus (CMV),-2.867709877021535
TRAIT,CASSLGWSTEAFF,IE1,Cytomegalovirus (CMV),-1.9132707932958248
TRAIT,CASSQDGGGYNEQFF,IE1,Cytomegalovirus (CMV),2.184697665555856
TRAIT,CASSIGGYSNQPQHF,IE1,Cytomegalovirus (CMV),-1.0147149064701568
TRAIT,CASSLTDNQPQHF,IE1,Cytomegalovirus (CMV),1.2174263220638724
TRAIT,CASSFATEAFF,IE1,Cytomegalovirus (CMV),-1.803771523012768
TRAIT,CASSTQGNQPQHF,EBNA3B,EBV,1.7051509611899929
TRAIT,CASSQDRLNEKLFF,IE1,Cytomegalovirus (CMV),-1.0248148756834614
TRAIT,CASSLAGVNEQFF,EBNA3B,EBV,0.5917382700663357
TRAIT,CASSEMNTEAFF,IE1,Cytomegalovirus (CMV),-1.7575685570559347
TRAIT,CASSQGRGPYEQYF,IE1,Cytomegalovirus (CMV),-1.0752427902402806
TRAIT,CASRGEGYGYTF,IE1,Cytomegalovirus (CMV),-1.884209733012324
TRAIT,CASSPDSYNEQFF,IE1,Cytomegalovirus (CMV),-0.2193114912735
TRAIT,CASSQAGGDTQYF,IE1,Cytomegalovirus (CMV),0.8373006164474927
TRAIT,CASRRQGRTDTQYF,IE1,Cytomegalovirus (CMV),1.1975797118837548
TRAIT,CASSPTYNEQFF,IE1,Cytomegalovirus (CMV),-0.8271965448698337
TRAIT,CASSLVGGLNTEAFF,IE1,Cytomegalovirus (CMV),0.4533355773880808
TRAIT,CASSAGTGYQPQHF,IE1,Cytomegalovirus (CMV),1.8302171620280068
TRAIT,CASSLGGRTEAFF,IE1,Cytomegalovirus (CMV),0.4202185784814866
TRAIT,CASSSVGEQFF,IE1,Cytomegalovirus (CMV),-0.7811806336759036
TRAIT,CASSQDPGYEQYF,IE1,Cytomegalovirus (CMV),-2.217882877693573
TRAIT,CASSSGTGLNTEAFF,EBNA3B,EBV,-0.6543286749786074
TRAIT,CASSLLGDSYNEQFF,IE1,Cytomegalovirus (CMV),1.878894966440776
TRAIT,CASSLGLAGPYNEQFF,IE1,Cytomegalovirus (CMV),-0.5252623023124379
TRAIT,CASSPPGQANTEAFF,IE1,Cytomegalovirus (CMV),-2.042060540633474
TRAIT,CASSLRTSGTDTQYF,IE1,Cytomegalovirus (CMV),0.7516113633303427
TRAIT,CASSLGQGVGYTF,IE1,Cytomegalovirus (CMV),1.4286625673452416
TRAIT,CASSLRALNTEAFF,IE1,Cytomegalovirus (CMV),-1.4379306894516466
TRAIT,CASSQGSSGNTIYF,IE1,Cytomegalovirus (CMV),0.8993029280524997
TRAIT,CASSDTSTDTQYF,EBNA3B,EBV,-2.153136609983436
TRAIT,CASSFSSSNQPQHF,IE1,Cytomegalovirus (CMV),-1.4776693661988292
TRAIT,CASSLGENTEAFF,IE1,Cytomegalovirus (CMV),1.3166408192120915
TRAIT,CASSYGGDGYTF,IE1,Cytomegalovirus (CMV),0.4406879123175888
TRAIT,CASSYPGEQYF,IE1,Cytomegalovirus (CMV),-4.7508960463571785
TRAIT,CASSERQGDQPQHF,IE1,Cytomegalovirus (CMV),-1.540406621041832
TRAIT,CATSDLRNTEAFF,IE1,Cytomegalovirus (CMV),-4.0409665767989615
TRAIT,CASSSSTGSYEQYF,IE1,Cytomegalovirus (CMV),-0.9470237189879912
TRAIT,CASSGANTGELFF,IE1,Cytomegalovirus (CMV),-1.1595632878703737
TRAIT,CASSSGVGYTF,IE1,Cytomegalovirus (CMV),-0.6849313010279251
TRAIT,CASSPDGLSGNTIYF,IE1,Cytomegalovirus (CMV),-2.0122813740034013
TRAIT,CASSIGGAGYTF,IE1,Cytomegalovirus (CMV),-1.1748694864335665
TRAIT,CASSLGQGQPQHF,IE1,Cytomegalovirus (CMV),0.4622810758787837
TRAIT,CASSLKGNYGYTF,IE1,Cytomegalovirus (CMV),0.7268710898600047
TRAIT,CASSLAGPNTEAFF,IE1,Cytomegalovirus (CMV),-1.232979199937855
TRAIT,CASSLSTNEQFF,IE1,Cytomegalovirus (CMV),-1.4663535216567252
TRAIT,CASSLREQYF,IE1,Cytomegalovirus (CMV),-3.651044855880992
TRAIT,CASSQASNQPQHF,IE1,Cytomegalovirus (CMV),0.5748673460259176
TRAIT,CASSLAGQNTEAFF,IE1,Cytomegalovirus (CMV),0.473474456894388
TRAIT,CASSLGEMNTEAFF,IE1,Cytomegalovirus (CMV),-1.3030352288412623
TRAIT,CASSVAGGNEQFF,EBNA3A,EBV,-0.6274385440773376
TRAIT,CASSQGGNSPLHF,IE1,Cytomegalovirus (CMV),0.7865877311968361
TRAIT,CASSQGQGYTEAFF,IE1,Cytomegalovirus (CMV),-0.6721370184913369
TRAIT,CASSLGTGWTEAFF,IE1,Cytomegalovirus (CMV),-1.9214830375613337
TRAIT,CASSPTGGAGELFF,IE1,Cytomegalovirus (CMV),-1.0611612735732008
TRAIT,CASSISSYNEQFF,IE1,Cytomegalovirus (CMV),-1.732970646177709
TRAIT,CASSLAGVSGANVLTF,IE1,Cytomegalovirus (CMV),-0.8982909284099009
TRAIT,CASSTGLYEQYF,IE1,Cytomegalovirus (CMV),1.4272732834248143
TRAIT,CASGGNEQFF,IE1,Cytomegalovirus (CMV),-2.340590463981646
TRAIT,CASRGGELFF,IE1,Cytomegalovirus (CMV),-3.6062699764492354
TRAIT,CASSGQGSETQYF,IE1,Cytomegalovirus (CMV),2.1974394681804608
TRAIT,CASSLDRGADTQYF,IE1,Cytomegalovirus (CMV),1.2974099614761094
TRAIT,CSVVDTEAFF,IE1,Cytomegalovirus (CMV),-2.038161020525068
TRAIT,CASSLSAYNEQFF,IE1,Cytomegalovirus (CMV),-1.3636905843052638
TRAIT,CASSFPGSETQYF,EBNA3B,EBV,3.466624739348287
TRAIT,CASSIVGQPQHF,EBNA3B,EBV,-1.2863715636457655
TRAIT,CASSRDGSSYNSPLHF,IE1,Cytomegalovirus (CMV),-2.4027064826729685
TRAIT,CASSLSNSNQPQHF,IE1,Cytomegalovirus (CMV),-1.335227804445573
TRAIT,CASSFGVGTEAFF,IE1,Cytomegalovirus (CMV),-0.8563658333972959
TRAIT,CASSSGTNSYEQYF,IE1,Cytomegalovirus (CMV),1.372771198994751
TRAIT,CASSYGVGNQPQHF,IE1,Cytomegalovirus (CMV),-3.04335236315738
TRAIT,CASSHGQGYEQYF,IE1,Cytomegalovirus (CMV),-1.117162857615262
TRAIT,CASSTYSNQPQHF,IE1,Cytomegalovirus (CMV),-0.4949069673344149
TRAIT,CASSWAYNEQFF,IE1,Cytomegalovirus (CMV),1.5025593426878256
TRAIT,CASSLGLSGANVLTF,IE1,Cytomegalovirus (CMV),0.9115382345035716
TRAIT,CASSPANTEAFF,IE1,Cytomegalovirus (CMV),-0.6600272542596047
TRAIT,CASSFGGTGELFF,IE1,Cytomegalovirus (CMV),-0.3639209229933005
TRAIT,CASSLAGGNTDTQYF,IE1,Cytomegalovirus (CMV),0.6761186857456787
TRAIT,CASSLPGYNEQFF,EBNA3B,EBV,-1.4793164885518653
TRAIT,CASSLAGGEAFF,IE1,Cytomegalovirus (CMV),-2.7254639202640205
TRAIT,CSARGLSSYEQYF,IE1,Cytomegalovirus (CMV),-5.480446762961597
TRAIT,CASSSPGTYNEQFF,IE1,Cytomegalovirus (CMV),-2.1007123800474785
TRAIT,CASSRLAGAGDTQYF,IE1,Cytomegalovirus (CMV),-1.9492464234392013
TRAIT,CASSLGPGEQFF,IE1,Cytomegalovirus (CMV),0.7711267576520044
TRAIT,CASSSWTSGNNEQFF,IE1,Cytomegalovirus (CMV),2.104630596871264
TRAIT,CASSELAGGPETQYF,EBNA3A,EBV,-6.761099493733244
TRAIT,CASRVNNEQFF,IE1,Cytomegalovirus (CMV),0.9899558450664516
TRAIT,CASSFTSGSTDTQYF,IE1,Cytomegalovirus (CMV),-1.4556520521163216
TRAIT,CASSLGGPNTGELFF,IE1,Cytomegalovirus (CMV),1.2547064363705145
TRAIT,CASSPPDTDTQYF,EBNA3B,EBV,-1.0208241415303276
TRAIT,CASSFGSEAFF,IE1,Cytomegalovirus (CMV),-4.465050458121889
TRAIT,CASSLSGTDTQYF,IE1,Cytomegalovirus (CMV),0.9358908542782894
TRAIT,CASSQGFTEAFF,EBNA3B,EBV,-1.6906990545831908
TRAIT,CASSGGTGGQPQHF,IE1,Cytomegalovirus (CMV),-0.8104933205766608
TRAIT,CASSPGASYNEQFF,IE1,Cytomegalovirus (CMV),0.3991608649902769
TRAIT,CASSQDAGQPQHF,IE1,Cytomegalovirus (CMV),-2.0698596736648653
TRAIT,CASSLLAGGLGEQFF,IE1,Cytomegalovirus (CMV),1.8452567134763247
TRAIT,CASSSSGPYNEQFF,IE1,Cytomegalovirus (CMV),-1.358033594899163
TRAIT,CASSPGYTQYF,IE1,Cytomegalovirus (CMV),0.9283398703447712
TRAIT,CASSQDRTSGNTIYF,EBNA3B,EBV,-3.0409192877120126
TRAIT,CASSLGDNEQFF,IE1,Cytomegalovirus (CMV),-0.6733483600747051
TRAIT,CASSLTGGGETQYF,IE1,Cytomegalovirus (CMV),1.0478044818393666
TRAIT,CASRRTGGSYNEQFF,IE1,Cytomegalovirus (CMV),0.9691103696540588
TRAIT,CASSSGTVTDTQYF,IE1,Cytomegalovirus (CMV),0.7896432125190206
TRAIT,CASSPGGGYGYTF,IE1,Cytomegalovirus (CMV),1.128128980565356
TRAIT,CASSLAGGVDTQYF,PMEL,Cancer/Self antigen,2.183444165786146
TRAIT,CASSGTVMNTEAFF,IE1,Cytomegalovirus (CMV),-1.2134748928784478
TRAIT,CASSYGASTDTQYF,IE1,Cytomegalovirus (CMV),0.775598979846451
TRAIT,CASSFGANTEAFF,IE1,Cytomegalovirus (CMV),0.3641030945774605
TRAIT,CASSSDFYEQYF,IE1,Cytomegalovirus (CMV),1.8239850165182043
TRAIT,CASSPGTGSTEAFF,EBNA3A,EBV,0.4639113833879936
TRAIT,CASSQQGGQPQHF,IE1,Cytomegalovirus (CMV),0.4775769889363882
TRAIT,CASSPRQGLTDTQYF,IE1,Cytomegalovirus (CMV),-2.0082995353794573
TRAIT,CASRAGTGYGYTF,IE1,Cytomegalovirus (CMV),0.6834643010809017
TRAIT,CASSLAAGATDTQYF,IE1,Cytomegalovirus (CMV),2.6567243863747017
TRAIT,CASSLLGGGNEQFF,IE1,Cytomegalovirus (CMV),-2.7830740806443
TRAIT,CASSIGVSGNTIYF,IE1,Cytomegalovirus (CMV),-1.575281272035674
TRAIT,CASSPSYNEQFF,EBNA3A,EBV,0.5823876304001286
TRAIT,CASSGYNEQFF,IE1,Cytomegalovirus (CMV),0.6484504284853317
TRAIT,CASSKGTEAFF,IE1,Cytomegalovirus (CMV),-2.800118616460737
TRAIT,CASSLGGEQFF,IE1,Cytomegalovirus (CMV),0.9885116165941382
TRAIT,CASSPGQGYEKLFF,IE1,Cytomegalovirus (CMV),0.3407032354072035
TRAIT,CASSLYTGELFF,EBNA3B,EBV,0.6550042545781787
TRAIT,CASSFQGQPQHF,IE1,Cytomegalovirus (CMV),0.6502187951374778
TRAIT,CASSLTENTEAFF,IE1,Cytomegalovirus (CMV),1.1621170133443108
TRAIT,CASSEYRGTEAFF,IE1,Cytomegalovirus (CMV),-1.746296210721452
TRAIT,CASSRQGAMNTEAFF,IE1,Cytomegalovirus (CMV),1.7740121126560164
TRAIT,CASSSGTGANTGELFF,IE1,Cytomegalovirus (CMV),1.393113292754315
TRAIT,CASSVGTSGGYEQYF,IE1,Cytomegalovirus (CMV),-0.8465535647980971
TRAIT,CASSPRDNTDTQYF,IE1,Cytomegalovirus (CMV),-1.5341215212414
TRAIT,CASSQGSNEKLFF,IE1,Cytomegalovirus (CMV),1.665548345202804
TRAIT,CASRAFF,IE1,Cytomegalovirus (CMV),-4.856910409157338
TRAIT,CASSQDGGSYEQYF,EBNA3B,EBV,-3.150980812140106
TRAIT,CASSLVFNEQFF,IE1,Cytomegalovirus (CMV),-0.851795185702274
TRAIT,CASSFVGSYEQYF,IE1,Cytomegalovirus (CMV),-2.249371432545751
TRAIT,CASSLTSGNTGELFF,IE1,Cytomegalovirus (CMV),1.201489755544483
TRAIT,CASSSDYYEQYF,IE1,Cytomegalovirus (CMV),-1.207453476417414
TRAIT,CASSYSYGYTF,IE1,Cytomegalovirus (CMV),0.5129517973637931
TRAIT,CASSFARGYEQYF,IE1,Cytomegalovirus (CMV),-2.071927407937132
TRAIT,CASSFGSMNTEAFF,IE1,Cytomegalovirus (CMV),-1.318242506942049
TRAIT,CSARDRDTEAFF,EBNA3B,EBV,-5.114876391574121
TRAIT,CASSLRGTEAFF,IE1,Cytomegalovirus (CMV),1.044888503688732
TRAIT,CASRTGGNSPLHF,IE1,Cytomegalovirus (CMV),-0.5180691708013239
TRAIT,CASSLSGSSYNEQFF,IE1,Cytomegalovirus (CMV),1.5342203245713557
TRAIT,CASSLQGPTEAFF,IE1,Cytomegalovirus (CMV),-0.7878772699792734
TRAIT,CASSIGVATEAFF,IE1,Cytomegalovirus (CMV),-2.4747444896649493
TRAIT,CASSIGGELFF,IE1,Cytomegalovirus (CMV),-4.496827986707167
TRAIT,CASRDYNEQFF,IE1,Cytomegalovirus (CMV),-0.430570794490501
TRAIT,CASSFSGYNEQFF,IE1,Cytomegalovirus (CMV),-1.42403935710588
TRAIT,CASSLNYNQPQHF,EBNA3B,EBV,2.375810108647872
TRAIT,CASSPIAGGPYNEQFF,IE1,Cytomegalovirus (CMV),-3.26934059522936
TRAIT,CASSYAGGTDTQYF,IE1,Cytomegalovirus (CMV),-1.4794045380922891
TRAIT,CASSLGRVSTEAFF,IE1,Cytomegalovirus (CMV),1.7530797429662712
TRAIT,CASSIVGQPQHF,IE1,Cytomegalovirus (CMV),-1.2863715636457655
TRAIT,CASSGGTSGSNEQFF,IE1,Cytomegalovirus (CMV),1.8064428545296565
TRAIT,CASSTRLAGSTDTQYF,IE1,Cytomegalovirus (CMV),-1.0152880327902478
TRAIT,CASSLGQGDTEAFF,IE1,Cytomegalovirus (CMV),-0.2937306440238856
TRAIT,CASSQDRGSTDTQYF,EBNA3B,EBV,-0.9692037150626902
TRAIT,CASSLFGYEQYF,IE1,Cytomegalovirus (CMV),0.7965565779707932
TRAIT,CASSYGTGNQPQHF,IE1,Cytomegalovirus (CMV),0.6265408071124258
TRAIT,CASSLGRGYTF,IE1,Cytomegalovirus (CMV),-0.2806646959363922
TRAIT,CASSSNTEAFF,IE1,Cytomegalovirus (CMV),0.4822510558039189
TRAIT,CASSEYYNEQFF,IE1,Cytomegalovirus (CMV),-3.0213611012676846
TRAIT,CASSFLNTEAFF,IE1,Cytomegalovirus (CMV),-0.3277073061666941
TRAIT,CASSLRGTGTDTQYF,IE1,Cytomegalovirus (CMV),1.1885386869924477
TRAIT,CASSIGNSPLHF,IE1,Cytomegalovirus (CMV),-3.7031746734752127
TRAIT,CASSLDRDTQYF,IE1,Cytomegalovirus (CMV),0.7281261091350608
TRAIT,CASSYSLGTDTQYF,IE1,Cytomegalovirus (CMV),-1.1900440460708372
TRAIT,CASSLEHTEAFF,EBNA3B,EBV,-3.733551451829795
TRAIT,CASSEGAGETQYF,IE1,Cytomegalovirus (CMV),-2.7285519110621426
TRAIT,CASSSGTYYNEQFF,EBNA3B,EBV,1.3694581959018954
TRAIT,CASSLRGAYEQYF,IE1,Cytomegalovirus (CMV),-1.1793089156867091
TRAIT,CASSNGYEQYF,WT1,Cancer/Self antigen,-2.51936739764469
TRAIT,CASSIGQGLNQPQHF,IE1,Cytomegalovirus (CMV),-1.6467828158277542
TRAIT,CASSQEGGEQFF,IE1,Cytomegalovirus (CMV),-2.849252826515275
TRAIT,CASSELGTGELFF,IE1,Cytomegalovirus (CMV),-1.3501972674601284
TRAIT,CASSLEALYGYTF,IE1,Cytomegalovirus (CMV),-1.3360202480398025
TRAIT,CASSVDRSTDTQYF,IE1,Cytomegalovirus (CMV),-2.065319193336561
TRAIT,CASSPGLAYEQYF,IE1,Cytomegalovirus (CMV),-0.6062354811119406
TRAIT,CASSSWNTEAFF,IE1,Cytomegalovirus (CMV),-2.1198712284847026
TRAIT,CASSLGQGNSPLHF,IE1,Cytomegalovirus (CMV),1.5394605487348425
TRAIT,CASSLASGTEAFF,IE1,Cytomegalovirus (CMV),-0.7554049011292191
TRAIT,CATGQLNTEAFF,IE1,Cytomegalovirus (CMV),-1.6686886707691029
TRAIT,CASSLGAGQPQHF,IE1,Cytomegalovirus (CMV),-0.7047260558800289
TRAIT,CASSQVRGSYEQYF,EBNA3B,EBV,-2.9834143737571392
TRAIT,CASSPGTSGSDEQFF,IE1,Cytomegalovirus (CMV),-1.8470691559930408
TRAIT,CAWSRGTGELFF,IE1,Cytomegalovirus (CMV),-1.3571498742685928
TRAIT,CASSLGRDYEQYF,IE1,Cytomegalovirus (CMV),0.5662011930925133
TRAIT,CASSGETYEQYF,IE1,Cytomegalovirus (CMV),-1.7070724287140933
TRAIT,CASSPTGGNNEQFF,IE1,Cytomegalovirus (CMV),1.8303633048742245
TRAIT,CASSSPGQGDTEAFF,IE1,Cytomegalovirus (CMV),-1.2111719856718763
TRAIT,CASSLAGNYGYTF,IE1,Cytomegalovirus (CMV),1.5464715359330363
TRAIT,CASSLALNNEQFF,IE1,Cytomegalovirus (CMV),1.0941718863103826
TRAIT,CASSEVSTDTQYF,IE1,Cytomegalovirus (CMV),-1.5966585167470932
TRAIT,CASSIDSLYGYTF,IE1,Cytomegalovirus (CMV),0.8984434460192287
TRAIT,CASSQDPENTEAFF,EBNA3B,EBV,-3.379090107130663
TRAIT,CASSQEGTGNYGYTF,IE1,Cytomegalovirus (CMV),1.6907351976083405
TRAIT,CASSPTGGGNTEAFF,IE1,Cytomegalovirus (CMV),1.1366064412214731
TRAIT,CASARGTDTQYF,IE1,Cytomegalovirus (CMV),1.875307388188221
TRAIT,CASSRTDSYNEQFF,IE1,Cytomegalovirus (CMV),-1.662141679787935
TRAIT,CASSRTENTEAFF,IE1,Cytomegalovirus (CMV),0.3308973399126181
TRAIT,CASSSGLGQPQHF,pp65,Cytomegalovirus (CMV),1.4864876145595156
TRAIT,CASSSGQNTDTQYF,IE1,Cytomegalovirus (CMV),-1.5880151396051572
TRAIT,CASSLAGSGNTIYF,IE1,Cytomegalovirus (CMV),1.120996068255971
TRAIT,CASRGPSNQPQHF,IE1,Cytomegalovirus (CMV),1.1052361339012735
TRAIT,CASSDGPNYGYTF,IE1,Cytomegalovirus (CMV),-2.840500482926173
TRAIT,CASSLLENTEAFF,IE1,Cytomegalovirus (CMV),0.4458219542672701
TRAIT,CASSSGTANTEAFF,IE1,Cytomegalovirus (CMV),0.8669031637745966
TRAIT,CASSPTGGSGNTIYF,IE1,Cytomegalovirus (CMV),0.3716870920079933
TRAIT,CASSFLGNEQFF,IE1,Cytomegalovirus (CMV),-2.492098032342122
TRAIT,CASSVAYEQYF,IE1,Cytomegalovirus (CMV),1.2801272754915
TRAIT,CASSIGGRGYTF,IE1,Cytomegalovirus (CMV),-3.616896382334674
TRAIT,CASRETGSYEQYF,IE1,Cytomegalovirus (CMV),-0.7288017578048188
TRAIT,CASSTTGGNEKLFF,IE1,Cytomegalovirus (CMV),1.1783166405007184
TRAIT,CASSEYSLTDTQYF,IE1,Cytomegalovirus (CMV),-5.586113612986503
TRAIT,CASSLAVSTDTQYF,IE1,Cytomegalovirus (CMV),1.767057443101955
TRAIT,CASSPLGGEQFF,EBNA3B,EBV,0.8592072710542061
TRAIT,CASSPTGTGTEAFF,IE1,Cytomegalovirus (CMV),1.1691279774932544
TRAIT,CASSRDSYNEQFF,IE1,Cytomegalovirus (CMV),0.7594853025319869
TRAIT,CASSLQDMNTEAFF,IE1,Cytomegalovirus (CMV),1.3816909134080468
TRAIT,CASSPLGYGYTF,IE1,Cytomegalovirus (CMV),2.107277757444573
TRAIT,CASSLGSNEQFF,IE1,Cytomegalovirus (CMV),-1.5469117875041785
TRAIT,CASSLDRVNQPQHF,IE1,Cytomegalovirus (CMV),1.2056729883194222
TRAIT,CASSSGSYYGYTF,IE1,Cytomegalovirus (CMV),-1.661312792917347
TRAIT,CASSPGLAGDNEQFF,EBNA3B,EBV,-0.3166590136468966
TRAIT,CASSLAGGNNEQFF,EBNA3B,EBV,0.4787579625619538
TRAIT,CASREQGNTEAFF,IE1,Cytomegalovirus (CMV),1.9183606348749247
TRAIT,CASSVGGADTQYF,IE1,Cytomegalovirus (CMV),-1.0433316864028654
TRAIT,CASSRDNYGYTF,IE1,Cytomegalovirus (CMV),1.3666782627071057
TRAIT,CASSVSGGGQPQHF,IE1,Cytomegalovirus (CMV),-3.404627702487581
TRAIT,CASTGTGNEKLFF,IE1,Cytomegalovirus (CMV),2.818080653963466
TRAIT,CASSLDNYGYTF,IE1,Cytomegalovirus (CMV),0.7285254864977646
TRAIT,CASGTSGRNEQFF,IE1,Cytomegalovirus (CMV),1.489545221864867
TRAIT,CASSLEGSPLHF,IE1,Cytomegalovirus (CMV),0.4171406509544879
TRAIT,CASSPAGFYGYTF,IE1,Cytomegalovirus (CMV),1.1099645320788234
TRAIT,CASSSRDGEAFF,IE1,Cytomegalovirus (CMV),-3.778603510499204
TRAIT,CSARAGTGNTGELFF,EBNA3B,EBV,4.322896459304495
TRAIT,CASSPPRGYEQYF,IE1,Cytomegalovirus (CMV),-1.8383004003550047
TRAIT,CASSLRRNEQFF,EBNA3B,EBV,-1.0332891074245514
TRAIT,CSARENTGELFF,EBNA3A,EBV,1.3664586535482992
TRAIT,CASSQERNSPLHF,IE1,Cytomegalovirus (CMV),1.1540872066591752
TRAIT,CASSLLGQPYEQYF,IE1,Cytomegalovirus (CMV),-2.913113134611168
TRAIT,CASSLSASSYNEQFF,IE1,Cytomegalovirus (CMV),-1.252416465038006
TRAIT,CASSPGPGNEQFF,MLANA,Cancer/Self antigen,-1.0112808042673302
TRAIT,CASSQGGGYEQYF,IE1,Cytomegalovirus (CMV),-1.1018137526601848
TRAIT,CASSLAGFQETQYF,EBNA3A,EBV,1.8192340371159683
TRAIT,CASSFGSQETQYF,IE1,Cytomegalovirus (CMV),1.976690848097977
TRAIT,CASSLGDYYNEQFF,EBNA3B,EBV,-2.6855813892830955
TRAIT,CASSSSGGITDTQYF,IE1,Cytomegalovirus (CMV),2.9156618000407604
TRAIT,CASSPNYNEQFF,IE1,Cytomegalovirus (CMV),-0.6016482692975965
TRAIT,CASSLAQSYEQYF,IE1,Cytomegalovirus (CMV),0.686500488964502
TRAIT,CASSLGQGLAYEQYF,IE1,Cytomegalovirus (CMV),-2.2863398277561378
TRAIT,CASRPTGANYGYTF,IE1,Cytomegalovirus (CMV),1.6224121521821542
TRAIT,CASSEGQPQHF,IE1,Cytomegalovirus (CMV),-0.8321848652790513
TRAIT,CASSLGLASYEQYF,IE1,Cytomegalovirus (CMV),0.4570932932658581
TRAIT,CASSPGLATYEQYF,IE1,Cytomegalovirus (CMV),-1.4261260450900868
TRAIT,CASSFGGAGNTIYF,IE1,Cytomegalovirus (CMV),-0.4396542510455261
TRAIT,CASSATSGSTDTQYF,IE1,Cytomegalovirus (CMV),-2.393225647540387
TRAIT,CASSQGGNEQFF,IE1,Cytomegalovirus (CMV),-0.7798529460665317
TRAIT,CASSIGAGNTIYF,EBNA3A,EBV,-0.9709866222899356
TRAIT,CASSTSGNQPQHF,EBNA3B,EBV,-2.426783114559382
TRAIT,CASSPGTSGKETQYF,IE1,Cytomegalovirus (CMV),1.5039295762180225
TRAIT,CASSQWGTGELFF,IE1,Cytomegalovirus (CMV),-2.523861424355738
TRAIT,CASSGGGYTEAFF,IE1,Cytomegalovirus (CMV),0.666233946635422
TRAIT,CASSFGQGRTEAFF,EBNA3B,EBV,1.3623913530300178
TRAIT,CASSLGDSGNQPQHF,IE1,Cytomegalovirus (CMV),1.6319116490985368
TRAIT,CASSPGTGTNTGELFF,IE1,Cytomegalovirus (CMV),4.023678630902916
TRAIT,CASSLGQGRNTEAFF,EBNA3B,EBV,0.8447955448666707
TRAIT,CASSSTEETQYF,IE1,Cytomegalovirus (CMV),-1.6991009584826915
TRAIT,CASSYGTSGTYEQYF,IE1,Cytomegalovirus (CMV),0.922878161391274
TRAIT,CASSIGNTEAFF,IE1,Cytomegalovirus (CMV),-3.870739157656996
TRAIT,CSARVGYEQYF,IE1,Cytomegalovirus (CMV),-2.3809317277568125
TRAIT,CASSSGQGGTEAFF,IE1,Cytomegalovirus (CMV),0.5867023888104709
TRAIT,CASSFQDTQYF,IE1,Cytomegalovirus (CMV),1.5627895312412008
TRAIT,CASSLAGDGTGELFF,IE1,Cytomegalovirus (CMV),-4.071100949024984
TRAIT,CASSSTGGGGYTF,IE1,Cytomegalovirus (CMV),0.8025592600496027
TRAIT,CASSLGTDYEQYF,IE1,Cytomegalovirus (CMV),-0.9048362688591832
TRAIT,CASSLRAGSYNEQFF,IE1,Cytomegalovirus (CMV),1.8284143550012244
TRAIT,CASSLNEQFF,IE1,Cytomegalovirus (CMV),-2.264730215411622
TRAIT,CASSYSLNTEAFF,IE1,Cytomegalovirus (CMV),-0.8058354456162052
TRAIT,CASSLAGDIQYF,IE1,Cytomegalovirus (CMV),-2.560411114156812
TRAIT,CASSLGGEKLFF,IE1,Cytomegalovirus (CMV),-0.5885068527260423
TRAIT,CASSLGGYEQFF,IE1,Cytomegalovirus (CMV),-0.753037751118757
TRAIT,CASSLGLNQPQHF,IE1,Cytomegalovirus (CMV),0.6467812168275999
TRAIT,CASSLGGPGETQYF,IE1,Cytomegalovirus (CMV),0.8232291684914563
TRAIT,CASSSTGGTEAFF,IE1,Cytomegalovirus (CMV),0.669434604292794
TRAIT,CASSSGPEAFF,EBNA3B,EBV,-3.604430366401546
TRAIT,CASSVLAGDNEQFF,IE1,Cytomegalovirus (CMV),-2.404611320369628
TRAIT,CASSYGRSYGYTF,IE1,Cytomegalovirus (CMV),-1.5572173269425431
TRAIT,CASSLSGFSTDTQYF,IE1,Cytomegalovirus (CMV),2.670088829493066
TRAIT,CASSFELNTEAFF,IE1,Cytomegalovirus (CMV),-1.9565446329000151
TRAIT,CASSIGGSSYNEQFF,EBNA3B,EBV,-1.470962456564894
TRAIT,CASSSGEETQYF,IE1,Cytomegalovirus (CMV),-1.2976030405654182
TRAIT,CASSAGLAGSTDTQYF,IE1,Cytomegalovirus (CMV),1.1083089026564976
TRAIT,CASSWGTDTQYF,IE1,Cytomegalovirus (CMV),0.6621922692909972
TRAIT,CASSSGRDTEAFF,IE1,Cytomegalovirus (CMV),-0.5929964821374041
TRAIT,CASSPSGTEETQYF,IE1,Cytomegalovirus (CMV),1.7192821533754703
TRAIT,CASSLGSFTDTQYF,IE1,Cytomegalovirus (CMV),2.6274451825107064
TRAIT,CASSPPGQMNTEAFF,IE1,Cytomegalovirus (CMV),-0.5258827328079465
TRAIT,CASSPTGGAETQYF,MLANA,Cancer/Self antigen,-0.856337992405021
TRAIT,CASSLTGDTEAFF,IE1,Cytomegalovirus (CMV),0.8126661457610453
TRAIT,CASSPSGASTDTQYF,IE1,Cytomegalovirus (CMV),-0.4997803773180441
TRAIT,CASSLDAGYEQYF,IE1,Cytomegalovirus (CMV),-1.083934336621036
TRAIT,CASSLARGVTEAFF,IE1,Cytomegalovirus (CMV),-1.4722786352292905
TRAIT,CASSLDTSSYNEQFF,IE1,Cytomegalovirus (CMV),-2.2841006267008512
TRAIT,CASTRGGSSYNEQFF,IE1,Cytomegalovirus (CMV),1.7873993091282068
TRAIT,CASSEGTVNYGYTF,EBNA3B,EBV,1.7659090413487175
TRAIT,CASSLGQLSYNEQFF,IE1,Cytomegalovirus (CMV),1.846848099874142
TRAIT,CASSPGQREAFF,IE1,Cytomegalovirus (CMV),3.397944252903765
TRAIT,CASSSVNSNQPQHF,EBNA3B,EBV,1.816626453342566
TRAIT,CASSLAETQYF,IE1,Cytomegalovirus (CMV),1.2596961821072388
TRAIT,CASSEGDSNQPQHF,IE1,Cytomegalovirus (CMV),-3.6982738712210894
TRAIT,CASSLDGGNTEAFF,IE1,Cytomegalovirus (CMV),1.6807762607439134
TRAIT,CASSWGPGELFF,Gag,HIV / Human immunodeficiency virus (HIV),-1.4923979012565267
TRAIT,CASSSGGNNEQFF,IE1,Cytomegalovirus (CMV),-0.5783482382629777
TRAIT,CASRSSGNTIYF,IE1,Cytomegalovirus (CMV),0.9691016335125576
TRAIT,CASSEQGGGYTF,EBNA3B,EBV,-0.7677377710642985
TRAIT,CASSLGTSGTETQYF,IE1,Cytomegalovirus (CMV),2.449370225204329
TRAIT,CASSLGQGLNTEAFF,IE1,Cytomegalovirus (CMV),-0.4948722584787293
TRAIT,CASSDSTGGYNEQFF,IE1,Cytomegalovirus (CMV),-10.10515609750683
TRAIT,CASRGWETQYF,IE1,Cytomegalovirus (CMV),4.1142832572669175
TRAIT,CASSLGGGPYNEQFF,IE1,Cytomegalovirus (CMV),0.6537221001842115
TRAIT,CASSTGLNYGYTF,IE1,Cytomegalovirus (CMV),0.8972016908663099
TRAIT,CASSLTQGSYNEQFF,IE1,Cytomegalovirus (CMV),2.220502665445588
TRAIT,CASSLGGGEQPQHF,IE1,Cytomegalovirus (CMV),1.4490274856382954
TRAIT,CSARDPSGSSYNEQFF,IE1,Cytomegalovirus (CMV),2.260997727527595
TRAIT,CASSSQGARNQPQHF,IE1,Cytomegalovirus (CMV),-1.9256697515791168
TRAIT,CASSVGSGNTIYF,IE1,Cytomegalovirus (CMV),-0.7241465896004357
TRAIT,CASSLLAGTSYEQYF,EBNA3B,EBV,-3.358282276726389
TRAIT,CASSEAGGPYNEQFF,IE1,Cytomegalovirus (CMV),-0.9821964019620228
TRAIT,CASSIAGYTEAFF,IE1,Cytomegalovirus (CMV),-8.299615187752059
TRAIT,CASSPPGGQETQYF,EBNA3A,EBV,0.3973624427275267
TRAIT,CASSSQGSNYGYTF,IE1,Cytomegalovirus (CMV),1.039986156100408
TRAIT,CASSPGGHGYTF,IE1,Cytomegalovirus (CMV),-0.8945536133807803
TRAIT,CASSTGHYGYTF,IE1,Cytomegalovirus (CMV),-1.3194514928738816
TRAIT,CASSPGNTEAFF,EBNA3A,EBV,0.6079144672598948
TRAIT,CASSPGQGWNTEAFF,IE1,Cytomegalovirus (CMV),2.3703292780022207
TRAIT,CASSPPGQTYEQYF,IE1,Cytomegalovirus (CMV),0.5996987257448184
TRAIT,CASSADRGREKLFF,IE1,Cytomegalovirus (CMV),1.7489393977939809
TRAIT,CASSPGVNTEAFF,IE1,Cytomegalovirus (CMV),0.4619443859385425
TRAIT,CASSQATEQYF,IE1,Cytomegalovirus (CMV),-3.1436932073178045
TRAIT,CASSLAGNPYEQYF,IE1,Cytomegalovirus (CMV),-2.86920463736468
TRAIT,CASSAPGTDTQYF,IE1,Cytomegalovirus (CMV),1.937972694239064
TRAIT,CASSFNTEAFF,EBNA3B,EBV,-0.5234485652799215
TRAIT,CASSLNHEQFF,IE1,Cytomegalovirus (CMV),-3.7634905722267975
TRAIT,CASSPGLAGAQETQYF,IE1,Cytomegalovirus (CMV),1.7686518413038248
TRAIT,CASSSTGELFF,CA2INDEPENPLIPA2,Human (Homo sapiens),-0.3378161929475182
TRAIT,CASSPPGVQETQYF,IE1,Cytomegalovirus (CMV),1.4896599558306856
TRAIT,CASSYFGGTEAFF,IE1,Cytomegalovirus (CMV),1.431689326181028
TRAIT,CASSLGLVDEQFF,IE1,Cytomegalovirus (CMV),-1.0003316836298295
TRAIT,CASSAGTSGGETQYF,IE1,Cytomegalovirus (CMV),0.933281050200398
TRAIT,CASSSGTGDYNEQFF,IE1,Cytomegalovirus (CMV),-3.9770705636085055
TRAIT,CASSFSYEQYF,IE1,Cytomegalovirus (CMV),1.256608569191015
TRAIT,CASSLGDSYTGELFF,IE1,Cytomegalovirus (CMV),-1.8086383379470767
TRAIT,CASSPGGTEAFF,IE1,Cytomegalovirus (CMV),0.745606559899787
TRAIT,CASSPGTSGSYNEQFF,IE1,Cytomegalovirus (CMV),-1.1784761489589326
TRAIT,CASSLVGGGAYNEQFF,IE1,Cytomegalovirus (CMV),-1.6469325288248235
TRAIT,CASSLRGSDTQYF,IE1,Cytomegalovirus (CMV),-0.4231298750801046
TRAIT,CASSYDGSSYEQYF,IE1,Cytomegalovirus (CMV),-2.0460378329513143
TRAIT,CSARLAGGPETQYF,IE1,Cytomegalovirus (CMV),-7.861726042043118
TRAIT,CASKTNTEAFF,IE1,Cytomegalovirus (CMV),-1.1719860261319983
TRAIT,CASSLTGELFF,IE1,Cytomegalovirus (CMV),1.198657525071391
TRAIT,CASSQAGSGYTF,EBNA3B,EBV,1.2386022488223305
TRAIT,CASSPWTGTDTQYF,IE1,Cytomegalovirus (CMV),-1.013367630789947
TRAIT,CASSLTGEKLFF,IE1,Cytomegalovirus (CMV),-0.4976888673904992
TRAIT,CATSDLSDTQYF,IE1,Cytomegalovirus (CMV),-1.406423688098223
TRAIT,CASSLGHTGELFF,IE1,Cytomegalovirus (CMV),-0.528277283715062
TRAIT,CASRDSANYGYTF,IE1,Cytomegalovirus (CMV),2.025368223278002
TRAIT,CASSFGTDSGNTIYF,IE1,Cytomegalovirus (CMV),-1.5001582424277098
TRAIT,CASSRTGNTIYF,IE1,Cytomegalovirus (CMV),0.4523689472944686
TRAIT,CASSYSTGNYGYTF,EBNA3B,EBV,-0.9310719073052974
TRAIT,CASSKEGNQPQHF,IE1,Cytomegalovirus (CMV),1.3785460122460962
TRAIT,CASSIGADTQYF,EBNA3A,EBV,-3.171941430485969
TRAIT,CASSLLGGQETQYF,IE1,Cytomegalovirus (CMV),0.8851153459184271
TRAIT,CASSYSGQGYNEQFF,IE1,Cytomegalovirus (CMV),0.937736585348498
TRAIT,CASSIRGGEKLFF,IE1,Cytomegalovirus (CMV),-2.2386071698721097
TRAIT,CASSAGQGSYEQYF,IE1,Cytomegalovirus (CMV),-1.4827856903074086
TRAIT,CASSLLGSYEQYF,IE1,Cytomegalovirus (CMV),-0.7652540768558864
TRAIT,CASSQDGGNTEAFF,IE1,Cytomegalovirus (CMV),-2.171077059233564
TRAIT,CSARGMNTEAFF,IE1,Cytomegalovirus (CMV),-0.8697695278520571
TRAIT,CASSSGTSSYNEQFF,IE1,Cytomegalovirus (CMV),-1.5309012754971945
TRAIT,CASSIGTSGSNEQFF,EBNA3B,EBV,-1.81290263908321
TRAIT,CASSLIGDTQYF,IE1,Cytomegalovirus (CMV),-1.8200249181064976
TRAIT,CASSDSTGELFF,IE1,Cytomegalovirus (CMV),-4.749439519294464
TRAIT,CASSLDWGNTIYF,IE1,Cytomegalovirus (CMV),-2.121400216321256
TRAIT,CASSPSGSYEQYF,IE1,Cytomegalovirus (CMV),-0.6532803778331167
TRAIT,CASRQGGTDTQYF,IE1,Cytomegalovirus (CMV),-0.8166662697893536
TRAIT,CASSLIGGTEAFF,IE1,Cytomegalovirus (CMV),-1.1125991028525242
TRAIT,CASSVASGELFF,IE1,Cytomegalovirus (CMV),-3.039525362379845
TRAIT,CASSYGGSYEQYF,IE1,Cytomegalovirus (CMV),-0.6918217032310194
TRAIT,CASRAGTSTDTQYF,IE1,Cytomegalovirus (CMV),1.884269322490102
TRAIT,CASSGDEKLFF,IE1,Cytomegalovirus (CMV),-2.5215714912782388
TRAIT,CASSLSTGSNQPQHF,IE1,Cytomegalovirus (CMV),-2.1884029093660247
TRAIT,CASSFFGNTEAFF,IE1,Cytomegalovirus (CMV),-1.1403748044972328
TRAIT,CASSPPGANTGELFF,IE1,Cytomegalovirus (CMV),1.3054956524863164
TRAIT,CASSVGTGSYNEQFF,IE1,Cytomegalovirus (CMV),0.9069837464186196
TRAIT,CASSLGQGPNEKLFF,IE1,Cytomegalovirus (CMV),2.194423934105753
TRAIT,CASSTQGANYGYTF,IE1,Cytomegalovirus (CMV),2.2005965842144484
TRAIT,CASSSGQGGEKLFF,IE1,Cytomegalovirus (CMV),1.4064921986759304
TRAIT,CASSWGTGELFF,IE1,Cytomegalovirus (CMV),-1.20850262731213
TRAIT,CASSLVGGGDEQYF,EBNA3B,EBV,2.048936776258842
TRAIT,CASSYGYEQYF,EBNA3B,EBV,-0.3907435958979912
TRAIT,CASSFARNYGYTF,IE1,Cytomegalovirus (CMV),-2.383308258599404
TRAIT,CASSPTAQETQYF,IE1,Cytomegalovirus (CMV),3.962230665153049
TRAIT,CASSYGTGGNEQFF,EBNA3B,EBV,-4.877070654472991
TRAIT,CASSLGVSSYNEQFF,EBNA3B,EBV,-0.5002289760849007
TRAIT,CASSPWTGGETQYF,IE1,Cytomegalovirus (CMV),1.9448384841128767
TRAIT,CASSPPYQETQYF,EBNA3B,EBV,-1.5902692339973568
TRAIT,CASSSGTGVYGYTF,IE1,Cytomegalovirus (CMV),-0.7066842226656904
TRAIT,CASSGSYEQYF,IE1,Cytomegalovirus (CMV),0.2195425870836127
TRAIT,CASTAGGYNEQFF,IE1,Cytomegalovirus (CMV),-1.6029446791596316
TRAIT,CASSPPGTDTQYF,IE1,Cytomegalovirus (CMV),1.376576750476619
TRAIT,CASSLGPINEQFF,IE1,Cytomegalovirus (CMV),1.6536614133219762
TRAIT,CASSQGLSYEQYF,EBNA3A,EBV,-1.219580066962913
TRAIT,CASSPTGGYTEAFF,IE1,Cytomegalovirus (CMV),-1.706263484745937
TRAIT,CASSGQNTEAFF,IE1,Cytomegalovirus (CMV),-0.8246207897569526
TRAIT,CASSIGGNTEAFF,IE1,Cytomegalovirus (CMV),-1.8731140851791368
TRAIT,CASSFGREQYF,IE1,Cytomegalovirus (CMV),-3.0276929623843083
TRAIT,CASSLSGGMNTEAFF,EBNA3B,EBV,-1.5262668090690448
TRAIT,CASSPTVLYGYTF,IE1,Cytomegalovirus (CMV),1.6901209452321155
TRAIT,CASSPHSYEQYF,MLANA,Cancer/Self antigen,-1.1711048452078965
TRAIT,CASSLSGQSSYEQYF,IE1,Cytomegalovirus (CMV),-1.758795451324911
TRAIT,CASSLGPGNNEQFF,IE1,Cytomegalovirus (CMV),-2.352880068446338
TRAIT,CASSIGGGGNQPQHF,IE1,Cytomegalovirus (CMV),0.5207963858913413
TRAIT,CASSIGTAYNEQFF,IE1,Cytomegalovirus (CMV),-1.8706295027017528
TRAIT,CSARTGGDYGYTF,IE1,Cytomegalovirus (CMV),-0.5218245114335792
TRAIT,CASSLSGPSYNEQFF,IE1,Cytomegalovirus (CMV),1.2937349870737265
TRAIT,CASRTVSTDTQYF,EBNA3B,EBV,-1.9342379386053925
TRAIT,CASSPGTSGGETQYF,IE1,Cytomegalovirus (CMV),0.9910792112085628
TRAIT,CASSPPSGSYNEQFF,IE1,Cytomegalovirus (CMV),0.9652662109626878
TRAIT,CASSPGRSYEQYF,IE1,Cytomegalovirus (CMV),-1.0510525487804443
TRAIT,CASSLVGQGNQPQHF,IE1,Cytomegalovirus (CMV),-0.7271076632272845
TRAIT,CASSYSGTGNTEAFF,IE1,Cytomegalovirus (CMV),-1.0868477189602284
TRAIT,CASSYQGAGTEAFF,IE1,Cytomegalovirus (CMV),2.3170990823299467
TRAIT,CASSFTGSSYNEQFF,IE1,Cytomegalovirus (CMV),1.0796165446407584
TRAIT,CASSLGDGELFF,IE1,Cytomegalovirus (CMV),-1.0945013112527242
TRAIT,CASSPRVSYNEQFF,IE1,Cytomegalovirus (CMV),-1.526713673057691
TRAIT,CASSGTSGHNEQFF,IE1,Cytomegalovirus (CMV),-1.5130506657630418
TRAIT,CASSPGTISNQPQHF,IE1,Cytomegalovirus (CMV),3.8503157213891415
TRAIT,CASSPTGGGSYNEQFF,IE1,Cytomegalovirus (CMV),-1.6583574661637113
TRAIT,CASSTNTEAFF,IE1,Cytomegalovirus (CMV),-1.398756488798273
TRAIT,CASSFGTGNYGYTF,IE1,Cytomegalovirus (CMV),0.3798457558600882
TRAIT,CASSSTGLNTEAFF,IE1,Cytomegalovirus (CMV),0.8703500100589032
TRAIT,CASSLGLAGTYEQYF,IE1,Cytomegalovirus (CMV),1.2433739359043392
TRAIT,CASSFGAGELFF,EBNA3A,EBV,-2.138791061084799
TRAIT,CSARAGDTEAFF,IE1,Cytomegalovirus (CMV),-6.988518797485451
TRAIT,CASSPLTGSTDTQYF,IE1,Cytomegalovirus (CMV),-1.0180707046821516
TRAIT,CASSIRMNTEAFF,IE1,Cytomegalovirus (CMV),-2.259841885787292
TRAIT,CASSDLQETQYF,IE1,Cytomegalovirus (CMV),0.9519879174443132
TRAIT,CASSLVLAGDNEQFF,IE1,Cytomegalovirus (CMV),-0.9630124394668204
TRAIT,CASSLGRNYEQYF,IE1,Cytomegalovirus (CMV),-0.5651657931112839
TRAIT,CASSGGLAGGTDTQYF,IE1,Cytomegalovirus (CMV),1.5213932031154636
TRAIT,CASSYGTDYGYTF,IE1,Cytomegalovirus (CMV),-0.8660069364873488
TRAIT,CASSRSGTGSYEQYF,IE1,Cytomegalovirus (CMV),-0.8483320684935114
TRAIT,CASSLQGASSYEQYF,IE1,Cytomegalovirus (CMV),2.749274174485313
TRAIT,CASTGGSSYNEQFF,IE1,Cytomegalovirus (CMV),-0.9081048888485916
TRAIT,CASSQAGDNEQFF,IE1,Cytomegalovirus (CMV),-1.1832588829994497
TRAIT,CASSLAPGGYEQYF,IE1,Cytomegalovirus (CMV),-1.2221761471540633
TRAIT,CASSLVQGMNTEAFF,IE1,Cytomegalovirus (CMV),-1.5641712744727192
TRAIT,CASSTGWTEAFF,IE1,Cytomegalovirus (CMV),1.2771477995268
TRAIT,CASSIGLAGANEQFF,IE1,Cytomegalovirus (CMV),-1.4594602459883017
TRAIT,CASSLAVGMNTEAFF,IE1,Cytomegalovirus (CMV),-1.1492118010591836
TRAIT,CASSQWGTEAFF,IE1,Cytomegalovirus (CMV),-1.849092338709473
TRAIT,CASSTGQGNTEAFF,IE1,Cytomegalovirus (CMV),0.4859228406605881
TRAIT,CASSYGENTEAFF,IE1,Cytomegalovirus (CMV),-3.319364424738601
TRAIT,CASSQDGSSYNSPLHF,EBNA3B,EBV,-1.7796745267091567
TRAIT,CASSLGSTEAFF,IE1,Cytomegalovirus (CMV),-1.4146866927237505
TRAIT,CASSPTGTGELFF,IE1,Cytomegalovirus (CMV),-0.3925890167697496
TRAIT,CASRQGYEQYF,IE1,Cytomegalovirus (CMV),-1.1876203371373233
TRAIT,CASSPGQGWYGYTF,IE1,Cytomegalovirus (CMV),0.6699428904288056
TRAIT,CASSVQGATEAFF,IE1,Cytomegalovirus (CMV),-0.7819585583480245
TRAIT,CASSQDPGSNQPQHF,IE1,Cytomegalovirus (CMV),-2.343301276041664
TRAIT,CASSLGVGGEKLFF,IE1,Cytomegalovirus (CMV),1.9208944023187904
TRAIT,CASSVAGGGTGELFF,IE1,Cytomegalovirus (CMV),2.758078769254264
TRAIT,CASSDSGGATDTQYF,IE1,Cytomegalovirus (CMV),-8.824397784982182
TRAIT,CASSLAGNTEAFF,IE1,Cytomegalovirus (CMV),1.5372925129648527
TRAIT,CASSLVGGEQFF,IE1,Cytomegalovirus (CMV),-0.6684009134330348
TRAIT,CASSPGGNQPQHF,IE1,Cytomegalovirus (CMV),1.5100216033705869
TRAIT,CASSWTGGYNEQFF,IE1,Cytomegalovirus (CMV),-1.083505347977794
TRAIT,CASSFGGGEQFF,MLANA,Cancer/Self antigen,-2.850559203922552
TRAIT,CASSLSGNIQYF,IE1,Cytomegalovirus (CMV),-1.7767453786470466
TRAIT,CASSLDSAYEQYF,IE1,Cytomegalovirus (CMV),-1.9414713604299008
TRAIT,CASSPRDRVNTEAFF,IE1,Cytomegalovirus (CMV),0.5308161739511406
TRAIT,CASSADRAYGYTF,EBNA3B,EBV,1.1914024374711991
TRAIT,CASSLVGPGELFF,IE1,Cytomegalovirus (CMV),0.7436524720898262
TRAIT,CASSLGLVTEAFF,IE1,Cytomegalovirus (CMV),-5.56930864193871
TRAIT,CASGNSYEQYF,IE1,Cytomegalovirus (CMV),0.7967299222842646
TRAIT,CASSSSMNTEAFF,IE1,Cytomegalovirus (CMV),1.1021105743221211
TRAIT,CASSIGDYGYTF,IE1,Cytomegalovirus (CMV),0.9654478173032444
TRAIT,CASSLEGNEQYF,IE1,Cytomegalovirus (CMV),-0.8323440978214419
TRAIT,CASSQTGTAYGYTF,IE1,Cytomegalovirus (CMV),1.948169419671597
TRAIT,CASREVNTEAFF,IE1,Cytomegalovirus (CMV),-3.7693493091363215
TRAIT,CASSPGSSYEQYF,IE1,Cytomegalovirus (CMV),0.1320355486739774
TRAIT,CASSSWTVNTEAFF,IE1,Cytomegalovirus (CMV),-1.0792639669970572
TRAIT,CASSLDGGPQETQYF,IE1,Cytomegalovirus (CMV),4.215961506331079
TRAIT,CASSPRDRSSYEQYF,IE1,Cytomegalovirus (CMV),-2.086288475418624
TRAIT,CASSLANSYNEQFF,CTAG1B,Cancer/Self antigen,1.1536334167899809
TRAIT,CASSPTSGSGDTQYF,IE1,Cytomegalovirus (CMV),-3.19720682414492
TRAIT,CASSLIDSNQPQHF,IE1,Cytomegalovirus (CMV),-0.933469332704548
TRAIT,CASSLGSYEQYV,IE1,Cytomegalovirus (CMV),-3.7199933547993207
TRAIT,CASSYSENTEAFF,IE1,Cytomegalovirus (CMV),-0.8902350515492002
TRAIT,CASSAGQGGNTEAFF,IE1,Cytomegalovirus (CMV),3.14342519020196
TRAIT,CASSPTANTGELFF,IE1,Cytomegalovirus (CMV),0.9257169125460328
TRAIT,CASSLGGGGELFF,IE1,Cytomegalovirus (CMV),-0.6531630700103866
TRAIT,CASSLAGGGQPQHF,IE1,Cytomegalovirus (CMV),0.2439902344885982
TRAIT,CASSLTEDYGYTF,IE1,Cytomegalovirus (CMV),-1.997905098052823
TRAIT,CASSPPGRNTEAFF,IE1,Cytomegalovirus (CMV),0.4577230029960561
TRAIT,CASSLGQGASPLHF,IE1,Cytomegalovirus (CMV),-0.4990367838670954
TRAIT,CASSLVGDGYTF,IE1,Cytomegalovirus (CMV),0.8492228145384365
TRAIT,CASSESGVTEAFF,IE1,Cytomegalovirus (CMV),2.244254463834212
TRAIT,CASSFLSQETQYF,IE1,Cytomegalovirus (CMV),-1.4184829601675566
TRAIT,CASSPWNTEAFF,IE1,Cytomegalovirus (CMV),-1.3438525516279745
TRAIT,CASSQGQNQETQYF,IE1,Cytomegalovirus (CMV),4.644988109644396
TRAIT,CASSLGRNTEAFF,IE1,Cytomegalovirus (CMV),1.7700719478046207
TRAIT,CASSPDSHSNQPQHF,IE1,Cytomegalovirus (CMV),3.299484316009728
TRAIT,CASSFRTGQETQYF,IE1,Cytomegalovirus (CMV),0.965567590150954
TRAIT,CASSLEQANTEAFF,IE1,Cytomegalovirus (CMV),1.1858436210119212
TRAIT,CASSFGTANTEAFF,IE1,Cytomegalovirus (CMV),-0.3353063064303055
TRAIT,CASSSGTGANTEAFF,IE1,Cytomegalovirus (CMV),1.2848578629207403
TRAIT,CASSQGTVYGYTF,IE1,Cytomegalovirus (CMV),1.5393062701735325
TRAIT,CASSQGTVSGNTIYF,IE1,Cytomegalovirus (CMV),1.2708960001251293
TRAIT,CASSELGGYGYTF,IE1,Cytomegalovirus (CMV),1.0327938016962577
TRAIT,CASSVGESYEQYF,IE1,Cytomegalovirus (CMV),-3.4377450432727263
TRAIT,CASSPGLAGGPDTGELFF,EBNA3B,EBV,-1.43072057546493
TRAIT,CASSWVSGNTIYF,IE1,Cytomegalovirus (CMV),-1.705660433714379
TRAIT,CASSVVGSTDTQYF,IE1,Cytomegalovirus (CMV),1.0901788365773188
TRAIT,CASSLYDYGYTF,IE1,Cytomegalovirus (CMV),0.8605296394935352
TRAIT,CASSPLNTGELFF,IE1,Cytomegalovirus (CMV),1.5670435473982598
TRAIT,CASSLGDSNQPQHF,IE1,Cytomegalovirus (CMV),0.2587322354263179
TRAIT,CASSLDTDTQYF,IE1,Cytomegalovirus (CMV),1.0956363028605889
TRAIT,CASSLGGVGANVLTF,IE1,Cytomegalovirus (CMV),3.690064946523503
TRAIT,CASSLIENTEAFF,IE1,Cytomegalovirus (CMV),0.9662601661163028
TRAIT,CASSFGSSYGYTF,EBNA3B,EBV,-2.116244787907962
TRAIT,CASSGTPQETQYF,IE1,Cytomegalovirus (CMV),2.518695865396289
TRAIT,CASSQGRGSNQPQHF,IE1,Cytomegalovirus (CMV),-2.8524295393440497
TRAIT,CASSFLGQPQHF,IE1,Cytomegalovirus (CMV),-0.4974743301590944
TRAIT,CASTSGNTEAFF,IE1,Cytomegalovirus (CMV),-1.0194845649151785
TRAIT,CASSPGTSGNYEQYF,IE1,Cytomegalovirus (CMV),-0.675805260582968
TRAIT,CASTRQGRTEAFF,IE1,Cytomegalovirus (CMV),2.009689686173641
TRAIT,CASSPGTATYEQYF,IE1,Cytomegalovirus (CMV),-1.0897177519188277
TRAIT,CASSPRASGNTIYF,IE1,Cytomegalovirus (CMV),1.816981803425755
TRAIT,CSARDRDTEAFF,IE1,Cytomegalovirus (CMV),-5.114876391574121
TRAIT,CASSQSGTYNEQFF,IE1,Cytomegalovirus (CMV),4.5009507263192745
TRAIT,CASSLQGGDYGYTF,IE1,Cytomegalovirus (CMV),-0.745765270942163
TRAIT,CASRLAGANTGELFF,IE1,Cytomegalovirus (CMV),1.4051298286343012
TRAIT,CASSPAGGEKLFF,IE1,Cytomegalovirus (CMV),0.7886696537592407
TRAIT,CASSIANTGELFF,IE1,Cytomegalovirus (CMV),-1.881974865357316
TRAIT,CASSTGTSAYNEQFF,IE1,Cytomegalovirus (CMV),-1.921501706946125
TRAIT,CASSLSGVPYEQYF,IE1,Cytomegalovirus (CMV),1.304683143091232
TRAIT,CASSLGAGELFF,IE1,Cytomegalovirus (CMV),0.3004985056898663
TRAIT,CASSLGRGNQPQHF,IE1,Cytomegalovirus (CMV),0.3117065858245531
TRAIT,CASSRGGEETQYF,EBNA3B,EBV,-0.7970891393309262
TRAIT,CASSLGSGTEAFF,IE1,Cytomegalovirus (CMV),-1.0376005498262209
TRAIT,CASSQNRETQYF,EBNA3B,EBV,2.5031795158878936
TRAIT,CASSLMDSNQPQHF,IE1,Cytomegalovirus (CMV),-1.6369676899694037
TRAIT,CASSLLGDNEQFF,IE1,Cytomegalovirus (CMV),1.0617044580749075
TRAIT,CASSWGANYGYTF,IE1,Cytomegalovirus (CMV),-2.1941018797997107
TRAIT,CASSFGSYNSPLHF,IE1,Cytomegalovirus (CMV),-1.2687853471611437
TRAIT,CASSWGTYEQYF,IE1,Cytomegalovirus (CMV),-1.812382589003089
TRAIT,CASSLGGGTEAFF,MLANA,Cancer/Self antigen,1.388444707067476
TRAIT,CASSVAGGSYNEQFF,IE1,Cytomegalovirus (CMV),-0.4405246913029841
TRAIT,CASSTGVGELFF,IE1,Cytomegalovirus (CMV),-1.0881563762625084
TRAIT,CASSLAGRNEQFF,IE1,Cytomegalovirus (CMV),0.9341286861285356
TRAIT,CASSDRAGNTIYF,IE1,Cytomegalovirus (CMV),-1.1594285189577866
TRAIT,CASSLVAGGLNEQFF,IE1,Cytomegalovirus (CMV),-0.71622017193071
TRAIT,CASSASGGSYEQYF,EBNA3B,EBV,-1.1292397657644306
TRAIT,CASSLGGVQPQHF,IE1,Cytomegalovirus (CMV),-1.1275648470665645
TRAIT,CASSLQGAANYGYTF,IE1,Cytomegalovirus (CMV),-0.7880578945047634
TRAIT,CASSLEGYSNQPQHF,IE1,Cytomegalovirus (CMV),0.5029373189382575
TRAIT,CASSPGYSNQPQHF,IE1,Cytomegalovirus (CMV),-0.9910646987359092
TRAIT,CASRGGGNTIYF,IE1,Cytomegalovirus (CMV),1.4370311471988062
TRAIT,CASSPGPSSYNEQFF,EBNA3B,EBV,-0.6059939305824588
TRAIT,CASSHGQGDQPQHF,IE1,Cytomegalovirus (CMV),-2.579611324147762
TRAIT,CASSEGLAGGYEQFF,IE1,Cytomegalovirus (CMV),1.4953207073635475
TRAIT,CASSTLGTEAFF,IE1,Cytomegalovirus (CMV),-2.08017539919514
TRAIT,CASSQGNEQFF,IE1,Cytomegalovirus (CMV),-1.7506119554480906
TRAIT,CASSGAGYGYTF,IE1,Cytomegalovirus (CMV),-1.19190372769632
TRAIT,CASSSGWTEAFF,IE1,Cytomegalovirus (CMV),-1.6159546649351355
TRAIT,CASSLRTANTGELFF,IE1,Cytomegalovirus (CMV),1.0817685073885976
TRAIT,CASSVGVAGELFF,IE1,Cytomegalovirus (CMV),-1.5283353219510438
TRAIT,CASSRRGSSYNEQFF,IE1,Cytomegalovirus (CMV),-0.8837676193655796
TRAIT,CASSLSSNEQFF,IE1,Cytomegalovirus (CMV),-2.3371362148685586
TRAIT,CASSLVGGTEAFF,IE1,Cytomegalovirus (CMV),1.0641314337804817
TRAIT,CSVAGTGNTEAFF,EBNA3B,EBV,-3.1136099770173247
TRAIT,CASSYGDTEAFF,IE1,Cytomegalovirus (CMV),-2.3155579131285218
TRAIT,CASSLRGDYGYTF,IE1,Cytomegalovirus (CMV),0.5522096330068751
TRAIT,CASSPTGPNTEAFF,IE1,Cytomegalovirus (CMV),-0.878346353187736
TRAIT,CASSPGQGTTEAFF,IE1,Cytomegalovirus (CMV),-0.762142695756047
TRAIT,CASSQTPNQPQHF,IE1,Cytomegalovirus (CMV),-2.3842607496687576
TRAIT,CAWSGVTEAFF,IE1,Cytomegalovirus (CMV),-4.327116110601818
TRAIT,CASSFDRGSEKLFF,IE1,Cytomegalovirus (CMV),1.6910392427390302
TRAIT,CASSQDGRYEQYF,IE1,Cytomegalovirus (CMV),-1.0580052749667852
TRAIT,CASSFTETQYF,EBNA3B,EBV,-0.4876186361453528
TRAIT,CASSYGEGTEAFF,IE1,Cytomegalovirus (CMV),-2.9897020356037776
TRAIT,CASSLGGVYNEQFF,IE1,Cytomegalovirus (CMV),-0.9856042058091268
TRAIT,CASSSGQGNYGYTF,IE1,Cytomegalovirus (CMV),1.3440927884965237
TRAIT,CASSMTGGSYEQYF,IE1,Cytomegalovirus (CMV),-3.6696865377370127
TRAIT,CASSSPGANVLTF,IE1,Cytomegalovirus (CMV),0.5866097927368954
TRAIT,CASSKGQSSYNEQFF,IE1,Cytomegalovirus (CMV),1.577860349549165
TRAIT,CASSLAESSYNEQFF,IE1,Cytomegalovirus (CMV),-0.9488147753045724
TRAIT,CASSRGLYNEQFF,IE1,Cytomegalovirus (CMV),1.4241154105395024
TRAIT,CASSQGYEQYF,IE1,Cytomegalovirus (CMV),1.4401783000480468
TRAIT,CASSAVYSNQPQHF,IE1,Cytomegalovirus (CMV),-1.9652130766693987
TRAIT,CASSLAGGPLETQYF,IE1,Cytomegalovirus (CMV),3.9360321327276018
TRAIT,CASSLLGAGELFF,IE1,Cytomegalovirus (CMV),0.8747156666555491
TRAIT,CASSLLVTGELFF,IE1,Cytomegalovirus (CMV),-0.6150135531286457
TRAIT,CASSLPGQGAGELFF,IE1,Cytomegalovirus (CMV),2.3095749069201013
TRAIT,CASSGGLNQPQHF,IE1,Cytomegalovirus (CMV),0.5646337577181901
TRAIT,CASSGGGNTEAFF,IE1,Cytomegalovirus (CMV),-0.6244589858837352
TRAIT,CSARDPGQGYEQYF,IE1,Cytomegalovirus (CMV),-3.1003377685315083
TRAIT,CASSPGQGGNQPQHF,IE1,Cytomegalovirus (CMV),0.6624468905840444
TRAIT,CASSSRDRGTGELFF,IE1,Cytomegalovirus (CMV),-1.4494216334016046
TRAIT,CASSLTGNEQFF,IE1,Cytomegalovirus (CMV),-0.574702743325752
TRAIT,CASSYADTQYF,EBNA3A,EBV,-0.8926503810146559
TRAIT,CASSWSNQPQHF,IE1,Cytomegalovirus (CMV),-1.024805634349161
TRAIT,CASSLGSGETQYF,IE1,Cytomegalovirus (CMV),0.7382188503306517
TRAIT,CASSELQETQYF,IE1,Cytomegalovirus (CMV),1.444112320165559
TRAIT,CASTTGYNEQFF,IE1,Cytomegalovirus (CMV),-1.925833259033019
TRAIT,CASSPGASYEQYF,IE1,Cytomegalovirus (CMV),-0.7391785406691409
TRAIT,CASSQVDSYGYTF,IE1,Cytomegalovirus (CMV),-1.146438277552538
TRAIT,CASSWGTEAFF,IE1,Cytomegalovirus (CMV),-1.4099287785895656
TRAIT,CASSRDGNQPQHF,IE1,Cytomegalovirus (CMV),1.3328818376684484
TRAIT,CASSAENYGYTF,IE1,Cytomegalovirus (CMV),1.0191513710475355
TRAIT,CASSQGGVEQYF,IE1,Cytomegalovirus (CMV),1.553009636178754
TRAIT,CASSLAGGTDTQYF,PMEL,Cancer/Self antigen,1.4360994755357854
TRAIT,CASSLGTSGYYEQYF,IE1,Cytomegalovirus (CMV),-2.4802745907118298
TRAIT,CASSGYTDTQYF,IE1,Cytomegalovirus (CMV),-1.6206442408840662
TRAIT,CASSTGGEKLFF,IE1,Cytomegalovirus (CMV),-1.4325182978096858
TRAIT,CASSFGHNEQFF,IE1,Cytomegalovirus (CMV),-2.2397918961179384
TRAIT,CASSQEGEKLFF,Gag,HIV / Human immunodeficiency virus (HIV),-1.0690879895553485
TRAIT,CASSLVGYEQFF,IE1,Cytomegalovirus (CMV),-0.9825705373310673
TRAIT,CASSRTGELFF,IE1,Cytomegalovirus (CMV),0.6393498473098893
TRAIT,CASSYSPANYGYTF,IE1,Cytomegalovirus (CMV),-1.1480354438811746
TRAIT,CASSLQGNTEAFF,IE1,Cytomegalovirus (CMV),1.953775983345789
TRAIT,CASSEGRGYTF,IE1,Cytomegalovirus (CMV),-2.58584626933198
TRAIT,CASSLTGGYEQYF,IE1,Cytomegalovirus (CMV),0.7825212433430334
TRAIT,CASSPPAGGNTEAFF,IE1,Cytomegalovirus (CMV),1.806143618105584
TRAIT,CASSPRAGGTDTQYF,IE1,Cytomegalovirus (CMV),2.4161382192121152
TRAIT,CASSLQGAPEAFF,IE1,Cytomegalovirus (CMV),-2.886430547589839
TRAIT,CASSSRGAKNIQYF,IE1,Cytomegalovirus (CMV),4.416020756921888
TRAIT,CASSLLGQNTGELFF,EBNA3B,EBV,1.220675726506142
TRAIT,CASGGATNEKLFF,IE1,Cytomegalovirus (CMV),2.4013859532068005
TRAIT,CASSPGQNTEAFF,IE1,Cytomegalovirus (CMV),1.5982865578572023
TRAIT,CASSFSGANVLTF,IE1,Cytomegalovirus (CMV),1.3938214880457738
TRAIT,CASSFSVNTEAFF,IE1,Cytomegalovirus (CMV),-0.3790136205855551
TRAIT,CASSFGAGELFF,IE1,Cytomegalovirus (CMV),-2.138791061084799
TRAIT,CASSLSWNEQFF,IE1,Cytomegalovirus (CMV),-2.6150844725641766
TRAIT,CASSFRLAGEETQYF,EBNA3B,EBV,1.3080987724117654
TRAIT,CASSSGGYEQYF,IE1,Cytomegalovirus (CMV),0.1702613842398783
TRAIT,CASSWEGNTEAFF,MLANA,Cancer/Self antigen,-1.7961554026420743
TRAIT,CASSFGGVNEQFF,EBNA3B,EBV,-2.509000186010446
TRAIT,CASSLSTEAFF,IE1,Cytomegalovirus (CMV),-0.6654731421655649
TRAIT,CASSLGTGNGYTF,IE1,Cytomegalovirus (CMV),-0.6915092725615992
TRAIT,CASSSRSGTDTQYF,IE1,Cytomegalovirus (CMV),2.983140166227742
TRAIT,CASSQDRVTDTQYF,IE1,Cytomegalovirus (CMV),1.0353159010057391
TRAIT,CASSYSGGNTEAFF,IE1,Cytomegalovirus (CMV),0.3826915660593509
TRAIT,CASSQGHYNEQFF,IE1,Cytomegalovirus (CMV),1.0734620222351845
TRAIT,CASSQDWGGETQYF,IE1,Cytomegalovirus (CMV),1.7069926535579394
TRAIT,CASRGTDYGYTF,IE1,Cytomegalovirus (CMV),-0.7819947672203152
TRAIT,CASSYSGLAGYNEQFF,IE1,Cytomegalovirus (CMV),-4.508384951682624
TRAIT,CASRRLAGNTGELFF,IE1,Cytomegalovirus (CMV),0.927969046028537
TRAIT,CASSLGTPNTGELFF,IE1,Cytomegalovirus (CMV),0.7018856232973048
TRAIT,CASSPLPQETQYF,IE1,Cytomegalovirus (CMV),-0.8813660946474852
TRAIT,CASSLRGGTQYF,EBNA3B,EBV,-1.6597741184173591
TRAIT,CASSLAGGINEQFF,IE1,Cytomegalovirus (CMV),1.1804009960551154
TRAIT,CASRVGNTEAFF,CA2INDEPENPLIPA2,Human (Homo sapiens),-1.9042580435750107
TRAIT,CASSLDGSSYNEQFF,IE1,Cytomegalovirus (CMV),1.1977159181350472
TRAIT,CASSDSNEQFF,IE1,Cytomegalovirus (CMV),-4.217973535645868
TRAIT,CASSLGSDTQYF,EBNA3B,EBV,0.4491341307641659
TRAIT,CASSSGTGLNTEAFF,IE1,Cytomegalovirus (CMV),-0.6543286749786074
TRAIT,CASSQEAGGSYNEQFF,IE1,Cytomegalovirus (CMV),-5.638945457859057
TRAIT,CASSLGGEETQYF,IE1,Cytomegalovirus (CMV),0.7377360064876552
TRAIT,CASSRSGSTEAFF,IE1,Cytomegalovirus (CMV),-2.726111206584042
TRAIT,CASSWGPNTGELFF,IE1,Cytomegalovirus (CMV),-1.8547370654424864
TRAIT,CASSLWATEAFF,IE1,Cytomegalovirus (CMV),-3.21335364700709
TRAIT,CASSLAEKLFF,IE1,Cytomegalovirus (CMV),-0.8658208130515804
TRAIT,CASSIGQGDQPQHF,IE1,Cytomegalovirus (CMV),1.0279751131624448
TRAIT,CASSPQVNTEAFF,IE1,Cytomegalovirus (CMV),0.2510545891580164
TRAIT,CASSLGGAQPQHF,MLANA,Cancer/Self antigen,-0.7692596372723295
TRAIT,CASSPTYYGYTF,EBNA3B,EBV,-1.1841261334741335
TRAIT,CASSPGASGYTF,IE1,Cytomegalovirus (CMV),1.558799964095162
TRAIT,CASSLGTGGYNEQFF,IE1,Cytomegalovirus (CMV),0.5692824649953795
TRAIT,CASSRTGTSYEQYF,IE1,Cytomegalovirus (CMV),-0.7226644462587304
TRAIT,CASTRGYNEQFF,IE1,Cytomegalovirus (CMV),-1.2957390642973392
TRAIT,CASSTGTDYGYTF,IE1,Cytomegalovirus (CMV),-0.9940351901643408
TRAIT,CASSLGQNTGELFF,IE1,Cytomegalovirus (CMV),1.852823911230001
TRAIT,CASSQGRETQYF,IE1,Cytomegalovirus (CMV),1.131942054452006
TRAIT,CASSDRMNTEAFF,EBNA3A,EBV,-1.383708336278377
TRAIT,CASSLAVGGYTF,IE1,Cytomegalovirus (CMV),1.7680755076986063
TRAIT,CASSTGLAGGQETQYF,IE1,Cytomegalovirus (CMV),2.776587019594281
TRAIT,CASSARLAGSYNEQFF,IE1,Cytomegalovirus (CMV),-2.4610998945119205
TRAIT,CASSLRDSQETQYF,EBNA3B,EBV,-0.5804440517689907
TRAIT,CASSQVLYNEQFF,HTLV1,HTLV-1,-2.529226321978121
TRAIT,CASSSMNTEAFF,IE1,Cytomegalovirus (CMV),-0.8418821728384476
TRAIT,CASSLEGDSNQPQHF,IE1,Cytomegalovirus (CMV),0.928016108236576
TRAIT,CASSEDRGSPLHF,IE1,Cytomegalovirus (CMV),2.9887344559350306
TRAIT,CASSSGTGSYNEQFF,IE1,Cytomegalovirus (CMV),0.790326837219196
TRAIT,CASSFGEQETQYF,IE1,Cytomegalovirus (CMV),2.876654307855288
TRAIT,CASRDSYYEQYF,IE1,Cytomegalovirus (CMV),-3.941064201658218
TRAIT,CASSLDRVNTEAFF,IE1,Cytomegalovirus (CMV),1.162685761307374
TRAIT,CASSPRGTYEQYF,IE1,Cytomegalovirus (CMV),-1.113716073040174
TRAIT,CASSLNRAGELFF,IE1,Cytomegalovirus (CMV),2.369818611018615
TRAIT,CASSRGYNEQFF,IE1,Cytomegalovirus (CMV),0.3857243885596737
TRAIT,CASRGYSNQPQHF,IE1,Cytomegalovirus (CMV),0.7536614944298744
TRAIT,CASRYTGNTEAFF,IE1,Cytomegalovirus (CMV),-1.2503438199872927
TRAIT,CASSQGDTEAFF,IE1,Cytomegalovirus (CMV),-0.6325605068842229
TRAIT,CSARDRDRGYEQYF,IE1,Cytomegalovirus (CMV),-2.568393036252077
TRAIT,CASSYSGSDTQYF,IE1,Cytomegalovirus (CMV),1.9564353895894189
TRAIT,CASSITGDTEAFF,IE1,Cytomegalovirus (CMV),-0.6876988898647212
TRAIT,CASSLEGQGDTEAFF,IE1,Cytomegalovirus (CMV),-1.8729827905244965
TRAIT,CASSSWDSSYEQYF,IE1,Cytomegalovirus (CMV),-2.8096112342741333
TRAIT,CASSTTTGNTEAFF,IE1,Cytomegalovirus (CMV),1.4817983905838688
TRAIT,CASSLLNTEAFF,IE1,Cytomegalovirus (CMV),0.7927753189736665
TRAIT,CATSDLTGELFF,IE1,Cytomegalovirus (CMV),-2.72634247492861
TRAIT,CASSQDGSSGNTIYF,IE1,Cytomegalovirus (CMV),-1.3433822680508367
TRAIT,CASSLGGDSPLHF,IE1,Cytomegalovirus (CMV),1.0057298455569803
TRAIT,CASSLVPGMNTEAFF,IE1,Cytomegalovirus (CMV),-3.020485754976557
TRAIT,CASSVGGAGYTF,IE1,Cytomegalovirus (CMV),-3.269620932950663
TRAIT,CASSLGLQNTEAFF,IE1,Cytomegalovirus (CMV),1.398224443486769
TRAIT,CASSQGQGDQPQHF,IE1,Cytomegalovirus (CMV),-0.827028852082357
TRAIT,CASRSGSSYNEQFF,IE1,Cytomegalovirus (CMV),-1.6344531365669237
TRAIT,CASSDRAGELFF,IE1,Cytomegalovirus (CMV),-0.743931152584205
TRAIT,CASSPGANNEQFF,IE1,Cytomegalovirus (CMV),1.0925010770524883
TRAIT,CASSLFDNEQFF,IE1,Cytomegalovirus (CMV),-1.0910240743497217
TRAIT,CASSLQSSGNTIYF,IE1,Cytomegalovirus (CMV),1.2068005899815468
TRAIT,CASSLDSSYNEQFF,IE1,Cytomegalovirus (CMV),0.7561620864628092
TRAIT,CASKTGSYEQYF,IE1,Cytomegalovirus (CMV),1.8219648967189368
TRAIT,CASGRNEKLFF,IE1,Cytomegalovirus (CMV),1.1390779507607944
TRAIT,CASSDGGGATDTQYF,IE1,Cytomegalovirus (CMV),-10.03254009150674
TRAIT,CASSYEGNTEAFF,IE1,Cytomegalovirus (CMV),-1.6132035748216351
TRAIT,CASSPTSGNTEAFF,EBNA3B,EBV,2.517320686306027
TRAIT,CASSRGSYNSPLHF,IE1,Cytomegalovirus (CMV),-0.6579726915430086
TRAIT,CASSNQGTEAFF,IE1,Cytomegalovirus (CMV),-3.1400957696121665
TRAIT,CASSYSGANVLTF,IE1,Cytomegalovirus (CMV),0.725467982104603
TRAIT,CASSLGQGAYNEQFF,IE1,Cytomegalovirus (CMV),1.0613964616549416
TRAIT,CASSIGTSGNNEQFF,IE1,Cytomegalovirus (CMV),3.761461040526551
TRAIT,CASRRVGTDTQYF,IE1,Cytomegalovirus (CMV),-1.2222212329888231
TRAIT,CASSGSSYNEQFF,IE1,Cytomegalovirus (CMV),-0.3929948543092232
TRAIT,CASSYQGDTQYF,IE1,Cytomegalovirus (CMV),1.0200624770117062
TRAIT,CASSLAGNNQPQHF,IE1,Cytomegalovirus (CMV),-0.9047175808149108
TRAIT,CASSGGTGSTDTQYF,IE1,Cytomegalovirus (CMV),4.007171148034649
TRAIT,CASSPTGTGDGYTF,IE1,Cytomegalovirus (CMV),-1.1112588777316843
TRAIT,CASSVVQGYGYTF,EBNA3B,EBV,1.462703946093983
TRAIT,CASSIDRYNEQFF,IE1,Cytomegalovirus (CMV),-2.188635313252172
TRAIT,CASSRASTDTQYF,M1,Influenza,0.6263970741940045
TRAIT,CASSLFTEAFF,IE1,Cytomegalovirus (CMV),-0.9031131418059528
TRAIT,CASSRQGPYNEQFF,IE1,Cytomegalovirus (CMV),-0.820425864413151
TRAIT,CASSIGRSTEAFF,IE1,Cytomegalovirus (CMV),-2.535416839562896
TRAIT,CASSWTGGYEQYF,EBNA3B,EBV,-2.0347882988064883
TRAIT,CASSRQSNTEAFF,IE1,Cytomegalovirus (CMV),1.4446079810946233
TRAIT,CASSSGTGNTEAFF,IE1,Cytomegalovirus (CMV),0.2359921098366846
TRAIT,CASSLSTDTQYF,EBNA3A,EBV,1.819337539501404
TRAIT,CASSLAQETQYF,IE1,Cytomegalovirus (CMV),0.538122160216453
TRAIT,CASSLAGTAEAFF,IE1,Cytomegalovirus (CMV),1.352226210034091
TRAIT,CASSPRQGTGELFF,IE1,Cytomegalovirus (CMV),2.0584581707769507
TRAIT,CASSLTSGGTNEQFF,IE1,Cytomegalovirus (CMV),1.0662157186034815
TRAIT,CASSVVGGETQYF,IE1,Cytomegalovirus (CMV),-0.8402328339983298
TRAIT,CASSPTGSNEKLFF,IE1,Cytomegalovirus (CMV),1.6634685081393292
TRAIT,CASSLPNEQFF,IE1,Cytomegalovirus (CMV),-1.1631570460973446
TRAIT,CASSPGRRETQYF,IE1,Cytomegalovirus (CMV),2.86139021968208
TRAIT,CASSTGGRGNQPQHF,IE1,Cytomegalovirus (CMV),1.7737251291113396
TRAIT,CASSLAAGGQETQYF,IE1,Cytomegalovirus (CMV),1.52643433449209
TRAIT,CASSPRTSGAYNEQFF,IE1,Cytomegalovirus (CMV),0.9192862554629924
TRAIT,CASSLGTYSNQPQHF,IE1,Cytomegalovirus (CMV),0.4698665825878765
TRAIT,CASRDSNTGELFF,IE1,Cytomegalovirus (CMV),1.2037271869166113
TRAIT,CASSLGPNYEQYF,IE1,Cytomegalovirus (CMV),0.5308456503018172
TRAIT,CASSPGGGYGYTF,EBNA3B,EBV,1.128128980565356
TRAIT,CASSIGGLNTEAFF,IE1,Cytomegalovirus (CMV),-1.2968154358411073
TRAIT,CASSLGRNYGYTF,IE1,Cytomegalovirus (CMV),1.3155102036428183
TRAIT,CASSLGLAGTYNEQFF,IE1,Cytomegalovirus (CMV),0.9541341979840358
TRAIT,CASSLVGGAETQYF,IE1,Cytomegalovirus (CMV),2.301196370535181
TRAIT,CASSLRGGYTGELFF,IE1,Cytomegalovirus (CMV),4.93629242810465
TRAIT,CASSSSGGELFF,IE1,Cytomegalovirus (CMV),-2.5211519878234103
TRAIT,CASSPGTGYEQYF,IE1,Cytomegalovirus (CMV),0.2986481480540712
TRAIT,CASSLGLNEQFF,IE1,Cytomegalovirus (CMV),-1.1205930786854543
TRAIT,CASSPMNTEAFF,IE1,Cytomegalovirus (CMV),-1.6194143165187378
TRAIT,CASSPGTSGQETQYF,IE1,Cytomegalovirus (CMV),0.9238267097166256
TRAIT,CASSPGQTSNQPQHF,IE1,Cytomegalovirus (CMV),1.4626296521370636
TRAIT,CASSPGQGGTEAFF,MLANA,Cancer/Self antigen,0.3910280589412054
TRAIT,CASSQDRLSYEQYF,IE1,Cytomegalovirus (CMV),-1.3288561769288787
TRAIT,CASSFKETQYF,IE1,Cytomegalovirus (CMV),0.2119844062925554
TRAIT,CASSLAGGNQPQHF,IE1,Cytomegalovirus (CMV),1.79586299816972
TRAIT,CASSQGINEQFF,IE1,Cytomegalovirus (CMV),-3.266544381421086
TRAIT,CASSPLGGRTEAFF,IE1,Cytomegalovirus (CMV),0.711011727401278
TRAIT,CASSGGVNTEAFF,IE1,Cytomegalovirus (CMV),-0.3131770452890557
TRAIT,CATSRDNSGANVLTF,IE1,Cytomegalovirus (CMV),-7.662135746292705
TRAIT,CASSLGREQFF,IE1,Cytomegalovirus (CMV),-1.1887173745399595
TRAIT,CASGLAGNNEQFF,IE1,Cytomegalovirus (CMV),-1.9543911240417
TRAIT,CASSYSYEQYF,EBNA3B,EBV,0.8246952951148564
TRAIT,CASSLITGNTIYF,EBNA3A,EBV,2.0492833691993955
TRAIT,CASSSLAVSYNEQFF,IE1,Cytomegalovirus (CMV),-3.179428678060014
TRAIT,CASSPGTGSYEQYF,IE1,Cytomegalovirus (CMV),0.7334789536428187
TRAIT,CASSESGVTEAFF,EBNA3B,EBV,2.244254463834212
TRAIT,CASSPFATNEKLFF,IE1,Cytomegalovirus (CMV),-0.887700853418066
TRAIT,CASSRDTEAFF,IE1,Cytomegalovirus (CMV),0.3413279773070373
TRAIT,CASSEGRGEQYF,IE1,Cytomegalovirus (CMV),2.0246470823617893
TRAIT,CASSLGLAGPSTDTQYF,IE1,Cytomegalovirus (CMV),0.9878955991766656
TRAIT,CASSIGVNTEAFF,IE1,Cytomegalovirus (CMV),-2.077387467178106
TRAIT,CASSSRGQETQYF,IE1,Cytomegalovirus (CMV),-0.787356644569273
TRAIT,CASSETSGQETQYF,EBNA3B,EBV,-1.3996019902689811
TRAIT,CASSGSGGSTDTQYF,IE1,Cytomegalovirus (CMV),-1.7067999549657895
TRAIT,CASSLAAGAYEQYF,IE1,Cytomegalovirus (CMV),-0.5160086857208479
TRAIT,CASSLGGYNEQFF,IE1,Cytomegalovirus (CMV),0.7905207133451136
TRAIT,CASSLEAGGGYTF,IE1,Cytomegalovirus (CMV),-1.7444328388349226
TRAIT,CASSDGPNQPQHF,IE1,Cytomegalovirus (CMV),-1.0638756767108102
TRAIT,CASSWTGSYNEQFF,IE1,Cytomegalovirus (CMV),-1.809605065344713
TRAIT,CASSLGQDGYTF,CA2INDEPENPLIPA2,Human (Homo sapiens),-0.6791984868763287
TRAIT,CASSLANTEAFF,IE1,Cytomegalovirus (CMV),0.3542874373351902
TRAIT,CASSSWTGMNTEAFF,MLANA,Cancer/Self antigen,-1.104638807055926
TRAIT,CASSLGPGTEAFF,IE1,Cytomegalovirus (CMV),-0.2663031428332026
TRAIT,CASSPLTGANYGYTF,IE1,Cytomegalovirus (CMV),-3.372339335775796
TRAIT,CASSFAGTEAFF,IE1,Cytomegalovirus (CMV),-1.5617869216137938
TRAIT,CASSGLGEQYF,IE1,Cytomegalovirus (CMV),-2.295016236263148
TRAIT,CASSIAGSTDTQYF,IE1,Cytomegalovirus (CMV),-0.5542933730191605
TRAIT,CASRGQGGTEAFF,IE1,Cytomegalovirus (CMV),0.7436414378978221
TRAIT,CASSSRVDEQFF,IE1,Cytomegalovirus (CMV),-1.8324505238826616
TRAIT,CASSARGNTEAFF,IE1,Cytomegalovirus (CMV),-0.693261608415894
TRAIT,CSAPTSGQETQYF,IE1,Cytomegalovirus (CMV),6.064129742704452
TRAIT,CASSLVLNTEAFF,IE1,Cytomegalovirus (CMV),0.3955690437448843
TRAIT,CASSALAGGYNEQFF,IE1,Cytomegalovirus (CMV),-1.196612912266195
TRAIT,CASSPRGSPLHF,IE1,Cytomegalovirus (CMV),-0.8006430882529485
TRAIT,CASSSGGTEAFF,IE1,Cytomegalovirus (CMV),-0.5142992408891965
TRAIT,CASSSDGYEQYF,IE1,Cytomegalovirus (CMV),-0.8732385090281868
TRAIT,CASSSGLASYEQYF,IE1,Cytomegalovirus (CMV),-1.5455738017894711
TRAIT,CASRGISGNTIYF,EBNA3B,EBV,-1.123178168353438
TRAIT,CASSLGTDTQYF,IE1,Cytomegalovirus (CMV),1.6711926618706388
TRAIT,CASSPGTSNEQFF,IE1,Cytomegalovirus (CMV),1.10750448353223
TRAIT,CASSVVGGGTDTQYF,IE1,Cytomegalovirus (CMV),-1.7033315158973017
TRAIT,CASSLATDYEQYF,IE1,Cytomegalovirus (CMV),-1.0469869965657217
TRAIT,CASSLGQGFQPQHF,IE1,Cytomegalovirus (CMV),0.5338340151653603
TRAIT,CASRGLAGSYEQYF,IE1,Cytomegalovirus (CMV),-1.2503423040073218
TRAIT,CSVEKNTEAFF,IE1,Cytomegalovirus (CMV),-5.197764982584102
TRAIT,CASSLGTGITGELFF,IE1,Cytomegalovirus (CMV),1.2934788412534202
TRAIT,CASSPLGGSSYNEQFF,IE1,Cytomegalovirus (CMV),-0.710563943576754
TRAIT,CASSPLAGEGTDTQYF,IE1,Cytomegalovirus (CMV),-3.934247552867936
TRAIT,CASSLQGDTIYF,IE1,Cytomegalovirus (CMV),1.410744643439164
TRAIT,CASSLVGSTEAFF,IE1,Cytomegalovirus (CMV),-1.5494471540060006
TRAIT,CASSIGYGYTF,IE1,Cytomegalovirus (CMV),-1.8653431462481151
TRAIT,CASSWGLSGNTIYF,IE1,Cytomegalovirus (CMV),-2.285807212367822
TRAIT,CASSPSGGAGNEQFF,IE1,Cytomegalovirus (CMV),-0.7461564360455607
TRAIT,CSVVGTGNTEAFF,IE1,Cytomegalovirus (CMV),2.3738812870397155
TRAIT,CASSLAANYGYTF,IE1,Cytomegalovirus (CMV),-0.2575802340698137
TRAIT,CASSVGQGSYEQYF,IE1,Cytomegalovirus (CMV),0.6998900001461273
TRAIT,CASSLAGGTYEQYF,IE1,Cytomegalovirus (CMV),0.3739130614128047
TRAIT,CASSSRGSSGNTIYF,IE1,Cytomegalovirus (CMV),-1.3659033558381024
TRAIT,CASSPGTVNTGELFF,IE1,Cytomegalovirus (CMV),1.3006396294598888
TRAIT,CASSSGLARTDTQYF,IE1,Cytomegalovirus (CMV),2.230256603539412
TRAIT,CASSPGQGYEQYF,IE1,Cytomegalovirus (CMV),1.3159688321853285
TRAIT,CASSLGGSYEQYV,CA2INDEPENPLIPA2,Human (Homo sapiens),1.044105092149798
TRAIT,CASSRGQGADTQYF,IE1,Cytomegalovirus (CMV),1.5398749839969614
TRAIT,CASSLSGGDEQYF,IE1,Cytomegalovirus (CMV),1.2308737197308297
TRAIT,CASSLAGGNNEQFF,IE1,Cytomegalovirus (CMV),0.4787579625619538
TRAIT,CASSFGTGAGYTF,IE1,Cytomegalovirus (CMV),-2.03809785679638
TRAIT,CSARAGTGNTGELFF,IE1,Cytomegalovirus (CMV),4.322896459304495
TRAIT,CASSLGYNEQFF,IE1,Cytomegalovirus (CMV),0.6910631808138359
TRAIT,CASSPGTATDTQYF,IE1,Cytomegalovirus (CMV),1.496017781888184
TRAIT,CASSPGSTEAFF,IE1,Cytomegalovirus (CMV),-1.6512354373863998
TRAIT,CASSSRGYNEQFF,EBNA3A,EBV,-1.6926453126046055
TRAIT,CASRGQGGGYTF,IE1,Cytomegalovirus (CMV),1.4781237806847023
TRAIT,CASSIQGVNTEAFF,IE1,Cytomegalovirus (CMV),0.824787168558101
TRAIT,CASSTSGPYNEQFF,IE1,Cytomegalovirus (CMV),1.9422099158318136
TRAIT,CASSLSESSYNEQFF,EBNA3B,EBV,1.982711440500189
TRAIT,CASSEGTVYEQYF,EBNA3B,EBV,1.2146347617554043
TRAIT,CASRAGGNTGELFF,EBNA3B,EBV,1.6822758961018462
TRAIT,CASSLTSVYNEQFF,IE1,Cytomegalovirus (CMV),2.322272175608078
TRAIT,CASSPGLAGGTQYF,MLANA,Cancer/Self antigen,3.1734343151127926
TRAIT,CASSQDRGSTEAFF,EBNA3B,EBV,-0.8704650135788683
TRAIT,CASRSGQMNTEAFF,IE1,Cytomegalovirus (CMV),-2.8672456020987163
TRAIT,CASSFSGDTEAFF,EBNA3B,EBV,0.4893423135957606
TRAIT,CASSPGTGLSYEQYF,CA2INDEPENPLIPA2,Human (Homo sapiens),1.6451343081501033
TRAIT,CASSSGQGATNEKLFF,MAGEA1,Human (Homo sapiens),-0.9747508774931838
TRAIT,CASSLVGEQFF,IE1,Cytomegalovirus (CMV),-0.4638663892970846
TRAIT,CASSTLNEQFF,IE1,Cytomegalovirus (CMV),1.0259242439035423
TRAIT,CASSTSGTSTDTQYF,IE1,Cytomegalovirus (CMV),2.782591081779343
TRAIT,CASSLTLNTEAFF,EBNA3B,EBV,0.4893505154156775
TRAIT,CASSLNTGELFF,IE1,Cytomegalovirus (CMV),1.7785122730930485
TRAIT,CSVVGNYGYTF,IE1,Cytomegalovirus (CMV),-3.3545430180998075
TRAIT,CASSLRGISYEQYF,IE1,Cytomegalovirus (CMV),-0.7964488905068263
TRAIT,CASSLAADYEQYF,IE1,Cytomegalovirus (CMV),-2.665951171541609
TRAIT,CASSLRTLQETQYF,EBNA3B,EBV,0.9855598036078796
TRAIT,CASSSRGPYEQYF,IE1,Cytomegalovirus (CMV),-1.0416389755396054
TRAIT,CASSQGGGQPQHF,IE1,Cytomegalovirus (CMV),0.5127808214844265
TRAIT,CASSRTGEQYF,IE1,Cytomegalovirus (CMV),-1.0171513976371345
TRAIT,CASSDGSTGELFF,EBNA3B,EBV,-9.881431360258526
TRAIT,CASSLVPGAYEQYF,IE1,Cytomegalovirus (CMV),-1.35647417895937
TRAIT,CASSPPTNYGYTF,EBNA3B,EBV,0.8418727684848601
TRAIT,CASSQSSGSYEQYF,IE1,Cytomegalovirus (CMV),-1.8822069884908144
TRAIT,CASSPRGVTEAFF,EBNA3B,EBV,-0.782862278685559
TRAIT,CASSQQETQYF,EBNA3B,EBV,1.0375487210846788
TRAIT,CASSTYNEQFF,EBNA3B,EBV,1.0144483493314715
TRAIT,CASSRLAGGSNEQFF,IE1,Cytomegalovirus (CMV),0.9318412458201693
TRAIT,CASSGTPGNTIYF,EBNA3B,EBV,-1.195729366011408
TRAIT,CSARGGGNTGELFF,EBNA3B,EBV,3.3283320116963653
TRAIT,CASSYSGSGELFF,EBNA3A,EBV,-4.061887087916185
TRAIT,CASSPPGSYEQYF,EBNA3B,EBV,0.5992651319360891
TRAIT,CASRDGYYGYTF,IE1,Cytomegalovirus (CMV),-1.687712495977447
TRAIT,CASSQQETQYF,IE1,Cytomegalovirus (CMV),1.0375487210846788
TRAIT,CASSSGGPYNEQFF,M1,Influenza,-1.5958990240942967
TRAIT,CASSSGGSYEQYF,IE1,Cytomegalovirus (CMV),-0.3468366720327441
TRAIT,CASSISTEAFF,IE1,Cytomegalovirus (CMV),-2.830313185510482
TRAIT,CASSYPNTGELFF,EBNA3B,EBV,-0.9331172037253532
TRAIT,CASRAGGNTGELFF,IE1,Cytomegalovirus (CMV),1.6822758961018462
TRAIT,CASSPQGVNTEAFF,IE1,Cytomegalovirus (CMV),0.3671918436929164
TRAIT,CASSRDSTDTQYF,IE1,Cytomegalovirus (CMV),1.4180549290782674
TRAIT,CASSPTGGNTEAFF,IE1,Cytomegalovirus (CMV),1.3044334159939286
TRAIT,CASSPPEGETQYF,IE1,Cytomegalovirus (CMV),2.4456072074267965
TRAIT,CASSRLGGTDTQYF,EBNA3B,EBV,-0.930710823196126
TRAIT,CASSLGTSNTGELFF,EBNA3B,EBV,1.2597314702122686
TRAIT,CASSLGPDTQYF,EBNA3B,EBV,0.3101316582596277
TRAIT,CASSPQRLNTEAFF,EBNA3B,EBV,-1.184026590911225
TRAIT,CASSQGLAASYEQYF,IE1,Cytomegalovirus (CMV),-3.3834822553751907
TRAIT,CASSTSYNEQFF,IE1,Cytomegalovirus (CMV),-1.702494933589119
TRAIT,CASSYGGNQPQHF,MLANA,Cancer/Self antigen,0.4489911705341532
TRAIT,CASSLWGNQPQHF,EBNA3B,EBV,1.053274492676276
TRAIT,CASSYPNTGELFF,IE1,Cytomegalovirus (CMV),-0.9331172037253532
TRAIT,CASSESYEQYF,EBNA3B,EBV,-0.8732595255846851
TRAIT,CASSDGTGGYNEQFF,IE1,Cytomegalovirus (CMV),-8.437307344817066
TRAIT,CASSEDTGELFF,LMP1,EBV,-1.3648821564300295
TRAIT,CASSYSSSTDTQYF,IE1,Cytomegalovirus (CMV),-1.2177701332388429
TRAIT,CASSAGRNEKLFF,IE1,Cytomegalovirus (CMV),2.4834547057059164
TRAIT,CASSLMAGSYEQYF,M1,Influenza,-1.6298822389267822
TRAIT,CASSLSLGGTEAFF,MLANA,Cancer/Self antigen,-3.932706081140399
TRAIT,CASRRPTGELFF,IE1,Cytomegalovirus (CMV),-1.4806563820793586
TRAIT,CASSLTIQETQYF,IE1,Cytomegalovirus (CMV),-2.346698277354024
TRAIT,CASSPGRTGELFF,IE1,Cytomegalovirus (CMV),0.7296983628652941
TRAIT,CASGAGELFF,IE1,Cytomegalovirus (CMV),-2.998906607514107
TRAIT,CASSPTDSYEQYF,EBNA3B,EBV,-2.947298481472505
TRAIT,CASSSPGGEQFF,BMLF1,EBV,1.3463365755637455
TRAIT,CASSLTSVYNEQFF,Gag,HIV / Human immunodeficiency virus (HIV),2.322272175608078
TRAIT,CASSLATVSYEQYF,EBNA3B,EBV,-1.9844602717905755
TRAIT,CASSPGQGPYEQYF,IE1,Cytomegalovirus (CMV),0.7911451340830119
TRAIT,CASSLGLAGSSYEQYF,EBNA3B,EBV,-0.9889862277188604
TRAIT,CSVVGNYGYTF,EBNA3B,EBV,-3.3545430180998075
TRAIT,CASSVEDSSYNEQFF,IE1,Cytomegalovirus (CMV),1.0639484284727865
TRAIT,CASRAGSSYEQYF,EBNA3B,EBV,-1.26726116364764
TRAIT,CASSYSGEQYF,IE1,Cytomegalovirus (CMV),-1.072022976859112
TRAIT,CASREQGGNTEAFF,EBNA3B,EBV,-0.8149661299476577
TRAIT,CASSPTGYYGYTF,IE1,Cytomegalovirus (CMV),-0.4365703592419472
TRAIT,CASRTSGNEQFF,EBNA3B,EBV,-1.0739609177593152
TRAIT,CASSLGPGSPLHF,MLANA,Cancer/Self antigen,-0.8269333170944254
TRAIT,CASSVQGSEAFF,IE1,Cytomegalovirus (CMV),2.8944189259758324
TRAIT,CAWSPNTGELFF,IE1,Cytomegalovirus (CMV),-2.8844957674071843
TRAIT,CASSSRDRGYEQYF,IE1,Cytomegalovirus (CMV),-0.6153419594025115
TRAIT,CASSFPGELFF,EBNA3B,EBV,-0.8327923741860952
TRAIT,CASTLGGGQPQHF,MLANA,Cancer/Self antigen,2.328722904384639
TRAIT,CASSLPGNQPQHF,EBNA3A,EBV,-1.1458857967702234
TRAIT,CASSSTGEQYF,IE1,Cytomegalovirus (CMV),-1.431099736177715
TRAIT,CASSAGTGGTGELFF,IE1,Cytomegalovirus (CMV),-0.5469833852639415
TRAIT,CASSFRGGELFF,EBNA3B,EBV,-2.448924254149095
TRAIT,CASRGSGNSPLHF,IE1,Cytomegalovirus (CMV),3.190016405858837
TRAIT,CASRTSGNEQFF,IE1,Cytomegalovirus (CMV),-1.0739609177593152
TRAIT,CASSSTGGSNQPQHF,IE1,Cytomegalovirus (CMV),1.2587676081066084
TRAIT,CASSLGQGNTEAFF,IE1,Cytomegalovirus (CMV),1.7453188530560624
TRAIT,CASSIQGAYEQYF,IE1,Cytomegalovirus (CMV),-0.8543614172593752
TRAIT,CASSFGNEQFF,EBNA3B,EBV,-2.012080388025791
TRAIT,CASSPSNEQFF,IE1,Cytomegalovirus (CMV),0.3396053564212551
TRAIT,CASSPQGRNEQFF,EBNA3A,EBV,2.156700644727937
TRAIT,CASSQDGGYTF,IE1,Cytomegalovirus (CMV),-3.1341206862486386
TRAIT,CASSPNSNQPQHF,EBNA3B,EBV,0.6596397792037751
TRAIT,CASSLTSVYNEQFF,EBNA3B,EBV,2.322272175608078
TRAIT,CASSPTENQPQHF,EBNA3B,EBV,-0.9347793838023392
TRAIT,CASSLDRNYEQYF,IE1,Cytomegalovirus (CMV),-1.1105096239792474
TRAIT,CASSLEGDQPQHF,EBNA3B,EBV,0.8926174245508388
TRAIT,CAWSVTGGNQPQHF,EBNA3B,EBV,2.870158600562087
TRAIT,CASRDSYEQYF,EBNA3B,EBV,-0.6242514017021504
TRAIT,CASSPARYNEQFF,IE1,Cytomegalovirus (CMV),1.3884536091757544
TRAIT,CASSLPGYEQYF,IE1,Cytomegalovirus (CMV),-0.7144458359462988
TRAIT,CASSLLGNEQYF,IE1,Cytomegalovirus (CMV),-2.242790713776424
TRAIT,CAISEGTEAFF,IE1,Cytomegalovirus (CMV),-1.8156150886131053
TRAIT,CASSPRTDYGYTF,EBNA3B,EBV,0.464826812093962
TRAIT,CASSPPGDGYTF,EBNA3B,EBV,-3.554341732835164
TRAIT,CASSYSGSGELFF,EBNA3B,EBV,-4.061887087916185
TRAIT,CASSLREGSPLHF,EBNA3B,EBV,2.591313751918873
TRAIT,CASSEVGTYEQYF,IE1,Cytomegalovirus (CMV),-6.017376072525929
TRAIT,CASSPRDSSYEQYF,IE1,Cytomegalovirus (CMV),-0.8411637362631488
TRAIT,CASSSGQGNSPLHF,IE1,Cytomegalovirus (CMV),1.138428512280902
TRAIT,CASSLEGNEQFF,EBNA3B,EBV,-0.4502445891217103
TRAIT,CASSLGSGGYNEQFF,EBNA3B,EBV,0.7847960149394568
TRAIT,CASSPQGYYGYTF,EBNA3A,EBV,-0.5110507275071142
TRAIT,CASSFGVSTDTQYF,EBNA3B,EBV,-1.3470966830498816
TRAIT,CASSPGQGYEQYF,MLANA,Cancer/Self antigen,1.3159688321853285
TRAIT,CASSPSGSGNEQFF,LMP1,EBV,-2.403356726420222
TRAIT,CASSLGINEQFF,IE1,Cytomegalovirus (CMV),-3.0084385482330886
TRAIT,CASSLGLGGDTQYF,IE1,Cytomegalovirus (CMV),2.675502164372799
TRAIT,CASSYSTGYEQYF,MLANA,Cancer/Self antigen,-1.070001532001755
TRAIT,CASSEGGEQFF,EBNA3B,EBV,-0.8393404007757529
TRAIT,CASSLTGGYEQYF,MLANA,Cancer/Self antigen,0.7825212433430334
TRAIT,CASSQTGSSGNTIYF,IE1,Cytomegalovirus (CMV),2.1775650254741303
TRAIT,CASSPGTGNNEQFF,IE1,Cytomegalovirus (CMV),-1.1199182109481405
TRAIT,CASSFGTGDTDTQYF,IE1,Cytomegalovirus (CMV),-1.5359804848393126
TRAIT,CASSRPYNEQFF,IE1,Cytomegalovirus (CMV),1.6605443060844782
TRAIT,CASSPTGLGSPLHF,MLANA,Cancer/Self antigen,-1.9607274739944347
TRAIT,CASSAGTGNNEQFF,IE1,Cytomegalovirus (CMV),2.486013664794977
TRAIT,CASKTGSYGYTF,IE1,Cytomegalovirus (CMV),1.5955372139561934
TRAIT,CASSLGVLTEAFF,EBNA3A,EBV,-2.817465345378599
TRAIT,CASSGTESYEQYF,IE1,Cytomegalovirus (CMV),-6.021357709695687
TRAIT,CASSLKAGGYNEQFF,EBNA3B,EBV,-1.50785409980731
TRAIT,CASSSSGGYNEQFF,EBNA3A,EBV,-0.9261223285440112
TRAIT,CASGTETQYF,IE1,Cytomegalovirus (CMV),1.042045251964478
TRAIT,CASSQDRGGQETQYF,EBNA3B,EBV,-5.059557503740622
TRAIT,CASSLWRNTEAFF,EBNA3B,EBV,-1.1760710046990737
TRAIT,CASSIRSTDTQYF,GLIADIN,Triticum Aestivum,-1.5729775615351214
TRAIT,CASSLGGSTDTQYF,GLIADIN,Triticum Aestivum,1.7917942128971047
TRAIT,CASSRSYGYTF,GLIADIN,Triticum Aestivum,-1.2715814145208992
TRAIT,CASSLGETQYF,pp65,Cytomegalovirus (CMV),2.055213647520372
TRAIT,CASSFGTGVNSPLHF,pp65,Cytomegalovirus (CMV),2.515504478707218
TRAIT,CASSLGAGGHNEQFF,pp65,Cytomegalovirus (CMV),1.3146588109627273
TRAIT,CASSRGTEAFF,pp65,Cytomegalovirus (CMV),0.6363444623627107
TRAIT,CASSLEGGGGNQPQHF,pp65,Cytomegalovirus (CMV),3.0815952734152265
TRAIT,CASSTDRNQPQHF,pp65,Cytomegalovirus (CMV),0.4343280841946393
TRAIT,CASSLGGEETQYF,pp65,Cytomegalovirus (CMV),0.7377360064876552
TRAIT,CASSPDTSGANVLTF,pp65,Cytomegalovirus (CMV),-0.8861151817141154
TRAIT,CSARAGGGQETQYF,pp65,Cytomegalovirus (CMV),-8.99866390350004
TRAIT,CASSLATSSYEQYF,pp65,Cytomegalovirus (CMV),-1.2759903198711973
TRAIT,CASSLVGQVNTEAFF,pp65,Cytomegalovirus (CMV),1.699930625158383
TRAIT,CASSLAANTEAFF,pp65,Cytomegalovirus (CMV),0.6299777251415902
TRAIT,CASSFRETQYF,pp65,Cytomegalovirus (CMV),0.6786899377707954
TRAIT,CASSRDRGPGGYGYTF,pp65,Cytomegalovirus (CMV),-1.384270702243002
TRAIT,CSAEQFF,pp65,Cytomegalovirus (CMV),-1.211903920120866
TRAIT,CASSSRQGGNQPQHF,pp65,Cytomegalovirus (CMV),0.6310804556977002
TRAIT,CASRPSGANVLTF,pp65,Cytomegalovirus (CMV),1.8024635833602032
TRAIT,CASSLMYEQYF,pp65,Cytomegalovirus (CMV),1.373409938404942
TRAIT,CASRRDNSYEQYF,pp65,Cytomegalovirus (CMV),2.9816121809913017
TRAIT,CASSRQGEAFF,pp65,Cytomegalovirus (CMV),0.7189437528392273
TRAIT,CASSAASYNEQFF,pp65,Cytomegalovirus (CMV),1.4856516491922864
TRAIT,CASSQEGNYGYTF,pp65,Cytomegalovirus (CMV),1.6438658662176715
TRAIT,CASRPGQNYEQYF,pp65,Cytomegalovirus (CMV),-2.432301188201153
TRAIT,CASSSPGYGYTF,pp65,Cytomegalovirus (CMV),1.052415980695939
TRAIT,CASSPLAGGADTQYF,pp65,Cytomegalovirus (CMV),0.5215666865182942
TRAIT,CASSEGQGETQYF,pp65,Cytomegalovirus (CMV),1.2964678465050423
TRAIT,CASSPSGSAYEQYF,pp65,Cytomegalovirus (CMV),1.779004309629391
TRAIT,CASSEGFSYEQYF,pp65,Cytomegalovirus (CMV),-0.9630999322871536
TRAIT,CASSLALGGYNEQFF,pp65,Cytomegalovirus (CMV),2.6257782293164995
TRAIT,CASSLEETQYF,pp65,Cytomegalovirus (CMV),1.7636981603234032
TRAIT,CASSPRTAQETQYF,pp65,Cytomegalovirus (CMV),1.444293412552626
TRAIT,CASSLLVGNTEAFF,pp65,Cytomegalovirus (CMV),-1.488931872400905
TRAIT,CASSLTTGGNQPQHF,pp65,Cytomegalovirus (CMV),1.4712836883883762
TRAIT,CASSRTSGYNEQFF,pp65,Cytomegalovirus (CMV),0.7999039260381168
TRAIT,CASSLDQETQYF,pp65,Cytomegalovirus (CMV),1.7318966751618057
TRAIT,CSARRGYEQYF,pp65,Cytomegalovirus (CMV),-1.683795607506847
TRAIT,CASSWGGEAFF,pp65,Cytomegalovirus (CMV),-3.702332203639697
TRAIT,CASSPRTGTYNEQFF,pp65,Cytomegalovirus (CMV),1.4754868668261651
TRAIT,CASSRGTGGRETQYF,pp65,Cytomegalovirus (CMV),2.5137872223408144
TRAIT,CASSPEGNYGYTF,pp65,Cytomegalovirus (CMV),0.8421225264857695
TRAIT,CASSGRGTEAFF,pp65,Cytomegalovirus (CMV),0.6058351071686849
TRAIT,CASSYDRNQPQHF,pp65,Cytomegalovirus (CMV),0.2985295596043604
TRAIT,CASRLSGANVLTF,pp65,Cytomegalovirus (CMV),1.9799808511987085
TRAIT,CASSLGQSGANVLTF,pp65,Cytomegalovirus (CMV),0.9148470989591342
TRAIT,CASSPASTDTQYF,pp65,Cytomegalovirus (CMV),0.3748043051918607
TRAIT,CASSYSTGSNQPQHF,pp65,Cytomegalovirus (CMV),1.2986086323561716
TRAIT,CASSDRAQPQHF,pp65,Cytomegalovirus (CMV),1.858078318048588
TRAIT,CASSPRGLGNTIYF,pp65,Cytomegalovirus (CMV),0.9408942185641456
TRAIT,CASSEGRNEQFF,pp65,Cytomegalovirus (CMV),-2.287749234199347
TRAIT,CASAQETQYF,pp65,Cytomegalovirus (CMV),-2.32868652385002
TRAIT,CASSFDGNSPLHF,pp65,Cytomegalovirus (CMV),-1.0306401309840236
TRAIT,CASSLGTGGDEQYF,pp65,Cytomegalovirus (CMV),-1.3009583304380858
TRAIT,CASSPYNEQFF,pp65,Cytomegalovirus (CMV),1.5399269968905007
TRAIT,CASSLASYGYTF,pp65,Cytomegalovirus (CMV),0.4326785600880972
TRAIT,CASSYSGGGSYNEQFF,pp65,Cytomegalovirus (CMV),-4.409360024529157
TRAIT,CASSLWADQPQHF,pp65,Cytomegalovirus (CMV),-2.968145131712875
TRAIT,CASSRDRAGYGYTF,pp65,Cytomegalovirus (CMV),1.9764993606772288
TRAIT,CASRGLAGDEQYF,pp65,Cytomegalovirus (CMV),-2.5589495740543766
TRAIT,CASSQEEGSGANVLTF,pp65,Cytomegalovirus (CMV),-7.24889917599412
TRAIT,CASSSGLPNTGELFF,pp65,Cytomegalovirus (CMV),-1.8172608300648736
TRAIT,CASSPEGGSYEQYF,pp65,Cytomegalovirus (CMV),-2.9884277686534766
TRAIT,CASSRDTQETQYF,pp65,Cytomegalovirus (CMV),3.038000230238564
TRAIT,CASSSTGYYGYTF,pp65,Cytomegalovirus (CMV),0.4579127311085092
TRAIT,CASSLASGEQYF,pp65,Cytomegalovirus (CMV),-1.1148717106232826
TRAIT,CASSLMSSYNSPLHF,pp65,Cytomegalovirus (CMV),-1.2553237755941002
TRAIT,CASSAGQGGSYEQYF,pp65,Cytomegalovirus (CMV),1.0678702706673913
TRAIT,CASSYGGGTEAFF,pp65,Cytomegalovirus (CMV),-1.9941626202524536
TRAIT,CASSPQGGELFF,pp65,Cytomegalovirus (CMV),-1.4916452471964
TRAIT,CASSRDRGSTDTQYF,pp65,Cytomegalovirus (CMV),0.9500838414881944
TRAIT,CASSVGQGNQPQHF,pp65,Cytomegalovirus (CMV),0.2118782455957922
TRAIT,CASSLGGSTEAFF,Orf3,COVID-19 / SARS-CoV-2 / SARS-CoV,0.1798182419257226
TRAIT,CASSPRQGDTQYF,Nucleocapsid,COVID-19 / SARS-CoV-2 / SARS-CoV,1.987310553976532
TRAIT,CASSLVGDSYNEQFF,Orf3,COVID-19 / SARS-CoV-2 / SARS-CoV,1.6038916542299422
TRAIT,CASSASNYGYTF,Nucleocapsid,COVID-19 / SARS-CoV-2 / SARS-CoV,0.7423605017399861
TRAIT,CASSEGGGEQYF,Nucleocapsid,COVID-19 / SARS-CoV-2 / SARS-CoV,0.8948524239846285
TRAIT,CASSSGTVPYEQYF,Nucleocapsid,COVID-19 / SARS-CoV-2 / SARS-CoV,1.8452437332051428
TRAIT,CASGGNSYEQYF,Nucleocapsid,COVID-19 / SARS-CoV-2 / SARS-CoV,-1.655599813631742
TRAIT,CASSYSGGNTEAFF,Spike,COVID-19 / SARS-CoV-2 / SARS-CoV,0.3826915660593509
TRAIT,CASSEVGNEQFF,Orf3,COVID-19 / SARS-CoV-2 / SARS-CoV,-1.5279916360225156
TRAIT,CASSPTGLGETQYF,NDC1,Human (Homo sapiens),0.8069607537468144
TRAIT,CASSIGPVNTEAFF,NDC1,Human (Homo sapiens),-1.9606881589353435
TRAIT,CASSRTGITDTQYF,NDC1,Human (Homo sapiens),-1.823781670433227
TRAIT,CASSSDLYEQYF,TKT,Human (Homo sapiens),-0.9683383220349222
TRAIT,CASSIAGGYEQYF,TKT,Human (Homo sapiens),-2.302268721675406
TRAIT,CASSLWDYGYTF,TKT,Human (Homo sapiens),1.3608345186696935
TRAIT,CASSLWGVGTEAFF,TKT,Human (Homo sapiens),1.2647900604361186
TRAIT,CASSRLAGTDTQYF,TKT,Human (Homo sapiens),-0.5531407006869099
TRAIT,CASSLGGNEQYF,TKT,Human (Homo sapiens),-0.9502256653439278
TRAIT,CASSISGGYEQYF,TKT,Human (Homo sapiens),-1.5261234434638469
TRAIT,CASSLDLYEQYF,TKT,Human (Homo sapiens),-0.2911804662822015
TRAIT,CASSLGAGEQYF,TKT,Human (Homo sapiens),-1.0682085247544395
TRAIT,CASSTSGGYEQYF,TKT,Human (Homo sapiens),0.7637246750449072
TRAIT,CASSRLAGGLDTQYF,TKT,Human (Homo sapiens),-1.6464548382227346
TRAIT,CASSLGAGEQFF,TKT,Human (Homo sapiens),-1.061018814276269
TRAIT,CASSLALPYEQYF,TKT,Human (Homo sapiens),-1.7481488145156423
TRAIT,CASSYFSYEQYF,TKT,Human (Homo sapiens),-1.1820775320227002
TRAIT,CASSTGTGSYEQYF,TKT,Human (Homo sapiens),-0.5780674152143981
TRAIT,CASSTGTGLNTEAFF,TKT,Human (Homo sapiens),-2.562167828937926
TRAIT,CASSLVGGLSNQPQHF,TKT,Human (Homo sapiens),2.9925023830863684
TRAIT,CASSPTGAGYEQYF,SEC24A,Human (Homo sapiens),2.2167239916833066
TRAIT,CASSFSNQPQHF,SEC24A,Human (Homo sapiens),1.0292722836074475
TRAIT,CASSYSGAGQPQHF,SEC24A,Human (Homo sapiens),-3.280648822701625
TRAIT,CASSLLAGELFF,SEC24A,Human (Homo sapiens),-0.960150225450602
TRAIT,CASSPSSPYEQYF,SEC24A,Human (Homo sapiens),-3.260011066636452
TRAIT,CASSEGTDTQYF,SEC24A,Human (Homo sapiens),-1.211355782192196
TRAIT,CASGISNQPQHF,SEC24A,Human (Homo sapiens),-3.271682860366589
TRAIT,CASSVSNQPQHF,SEC24A,Human (Homo sapiens),-0.400638085552014
TRAIT,CASSFTSGGYNEQFF,SEC24A,Human (Homo sapiens),0.6586281615746719
TRAIT,CASSLYRANTGELFF,SEC24A,Human (Homo sapiens),1.404756103089423
TRAIT,CASSPTGAGQPQHF,SEC24A,Human (Homo sapiens),1.0292209581739995
TRAIT,CASSSGTSGSDTQYF,SEC24A,Human (Homo sapiens),-1.401006998293517
TRAIT,CASSLGQGNQPQHF,SEC24A,Human (Homo sapiens),1.5920385633161322
TRAIT,CASSLYSNQPQHF,SEC24A,Human (Homo sapiens),0.8950270810497951
TRAIT,CASSPPNQPQHF,SEC24A,Human (Homo sapiens),0.3642128798927004
TRAIT,CASSFNNQPQHF,SEC24A,Human (Homo sapiens),1.3274357454176249
TRAIT,CASGVSNQPQHF,SEC24A,Human (Homo sapiens),-1.30720821619544
TRAIT,CASSLDVATNEKLFF,SEC24A,Human (Homo sapiens),-1.9487662761549576
TRAIT,CASSPGLGEQYF,SEC24A,Human (Homo sapiens),1.224425809611093
TRAIT,CASSLEGVYGYTF,SEC24A,Human (Homo sapiens),0.4295774052936863
TRAIT,CASSRTGAGEKLFF,SEC24A,Human (Homo sapiens),1.7879623680228038
TRAIT,CASSLGQGAQPQHF,SEC24A,Human (Homo sapiens),0.4150373998616802
TRAIT,CASSPMNTEAFF,SEC24A,Human (Homo sapiens),-1.6194143165187378
TRAIT,CASSPLNTEAFF,SEC24A,Human (Homo sapiens),-0.2146381121870534
TRAIT,CASSWSNQPQHF,SEC24A,Human (Homo sapiens),-1.024805634349161
TRAIT,CASSSGNYEQYF,AKAP13,Human (Homo sapiens),-1.7003023662891066
TRAIT,CASSWGQGGYEQYF,AKAP13,Human (Homo sapiens),-3.027328688894201
TRAIT,CAWSVGVSNQPQHF,AKAP13,Human (Homo sapiens),-4.449177869150107
TRAIT,CASSLGQGGELFF,AKAP13,Human (Homo sapiens),-1.1218128499685394
TRAIT,CASSLGNYEQYF,AKAP13,Human (Homo sapiens),-1.2012001623927762
TRAIT,CASSLGQGYEQYF,AKAP13,Human (Homo sapiens),1.5506205771315913
TRAIT,CASSQGTGVTEAFF,AKAP13,Human (Homo sapiens),1.1337025796696991
TRAIT,CASSFGTGYEQYF,AKAP13,Human (Homo sapiens),-2.0286844346195045
TRAIT,CASSLNPDTQYF,AKAP13,Human (Homo sapiens),-0.9358242144820093
TRAIT,CASSLGSSGNTIYF,PABPC1,Human (Homo sapiens),1.1198641528838065
TRAIT,CASSPGQLGNTIYF,Gag,HIV / Human immunodeficiency virus (HIV),-1.3613608619625728
TRAIT,CASSLDSYEQYF,Gag,HIV / Human immunodeficiency virus (HIV),1.4067090421383943
TRAIT,CASSLDVNEQFF,Gag,HIV / Human immunodeficiency virus (HIV),-1.3425423402751968
TRAIT,CASSTGTVYNEQFF,Gag,HIV / Human immunodeficiency virus (HIV),-1.276397931149508
TRAIT,CASSLDRAEQYF,Gag,HIV / Human immunodeficiency virus (HIV),-2.0824902225232327
TRAIT,CASSLVAGTYNEQFF,Gag,HIV / Human immunodeficiency virus (HIV),-0.6579506014045361
TRAIT,CASSPGTGELFF,Gag,HIV / Human immunodeficiency virus (HIV),0.4047519858532679
TRAIT,CASSPGWGSYEQYF,Gag,HIV / Human immunodeficiency virus (HIV),-2.802051774708058
TRAIT,CASSPGWGNTEAFF,Gag,HIV / Human immunodeficiency virus (HIV),-1.1475751944470902
TRAIT,CASSLGWGNTEAFF,Gag,HIV / Human immunodeficiency virus (HIV),-0.7693837745624835
TRAIT,CASSPGQGPSYEQYF,Gag,HIV / Human immunodeficiency virus (HIV),-2.609720965046124
TRAIT,CASSQQASGNTIYF,Gag,HIV / Human immunodeficiency virus (HIV),3.3623113184756046
TRAIT,CASSPTDFYGYTF,Gag,HIV / Human immunodeficiency virus (HIV),-1.446624129856212
TRAIT,CASSFDSEAFF,Gag,HIV / Human immunodeficiency virus (HIV),-1.726751727045834
TRAIT,CASSFDREAFF,Gag,HIV / Human immunodeficiency virus (HIV),1.2076103403267853
TRAIT,CASSFGSEAFF,Gag,HIV / Human immunodeficiency virus (HIV),-4.465050458121889
TRAIT,CASRPGQGNNEQFF,Gag,HIV / Human immunodeficiency virus (HIV),-1.7510880960244233
TRAIT,CASSFDRNEQFF,Gag,HIV / Human immunodeficiency virus (HIV),-2.727866812650555
TRAIT,CASSFGTGGEQYF,Gag,HIV / Human immunodeficiency virus (HIV),-0.8348136536344724
TRAIT,CASSQAREQFF,Gag,HIV / Human immunodeficiency virus (HIV),-2.165458871734021
TRAIT,CASSLRGGNTDTQYF,Gag,HIV / Human immunodeficiency virus (HIV),2.879762977975763
TRAIT,CASSQSTGELFF,Gag,HIV / Human immunodeficiency virus (HIV),0.7775058334518925
TRAIT,CASSSQADTQYF,Gag,HIV / Human immunodeficiency virus (HIV),1.183020214308252
TRAIT,CASSLGTSSYEQYF,Gag,HIV / Human immunodeficiency virus (HIV),-0.3203048581064784
TRAIT,CASSPGTSSYEQYF,Gag,HIV / Human immunodeficiency virus (HIV),-0.5571756482033108
TRAIT,CASSLGTNSYEQYF,Gag,HIV / Human immunodeficiency virus (HIV),-2.87774713159044
TRAIT,CASSQGANYEQYF,Gag,HIV / Human immunodeficiency virus (HIV),-2.347913609471009
TRAIT,CASSLYGEQYF,Gag,HIV / Human immunodeficiency virus (HIV),0.8878852270572706
TRAIT,CASSLETSSYEQYF,Gag,HIV / Human immunodeficiency virus (HIV),-1.1686747004421538
TRAIT,CASSLGASSYEQYF,Gag,HIV / Human immunodeficiency virus (HIV),-0.6993853781050055
TRAIT,CASSPGTEETQYF,pp65,Cytomegalovirus (CMV),0.8881280373432447
TRAIT,CASSPTTYGYTF,Gag,HIV / Human immunodeficiency virus (HIV),-1.6586397605266372
TRAIT,CASRESYEQYF,Gag,HIV / Human immunodeficiency virus (HIV),1.2751053006903752
TRAIT,CASSPDNQPQHF,Gag,HIV / Human immunodeficiency virus (HIV),1.383933586371719
TRAIT,CASSFGPSNQPQHF,Gag,HIV / Human immunodeficiency virus (HIV),-1.4109564931937717
TRAIT,CASRTGQGAYEQYF,Gag,HIV / Human immunodeficiency virus (HIV),1.166122816938406
TRAIT,CASSSGTESNQPQHF,RV3616C,M. tuberculosis,-1.815406538168947
TRAIT,CASSQGGSYNEQFF,IE1,Cytomegalovirus (CMV),-1.0116747617074355
TRAIT,CASSLTQGANTEAFF,IE1,Cytomegalovirus (CMV),-5.788932805657931
TRAIT,CASSRAGAYNEQFF,IE1,Cytomegalovirus (CMV),3.025214608616603
TRAIT,CASSRLAGADTQYF,IE1,Cytomegalovirus (CMV),-1.4469345803205758
TRAIT,CASSQAGVEQYF,EBNA1,EBV,0.9565469598251988
TRAIT,CASSPTTAYEQYF,pp65,Cytomegalovirus (CMV),1.9728191201938965
TRAIT,CASSLDLGSTEAFF,pp65,Cytomegalovirus (CMV),1.2322776572727627
TRAIT,CASSSGGVYEQYF,pp65,Cytomegalovirus (CMV),-1.7795173695008255
TRAIT,CASSLTGSEAFF,pp65,Cytomegalovirus (CMV),-2.278196230906271
TRAIT,CASSLALDEQFF,pp65,Cytomegalovirus (CMV),-2.383285848291004
TRAIT,CASSYTGSEAFF,pp65,Cytomegalovirus (CMV),-1.9219319788250155
TRAIT,CASSGTGTEAFF,pp65,Cytomegalovirus (CMV),0.5290719934248957
TRAIT,CASSPGTEQFF,pp65,Cytomegalovirus (CMV),-2.530333007292133
TRAIT,CASSLTGTEAFF,pp65,Cytomegalovirus (CMV),-0.5774266863904174
TRAIT,CASSKTGTEAFF,pp65,Cytomegalovirus (CMV),-3.4119511998471515
TRAIT,CASSPTGGELFF,pp65,Cytomegalovirus (CMV),-2.370916695272052
TRAIT,CASGTEAFF,MLANA,Cancer/Self antigen,-4.303748649262751
TRAIT,CASSTGDSNQPQHF,MLANA,Cancer/Self antigen,0.7127346966802373
TRAIT,CASSLGGPTEAFF,MLANA,Cancer/Self antigen,-0.6262334576831102
TRAIT,CASSDGGATDTQYF,MLANA,Cancer/Self antigen,-7.507869695423052
TRAIT,CSVEGRNYGYTF,MLANA,Cancer/Self antigen,-3.107119222038063
TRAIT,CASSPGLATDTQYF,MLANA,Cancer/Self antigen,0.8413019558832966
TRAIT,CASSPGLDYGYTF,MLANA,Cancer/Self antigen,0.8943687707832131
TRAIT,CASSIGQGARGYTF,MLANA,Cancer/Self antigen,2.7482642309697907
TRAIT,CSARGVNTEAFF,MLANA,Cancer/Self antigen,-2.420049290533187
TRAIT,CASSFGITYEQYF,MLANA,Cancer/Self antigen,-3.522816010385958
TRAIT,CASSLGQYNEQFF,MLANA,Cancer/Self antigen,1.733290285967126
TRAIT,CASSARGDEQYF,MLANA,Cancer/Self antigen,-1.8939086904809668
TRAIT,CASSDSGGATDTQYF,MLANA,Cancer/Self antigen,-8.824397784982182
TRAIT,CASSPGPSYGYTF,MLANA,Cancer/Self antigen,-0.9880423386277204
TRAIT,CASSLGGGNQPQHF,MLANA,Cancer/Self antigen,1.880433322992797
TRAIT,CSVGSGGTNEKLFF,MLANA,Cancer/Self antigen,1.9351893502726667
TRAIT,CASSMGRMNTEAFF,MLANA,Cancer/Self antigen,-1.1326359222117146
TRAIT,CASSLGQGDGYTF,MLANA,Cancer/Self antigen,0.7747409657169653
TRAIT,CASSPGTVYGYTF,MLANA,Cancer/Self antigen,-0.226002520409718
TRAIT,CASSFTGGRTEAFF,MLANA,Cancer/Self antigen,2.2189777716429275
TRAIT,CASSPGNSGNTIYF,MLANA,Cancer/Self antigen,1.1390609296580232
TRAIT,CASSRAGEETQYF,MLANA,Cancer/Self antigen,4.060386018780056
TRAIT,CASSLSESSYNEQFF,MLANA,Cancer/Self antigen,1.982711440500189
TRAIT,CASSAGTGGGETQYF,MLANA,Cancer/Self antigen,1.2889819509221565
TRAIT,CASSLAGYTEAFF,MLANA,Cancer/Self antigen,0.4844010335425701
TRAIT,CASSLGRNEQFF,MLANA,Cancer/Self antigen,-0.4672049386350416
TRAIT,CASSTRDTQYF,MLANA,Cancer/Self antigen,1.4751016349813315
TRAIT,CASSSRDSYEQYF,MLANA,Cancer/Self antigen,-2.3689206697977423
TRAIT,CASTGSNQPQHF,MLANA,Cancer/Self antigen,-0.816204845616453
TRAIT,CASSGNTGELFF,MLANA,Cancer/Self antigen,-0.8496472240481749
TRAIT,CATRRGTEAFF,MLANA,Cancer/Self antigen,-1.5704519620830588
TRAIT,CASSLSGTAYEQYF,MLANA,Cancer/Self antigen,-1.886474154554615
TRAIT,CASSLGLDTDTQYF,MLANA,Cancer/Self antigen,0.6547224294091231
TRAIT,CASSLGGPLYEQYF,MLANA,Cancer/Self antigen,-3.907479577792412
TRAIT,CASSQDQGTEAFF,MLANA,Cancer/Self antigen,-1.6249792554458964
TRAIT,CASSLIAGTDTQYF,MLANA,Cancer/Self antigen,2.3480201402653864
TRAIT,CASSPRLAGGPDTQYF,MLANA,Cancer/Self antigen,-0.6644698822328465
TRAIT,CASSELAGGQETQYF,MLANA,Cancer/Self antigen,-4.803276967988708
TRAIT,CASSRGPLNTEAFF,MLANA,Cancer/Self antigen,-1.2731816521961017
TRAIT,CASSLGQISGNTIYF,MLANA,Cancer/Self antigen,0.8500444100129189
TRAIT,CASSPEGAQPQHF,MLANA,Cancer/Self antigen,2.0840118963571848
TRAIT,CASSYGPEAFF,MLANA,Cancer/Self antigen,-3.402792437324877
TRAIT,CASSSLAGSTDTQYF,MLANA,Cancer/Self antigen,-0.657942024514175
TRAIT,CASSPTGTQETQYF,MLANA,Cancer/Self antigen,2.1852131121211693
TRAIT,CASSPGTGYEQYF,MLANA,Cancer/Self antigen,0.2986481480540712
TRAIT,CASSAGGMNTEAFF,MLANA,Cancer/Self antigen,-2.5153158489354386
TRAIT,CASSLGGGGSPLHF,MLANA,Cancer/Self antigen,-0.9361032432653478
TRAIT,CASSFGGLYGYTF,MLANA,Cancer/Self antigen,-3.9583471669017416
TRAIT,CASSDSTSGADTQYF,MLANA,Cancer/Self antigen,-10.02705634689256
TRAIT,CASSLRTGSYEQYF,MLANA,Cancer/Self antigen,0.5903391521333213
TRAIT,CASSLVAGSYEQYF,MLANA,Cancer/Self antigen,0.5408863856600085
TRAIT,CASSLARVNYGYTF,MLANA,Cancer/Self antigen,-3.141265520345161
TRAIT,CASSTTSGSYEQYF,MLANA,Cancer/Self antigen,-0.4442928586015895
TRAIT,CASGTGSNQPQHF,MLANA,Cancer/Self antigen,-1.7172263996375987
TRAIT,CASSYSGSGANVLTF,MLANA,Cancer/Self antigen,-0.5846977805740337
TRAIT,CASSPGLAAGELFF,MLANA,Cancer/Self antigen,3.2593370033417592
TRAIT,CASSPGQGNQPQHF,MLANA,Cancer/Self antigen,1.4297817705442268
TRAIT,CASSLRVSYEQYF,MLANA,Cancer/Self antigen,-0.574755394908728
TRAIT,CASSQDSGGTDTQYF,MLANA,Cancer/Self antigen,2.186537595569481
TRAIT,CASSEGRSYEQYF,MLANA,Cancer/Self antigen,-2.069426848977
TRAIT,CASSPSTGELFF,MLANA,Cancer/Self antigen,-0.5800229648307219
TRAIT,CASSKTGELFF,MLANA,Cancer/Self antigen,-0.8215987388147026
TRAIT,CASSLAGGYYNEQFF,MLANA,Cancer/Self antigen,-0.9383023890236302
TRAIT,CASSLVGSSYEQYF,MLANA,Cancer/Self antigen,-0.8266854506166599
TRAIT,CASSYSTGYGYTF,MLANA,Cancer/Self antigen,-2.201430155098385
TRAIT,CASSPDREETQYF,MLANA,Cancer/Self antigen,0.470152086059448
TRAIT,CASSPRTQETQYF,MLANA,Cancer/Self antigen,1.5474498457235613
TRAIT,CASSRDGTGELFF,MLANA,Cancer/Self antigen,2.5814221716308494
TRAIT,CATSRVNQPQHF,MLANA,Cancer/Self antigen,-1.2195987094827423
TRAIT,CASSQRAYEQYF,MLANA,Cancer/Self antigen,-2.937423429786972
TRAIT,CASSPIAGGPYEQYF,MLANA,Cancer/Self antigen,-2.3315881554601505
TRAIT,CASSQGTSGGETQYF,MLANA,Cancer/Self antigen,-1.031023992400686
TRAIT,CASRPDRGSNQPQHF,MLANA,Cancer/Self antigen,-1.2218581912252535
TRAIT,CASSGLAGANEQFF,MLANA,Cancer/Self antigen,-1.6863891515798954
TRAIT,CASSLSGQETQYF,MLANA,Cancer/Self antigen,1.05976129762303
TRAIT,CASSLGGYSPLHF,MLANA,Cancer/Self antigen,-1.2362574469353709
TRAIT,CASSVEGNEQFF,MLANA,Cancer/Self antigen,-2.77350005742124
TRAIT,CSARWGTEAFF,MLANA,Cancer/Self antigen,-5.012549770166094
TRAIT,CASSLGGAVYEQYF,MLANA,Cancer/Self antigen,2.093824578131944
TRAIT,CASSLGVNTGELFF,MLANA,Cancer/Self antigen,1.6908609487108897
TRAIT,CASSLTSGEETQYF,MLANA,Cancer/Self antigen,-0.7492230725832041
TRAIT,CASSAGTGGTEAFF,MLANA,Cancer/Self antigen,-1.8046567828108848
TRAIT,CASSGVTYEQYF,MLANA,Cancer/Self antigen,-1.6181082064433467
TRAIT,CASSLGYEQYF,MLANA,Cancer/Self antigen,1.998090684332615
TRAIT,CASSLGGIGQPQHF,MLANA,Cancer/Self antigen,-0.6241312466941003
TRAIT,CASSPTSGGYEQYF,MLANA,Cancer/Self antigen,-0.81258052407422
TRAIT,CASSQDPNTGELFF,MLANA,Cancer/Self antigen,-2.0849181594150523
TRAIT,CASSFGSRETQYF,MLANA,Cancer/Self antigen,-1.895503241441604
TRAIT,CASSLQGTQYF,MLANA,Cancer/Self antigen,1.606180012691243
TRAIT,CASSLGQSETQYF,MLANA,Cancer/Self antigen,2.382684139127703
TRAIT,CASSLRPADTQYF,MLANA,Cancer/Self antigen,1.309307490606923
TRAIT,CASSPDVYGYTF,MLANA,Cancer/Self antigen,1.1660177702851544
TRAIT,CASSFAGTEAFF,MLANA,Cancer/Self antigen,-1.5617869216137938
TRAIT,CASSLGTGFYGYTF,MLANA,Cancer/Self antigen,-1.0795963804357165
TRAIT,CASSFSGGNNEQFF,MLANA,Cancer/Self antigen,1.4593913163564056
TRAIT,CASSGGAGGYTF,MLANA,Cancer/Self antigen,-1.5483546151930014
TRAIT,CASSPGQGTGEQYF,MLANA,Cancer/Self antigen,-1.0238518841458002
TRAIT,CASSRTGSDYGYTF,MLANA,Cancer/Self antigen,1.7151764468252475
TRAIT,CASRPQGDTEAFF,MLANA,Cancer/Self antigen,-3.1659216546912745
TRAIT,CASSPQGSSPLHF,MLANA,Cancer/Self antigen,2.743439782065016
TRAIT,CASSLGSGYGYTF,MLANA,Cancer/Self antigen,-0.6028746368864979
TRAIT,CASSYTNEQFF,MLANA,Cancer/Self antigen,-0.9953138326114668
TRAIT,CAISTGDSNQPQHF,MLANA,Cancer/Self antigen,-1.0617726379713148
TRAIT,CASSLRGPTYEQYF,MLANA,Cancer/Self antigen,-1.360140876301266
TRAIT,CASSLSGQGYEQYF,MLANA,Cancer/Self antigen,-0.6828023809392351
TRAIT,CASSHGGGETQYF,MLANA,Cancer/Self antigen,1.276709825130288
TRAIT,CASSLVSGGAYNEQFF,MLANA,Cancer/Self antigen,1.0279731189811467
TRAIT,CASSQDLGTDTQYF,MLANA,Cancer/Self antigen,-0.7551175745997984
TRAIT,CASSRGGGSNQPQHF,MLANA,Cancer/Self antigen,-0.696204082851072
TRAIT,CASSLGGGSNQPQHF,MLANA,Cancer/Self antigen,1.4756900302309912
TRAIT,CASSPQVSGANVLTF,MLANA,Cancer/Self antigen,1.311003090041618
TRAIT,CASGLSSYNSPLHF,MLANA,Cancer/Self antigen,-1.6916371477594954
TRAIT,CASSFGGNTGELFF,MLANA,Cancer/Self antigen,1.7095724699782169
TRAIT,CASSLGQYNSPLHF,MLANA,Cancer/Self antigen,1.4897015746369182
TRAIT,CASSYSTSAYEQYF,MLANA,Cancer/Self antigen,-7.361528474483391
TRAIT,CASSPGQSSYEQYF,MLANA,Cancer/Self antigen,0.3796178558484799
TRAIT,CASSEGGYTGELFF,MLANA,Cancer/Self antigen,-1.4227849375488293
TRAIT,CASSLGSMNTEAFF,MLANA,Cancer/Self antigen,-0.5519094641534822
TRAIT,CASSLGQGHQPQHF,MLANA,Cancer/Self antigen,0.3679383547409514
TRAIT,CASSQELGNTEAFF,MLANA,Cancer/Self antigen,0.5918221999003657
TRAIT,CASSRTANTGELFF,MLANA,Cancer/Self antigen,2.2472886513029406
TRAIT,CATSSGSSYEQYF,MLANA,Cancer/Self antigen,1.1645002547037842
TRAIT,CASSFGGAETQYF,MLANA,Cancer/Self antigen,0.5442439337338884
TRAIT,CASSLRAGDGYTF,MLANA,Cancer/Self antigen,0.8092856892108418
TRAIT,CASSYGDNTEAFF,MLANA,Cancer/Self antigen,-2.0673032262971645
TRAIT,CASSPRVNTEAFF,MLANA,Cancer/Self antigen,0.5330138295406172
TRAIT,CASSIGGNQPQHF,MLANA,Cancer/Self antigen,-0.8745659555119666
TRAIT,CASSQTGYTEAFF,MLANA,Cancer/Self antigen,-0.7588940715467907
TRAIT,CAWSVGGQPQHF,MLANA,Cancer/Self antigen,-1.4373769894903825
TRAIT,CASSLPGNEQFF,MLANA,Cancer/Self antigen,-0.9727337947898396
TRAIT,CASSQTGAEQYF,MLANA,Cancer/Self antigen,2.534808547544972
TRAIT,CASSGTQETQYF,MLANA,Cancer/Self antigen,-0.9884897286146196
TRAIT,CASSFSGDEQFF,MLANA,Cancer/Self antigen,-2.0324256627251787
TRAIT,CASSSGGREQYF,MLANA,Cancer/Self antigen,0.8886676905298919
TRAIT,CASSPGGLEQFF,MLANA,Cancer/Self antigen,1.5714338780942445
TRAIT,CASSPGTGEQYF,MLANA,Cancer/Self antigen,-1.7109834703878422
TRAIT,CASSRSSYEQYF,MLANA,Cancer/Self antigen,0.934470143070131
TRAIT,CASRAGNQPQHF,MLANA,Cancer/Self antigen,0.7231954798402032
TRAIT,CASRGDGNTIYF,MLANA,Cancer/Self antigen,1.0574926429311122
TRAIT,CSVGRNTGELFF,MLANA,Cancer/Self antigen,-0.9067464526003152
TRAIT,CASSLGGELFF,MLANA,Cancer/Self antigen,0.4475687865200183
TRAIT,CASSPPGGLYEQYF,MLANA,Cancer/Self antigen,2.204598366803924
TRAIT,CASSLAISYEQYF,MLANA,Cancer/Self antigen,0.7190612390688125
TRAIT,CASSLGLSSYNEQFF,MLANA,Cancer/Self antigen,-0.7279668418495738
TRAIT,CASSSSGGANEQFF,MLANA,Cancer/Self antigen,1.337839079723632
TRAIT,CASSYGLGNQPQHF,MLANA,Cancer/Self antigen,1.844936447365672
TRAIT,CASSEAGTGNTIYF,MLANA,Cancer/Self antigen,-2.128836024481405
TRAIT,CASSQASMNTEAFF,MLANA,Cancer/Self antigen,-3.579281235852373
TRAIT,CASSIGVNTEAFF,MLANA,Cancer/Self antigen,-2.077387467178106
TRAIT,CASSFGGNTEAFF,MLANA,Cancer/Self antigen,1.281882258689715
TRAIT,CASSLGGANVLTF,MLANA,Cancer/Self antigen,0.4745456148361759
TRAIT,CASSLGGAETQYF,MLANA,Cancer/Self antigen,1.4260030693984462
TRAIT,CASNQGNTGELFF,MLANA,Cancer/Self antigen,2.4167979050567334
TRAIT,CASSLASEKLFF,MLANA,Cancer/Self antigen,-2.237604671438752
TRAIT,CASSHSYEQYF,MLANA,Cancer/Self antigen,0.3250133916767058
TRAIT,CASSGGDTQYF,MLANA,Cancer/Self antigen,-0.9619736852633204
TRAIT,CSARASYEQYF,NS4B,Yellow fever virus,-0.8360950311635323
TRAIT,CASSDSGTDTQYF,NS4B,Yellow fever virus,-5.588428626036194
TRAIT,CASSLHRGTEAFF,NS4B,Yellow fever virus,-1.896514376765036
TRAIT,CASSLAGVEQFF,NS4B,Yellow fever virus,0.8333902218744483
TRAIT,CASSIGLADYNEQFF,NS4B,Yellow fever virus,-6.787529285251837
TRAIT,CASSPQGYEQYF,NS4B,Yellow fever virus,1.5404731453175518
TRAIT,CASSFLAGGNEQFF,NS4B,Yellow fever virus,-1.349477822963144
TRAIT,CASSEGANTEAFF,NS4B,Yellow fever virus,-3.44979172304891
TRAIT,CASSVAGGFTDTQYF,NS4B,Yellow fever virus,-1.5940833313476608
TRAIT,CASSYDRANYGYTF,NS4B,Yellow fever virus,0.7610702544564333
TRAIT,CASSLMYEQYF,NS4B,Yellow fever virus,1.373409938404942
TRAIT,CASSLGQGGNEQFF,NS4B,Yellow fever virus,0.6373701413124992
TRAIT,CASSLAGSSYEQYF,NS4B,Yellow fever virus,0.8701428919569775
TRAIT,CASSLFRGETQYF,NS4B,Yellow fever virus,-0.960242646383524
TRAIT,CASSKNYEQYF,NS4B,Yellow fever virus,-1.1841054739793748
TRAIT,CASSTASYEQYF,BST2,Human (Homo sapiens),-2.794752827072705
TRAIT,CASSYGGLGQPQHF,BST2,Human (Homo sapiens),-2.5197508046906707
TRAIT,CASSLGGSYEQYF,BST2,Human (Homo sapiens),1.4922756521658425
TRAIT,CASSLGAGGEQFF,BST2,Human (Homo sapiens),-1.0524732161040848
TRAIT,CASSSGQGGTGELFF,BST2,Human (Homo sapiens),2.549196808523571
TRAIT,CASSGGTGGNEQFF,BST2,Human (Homo sapiens),-5.58284896033641
TRAIT,CASSSSGSSYEQYF,BST2,Human (Homo sapiens),-0.6974476478987458
TRAIT,CASSLAQMNTEAFF,BST2,Human (Homo sapiens),2.427048461125467
TRAIT,CASSPPTGSNTEAFF,BST2,Human (Homo sapiens),2.947053353806318
TRAIT,CASSEGPMNTEAFF,BST2,Human (Homo sapiens),-1.2660002606899008
TRAIT,CASSPGGLEAFF,BST2,Human (Homo sapiens),-2.8998534794928754
TRAIT,CASSLASGELFF,BST2,Human (Homo sapiens),-0.5159045394095843
TRAIT,CASSPGPGELFF,BST2,Human (Homo sapiens),0.4656568183487075
TRAIT,CASGQTYEQYF,BST2,Human (Homo sapiens),-0.7483893711607639
TRAIT,CASSPGLASYNEQFF,BST2,Human (Homo sapiens),-0.6246825488545524
TRAIT,CASSTGTGQPQHF,BST2,Human (Homo sapiens),0.9172439305780477
TRAIT,CASSLQGLGNTIYF,BST2,Human (Homo sapiens),-0.6098899564119385
TRAIT,CASSGGLNQPQHF,BST2,Human (Homo sapiens),0.5646337577181901
TRAIT,CASSLGGLGQPQHF,BST2,Human (Homo sapiens),0.891894136666069
TRAIT,CASSLGVLQETQYF,BST2,Human (Homo sapiens),2.158439277266478
TRAIT,CASSPGGAGELFF,BST2,Human (Homo sapiens),-1.1448964573126306
TRAIT,CASSPDGNEQFF,BST2,Human (Homo sapiens),-1.645849696483209
TRAIT,CASSLGMGQPQHF,BST2,Human (Homo sapiens),1.3853846523678222
TRAIT,CASSLGQFQETQYF,BST2,Human (Homo sapiens),-1.3125148117061798
TRAIT,CASSLTGVGNEQFF,BST2,Human (Homo sapiens),-2.4099336337953274
TRAIT,CASSPGSGNTIYF,BST2,Human (Homo sapiens),0.887266075170236
TRAIT,CASSPGVNTEAFF,BST2,Human (Homo sapiens),0.4619443859385425
TRAIT,CASSQGMGQPQHF,BST2,Human (Homo sapiens),1.1992672771361526
TRAIT,CASSQGQLNTGELFF,BST2,Human (Homo sapiens),1.625741113369927
TRAIT,CASSLALGTEAFF,BST2,Human (Homo sapiens),-0.790599360964245
TRAIT,CASSQQGAGQPQHF,BST2,Human (Homo sapiens),0.9557197478589102
TRAIT,CASSLGGLGNTIYF,BST2,Human (Homo sapiens),0.9763119607161932
TRAIT,CASSRGANQPQHF,BST2,Human (Homo sapiens),-1.419855056434299
TRAIT,CASSSGLGQPQHF,BST2,Human (Homo sapiens),1.4864876145595156
TRAIT,CASSRTGSEAFF,BST2,Human (Homo sapiens),0.9093232264731074
TRAIT,CASSETGVGQPQHF,BST2,Human (Homo sapiens),-0.9107531393301111
TRAIT,CSARGLAGVNEQFF,BST2,Human (Homo sapiens),-0.864795614204591
TRAIT,CASSEGADTGELFF,BST2,Human (Homo sapiens),-5.969751253236964
TRAIT,CASSWTGNEQFF,BST2,Human (Homo sapiens),-2.660405713828937
TRAIT,CASSYGLNQPQHF,BST2,Human (Homo sapiens),-2.179067612640998
TRAIT,CASSLGSYGYTF,BST2,Human (Homo sapiens),0.9305563386413296
TRAIT,CASSSQGGNYGYTF,BST2,Human (Homo sapiens),1.5639536587931642
TRAIT,CASSPGTTNTEAFF,BST2,Human (Homo sapiens),0.7986268982409466
TRAIT,CASSQRGNEQFF,BST2,Human (Homo sapiens),-0.9086951845434592
TRAIT,CASSDSSGSTDTQYF,BST2,Human (Homo sapiens),-8.800283932955118
TRAIT,CASSVSSYNEQFF,M1,Influenza,-1.5055476940195736
TRAIT,CASSTRSNTEAFF,M1,Influenza,-2.0308420228472968
TRAIT,CASSLVQGTYEQYF,IE1,Cytomegalovirus (CMV),-2.812112731574044
TRAIT,CASSLEGGGYEQYF,IE1,Cytomegalovirus (CMV),-0.7676065093157985
TRAIT,CASSIFGELFF,IE1,Cytomegalovirus (CMV),2.033168753420692
TRAIT,CASSFAGELFF,IE1,Cytomegalovirus (CMV),-1.6746969099898492
TRAIT,CASSFVGELFF,IE1,Cytomegalovirus (CMV),0.8234783203040082
TRAIT,CASSIGQGPYEQYF,IE1,Cytomegalovirus (CMV),0.5131651719956277
TRAIT,CASSTTGSTDTQYF,HA,Influenza,3.013432858668984
TRAIT,CASSLGLAGGGDTQYF,HA,Influenza,1.618592411148973
TRAIT,CASSRTGSTDTQYF,HA,Influenza,0.9183091614426304
TRAIT,CASSTDRGPYEQYF,HA,Influenza,-1.265198358584887
TRAIT,CASSLGLREQFF,Gag,HIV / Human immunodeficiency virus (HIV),1.429740261300509
TRAIT,CASSLSSGSSYEQYF,Gag,HIV / Human immunodeficiency virus (HIV),0.5809721499449715
TRAIT,CASTDTQYF,Gag,HIV / Human immunodeficiency virus (HIV),-3.247502997266644
TRAIT,CASSSRDREETQYF,Gag,HIV / Human immunodeficiency virus (HIV),-1.7661848052846976
TRAIT,CASSPGTGKNIQYF,Gag,HIV / Human immunodeficiency virus (HIV),-1.412563290412574
TRAIT,CASSQEGVNTEAFF,Gag,HIV / Human immunodeficiency virus (HIV),-1.363766141265133
TRAIT,CASSLEGSRNTEAFF,Gag,HIV / Human immunodeficiency virus (HIV),-2.19997417623198
TRAIT,CASSLGNYEQYF,IE1,Cytomegalovirus (CMV),-1.2012001623927762
TRAIT,CASSLTSGGPDTQYF,pp65,Cytomegalovirus (CMV),-1.2560408216471493
TRAIT,CASSVGAGTEAFF,Nef,HIV / Human immunodeficiency virus (HIV),-1.9264742821988448
TRAIT,CASSLAAGGPYEQYF,Nef,HIV / Human immunodeficiency virus (HIV),0.8657682909205102
TRAIT,CASSPPSGSYEQYF,Nef,HIV / Human immunodeficiency virus (HIV),1.289327585628302
TRAIT,CASSYRGQGNYGYTF,Nef,HIV / Human immunodeficiency virus (HIV),-1.850247153744856
TRAIT,CSVGENTEAFF,Nef,HIV / Human immunodeficiency virus (HIV),-3.135422065049236
TRAIT,CASSLLGQYNEQFF,Nef,HIV / Human immunodeficiency virus (HIV),-2.75061972574446
TRAIT,CASSLGGDEQYF,POL,HIV / Human immunodeficiency virus (HIV),-1.809835216079121
TRAIT,CASSLRDEQYF,POL,HIV / Human immunodeficiency virus (HIV),0.6909105113199311
TRAIT,CASSLDGGETQYF,POL,HIV / Human immunodeficiency virus (HIV),-0.5848010031105647
TRAIT,CASSQDGGETQYF,POL,HIV / Human immunodeficiency virus (HIV),-1.7227952125174588
TRAIT,CASSLSSNEQFF,Nef,HIV / Human immunodeficiency virus (HIV),-2.3371362148685586
TRAIT,CASSYGGTEAFF,Gag,HIV / Human immunodeficiency virus (HIV),-0.9029770214091238
TRAIT,CSARLSYEQYF,Gag,HIV / Human immunodeficiency virus (HIV),-0.9053827702858844
TRAIT,CSARDNYEQYF,Gag,HIV / Human immunodeficiency virus (HIV),-3.029414324709277
TRAIT,CSARDSYEQYF,Gag,HIV / Human immunodeficiency virus (HIV),-0.2919473623396196
TRAIT,CSARLDYEQYF,Gag,HIV / Human immunodeficiency virus (HIV),-4.556818348465805
TRAIT,CASSYSRGSGNTIYF,Nef,HIV / Human immunodeficiency virus (HIV),0.838142027388699
TRAIT,CASSYSRGAGNTIYF,Nef,HIV / Human immunodeficiency virus (HIV),-1.464969807204238
TRAIT,CASSRSTGELFF,Gag,HIV / Human immunodeficiency virus (HIV),0.6536076951036303
TRAIT,CASSVRTGELFF,Gag,HIV / Human immunodeficiency virus (HIV),-0.6667876197938055
TRAIT,CASSPRTGELFF,Gag,HIV / Human immunodeficiency virus (HIV),0.4030557475314121
TRAIT,CASSGQGYGYTF,Gag,HIV / Human immunodeficiency virus (HIV),0.5970357991068613
TRAIT,CASTGGGYGYTF,Gag,HIV / Human immunodeficiency virus (HIV),-2.6449657004569964
TRAIT,CASSGQDYGYTF,Gag,HIV / Human immunodeficiency virus (HIV),-0.8805196312897986
TRAIT,CASTDSYGYTF,Gag,HIV / Human immunodeficiency virus (HIV),-2.192507604495147
TRAIT,CASSGGSYGYTF,Gag,HIV / Human immunodeficiency virus (HIV),-0.8519373254321262
TRAIT,CASSPGLTDTQYF,Spike,COVID-19 / SARS-CoV-2 / SARS-CoV,1.4371189339496455
TRAIT,CASSLGYEQYF,Spike,COVID-19 / SARS-CoV-2 / SARS-CoV,1.998090684332615
TRAIT,CATSDLNTGELFF,Spike,COVID-19 / SARS-CoV-2 / SARS-CoV,0.6282926561292519
TRAIT,CASSQDRNTGELFF,Spike,COVID-19 / SARS-CoV-2 / SARS-CoV,1.1470514761031383
TRAIT,CASSLSGTEQFF,Spike,COVID-19 / SARS-CoV-2 / SARS-CoV,-0.9552258873771172
TRAIT,CASSSDRDQPQHF,Spike,COVID-19 / SARS-CoV-2 / SARS-CoV,1.0532586503202923
TRAIT,CASSSNYEQYF,Spike,COVID-19 / SARS-CoV-2 / SARS-CoV,0.452402507522995
TRAIT,CASSVGGYTEAFF,Spike,COVID-19 / SARS-CoV-2 / SARS-CoV,0.3846647595723174
TRAIT,CASGTANTGELFF,Spike,COVID-19 / SARS-CoV-2 / SARS-CoV,0.7159183727797135
TRAIT,CASGTLNTGELFF,Spike,COVID-19 / SARS-CoV-2 / SARS-CoV,3.0762629136100728
TRAIT,CASSLGQSYEQYF,Spike,COVID-19 / SARS-CoV-2 / SARS-CoV,0.9717221974093072
TRAIT,CASSPDPNTGELFF,Spike,COVID-19 / SARS-CoV-2 / SARS-CoV,1.1982043395460584
TRAIT,CASSYMNTGELFF,Spike,COVID-19 / SARS-CoV-2 / SARS-CoV,-1.9482719162648487
TRAIT,CASSPPAGGNTGELFF,Spike,COVID-19 / SARS-CoV-2 / SARS-CoV,-2.242689029448922
TRAIT,CASSSLNTGELFF,Spike,COVID-19 / SARS-CoV-2 / SARS-CoV,0.7175047996252332
TRAIT,CASSLDRNTGELFF,Spike,COVID-19 / SARS-CoV-2 / SARS-CoV,1.400199944516352
TRAIT,CASSLANTGELFF,Spike,COVID-19 / SARS-CoV-2 / SARS-CoV,0.7850484603692763
TRAIT,CASSLDVEQYF,Spike,COVID-19 / SARS-CoV-2 / SARS-CoV,-1.4475511846181457
TRAIT,CASSEMNTGELFF,Spike,COVID-19 / SARS-CoV-2 / SARS-CoV,-1.779256815152674
TRAIT,CASSELAGGNTGELFF,Spike,COVID-19 / SARS-CoV-2 / SARS-CoV,-2.755494885932776
TRAIT,CASSSSVNEQFF,Spike,COVID-19 / SARS-CoV-2 / SARS-CoV,1.1450111103162248
TRAIT,CASSLAQGTYNEQFF,Spike,COVID-19 / SARS-CoV-2 / SARS-CoV,2.390901886059297
TRAIT,CASSTLAGSTDTQYF,Spike,COVID-19 / SARS-CoV-2 / SARS-CoV,-2.088157541821611
TRAIT,CASSSGQGNNSPLHF,Spike,COVID-19 / SARS-CoV-2 / SARS-CoV,0.4634501771743681
TRAIT,CASSGENTEAFF,Spike,COVID-19 / SARS-CoV-2 / SARS-CoV,-1.7913506580047125
TRAIT,CASSLLDRNTEAFF,Spike,COVID-19 / SARS-CoV-2 / SARS-CoV,-2.205434535406582
TRAIT,CASSRDGSYEQYF,Spike,COVID-19 / SARS-CoV-2 / SARS-CoV,1.2564774902111089
TRAIT,CASSPPGSYNEQFF,Spike,COVID-19 / SARS-CoV-2 / SARS-CoV,0.901524258530553
TRAIT,CASSWGGAYEQYF,Spike,COVID-19 / SARS-CoV-2 / SARS-CoV,-1.8850751435793995
TRAIT,CASSGGQETQYF,Gag,HIV / Human immunodeficiency virus (HIV),-1.0243281743225308
TRAIT,CASSWDSNYGYTF,Gag,HIV / Human immunodeficiency virus (HIV),0.6397291592765155
TRAIT,CASSRRTSGGTDTQYF,Gag,HIV / Human immunodeficiency virus (HIV),2.3095508550709383
TRAIT,CASSPTGTGTYEQYF,Gag,HIV / Human immunodeficiency virus (HIV),-0.8732002546749261
TRAIT,CASSLGSYEQYF,NS3,Dengue virus,1.528709920280971
TRAIT,CASSLAVGGYEQYF,NS3,Dengue virus,-1.1518637659272637
TRAIT,CASSPGTLYGYTF,NS3,Dengue virus,-1.0710719764621777
TRAIT,CASSLGNNEQFF,NS3,Dengue virus,-1.7479836436606808
TRAIT,CASSWGSDTQYF,NS3,Dengue virus,-1.078868357082149
TRAIT,CASSLGAGELFF,NS3,Dengue virus,0.3004985056898663
TRAIT,CASSLGPDNEQFF,NS3,Dengue virus,1.1030617171024106
TRAIT,CASSPGVEKLFF,NS3,Dengue virus,2.49551271215424
TRAIT,CASSLGVPEAFF,NS3,Dengue virus,-4.691823735267848
TRAIT,CASSSGSYEQYF,NS3,Dengue virus,0.1776029161401757
TRAIT,CASSLGSAEAFF,NS3,Dengue virus,-3.4158992176991805
TRAIT,CASSLGQGAYEQYF,NS3,Dengue virus,1.4351660702072353
TRAIT,CASSQIAGGTDTQYF,NS3,Dengue virus,-2.0067937897530155
TRAIT,CASSFTGSSYEQYF,NS3,Dengue virus,-1.0380429190304632
TRAIT,CASSLGTGATEAFF,NS3,Dengue virus,-2.0804410310560244
TRAIT,CASSLGGAEAFF,NS3,Dengue virus,-1.8174171488320023
TRAIT,CASSPGAGELFF,NS3,Dengue virus,-0.4570782028299037
TRAIT,CASSPGTAEAFF,NS3,Dengue virus,-2.1203935726404874
TRAIT,CASSPGTDEAFF,NS3,Dengue virus,-1.897499447789486
TRAIT,CASGLGSYEQYF,NS3,Dengue virus,-2.243261875535012
TRAIT,CASSRGSGELFF,NS3,Dengue virus,-1.5108834955651087
TRAIT,CASSLAGGGAYEQYF,NS3,Dengue virus,-1.000088707730839
TRAIT,CASSPGTGELFF,NS3,Dengue virus,0.4047519858532679
TRAIT,CASSLSGTDTQYF,NS3,Dengue virus,0.9358908542782894
TRAIT,CASSPSQETQYF,NS3,Dengue virus,0.983371840198779
TRAIT,CASSSDRGSSPLHF,NS3,Dengue virus,1.474907180224967
TRAIT,CASRVGQGNTEAFF,NS3,Dengue virus,-3.2930756325401207
TRAIT,CASSLGGTDYEQYF,NS3,Dengue virus,-1.2218150298625612
TRAIT,CASSLGGTDQPQHF,NS3,Dengue virus,-1.811133020474731
TRAIT,CASSTGVSYEQYF,NS3,Dengue virus,-1.8628065945744376
TRAIT,CASSLGPDNEQFF,NS3,Dengue virus,1.1030617171024106
TRAIT,CASSGNEQFF,NS3,Dengue virus,-3.190154421040644
TRAIT,CASSFGTGSTGELFF,NS3,Dengue virus,1.1963096931174766
TRAIT,CASSALAGGYNEQFF,NS3,Dengue virus,-1.196612912266195
TRAIT,CASSFGTGVTGELFF,NS3,Dengue virus,-1.204466482233459
TRAIT,CASSGLADYNEQFF,NS3,Dengue virus,-2.322500122583796
TRAIT,CASSPGTGEQYF,NS3,Dengue virus,-1.7109834703878422
TRAIT,CASSVGDEQYF,NS3,Dengue virus,-3.1672409677464617
TRAIT,CASSLGGGNQETQYF,NS3,Dengue virus,-1.30775930693699
TRAIT,CASSGGAAYEQYF,NS3,Dengue virus,-2.779044868158998
TRAIT,CASSPSQDTEAFF,NS3,Dengue virus,3.0147236606423258
TRAIT,CASSFIQGNTEAFF,NS3,Dengue virus,-0.8327986780512675
TRAIT,CASSLGPDSPLHF,NS3,Dengue virus,1.070000950003862
TRAIT,CASSLGAGTQETQYF,NS3,Dengue virus,2.535850095408277
TRAIT,CASSLIGGGNTEAFF,NS3,Dengue virus,-1.3307237733709425
TRAIT,CASSRGLNYEQYF,NS3,Dengue virus,1.4177730021336998
TRAIT,CASSLGGGLQETQYF,NS3,Dengue virus,1.9661116397757128
TRAIT,CASSQDPGLNTEAFF,NS3,Dengue virus,-3.716829482089795
TRAIT,CASSLSGTDTQYF,NS3,Dengue virus,0.9358908542782894
TRAIT,CASSLIGGGNTEAFF,NS3,Dengue virus,-1.3307237733709425
TRAIT,CASSRGLNYEQYF,NS3,Dengue virus,1.4177730021336998
TRAIT,CASSLGGGLQETQYF,NS3,Dengue virus,1.9661116397757128
TRAIT,CASSQDPGLNTEAFF,NS3,Dengue virus,-3.716829482089795
TRAIT,CASSLGGGNQETQYF,NS3,Dengue virus,-1.30775930693699
TRAIT,CASSFGGASYEQYF,NS3,Dengue virus,-1.9255981200243704
TRAIT,CASSQGGYSNQPQHF,NS3,Dengue virus,0.4829764806031472
TRAIT,CASSPSGGRNQPQHF,NS3,Dengue virus,2.6953859595672065
TRAIT,CASSLGTGGYEQYF,NS3,Dengue virus,0.4593831480906745
TRAIT,CASSPLSYNEQFF,NS3,Dengue virus,-1.574864961841441
TRAIT,CASSLGTREAFF,NS3,Dengue virus,-4.878164730157524
TRAIT,CASSLGQGGYEQYF,NS3,Dengue virus,0.6826081701162848
TRAIT,CASSFGQGDYGYTF,NS3,Dengue virus,-1.463778866458742
TRAIT,CASSLGPDYEQYF,NS3,Dengue virus,-1.1898987193348578
TRAIT,CASSLGQGYEQYF,NS3,Dengue virus,1.5506205771315913
TRAIT,CASSVGGEQFF,NS3,Dengue virus,-1.817346332221812
TRAIT,CASSLDPGGYEQYF,NS3,Dengue virus,-1.3407870030160267
TRAIT,CASSLGGTDNEQFF,NS3,Dengue virus,2.901012807853009
TRAIT,CASSLGGDTYEQYF,NS3,Dengue virus,0.8002333184120786
TRAIT,CASSLGPDYEQYF,NS3,Dengue virus,-1.1898987193348578
TRAIT,CASSLEQGAYEQYF,NS3,Dengue virus,0.3806867089107254
TRAIT,CASSLGQGAYEQYF,NS3,Dengue virus,1.4351660702072353
TRAIT,CASSLGGTDNEQFF,NS3,Dengue virus,2.901012807853009
TRAIT,CASSLGGDTYEQYF,NS3,Dengue virus,0.8002333184120786
TRAIT,CASSLEQGAYEQYF,NS3,Dengue virus,0.3806867089107254
TRAIT,CASSLGAPEAFF,NS3,Dengue virus,-5.987982009073365
TRAIT,CASSLGQGTYEQYF,NS3,Dengue virus,0.4299177667255433
TRAIT,CASSLGGQTYEQYF,NS3,Dengue virus,-1.841658975187424
TRAIT,CASSLGAGVQETQYF,NS3,Dengue virus,3.391867214739261
TRAIT,CASSLAGVGNEQFF,NS3,Dengue virus,0.7354678156587042
TRAIT,CASSLSAGGGTEAFF,NS3,Dengue virus,-1.7442473969159056
TRAIT,CASSQGPDSPLHF,NS3,Dengue virus,1.1645414276272668
TRAIT,CASSLGPDEKLFF,NS3,Dengue virus,1.8822118651801727
TRAIT,CASSAGAGELFF,NS3,Dengue virus,-2.8576199063230074
TRAIT,CASSLTSGSTDTQYF,NS3,Dengue virus,0.320186161885079
TRAIT,CASSFGAGELFF,NS3,Dengue virus,-2.138791061084799
TRAIT,CASSLGAPEAFF,NS3,Dengue virus,-5.987982009073365
TRAIT,CASSLGQGTYEQYF,NS3,Dengue virus,0.4299177667255433
TRAIT,CASSLGGQTYEQYF,NS3,Dengue virus,-1.841658975187424
TRAIT,CASSLGAGVQETQYF,NS3,Dengue virus,3.391867214739261
TRAIT,CASSLAGVGNEQFF,NS3,Dengue virus,0.7354678156587042
TRAIT,CASSLSAGGGTEAFF,NS3,Dengue virus,-1.7442473969159056
TRAIT,CASSQGPDSPLHF,NS3,Dengue virus,1.1645414276272668
TRAIT,CASSLGPDEKLFF,NS3,Dengue virus,1.8822118651801727
TRAIT,CASSAGAGELFF,NS3,Dengue virus,-2.8576199063230074
TRAIT,CASSLTSGSTDTQYF,NS3,Dengue virus,0.320186161885079
TRAIT,CASSLGAGELFF,NS3,Dengue virus,0.3004985056898663
TRAIT,CASSFGAGELFF,NS3,Dengue virus,-2.138791061084799
TRAIT,CASSPTGGGYEQYF,NS3,Dengue virus,-1.4018176023875537
TRAIT,CASSSGVNTGELFF,NS3,Dengue virus,-0.5459371170949014
TRAIT,CASSPTGGGYEQYF,NS3,Dengue virus,-1.4018176023875537
TRAIT,CASSSGVNTGELFF,NS3,Dengue virus,-0.5459371170949014
TRAIT,CASSPAGGTYEQYF,NS3,Dengue virus,0.9541074655027368
TRAIT,CASSLGAGEYEQYF,NS3,Dengue virus,-4.115188897054283
TRAIT,CASSLGQYTGELFF,NS3,Dengue virus,0.4970664966459764
TRAIT,CASSLGAGGAYEQYF,NS3,Dengue virus,-0.932542038807284
TRAIT,CASSLGGGGAYEQYF,NS3,Dengue virus,-0.8824748956424957
TRAIT,CASSLGGTDYNEQFF,NS3,Dengue virus,-2.164894552570469
TRAIT,CASSLGGAGNEQFF,NS3,Dengue virus,-1.7340315651203912
TRAIT,CASSLGLGLYEQYF,NS3,Dengue virus,-2.183261969103605
TRAIT,CASSLGPDSPLHF,NS3,Dengue virus,1.070000950003862
TRAIT,CASSLGTTEAFF,NS3,Dengue virus,-2.107800116124624
TRAIT,CASSPAGGTYEQYF,NS3,Dengue virus,0.9541074655027368
TRAIT,CASSLGAGEYEQYF,NS3,Dengue virus,-4.115188897054283
TRAIT,CASSLGQYTGELFF,NS3,Dengue virus,0.4970664966459764
TRAIT,CASSLGAGGAYEQYF,NS3,Dengue virus,-0.932542038807284
TRAIT,CASSLGGGGAYEQYF,NS3,Dengue virus,-0.8824748956424957
TRAIT,CASSLGGTDYNEQFF,NS3,Dengue virus,-2.164894552570469
TRAIT,CASSLGGAGNEQFF,NS3,Dengue virus,-1.7340315651203912
TRAIT,CASSLGLGLYEQYF,NS3,Dengue virus,-2.183261969103605
TRAIT,CASSLGTTEAFF,NS3,Dengue virus,-2.107800116124624
TRAIT,CASSLGTREAFF,NS3,Dengue virus,-4.878164730157524
TRAIT,CASSFGGGAQETQYF,NS3,Dengue virus,1.8206122879913544
TRAIT,CASSLGPEDTQYF,NS3,Dengue virus,-1.3776034768734156
TRAIT,CASSPGGELFF,NS3,Hepatitis C virus (HCV),-1.8856331278254388
TRAIT,CASSGYTGELFF,NS3,Hepatitis C virus (HCV),-0.9903804061398568
TRAIT,CASTNSGNTIYF,NS3,Hepatitis C virus (HCV),1.4022606407423426
TRAIT,CASSSGATEAFF,NS3,Hepatitis C virus (HCV),-5.041074617785753
TRAIT,CASTQGSTDTQYF,NS3,Hepatitis C virus (HCV),1.2862415164514194
TRAIT,CASSLGRGQFF,NS3,Hepatitis C virus (HCV),-1.3062129004181804
TRAIT,CASSRGDTEAFF,NS3,Hepatitis C virus (HCV),0.3438363464097143
TRAIT,CASSLGEKLFF,NS3,Hepatitis C virus (HCV),0.9859773462965882
TRAIT,CASSMGGEQYF,NS3,Hepatitis C virus (HCV),-4.301879752550159
TRAIT,CASRDFYNEQFF,Gag,HIV / Human immunodeficiency virus (HIV),-2.347580066360019
TRAIT,CASSYRGQSYEQYF,Gag,HIV / Human immunodeficiency virus (HIV),-2.016937479119032
TRAIT,CASSDTGELFF,Gag,HIV / Human immunodeficiency virus (HIV),-1.407681140173565
TRAIT,CSASRDSYEQYF,Gag,HIV / Human immunodeficiency virus (HIV),-0.8515242250515784
TRAIT,CASSPGLPYEQYF,pp65,Cytomegalovirus (CMV),-1.8081217193003205
TRAIT,CASSLRGGGDTQYF,pp65,Cytomegalovirus (CMV),1.5152115962163633
TRAIT,CASSLTGNTEAFF,pp65,Cytomegalovirus (CMV),1.83239199712108
TRAIT,CASSKGTANTEAFF,pp65,Cytomegalovirus (CMV),2.250956424048604
TRAIT,CASSYSEGTEAFF,pp65,Cytomegalovirus (CMV),-2.082184081055865
TRAIT,CASSLVGGRYGYTF,pp65,Cytomegalovirus (CMV),-2.503525423294808
TRAIT,CASSLGPAYEQYF,pp65,Cytomegalovirus (CMV),-0.4931428775761096
TRAIT,CASSSGTGHTGELFF,pp65,Cytomegalovirus (CMV),-2.6191579701437435
TRAIT,CASTLAGGTDTQYF,pp65,Cytomegalovirus (CMV),-0.710212198133937
TRAIT,CSARLAGDTGELFF,pp65,Cytomegalovirus (CMV),-5.433921631012902
TRAIT,CASSLEGETQYF,pp65,Cytomegalovirus (CMV),0.7203683177757685
TRAIT,CASGFGNTEAFF,pp65,Cytomegalovirus (CMV),-2.4839703674560774
TRAIT,CASSSGGTEAFF,pp65,Cytomegalovirus (CMV),-0.5142992408891965
TRAIT,CASSQGRGEQFF,pp65,Cytomegalovirus (CMV),1.922528050645224
TRAIT,CASSKGQGAYGYTF,pp65,Cytomegalovirus (CMV),3.5574778146760204
TRAIT,CASRTGYTEAFF,pp65,Cytomegalovirus (CMV),-1.9607598713406376
TRAIT,CASSLGPNTGELFF,pp65,Cytomegalovirus (CMV),0.785764409673275
TRAIT,CASSQTGNQPQHF,pp65,Cytomegalovirus (CMV),0.3434362228859281
TRAIT,CASSTEETQYF,pp65,Cytomegalovirus (CMV),0.6251299198758627
TRAIT,CATSRGDTGELFF,pp65,Cytomegalovirus (CMV),-1.1371482396311414
TRAIT,CASSRRGTGELFF,pp65,Cytomegalovirus (CMV),0.8182443436834508
TRAIT,CASSPRGNYGYTF,pp65,Cytomegalovirus (CMV),-0.4104691594980489
TRAIT,CASSLGGSEAFF,pp65,Cytomegalovirus (CMV),-1.624993702121655
TRAIT,CASSLAGGSDTQYF,pp65,Cytomegalovirus (CMV),0.9736847550223982
TRAIT,CASTTGANVLTF,pp65,Cytomegalovirus (CMV),-2.7853866677085986
TRAIT,CASSLGLGVNTEAFF,pp65,Cytomegalovirus (CMV),-2.4938112166315007
TRAIT,CASSSSYEQYF,pp65,Cytomegalovirus (CMV),1.835978953642818
TRAIT,CASSPPGQNYGYTF,pp65,Cytomegalovirus (CMV),0.5665746099104155
TRAIT,CASSIALYNEQFF,pp65,Cytomegalovirus (CMV),-4.581481981114619
TRAIT,CASSLTGMNTEAFF,pp65,Cytomegalovirus (CMV),0.68295120745338
TRAIT,CASSLGGQKNTEAFF,pp65,Cytomegalovirus (CMV),-2.2516854973700147
TRAIT,CASSYNTEAFF,pp65,Cytomegalovirus (CMV),-0.2128398772730618
TRAIT,CASSPSGTVYGYTF,pp65,Cytomegalovirus (CMV),-0.5888802718099978
TRAIT,CASSLAGQGATDTQYF,pp65,Cytomegalovirus (CMV),1.6177546333312105
TRAIT,CASSLERSEAFF,pp65,Cytomegalovirus (CMV),-0.9475113615120424
TRAIT,CASSLSRQPQHF,pp65,Cytomegalovirus (CMV),-2.51138147476077
TRAIT,CASSLGTGDTGELFF,pp65,Cytomegalovirus (CMV),-0.3848474735914889
TRAIT,CASSFGGGTDTQYF,pp65,Cytomegalovirus (CMV),1.0195180189734632
TRAIT,CASSQAGTGGYGYTF,pp65,Cytomegalovirus (CMV),0.8389687428436086
TRAIT,CASSLRQGARGYTF,pp65,Cytomegalovirus (CMV),-1.9186738769260447
TRAIT,CASSLLAGGTDTQYF,pp65,Cytomegalovirus (CMV),0.4930956488112862
TRAIT,CSARGQGTGELFF,pp65,Cytomegalovirus (CMV),-1.2876292530344284
TRAIT,CASRTGAYEQYF,pp65,Cytomegalovirus (CMV),-0.7062240614673249
TRAIT,CASSPGTYGYTF,pp65,Cytomegalovirus (CMV),0.5935284410743219
TRAIT,CASSLSWGQETQYF,pp65,Cytomegalovirus (CMV),2.2140451096504394
TRAIT,CASSFGGQPQHF,pp65,Cytomegalovirus (CMV),-0.2656142728392658
TRAIT,CASSLGNEQFF,pp65,Cytomegalovirus (CMV),0.8873154253885323
TRAIT,CASSLGTSGGNEQFF,pp65,Cytomegalovirus (CMV),-0.4126453161252899
TRAIT,CASSLSTDTQYF,pp65,Cytomegalovirus (CMV),1.819337539501404
TRAIT,CASSYQTGELFF,pp65,Cytomegalovirus (CMV),1.5813481341410136
TRAIT,CSVGNEQFF,pp65,Cytomegalovirus (CMV),1.2204517829240351
TRAIT,CASSDGYTGELFF,pp65,Cytomegalovirus (CMV),-4.495073974673442
TRAIT,CASSATGTGELFF,pp65,Cytomegalovirus (CMV),-1.0314672924667994
TRAIT,CASSYGQGLYGYTF,pp65,Cytomegalovirus (CMV),-3.073182022359055
TRAIT,CASSLNYEQYF,pp65,Cytomegalovirus (CMV),1.0442421454474813
TRAIT,CSARDGTGNGYTF,pp65,Cytomegalovirus (CMV),-3.143334679623492
TRAIT,CASSSGQGGDTQYF,pp65,Cytomegalovirus (CMV),1.468785794301816
TRAIT,CASSSGGDSNQPQHF,pp65,Cytomegalovirus (CMV),-2.2417825990026583
TRAIT,CASSLERNEQFF,pp65,Cytomegalovirus (CMV),-2.077565327973618
TRAIT,CASNSGNTIYF,pp65,Cytomegalovirus (CMV),-1.9464910602791807
TRAIT,CSVGQTYEQYF,pp65,Cytomegalovirus (CMV),1.316117702706968
TRAIT,CASSLEASGSSYNEQFF,pp65,Cytomegalovirus (CMV),-1.69440355310887
TRAIT,CASSGGSTDTQYF,pp65,Cytomegalovirus (CMV),0.5969647322968213
TRAIT,CSARGTANTEAFF,pp65,Cytomegalovirus (CMV),-1.2467784205170047
TRAIT,CASSLEGGTEAFF,pp65,Cytomegalovirus (CMV),0.6059628329463163
TRAIT,CASSPNTGELFF,pp65,Cytomegalovirus (CMV),1.4395066216270087
TRAIT,CASSLAGGGTGELFF,pp65,Cytomegalovirus (CMV),1.9892012242779435
TRAIT,CASSLAGEQYF,pp65,Cytomegalovirus (CMV),-0.1825787892417516
TRAIT,CASSSDSSYEQYF,pp65,Cytomegalovirus (CMV),-0.6516962959282812
TRAIT,CASSLGRVDEQYF,pp65,Cytomegalovirus (CMV),-2.1272654694976403
TRAIT,CASSQEPGYGYTF,pp65,Cytomegalovirus (CMV),0.9803200616623068
TRAIT,CASSSGTSGGSTDTQYF,pp65,Cytomegalovirus (CMV),2.530510262732384
TRAIT,CASSLNIYEQYF,pp65,Cytomegalovirus (CMV),1.5249713436520866
TRAIT,CASSGTVNYGYTF,pp65,Cytomegalovirus (CMV),0.8523723871746374
TRAIT,CASSLGTYEQYF,pp65,Cytomegalovirus (CMV),0.3606390388684979
TRAIT,CASSLERYEQYF,pp65,Cytomegalovirus (CMV),0.8502595665699035
TRAIT,CASSFSGDYEQYF,pp65,Cytomegalovirus (CMV),-3.0220777388091973
TRAIT,CASSLNSLYGYTF,pp65,Cytomegalovirus (CMV),-1.0690993353350011
TRAIT,CASSLSGTGGTDTQYF,pp65,Cytomegalovirus (CMV),2.507296099281547
TRAIT,CASSSRDGTYEQYF,pp65,Cytomegalovirus (CMV),-1.5206427982363482
TRAIT,CASSLGPPYGYTF,pp65,Cytomegalovirus (CMV),-2.5869273346634363
TRAIT,CASSTSNEQFF,pp65,Cytomegalovirus (CMV),-2.5740579460956803
TRAIT,CASSSGPYNEQFF,pp65,Cytomegalovirus (CMV),-0.3736661788152343
TRAIT,CASSLDRGEQFF,pp65,Cytomegalovirus (CMV),-0.5784090956626896
TRAIT,CASSLAGGYEQYF,pp65,Cytomegalovirus (CMV),1.3449530480949043
TRAIT,CASSLGSFYEQYF,pp65,Cytomegalovirus (CMV),-1.1711613326051569
TRAIT,CASSSTGNYGYTF,pp65,Cytomegalovirus (CMV),0.919118472766178
TRAIT,CSARDLASSYNEQFF,pp65,Cytomegalovirus (CMV),-7.1990063600579095
TRAIT,CSVERDTEAFF,pp65,Cytomegalovirus (CMV),-4.653640094816183
TRAIT,CASSFFPNTEAFF,pp65,Cytomegalovirus (CMV),-3.023768371679892
TRAIT,CASSGGTGELFF,pp65,Cytomegalovirus (CMV),-2.115296732263215
TRAIT,CASSLSGELFF,pp65,Cytomegalovirus (CMV),-0.4442479650273732
TRAIT,CASSLDYEQFF,pp65,Cytomegalovirus (CMV),-0.9267588719115262
TRAIT,CASSLTYGYTF,pp65,Cytomegalovirus (CMV),0.8293660851509701
TRAIT,CASSQGSGSTDTQYF,pp65,Cytomegalovirus (CMV),-3.320576489231436
TRAIT,CSAGTANYGYTF,pp65,Cytomegalovirus (CMV),1.7545364956729346
TRAIT,CASSLGRNYGYTF,pp65,Cytomegalovirus (CMV),1.3155102036428183
TRAIT,CASSRDRVTDTQYF,pp65,Cytomegalovirus (CMV),0.5797143118402374
TRAIT,CASSLSGEQYF,pp65,Cytomegalovirus (CMV),-1.3051796471809975
TRAIT,CASSPRDGQETQYF,pp65,Cytomegalovirus (CMV),-1.3272763824608318
TRAIT,CATSRDRYNEQFF,pp65,Cytomegalovirus (CMV),-2.642758943967099
TRAIT,CASSTTVNTEAFF,pp65,Cytomegalovirus (CMV),0.3068061773266706
TRAIT,CASSLDRGEQYF,pp65,Cytomegalovirus (CMV),0.5683306798911434
TRAIT,CASSLSGRDYGYTF,pp65,Cytomegalovirus (CMV),-0.9958398310599492
TRAIT,CASSKGQANTGELFF,pp65,Cytomegalovirus (CMV),4.09550158941482
TRAIT,CASSPGGNTQYF,pp65,Cytomegalovirus (CMV),1.7835630314720154
TRAIT,CASSSSRSSYEQYF,pp65,Cytomegalovirus (CMV),1.5776129693217205
TRAIT,CASSPGLNTGELFF,pp65,Cytomegalovirus (CMV),0.7519415358282383
TRAIT,CASSFDYTGELFF,pp65,Cytomegalovirus (CMV),2.422535808547292
TRAIT,CASSLARVTGELFF,pp65,Cytomegalovirus (CMV),2.79005403223672
TRAIT,CASSPGRENTEAFF,pp65,Cytomegalovirus (CMV),-0.694851947462443
TRAIT,CASSPQTDTQYF,pp65,Cytomegalovirus (CMV),0.706231118731239
TRAIT,CASSLAGGRDEQFF,pp65,Cytomegalovirus (CMV),0.6585158254932705
TRAIT,CASSPDGSGANVLTF,pp65,Cytomegalovirus (CMV),-0.8095116815818038
TRAIT,CASSPDRGHGYTF,pp65,Cytomegalovirus (CMV),-0.488508955817719
TRAIT,CASSTGSGELFF,pp65,Cytomegalovirus (CMV),0.9790796050048663
TRAIT,CASRTGGQPQHF,pp65,Cytomegalovirus (CMV),-0.8026202438682956
TRAIT,CASSLGGTEAFF,pp65,Cytomegalovirus (CMV),1.781230850131964
TRAIT,CASSVRVTGELFF,pp65,Cytomegalovirus (CMV),-1.570743742166571
TRAIT,CASSRTSGGATDTQYF,pp65,Cytomegalovirus (CMV),0.6521242133220035
TRAIT,CASSHGGAYEQYF,pp65,Cytomegalovirus (CMV),-1.3447471153587585
TRAIT,CSARGDRSYEQYF,pp65,Cytomegalovirus (CMV),-2.891160485898697
TRAIT,CASSPSGVSYNEQFF,pp65,Cytomegalovirus (CMV),-1.0627037272668516
TRAIT,CASSQGDSSYEQYF,pp65,Cytomegalovirus (CMV),-0.8139115513277967
TRAIT,CASSGDGYEQYF,pp65,Cytomegalovirus (CMV),-0.6714777046837561
TRAIT,CASSDGTGGSPLHF,pp65,Cytomegalovirus (CMV),-8.067577384385352
TRAIT,CASSPPSGSYEQYF,pp65,Cytomegalovirus (CMV),1.289327585628302
TRAIT,CASRDSLNEKLFF,pp65,Cytomegalovirus (CMV),-1.685181527134053
TRAIT,CASSLGLYEQYF,pp65,Cytomegalovirus (CMV),-0.3767432447983473
TRAIT,CASRADTEAFF,pp65,Cytomegalovirus (CMV),-1.1800313615138611
TRAIT,CASSPTDTQYF,pp65,Cytomegalovirus (CMV),0.9570074059083704
TRAIT,CASSRSSGANVLTF,pp65,Cytomegalovirus (CMV),1.1424154846922725
TRAIT,CASSFLEGTEAFF,pp65,Cytomegalovirus (CMV),-1.405619057933864
TRAIT,CATSRDPGSYEQYF,pp65,Cytomegalovirus (CMV),2.938601402216653
TRAIT,CSVVSNYGYTF,pp65,Cytomegalovirus (CMV),-4.402937583122226
TRAIT,CASSYGYGYTF,pp65,Cytomegalovirus (CMV),0.7129165257005731
TRAIT,CASSASGGTDTQYF,pp65,Cytomegalovirus (CMV),-2.691312248697959
TRAIT,CASSLASGGNTEAFF,pp65,Cytomegalovirus (CMV),-1.124660578861306
TRAIT,CASSETGYGYTF,pp65,Cytomegalovirus (CMV),-0.6093203421530834
TRAIT,CASSLVGVNTEAFF,pp65,Cytomegalovirus (CMV),-0.9242335908054268
TRAIT,CASSFQETQYF,pp65,Cytomegalovirus (CMV),1.7018320442440038
TRAIT,CASTLGGSYEQYF,pp65,Cytomegalovirus (CMV),2.659493942941803
TRAIT,CSARDLNTEAFF,pp65,Cytomegalovirus (CMV),-0.6443725630993454
TRAIT,CASSQLGTDTQYF,pp65,Cytomegalovirus (CMV),-0.6054593893531303
TRAIT,CASSPTGDQPQHF,pp65,Cytomegalovirus (CMV),1.476851784609876
TRAIT,CASGQGGTEAFF,pp65,Cytomegalovirus (CMV),-2.583408314376057
TRAIT,CASSLSRGDYGYTF,pp65,Cytomegalovirus (CMV),-1.8956929827953704
TRAIT,CASSFSETQYF,pp65,Cytomegalovirus (CMV),0.3449713298847037
TRAIT,CASSDGTASTDTQYF,pp65,Cytomegalovirus (CMV),-5.215568509869831
TRAIT,CASSPRVQETQYF,pp65,Cytomegalovirus (CMV),0.9013393879405877
TRAIT,CASSLGDSYEQYF,pp65,Cytomegalovirus (CMV),-0.3755894666938368
TRAIT,CASSLGGSETQYF,pp65,Cytomegalovirus (CMV),1.8451234816232904
TRAIT,CASSLTGVNTEAFF,pp65,Cytomegalovirus (CMV),0.6223842790866055
TRAIT,CASSFGENTEAFF,pp65,Cytomegalovirus (CMV),0.2589533128980717
TRAIT,CSAGDRGYEQYF,pp65,Cytomegalovirus (CMV),-1.6200201933816825
TRAIT,CASSPDGSSYEQYF,pp65,Cytomegalovirus (CMV),-1.3706877130238486
TRAIT,CASSLGGQKETQYF,pp65,Cytomegalovirus (CMV),1.040742262035733
TRAIT,CASSRLAGGNNEQFF,pp65,Cytomegalovirus (CMV),1.0381747918820206
TRAIT,CASSPHQETQYF,pp65,Cytomegalovirus (CMV),0.5967594154586606
TRAIT,CASSSTSSGANVLTF,pp65,Cytomegalovirus (CMV),0.8477327657781168
TRAIT,CASSAGTGEETQYF,pp65,Cytomegalovirus (CMV),-1.176335016448701
TRAIT,CSAPSGSSYEQYF,pp65,Cytomegalovirus (CMV),-1.8096495922780271
TRAIT,CASSRYSNQPQHF,pp65,Cytomegalovirus (CMV),-1.03725921081992
TRAIT,CASSRGQGNTEAFF,pp65,Cytomegalovirus (CMV),1.708407909261131
TRAIT,CASSPAYEQYF,pp65,Cytomegalovirus (CMV),0.7630631364072876
TRAIT,CASSQDLGGTEAFF,pp65,Cytomegalovirus (CMV),-1.162725305523908
TRAIT,CASSTTGANTEAFF,pp65,Cytomegalovirus (CMV),2.011779580907189
TRAIT,CATSRGQGYEQYF,pp65,Cytomegalovirus (CMV),-1.347434100112547
TRAIT,CASSLQGLGYTF,pp65,Cytomegalovirus (CMV),1.6265583768722198
TRAIT,CASSLAGGGNTGELFF,pp65,Cytomegalovirus (CMV),3.106703160565534
TRAIT,CASSFGQGAFF,pp65,Cytomegalovirus (CMV),-3.1576765421543325
TRAIT,CASSQGNQPQHF,pp65,Cytomegalovirus (CMV),0.224109610298487
TRAIT,CASSPRTGRDTEAFF,pp65,Cytomegalovirus (CMV),1.3989159096124617
TRAIT,CASSPGLLNEKLFF,pp65,Cytomegalovirus (CMV),-1.1897180916632757
TRAIT,CASSPLAGADTQYF,pp65,Cytomegalovirus (CMV),0.8758711063055963
TRAIT,CASSFGVSNQPQHF,pp65,Cytomegalovirus (CMV),-1.561261500609992
TRAIT,CASSQGAGQPQHF,pp65,Cytomegalovirus (CMV),0.9301764984897368
TRAIT,CASSPYSNQPQHF,pp65,Cytomegalovirus (CMV),-0.2236866796577079
TRAIT,CASSGTAYEQYF,pp65,Cytomegalovirus (CMV),-0.545156552405479
TRAIT,CASSFPGAEAFF,pp65,Cytomegalovirus (CMV),-2.156827168806161
TRAIT,CASSPSTGGNTEAFF,pp65,Cytomegalovirus (CMV),-1.6707570229496014
TRAIT,CASSRGGTEAFF,pp65,Cytomegalovirus (CMV),-0.2817812133395673
TRAIT,CASSPAGVSYEQYF,pp65,Cytomegalovirus (CMV),-1.9209622588072104
TRAIT,CASSLASGITDTQYF,pp65,Cytomegalovirus (CMV),-1.9431998506831745
TRAIT,CASSLYQGSYEQYF,pp65,Cytomegalovirus (CMV),-3.634540509877653
TRAIT,CASSLAGRETQYF,pp65,Cytomegalovirus (CMV),1.4666892186694334
TRAIT,CSVGQGNGYTF,pp65,Cytomegalovirus (CMV),1.5629998516680734
TRAIT,CASSRGAGELFF,pp65,Cytomegalovirus (CMV),-0.3388345666594484
TRAIT,CSASEGNQPQHF,pp65,Cytomegalovirus (CMV),-0.905437916405776
TRAIT,CASSDSGELFF,pp65,Cytomegalovirus (CMV),-5.716147912028825
TRAIT,CASSGQGATEAFF,pp65,Cytomegalovirus (CMV),-0.806505479305274
TRAIT,CASSSGTSYNEQFF,pp65,Cytomegalovirus (CMV),-0.7028370127725322
TRAIT,CASSLEPNYGYTF,pp65,Cytomegalovirus (CMV),0.6632466865610839
TRAIT,CASSETSTDTQYF,pp65,Cytomegalovirus (CMV),-2.3015717929811115
TRAIT,CASSPGAGEAFF,pp65,Cytomegalovirus (CMV),-3.353802681628643
TRAIT,CASSPTGGSSYEQYF,pp65,Cytomegalovirus (CMV),-1.1704887220932645
TRAIT,CASSGSGNTIYF,pp65,Cytomegalovirus (CMV),0.3937664224811766
TRAIT,CASSLWGGEKLFF,pp65,Cytomegalovirus (CMV),-2.070982576118469
TRAIT,CASSLVAGTGELFF,pp65,Cytomegalovirus (CMV),0.6521758163631699
TRAIT,CASGLGGETQYF,pp65,Cytomegalovirus (CMV),-1.3120657674033367
TRAIT,CASSGRGLNTEAFF,pp65,Cytomegalovirus (CMV),-3.1017560779595224
TRAIT,CSASLGNQPQHF,pp65,Cytomegalovirus (CMV),-1.599699279510372
TRAIT,CASSQGDRDTGELFF,pp65,Cytomegalovirus (CMV),-1.7991811627943135
TRAIT,CASSPTSGGADTQYF,pp65,Cytomegalovirus (CMV),-3.1651441489075665
TRAIT,CASSLAGAYNEQFF,pp65,Cytomegalovirus (CMV),0.7217019030165857
TRAIT,CASSLKGANYGYTF,pp65,Cytomegalovirus (CMV),-1.859006262198323
TRAIT,CASSLGISYEQYF,pp65,Cytomegalovirus (CMV),-1.1382450706694869
TRAIT,CSARGASSYEQYF,pp65,Cytomegalovirus (CMV),-2.4630370988929973
TRAIT,CASSFRGSGELFF,pp65,Cytomegalovirus (CMV),-2.194730828561419
TRAIT,CASTRGGETQYF,pp65,Cytomegalovirus (CMV),1.3687490029329896
TRAIT,CAWSVGGAGNTIYF,pp65,Cytomegalovirus (CMV),-1.501621021514187
TRAIT,CASSQARGEQYF,pp65,Cytomegalovirus (CMV),1.3310506485490952
TRAIT,CASSVQGATDTQYF,pp65,Cytomegalovirus (CMV),1.6109665049497075
TRAIT,CASSIGRTEAFF,pp65,Cytomegalovirus (CMV),-3.0073340827849795
TRAIT,CASSDGTGYGYTF,pp65,Cytomegalovirus (CMV),-2.232381770471519
TRAIT,CASSLSASGYNEQFF,pp65,Cytomegalovirus (CMV),1.3280733070179067
TRAIT,CASSFTDTQYF,pp65,Cytomegalovirus (CMV),1.613707414598092
TRAIT,CASSQGRNTIYF,pp65,Cytomegalovirus (CMV),-0.7093375119522624
TRAIT,CASSSLQETQYF,pp65,Cytomegalovirus (CMV),-0.4564234247156583
TRAIT,CASRLGPEAFF,pp65,Cytomegalovirus (CMV),-1.9601096809128329
TRAIT,CASSTGTGQPQHF,pp65,Cytomegalovirus (CMV),0.9172439305780477
TRAIT,CASSPGGRSSYNEQFF,pp65,Cytomegalovirus (CMV),4.0424594320101335
TRAIT,CASSFSGTDTQYF,pp65,Cytomegalovirus (CMV),1.288821488045774
TRAIT,CASSLVRGDEQFF,pp65,Cytomegalovirus (CMV),-2.5846648681712305
TRAIT,CASGQGAGELFF,pp65,Cytomegalovirus (CMV),-2.631185669783444
TRAIT,CASSPDRGYYEQYF,pp65,Cytomegalovirus (CMV),-3.085710882730715
TRAIT,CSARVYGYTF,pp65,Cytomegalovirus (CMV),-2.105651919241662
TRAIT,CSARTGGTDTQYF,pp65,Cytomegalovirus (CMV),0.7797885401000304
TRAIT,CASSPSGVSYEQYF,pp65,Cytomegalovirus (CMV),-0.978092856097422
TRAIT,CASSSRTGYEQYF,pp65,Cytomegalovirus (CMV),0.6962216058750781
TRAIT,CASSYTGDEQYF,pp65,Cytomegalovirus (CMV),1.3052145411334115
TRAIT,CASSFGGYNEQFF,pp65,Cytomegalovirus (CMV),-0.5661758584440906
TRAIT,CASSLKGTGELFF,pp65,Cytomegalovirus (CMV),-1.3315745745742755
TRAIT,CASSEQNSNQPQHF,pp65,Cytomegalovirus (CMV),1.7497731332341853
TRAIT,CASSLYNEQFF,pp65,Cytomegalovirus (CMV),1.6706875165932216
TRAIT,CASSQDVSNQPQHF,pp65,Cytomegalovirus (CMV),-1.092796109040744
TRAIT,CASSPSGNEQFF,pp65,Cytomegalovirus (CMV),-0.6772602487315091
TRAIT,CASSLGRGREAFF,pp65,Cytomegalovirus (CMV),-2.4378920679204827
TRAIT,CASSQDSSGGYNEQFF,pp65,Cytomegalovirus (CMV),-1.591208924315458
TRAIT,CASSFRGVNTGELFF,pp65,Cytomegalovirus (CMV),1.9155465812742687
TRAIT,CSARGLAGAYEQYF,pp65,Cytomegalovirus (CMV),-2.1443733726257137
TRAIT,CASSQTSGSSYEQYF,pp65,Cytomegalovirus (CMV),0.6519332388432494
TRAIT,CASSFGLADYEQYF,pp65,Cytomegalovirus (CMV),-1.5410392391204422
TRAIT,CASSSHMNTEAFF,pp65,Cytomegalovirus (CMV),1.7442848297489295
TRAIT,CASSFSGNTEAFF,pp65,Cytomegalovirus (CMV),0.590186270715989
TRAIT,CASSLLGDTEAFF,pp65,Cytomegalovirus (CMV),0.5801694520670145
TRAIT,CSARDEGYEQYF,pp65,Cytomegalovirus (CMV),-4.09849312261535
TRAIT,CASSPGTGLEKLFF,pp65,Cytomegalovirus (CMV),-2.2151355557095576
TRAIT,CASSPGQGVDEQYF,pp65,Cytomegalovirus (CMV),-0.989455198606038
TRAIT,CASSFGQGAYEQYF,pp65,Cytomegalovirus (CMV),-0.6997763303095641
TRAIT,CASSLGQGSNQPQHF,pp65,Cytomegalovirus (CMV),0.9051968560363794
TRAIT,CASSPGRGNYGYTF,pp65,Cytomegalovirus (CMV),-1.1085719707798778
TRAIT,CASSIGTNTEAFF,pp65,Cytomegalovirus (CMV),-2.232162702054802
TRAIT,CASSLGPEAFF,pp65,Cytomegalovirus (CMV),-1.6360047482356357
TRAIT,CASSSDNEQFF,pp65,Cytomegalovirus (CMV),-0.97530504725617
TRAIT,CASSNRDRPYEQYF,pp65,Cytomegalovirus (CMV),-2.653521784793369
TRAIT,CASSLGGGTEAFF,pp65,Cytomegalovirus (CMV),1.388444707067476
TRAIT,CASSHPLNTEAFF,pp65,Cytomegalovirus (CMV),-1.8522828642817664
TRAIT,CASSLQGSNSPLHF,pp65,Cytomegalovirus (CMV),1.745527839828458
TRAIT,CASSLGQGIYGYTF,pp65,Cytomegalovirus (CMV),0.919374180234674
TRAIT,CASSLMGPDTQYF,pp65,Cytomegalovirus (CMV),1.20371972899589
TRAIT,CASSLPGGYGYTF,pp65,Cytomegalovirus (CMV),0.4374449528757565
TRAIT,CASSPDGTDTQYF,pp65,Cytomegalovirus (CMV),-1.3569573434170823
TRAIT,CASSFRGSYNEQFF,pp65,Cytomegalovirus (CMV),0.7042262433689748
TRAIT,CASSYSAGGSYNEQFF,pp65,Cytomegalovirus (CMV),-3.559126740752562
TRAIT,CASRRGRNTGELFF,pp65,Cytomegalovirus (CMV),0.927628198816066
TRAIT,CASSPLTSTDTQYF,pp65,Cytomegalovirus (CMV),1.845996447733223
TRAIT,CASSLNRDEQYF,pp65,Cytomegalovirus (CMV),-0.7608936096043211
TRAIT,CASSLLGAEAFF,pp65,Cytomegalovirus (CMV),-1.5399372357891874
TRAIT,CASSRDRGYEQYF,pp65,Cytomegalovirus (CMV),1.5543020494659132
TRAIT,CASTSGNEQFF,pp65,Cytomegalovirus (CMV),-2.1981193128876693
TRAIT,CASSVDGNEQFF,pp65,Cytomegalovirus (CMV),-2.954621304725296
TRAIT,CASSVLDTQYF,pp65,Cytomegalovirus (CMV),2.3313899317651523
TRAIT,CASSFGGSNQPQHF,pp65,Cytomegalovirus (CMV),0.3434114573400226
TRAIT,CASSLGVNEQFF,pp65,Cytomegalovirus (CMV),-1.6274776627316363
TRAIT,CASSLSRNEQYF,pp65,Cytomegalovirus (CMV),-0.991825300442548
TRAIT,CASSPPVSTDTQYF,pp65,Cytomegalovirus (CMV),2.560091856868625
TRAIT,CASSEARNQPQHF,pp65,Cytomegalovirus (CMV),1.4576841977400026
TRAIT,CASRTGAQPQHF,pp65,Cytomegalovirus (CMV),2.023074980679681
TRAIT,CASSVGGPGELFF,pp65,Cytomegalovirus (CMV),-0.8948946527257527
TRAIT,CSARLAGTYEQYF,pp65,Cytomegalovirus (CMV),-2.0230057598542577
TRAIT,CASSLGQGDQPQHF,pp65,Cytomegalovirus (CMV),0.2282764050765129
TRAIT,CASTQGSEAFF,pp65,Cytomegalovirus (CMV),-3.185004524228816
TRAIT,CASSLRDRGYEQYF,pp65,Cytomegalovirus (CMV),-0.8278233955482724
TRAIT,CASSLASSTEAFF,pp65,Cytomegalovirus (CMV),1.0045203127653384
TRAIT,CASSLEGGTYEQYF,pp65,Cytomegalovirus (CMV),-0.6066685341937392
TRAIT,CASGGYNEQFF,pp65,Cytomegalovirus (CMV),-0.7567135309825787
TRAIT,CASSGYNEQFF,pp65,Cytomegalovirus (CMV),0.6484504284853317
TRAIT,CASSPDRANEQFF,pp65,Cytomegalovirus (CMV),3.152887850328328
TRAIT,CASSEGSYEQYF,pp65,Cytomegalovirus (CMV),-1.021895905444835
TRAIT,CASSLAQGTDTQYF,pp65,Cytomegalovirus (CMV),1.430836166563492
TRAIT,CASSFGNNEQFF,pp65,Cytomegalovirus (CMV),-2.805749856878589
TRAIT,CASSKTSGGYNEQFF,pp65,Cytomegalovirus (CMV),-2.256876012431193
TRAIT,CASSYGLNYGYTF,pp65,Cytomegalovirus (CMV),-2.015380465930306
TRAIT,CASSLGQGSNEQYF,pp65,Cytomegalovirus (CMV),-0.9412230347814884
TRAIT,CASSLGQGAHNEQFF,pp65,Cytomegalovirus (CMV),1.0125152138675828
TRAIT,CATRTGAYEQYF,pp65,Cytomegalovirus (CMV),2.385771863974844
TRAIT,CASREETQYF,pp65,Cytomegalovirus (CMV),-0.3201560421578348
TRAIT,CASSLGQGPSYEQYF,pp65,Cytomegalovirus (CMV),-1.2892398396940747
TRAIT,CASSIGTGNEQFF,pp65,Cytomegalovirus (CMV),-2.887352705932027
TRAIT,CASSQVGQGNYGYTF,pp65,Cytomegalovirus (CMV),1.192884155078861
TRAIT,CASSLAGGDTGELFF,pp65,Cytomegalovirus (CMV),1.0793106367752996
TRAIT,CASSSPGQDYGYTF,pp65,Cytomegalovirus (CMV),-1.086342694215453
TRAIT,CASSILGGNEQFF,pp65,Cytomegalovirus (CMV),-4.391565081672075
TRAIT,CASRKQGNTGELFF,pp65,Cytomegalovirus (CMV),-1.1733819078922334
TRAIT,CASSPPLTGELFF,pp65,Cytomegalovirus (CMV),-1.4696326647279654
TRAIT,CASSLGGWNTEAFF,pp65,Cytomegalovirus (CMV),-1.0735164620983333
TRAIT,CASSPAGPQETQYF,pp65,Cytomegalovirus (CMV),1.6119961180127025
TRAIT,CASSTYTDTQYF,pp65,Cytomegalovirus (CMV),0.6224647492531539
TRAIT,CASSEGSTDTQYF,pp65,Cytomegalovirus (CMV),-0.4485073695249932
TRAIT,CASSLRQGEAFF,pp65,Cytomegalovirus (CMV),-0.9773797047572044
TRAIT,CASSPGTATGELFF,pp65,Cytomegalovirus (CMV),1.4194047182301892
TRAIT,CSVGGGGQPQHF,pp65,Cytomegalovirus (CMV),2.267893714526565
TRAIT,CASSQEGGGYNEQFF,pp65,Cytomegalovirus (CMV),-3.2125369724592896
TRAIT,CASSSGQGLDTQYF,pp65,Cytomegalovirus (CMV),1.9860154140640067
TRAIT,CASSYGGYEQYF,pp65,Cytomegalovirus (CMV),-1.344305410019004
TRAIT,CASSSDSYNEQFF,pp65,Cytomegalovirus (CMV),0.5722553541808024
TRAIT,CASSLTSGSSYNEQFF,pp65,Cytomegalovirus (CMV),-0.5559198451899195
TRAIT,CASSVDGSSYNEQFF,pp65,Cytomegalovirus (CMV),1.2050493553363109
TRAIT,CASSPGGYEQYF,pp65,Cytomegalovirus (CMV),0.9893591231983002
TRAIT,CASSLNPSSYEQYF,pp65,Cytomegalovirus (CMV),-1.6516521585958608
TRAIT,CASSPGLAGLTDTQYF,pp65,Cytomegalovirus (CMV),-0.7300286294418389
TRAIT,CASSEPGQGYEQYF,pp65,Cytomegalovirus (CMV),-1.666526558986095
TRAIT,CASSRQGDEQYF,pp65,Cytomegalovirus (CMV),-0.9648259926479088
TRAIT,CASSLDLYNEQFF,pp65,Cytomegalovirus (CMV),-1.5039988431000713
TRAIT,CSAREPNTEAFF,pp65,Cytomegalovirus (CMV),3.932798585060125
TRAIT,CASSLVAGASTDTQYF,pp65,Cytomegalovirus (CMV),-0.958399272340778
TRAIT,CASSVVGNEQFF,pp65,Cytomegalovirus (CMV),-0.9805895813315488
TRAIT,CASSSDGYEQYF,pp65,Cytomegalovirus (CMV),-0.8732385090281868
TRAIT,CASSQDYSSYEQYF,pp65,Cytomegalovirus (CMV),-1.2905515045995504
TRAIT,CASSPTGGSYGYTF,pp65,Cytomegalovirus (CMV),1.095813906526284
TRAIT,CASSTRRTDTQYF,pp65,Cytomegalovirus (CMV),2.0980916105772067
TRAIT,CASSLWANTGELFF,pp65,Cytomegalovirus (CMV),-1.5534064950654844
TRAIT,CASSLGTGSPYEQYF,pp65,Cytomegalovirus (CMV),1.6674606960877814
TRAIT,CASSPGTASTDTQYF,pp65,Cytomegalovirus (CMV),0.556436131370445
TRAIT,CASSLNRDEKLFF,pp65,Cytomegalovirus (CMV),2.0902010079499203
TRAIT,CASSLASGGQETQYF,pp65,Cytomegalovirus (CMV),2.423578704192292
TRAIT,CASSPFNEKLFF,pp65,Cytomegalovirus (CMV),1.483381661104393
TRAIT,CASSSVDEQFF,pp65,Cytomegalovirus (CMV),1.7162233729337504
TRAIT,CASRQGPGELFF,pp65,Cytomegalovirus (CMV),0.941214323996803
TRAIT,CASSIWGQPQHF,pp65,Cytomegalovirus (CMV),-1.464438339079663
TRAIT,CASSYGGGTYEQYF,pp65,Cytomegalovirus (CMV),-2.20369404350382
TRAIT,CASSYSGGETQYF,pp65,Cytomegalovirus (CMV),-1.2377019926402313
TRAIT,CASSFYNEQFF,pp65,Cytomegalovirus (CMV),1.2632341472246411
TRAIT,CASRKTGNTEAFF,pp65,Cytomegalovirus (CMV),-1.2436641706073024
TRAIT,CASSLYSSSYNEQFF,pp65,Cytomegalovirus (CMV),-1.4770294398810382
TRAIT,CASSLGTEYGYTF,pp65,Cytomegalovirus (CMV),1.2891981144427396
TRAIT,CASSLTGLEAFF,pp65,Cytomegalovirus (CMV),-2.7106298746006803
TRAIT,CASRSGSYNEQFF,pp65,Cytomegalovirus (CMV),-1.1378883795194286
TRAIT,CASSPTGQGETQYF,pp65,Cytomegalovirus (CMV),-2.96081454957165
TRAIT,CASSLGSGGEQYF,pp65,Cytomegalovirus (CMV),0.6272179672638205
TRAIT,CASSYDRGTGELFF,pp65,Cytomegalovirus (CMV),1.7936987560141384
TRAIT,CASSLTSNTEAFF,pp65,Cytomegalovirus (CMV),-0.7582691682025853
TRAIT,CASSETGGTEAFF,pp65,Cytomegalovirus (CMV),-1.0480197936911395
TRAIT,CASSQGAGNSPLHF,pp65,Cytomegalovirus (CMV),1.282501344035412
TRAIT,CASSSGSYYEQYF,pp65,Cytomegalovirus (CMV),-2.095414217753902
TRAIT,CASSQGPRTEAFF,pp65,Cytomegalovirus (CMV),2.291360637162375
TRAIT,CASGQGNTEAFF,pp65,Cytomegalovirus (CMV),-2.0890631871277336
TRAIT,CASSFRLAGGTDTQYF,pp65,Cytomegalovirus (CMV),1.3453600781857835
TRAIT,CASSLAGSNYGYTF,pp65,Cytomegalovirus (CMV),-0.3552659549788672
TRAIT,CAWSGDSYEQYF,pp65,Cytomegalovirus (CMV),1.3475958938981507
TRAIT,CASSFTGAYEQYF,pp65,Cytomegalovirus (CMV),-1.121651873704054
TRAIT,CASSTGTGYEQYF,pp65,Cytomegalovirus (CMV),-1.7014872304490372
TRAIT,CASSYSGPYEQYF,pp65,Cytomegalovirus (CMV),-0.9283152298768036
TRAIT,CASSMGRNYGYTF,pp65,Cytomegalovirus (CMV),-3.1728022345137505
TRAIT,CASSLGGGAGNEQFF,pp65,Cytomegalovirus (CMV),1.8343929166172024
TRAIT,CASSQPGSYEQYF,pp65,Cytomegalovirus (CMV),-0.9503931146255316
TRAIT,CASSIQGSSYEQYF,pp65,Cytomegalovirus (CMV),-1.0549985023804258
TRAIT,CASSSGLAGEQFF,pp65,Cytomegalovirus (CMV),1.1896923977853806
TRAIT,CASSLGQGRNEQFF,pp65,Cytomegalovirus (CMV),-0.6414207525602509
TRAIT,CASSQGLYEQYF,pp65,Cytomegalovirus (CMV),0.7709605992961405
TRAIT,CASSLLADEQYF,pp65,Cytomegalovirus (CMV),-1.910246048011716
TRAIT,CASSVGQGSQPQHF,pp65,Cytomegalovirus (CMV),-2.5983690856057304
TRAIT,CASSRDSSSTDTQYF,pp65,Cytomegalovirus (CMV),2.5622566835137577
TRAIT,CASSFSGEQYF,pp65,Cytomegalovirus (CMV),-2.4249111560956123
TRAIT,CASSSSGGELFF,pp65,Cytomegalovirus (CMV),-2.5211519878234103
TRAIT,CASSLAARNTEAFF,pp65,Cytomegalovirus (CMV),-0.9218683051282331
TRAIT,CASSLDRTDYGYTF,pp65,Cytomegalovirus (CMV),-2.0141269439565974
TRAIT,CASSYSGQGTDTQYF,pp65,Cytomegalovirus (CMV),-1.395595908469903
TRAIT,CASSSGGEQYF,pp65,Cytomegalovirus (CMV),-0.3691130342457874
TRAIT,CAWSVGTGAYEQYF,pp65,Cytomegalovirus (CMV),-4.468434090738136
TRAIT,CASSPDRYQETQYF,pp65,Cytomegalovirus (CMV),0.7979304456438744
TRAIT,CASSLLGYEQYF,pp65,Cytomegalovirus (CMV),1.1393408769999454
TRAIT,CASSPAGGTYEQYF,pp65,Cytomegalovirus (CMV),0.9541074655027368
TRAIT,CASSPGGLTDTQYF,pp65,Cytomegalovirus (CMV),0.7405590450204819
TRAIT,CASSPSYNEQFF,pp65,Cytomegalovirus (CMV),0.5823876304001286
TRAIT,CASSRTGRTDTQYF,pp65,Cytomegalovirus (CMV),3.235052584743336
TRAIT,CASSFAGNQPQHF,pp65,Cytomegalovirus (CMV),-0.5345371724721495
TRAIT,CASSPGTGDNQPQHF,pp65,Cytomegalovirus (CMV),-0.6481112235355303
TRAIT,CASSQSYEQYF,pp65,Cytomegalovirus (CMV),0.958689674242498
TRAIT,CASSLGSGELFF,pp65,Cytomegalovirus (CMV),-0.8162301672028689
TRAIT,CATSRDRANYGYTF,pp65,Cytomegalovirus (CMV),1.735535054160994
TRAIT,CASSLGSGSEQYF,pp65,Cytomegalovirus (CMV),1.7322490493639084
TRAIT,CASSPGGAQETQYF,pp65,Cytomegalovirus (CMV),2.784360918790078
TRAIT,CASSSRLTGELFF,pp65,Cytomegalovirus (CMV),-1.0914336004249456
TRAIT,CASSYRDTGELFF,pp65,Cytomegalovirus (CMV),-4.406668459311948
TRAIT,CASSDRASTDTQYF,pp65,Cytomegalovirus (CMV),-2.63670455146745
TRAIT,CASSLGGGNTEAFF,pp65,Cytomegalovirus (CMV),1.2228053293543937
TRAIT,CASSPSGFTDTQYF,pp65,Cytomegalovirus (CMV),1.3263158180049923
TRAIT,CASSGGGGTEAFF,pp65,Cytomegalovirus (CMV),-1.6873417434020412
TRAIT,CASSPATGNTEAFF,pp65,Cytomegalovirus (CMV),1.822245591001617
TRAIT,CASSPTASTDTQYF,pp65,Cytomegalovirus (CMV),1.1394172850695434
TRAIT,CASSEGTDTQYF,pp65,Cytomegalovirus (CMV),-1.211355782192196
TRAIT,CASSLVGSSYEQYF,pp65,Cytomegalovirus (CMV),-0.8266854506166599
TRAIT,CASSPGGGNQPQHF,pp65,Cytomegalovirus (CMV),1.5692856507508872
TRAIT,CASSEGGPYEQYF,pp65,Cytomegalovirus (CMV),-1.976606867227073
TRAIT,CASSEGQGHQPQHF,pp65,Cytomegalovirus (CMV),-2.040804267910329
TRAIT,CASSLWGNQPQHF,pp65,Cytomegalovirus (CMV),1.053274492676276
TRAIT,CASSLLQGGEQYF,pp65,Cytomegalovirus (CMV),1.0935261615773113
TRAIT,CASSQDRAGGYGYTF,pp65,Cytomegalovirus (CMV),-2.975975685947035
TRAIT,CASSLEEGYEQYF,pp65,Cytomegalovirus (CMV),1.1941705963101126
TRAIT,CASSPVMNTEAFF,pp65,Cytomegalovirus (CMV),-2.5208534038207167
TRAIT,CASSLAGVSYEQYF,pp65,Cytomegalovirus (CMV),-0.5426940114180229
TRAIT,CASSPGPKETQYF,pp65,Cytomegalovirus (CMV),-1.0256819136032922
TRAIT,CSARRLNTEAFF,pp65,Cytomegalovirus (CMV),1.200956695813117
TRAIT,CASSLGGNEQFF,pp65,Cytomegalovirus (CMV),1.1220754448708885
TRAIT,CASSGTGGSTEAFF,pp65,Cytomegalovirus (CMV),-1.994692314978412
TRAIT,CASSLEQGYEQYF,pp65,Cytomegalovirus (CMV),1.2530634194677734
TRAIT,CASSLGQTPYEQYF,pp65,Cytomegalovirus (CMV),-2.8063265083710327
TRAIT,CASSLGSGGSYEQYF,pp65,Cytomegalovirus (CMV),0.7615820477859148
TRAIT,CASSLAQGWTEAFF,pp65,Cytomegalovirus (CMV),-1.856095979563948
TRAIT,CASSQGTGGFYEQYF,pp65,Cytomegalovirus (CMV),-1.7442191548187598
TRAIT,CAWSGGLNTEAFF,pp65,Cytomegalovirus (CMV),-1.7166359310453654
TRAIT,CASSLDRGSSYEQYF,pp65,Cytomegalovirus (CMV),-0.7374476526496798
TRAIT,CASSLAGGRDEQYF,pp65,Cytomegalovirus (CMV),2.263119992968785
TRAIT,CASSLERDEQFF,pp65,Cytomegalovirus (CMV),-2.2283323989489743
TRAIT,CASSPLGQNTEAFF,pp65,Cytomegalovirus (CMV),1.0172934981302857
TRAIT,CASSQGLAGDTDTQYF,pp65,Cytomegalovirus (CMV),-3.245635133689614
TRAIT,CASSLGGEAFF,pp65,Cytomegalovirus (CMV),-0.3006200712738659
TRAIT,CASSYSGRSYEQYF,pp65,Cytomegalovirus (CMV),-2.568615421842144
TRAIT,CASRGDSYNEQFF,pp65,Cytomegalovirus (CMV),1.5799947967068042
TRAIT,CASSFRDRPYEQYF,pp65,Cytomegalovirus (CMV),-4.048767423168778
TRAIT,CASSLGGSTDTQYF,pp65,Cytomegalovirus (CMV),1.7917942128971047
TRAIT,CASRSGTGGYEQYF,pp65,Cytomegalovirus (CMV),-2.0897114370365903
TRAIT,CASSHRENTEAFF,pp65,Cytomegalovirus (CMV),-3.637012234026252
TRAIT,CASSLAANTGELFF,pp65,Cytomegalovirus (CMV),0.5619745632946374
TRAIT,CASSPGDEQFF,pp65,Cytomegalovirus (CMV),-1.8510083775695323
TRAIT,CASSQGSGELFF,pp65,Cytomegalovirus (CMV),-1.9408237189696185
TRAIT,CASSLGTMNTEAFF,pp65,Cytomegalovirus (CMV),-0.216993994616606
TRAIT,CASSLDGAYNEQFF,pp65,Cytomegalovirus (CMV),-0.8422099676054197
TRAIT,CASSLGRNTEAFF,pp65,Cytomegalovirus (CMV),1.7700719478046207
TRAIT,CASSLSGDTGELFF,pp65,Cytomegalovirus (CMV),0.7412992651692426
TRAIT,CSVEVNTEAFF,pp65,Cytomegalovirus (CMV),-3.2453345351290737
TRAIT,CASSQDWGSSYEQYF,pp65,Cytomegalovirus (CMV),-2.561651985468832
TRAIT,CASSLGVYEQYF,pp65,Cytomegalovirus (CMV),0.3064888596813065
TRAIT,CASSLRQYEQYF,pp65,Cytomegalovirus (CMV),-1.1095033179181226
TRAIT,CASSWTGDNEQFF,pp65,Cytomegalovirus (CMV),-2.738127327921868
TRAIT,CASSGTSGGYNEQFF,pp65,Cytomegalovirus (CMV),-2.2019060537607147
TRAIT,CASSPGQGPYEQYF,pp65,Cytomegalovirus (CMV),0.7911451340830119
TRAIT,CASSLEAGAYEQYF,pp65,Cytomegalovirus (CMV),-2.338479869136451
TRAIT,CASSPAYQETQYF,pp65,Cytomegalovirus (CMV),1.90004505164002
TRAIT,CASSLGQGITEAFF,pp65,Cytomegalovirus (CMV),-1.75934590204395
TRAIT,CASSLGLDTQYF,pp65,Cytomegalovirus (CMV),0.6051206387997017
TRAIT,CASSEGNTGELFF,pp65,Cytomegalovirus (CMV),-3.1594517379632747
TRAIT,CASRPTANYGYTF,pp65,Cytomegalovirus (CMV),1.5475537195042293
TRAIT,CASSPGQGAEAFF,pp65,Cytomegalovirus (CMV),0.6107358307365538
TRAIT,CASSGDRGTEAFF,pp65,Cytomegalovirus (CMV),-0.4788722460962726
TRAIT,CASSATSTGELFF,pp65,Cytomegalovirus (CMV),-1.3819686264164086
TRAIT,CASSLGDTEAFF,pp65,Cytomegalovirus (CMV),0.2981723491503411
TRAIT,CASSFTGSPLHF,pp65,Cytomegalovirus (CMV),1.7533212462475385
TRAIT,CASSSGTSGGETQYF,pp65,Cytomegalovirus (CMV),1.6258453570216975
TRAIT,CASSSASYGYTF,pp65,Cytomegalovirus (CMV),1.6645313111561242
TRAIT,CASSPPSSYEQYF,pp65,Cytomegalovirus (CMV),0.9624355347992928
TRAIT,CASSRGLAGGYNEQFF,pp65,Cytomegalovirus (CMV),0.6645741015949604
TRAIT,CASSYSNEQYF,pp65,Cytomegalovirus (CMV),-2.23315451249264
TRAIT,CASSSEGDTEAFF,pp65,Cytomegalovirus (CMV),1.4908581095393845
TRAIT,CASSFGGYEQYF,pp65,Cytomegalovirus (CMV),-0.3207826063357599
TRAIT,CASSLGGTTEAFF,pp65,Cytomegalovirus (CMV),-0.94655594454707
TRAIT,CASSFEGNEQFF,pp65,Cytomegalovirus (CMV),-4.067770813012464
TRAIT,CASSPGGSEQYF,pp65,Cytomegalovirus (CMV),-2.309887351436179
TRAIT,CASSVGGVSTDTQYF,pp65,Cytomegalovirus (CMV),-1.6552044416839395
TRAIT,CASSQVGTYGYTF,pp65,Cytomegalovirus (CMV),3.408487476452099
TRAIT,CASSPRGGRTGELFF,pp65,Cytomegalovirus (CMV),1.703453128039668
TRAIT,CASSPGQGVNTEAFF,pp65,Cytomegalovirus (CMV),1.0629372323773754
TRAIT,CASGTGELFF,pp65,Cytomegalovirus (CMV),-2.453997475674501
TRAIT,CASSLGGQNSPLHF,pp65,Cytomegalovirus (CMV),1.8693570914824733
TRAIT,CASSSGGGPQHF,pp65,Cytomegalovirus (CMV),-1.9364509584048857
TRAIT,CASSSYNSPLHF,pp65,Cytomegalovirus (CMV),0.4657241312191102
TRAIT,CASSPSGRYNEQFF,pp65,Cytomegalovirus (CMV),-1.1356161030625564
TRAIT,CASSLRGSSYEQYF,pp65,Cytomegalovirus (CMV),-0.6177449378187034
TRAIT,CASSLAGGINEQFF,pp65,Cytomegalovirus (CMV),1.1804009960551154
TRAIT,CASSRDRSSYNEQFF,pp65,Cytomegalovirus (CMV),1.7322154636011922
TRAIT,CASRGGGELFF,pp65,Cytomegalovirus (CMV),-3.1312605816723083
TRAIT,CASSQAMNTEAFF,pp65,Cytomegalovirus (CMV),-1.5140508642114745
TRAIT,CASSPGQGYEQYF,pp65,Cytomegalovirus (CMV),1.3159688321853285
TRAIT,CASSLAGGNNEQFF,pp65,Cytomegalovirus (CMV),0.4787579625619538
TRAIT,CASSTRTSGSYNEQFF,pp65,Cytomegalovirus (CMV),2.136504815393357
TRAIT,CASSSPGQTYEQYF,pp65,Cytomegalovirus (CMV),-0.4561591034663172
TRAIT,CASSYGLSYEQYF,pp65,Cytomegalovirus (CMV),-3.164538949170482
TRAIT,CASRASYEQYF,pp65,Cytomegalovirus (CMV),-1.5185976527513674
TRAIT,CASSQTENTGELFF,pp65,Cytomegalovirus (CMV),-2.9230275147088447
TRAIT,CASSYSGTDTQYF,pp65,Cytomegalovirus (CMV),-0.7494657051471277
TRAIT,CASSQGLAETQYF,pp65,Cytomegalovirus (CMV),1.5809761614904074
TRAIT,CASSLGTSGIYEQYF,pp65,Cytomegalovirus (CMV),0.4214259453559653
TRAIT,CSARQGSGNTIYF,pp65,Cytomegalovirus (CMV),0.8889475431303093
TRAIT,CASSRGGDNEQFF,pp65,Cytomegalovirus (CMV),-1.8469058290530296
TRAIT,CASSSGGREAFF,pp65,Cytomegalovirus (CMV),-2.548363206717327
TRAIT,CASSLLGDQPQHF,pp65,Cytomegalovirus (CMV),-0.8138205708873264
TRAIT,CASSDPGNQPQHF,pp65,Cytomegalovirus (CMV),2.3034584877006283
TRAIT,CASSGTGDTGELFF,pp65,Cytomegalovirus (CMV),-4.532460772825871
TRAIT,CASSSGETDTQYF,pp65,Cytomegalovirus (CMV),-4.216319443770344
TRAIT,CASSHGTGGYEQYF,pp65,Cytomegalovirus (CMV),-3.573557243447496
TRAIT,CASSPTGANVLTF,pp65,Cytomegalovirus (CMV),1.221980192859999
TRAIT,CASSIGRTYEQYF,pp65,Cytomegalovirus (CMV),-1.4076906533660254
TRAIT,CASSLEGLNTEAFF,pp65,Cytomegalovirus (CMV),-0.3265232177861024
TRAIT,CASSLGLAGIQETQYF,pp65,Cytomegalovirus (CMV),0.8111561348143586
TRAIT,CASSWGGDNEQFF,pp65,Cytomegalovirus (CMV),0.9497193791860092
TRAIT,CASSPAGDYEQYF,pp65,Cytomegalovirus (CMV),-3.528035587002237
TRAIT,CASSTKETQYF,pp65,Cytomegalovirus (CMV),-0.7680127711368897
TRAIT,CASSPTGGNQPQHF,pp65,Cytomegalovirus (CMV),1.4118537741310906
TRAIT,CSARLADNEQFF,pp65,Cytomegalovirus (CMV),-7.076739734826994
TRAIT,CASSEVNEQFF,pp65,Cytomegalovirus (CMV),-0.8408805626908904
TRAIT,CASSFYNEKLFF,pp65,Cytomegalovirus (CMV),-1.939435131400946
TRAIT,CASSPQGYNSPLHF,pp65,Cytomegalovirus (CMV),1.3192632673683096
TRAIT,CASSSGPEQYF,pp65,Cytomegalovirus (CMV),-0.55269374180302
TRAIT,CASSYGQGGEQYF,pp65,Cytomegalovirus (CMV),0.7286026794407879
TRAIT,CASSLGGPYEQYF,pp65,Cytomegalovirus (CMV),0.7852946597419936
TRAIT,CASSQTSGGYNEQFF,pp65,Cytomegalovirus (CMV),1.5489436378687529
TRAIT,CASSREGGNSPLHF,pp65,Cytomegalovirus (CMV),1.5885732862881854
TRAIT,CASSWSSYEQYF,pp65,Cytomegalovirus (CMV),0.5901112479074497
TRAIT,CASSELAGSYNEQFF,pp65,Cytomegalovirus (CMV),-4.030363612920677
TRAIT,CASSLGPLEQYF,pp65,Cytomegalovirus (CMV),1.058457084301414
TRAIT,CASSASYEQYF,pp65,Cytomegalovirus (CMV),0.4946826542443619
TRAIT,CASSLLPYEQYF,pp65,Cytomegalovirus (CMV),-0.6321177754940562
TRAIT,CASSLRPTEAFF,pp65,Cytomegalovirus (CMV),-3.474556183774536
TRAIT,CASSEGDTQYF,pp65,Cytomegalovirus (CMV),0.6494053151128448
TRAIT,CASSVGDTSYEQYF,pp65,Cytomegalovirus (CMV),-1.7523875467439871
TRAIT,CASSSVGEAFF,pp65,Cytomegalovirus (CMV),-2.503553956094452
TRAIT,CASSLARYEQYF,pp65,Cytomegalovirus (CMV),-0.7313921056287929
TRAIT,CASSPRGLYEQYF,pp65,Cytomegalovirus (CMV),-2.9781547097235177
TRAIT,CASSQAGSSYNEQFF,pp65,Cytomegalovirus (CMV),-1.068958412340236
TRAIT,CASSFGTGGQPQHF,pp65,Cytomegalovirus (CMV),1.0393098447920877
TRAIT,CASSLGTEAFF,pp65,Cytomegalovirus (CMV),1.5148991173804451
TRAIT,CASSSSGGAYNEQFF,pp65,Cytomegalovirus (CMV),0.6900911519362983
TRAIT,CASSEGAGNQPQHF,pp65,Cytomegalovirus (CMV),-1.0717574796464833
TRAIT,CSARDPGGSYNEQFF,pp65,Cytomegalovirus (CMV),1.5047987969267953
TRAIT,CASSQQGYTEAFF,pp65,Cytomegalovirus (CMV),1.5646536030653162
TRAIT,CASSLRQMNTEAFF,pp65,Cytomegalovirus (CMV),0.3175470798439724
TRAIT,CASSFGVGETQYF,pp65,Cytomegalovirus (CMV),2.324983287963738
TRAIT,CASRLAGVGEQYF,pp65,Cytomegalovirus (CMV),1.68606988834052
TRAIT,CASSQTGGGEQYF,pp65,Cytomegalovirus (CMV),-1.960535304595236
TRAIT,CASSMDSSYEQYF,pp65,Cytomegalovirus (CMV),-4.025932360265527
TRAIT,CASSLVSSTEAFF,pp65,Cytomegalovirus (CMV),1.773131287353833
TRAIT,CASSPSGGYNEQFF,pp65,Cytomegalovirus (CMV),-0.4601190165048811
TRAIT,CASSLDRLEQYF,pp65,Cytomegalovirus (CMV),-1.88740188302522
TRAIT,CASSLGGYNEQFF,pp65,Cytomegalovirus (CMV),0.7905207133451136
TRAIT,CASSLAATYNEQFF,pp65,Cytomegalovirus (CMV),3.0231880612334963
TRAIT,CASSLTGANVLTF,pp65,Cytomegalovirus (CMV),0.4021807541232671
TRAIT,CASSPGGRGNTEAFF,pp65,Cytomegalovirus (CMV),-2.5902749728947296
TRAIT,CASSVSGTGELFF,pp65,Cytomegalovirus (CMV),-0.7528459392942511
TRAIT,CSARVGYEQYF,pp65,Cytomegalovirus (CMV),-2.3809317277568125
TRAIT,CASSDNYGYTF,pp65,Cytomegalovirus (CMV),-0.2694819636614415
TRAIT,CASSERGPNYGYTF,pp65,Cytomegalovirus (CMV),1.8844482587291864
TRAIT,CASSPTGNTEAFF,pp65,Cytomegalovirus (CMV),1.11589045173951
TRAIT,CASSEGGGGNTIYF,pp65,Cytomegalovirus (CMV),-2.6764837298450144
TRAIT,CASSFESYNEQFF,pp65,Cytomegalovirus (CMV),-1.7012226308109055
TRAIT,CASSFSANEQFF,pp65,Cytomegalovirus (CMV),-2.2038184099493074
TRAIT,CASSFVNQPQHF,pp65,Cytomegalovirus (CMV),0.9742132558013696
TRAIT,CASSLGVSYNSPLHF,pp65,Cytomegalovirus (CMV),-1.2819485147070675
TRAIT,CASSLTSGSSYEQYF,pp65,Cytomegalovirus (CMV),0.6365090271914776
TRAIT,CATSTGGTEAFF,pp65,Cytomegalovirus (CMV),-5.341066912280105
TRAIT,CASSFSGTQYF,pp65,Cytomegalovirus (CMV),-2.288017861643806
TRAIT,CASSVRGGGTDTQYF,pp65,Cytomegalovirus (CMV),2.602540861803655
TRAIT,CSVGGSYEQYF,pp65,Cytomegalovirus (CMV),-2.0856303781462704
TRAIT,CASSQEGYQPQHF,pp65,Cytomegalovirus (CMV),-1.3235137819335383
TRAIT,CASSLEGSGGYTF,pp65,Cytomegalovirus (CMV),2.135430621703061
TRAIT,CASSLGGSTEAFF,pp65,Cytomegalovirus (CMV),0.1798182419257226
TRAIT,CASSLLSNTEAFF,pp65,Cytomegalovirus (CMV),0.4494104957340714
TRAIT,CASSEGQGADTQYF,pp65,Cytomegalovirus (CMV),-6.003679693951462
TRAIT,CASSESGTGGYEQYF,pp65,Cytomegalovirus (CMV),-4.021272787803365
TRAIT,CASSGDNYEQYF,pp65,Cytomegalovirus (CMV),-3.281917143517314
TRAIT,CASSGANTGELFF,pp65,Cytomegalovirus (CMV),-1.1595632878703737
TRAIT,CASSYSAVNTEAFF,pp65,Cytomegalovirus (CMV),1.3434806386837834
TRAIT,CASSYGGRNTEAFF,pp65,Cytomegalovirus (CMV),-2.84311292128015
TRAIT,CASSLAGPNNEQFF,pp65,Cytomegalovirus (CMV),-1.359675293482249
TRAIT,CASSLAGVGELFF,pp65,Cytomegalovirus (CMV),2.246898815498757
TRAIT,CASSPRGPYNEQFF,pp65,Cytomegalovirus (CMV),-0.9277945031189856
TRAIT,CASSFRDNEQFF,pp65,Cytomegalovirus (CMV),0.707743345857422
TRAIT,CASSDPGGTGELFF,pp65,Cytomegalovirus (CMV),1.6141640359019012
TRAIT,CASSGQPYEQYF,pp65,Cytomegalovirus (CMV),-1.6846221910618755
TRAIT,CASSVGSPDTQYF,pp65,Cytomegalovirus (CMV),-1.8696533068516088
TRAIT,CASSVGTSGTYEQYF,pp65,Cytomegalovirus (CMV),-2.417266066738732
TRAIT,CSARTSQETQYF,pp65,Cytomegalovirus (CMV),1.2471859775474612
TRAIT,CASSQDAGSSYNEQFF,pp65,Cytomegalovirus (CMV),-3.94413618725056
TRAIT,CASSLRGSTDTQYF,pp65,Cytomegalovirus (CMV),1.298348053716127
TRAIT,CASSLTSGGANEQFF,pp65,Cytomegalovirus (CMV),-0.9570138299242767
TRAIT,CASSLAGGAGTEAFF,pp65,Cytomegalovirus (CMV),0.8230288826741814
TRAIT,CASSPFGGELFF,pp65,Cytomegalovirus (CMV),-1.4209612583362112
TRAIT,CASSLSRGPYNEQFF,pp65,Cytomegalovirus (CMV),-1.1412487239301878
TRAIT,CASSDGDEQFF,pp65,Cytomegalovirus (CMV),-7.2740337339939
TRAIT,CASSLSGGALNEQFF,pp65,Cytomegalovirus (CMV),1.5618447010861622
TRAIT,CASSYNRAYEQYF,pp65,Cytomegalovirus (CMV),-2.4357252869696726
TRAIT,CASSLSGNSPLHF,pp65,Cytomegalovirus (CMV),-0.9328021697047711
TRAIT,CASSPEGNTGELFF,pp65,Cytomegalovirus (CMV),-1.0105706507680874
TRAIT,CASSPPNSYEQYF,pp65,Cytomegalovirus (CMV),-1.8284589216090965
TRAIT,CASSSRGSSYEQYF,pp65,Cytomegalovirus (CMV),-1.3749959784448436
TRAIT,CASSLGQGNTEAFF,pp65,Cytomegalovirus (CMV),1.7453188530560624
TRAIT,CASSYSTDTQYF,pp65,Cytomegalovirus (CMV),1.4598399757233504
TRAIT,CASSLPGLAYNEQFF,pp65,Cytomegalovirus (CMV),-3.261848323465017
TRAIT,CASSPRQGSYNEQFF,pp65,Cytomegalovirus (CMV),1.2603096356751695
TRAIT,CASSVGGVSYNEQFF,pp65,Cytomegalovirus (CMV),0.8263150668274137
TRAIT,CASSLGGQGYEQYF,pp65,Cytomegalovirus (CMV),0.6784420201390415
TRAIT,CASRSGQGNQPQHF,pp65,Cytomegalovirus (CMV),1.177201268207078
TRAIT,CASSLGVNTEAFF,pp65,Cytomegalovirus (CMV),1.707891705320671
TRAIT,CASSLDRAYEQYF,pp65,Cytomegalovirus (CMV),0.3551168604571451
TRAIT,CASSLAPQETQYF,pp65,Cytomegalovirus (CMV),-0.4434357264426615
TRAIT,CASSLRVTEAFF,pp65,Cytomegalovirus (CMV),-1.0455376356880413
TRAIT,CASSRLGTGELFF,pp65,Cytomegalovirus (CMV),1.3499241445304504
TRAIT,CASSLGTGPYEQYF,pp65,Cytomegalovirus (CMV),-0.4999275886043585
TRAIT,CASRRTGGRETQYF,pp65,Cytomegalovirus (CMV),2.334922038171732
TRAIT,CASSPPDSSYEQYF,pp65,Cytomegalovirus (CMV),-2.1799170154140226
TRAIT,CASSLSGVSSYNEQFF,pp65,Cytomegalovirus (CMV),1.0858009846504206
TRAIT,CASSLGTDTQYF,pp65,Cytomegalovirus (CMV),1.6711926618706388
TRAIT,CASSRGGAYNEQFF,pp65,Cytomegalovirus (CMV),-0.5744669228352358
TRAIT,CSARDRTNYGYTF,pp65,Cytomegalovirus (CMV),0.7476394789384627
TRAIT,CASSFGLNTGELFF,pp65,Cytomegalovirus (CMV),0.6655142365020463
TRAIT,CASSLSGTMNTEAFF,pp65,Cytomegalovirus (CMV),-1.2422626869019742
TRAIT,CASSQGRGSGNTIYF,pp65,Cytomegalovirus (CMV),-1.2584030943194322
TRAIT,CASRGETQYF,pp65,Cytomegalovirus (CMV),-1.3226260741763125
TRAIT,CASSFDGSYNEQFF,pp65,Cytomegalovirus (CMV),2.003715253196228
TRAIT,CASSVLAGSSYEQYF,pp65,Cytomegalovirus (CMV),-0.9003780813507019
TRAIT,CASRPGTVNTEAFF,pp65,Cytomegalovirus (CMV),1.2921941769412482
TRAIT,CASSLAAGNEQFF,pp65,Cytomegalovirus (CMV),-2.0419219531291226
TRAIT,CASSLGENTGELFF,pp65,Cytomegalovirus (CMV),0.4596076556875604
TRAIT,CASSSQGYEQYF,pp65,Cytomegalovirus (CMV),1.857990195089544
TRAIT,CASSVDSNEQFF,pp65,Cytomegalovirus (CMV),-3.805328522803783
TRAIT,CASSYGGNEQFF,pp65,Cytomegalovirus (CMV),-1.7683023756103506
TRAIT,CASSYLAGVYNEQFF,pp65,Cytomegalovirus (CMV),-1.5150254615881331
TRAIT,CASSYSDTDTQYF,pp65,Cytomegalovirus (CMV),-7.266610393176755
TRAIT,CASSPWTGDEQYF,pp65,Cytomegalovirus (CMV),3.341331260110288
TRAIT,CASSLVYEQYF,pp65,Cytomegalovirus (CMV),0.7583480656098248
TRAIT,CASSFGQGGGYTF,pp65,Cytomegalovirus (CMV),-1.295933800932241
TRAIT,CASSLEDSTDTQYF,pp65,Cytomegalovirus (CMV),3.115784730534993
TRAIT,CASSVDRSSGNTIYF,pp65,Cytomegalovirus (CMV),-4.17856998506063
TRAIT,CASSSINEQFF,pp65,Cytomegalovirus (CMV),0.8599083350497626
TRAIT,CASSFWTGGTEAFF,pp65,Cytomegalovirus (CMV),-1.7348836503700182
TRAIT,CASSLDRAEQYF,pp65,Cytomegalovirus (CMV),-2.0824902225232327
TRAIT,CASSLWDQPQHF,pp65,Cytomegalovirus (CMV),-0.9884228724386082
TRAIT,CASSFGQGNTGELFF,pp65,Cytomegalovirus (CMV),1.7199686683015225
TRAIT,CASSLSRNQPQHF,pp65,Cytomegalovirus (CMV),0.328954214212146
TRAIT,CASSQGRLNYGYTF,pp65,Cytomegalovirus (CMV),-1.5817116611910724
TRAIT,CSARQGDTEAFF,pp65,Cytomegalovirus (CMV),-5.29030067426368
TRAIT,CASSLGGYTF,pp65,Cytomegalovirus (CMV),-2.457045239905569
TRAIT,CASSSDRGGSPLHF,pp65,Cytomegalovirus (CMV),0.8608490341971315
TRAIT,CAWSVGSYEQYF,pp65,Cytomegalovirus (CMV),-2.959288700115724
TRAIT,CASSPLGGNEQFF,pp65,Cytomegalovirus (CMV),-0.9465102877331698
TRAIT,CASSFSRNSPLHF,pp65,Cytomegalovirus (CMV),-1.983711119883604
TRAIT,CASSLETQYF,pp65,Cytomegalovirus (CMV),0.2845890496302895
TRAIT,CASSLSRDSYEQYF,pp65,Cytomegalovirus (CMV),0.9741429654033442
TRAIT,CASSLGDQPQHF,pp65,Cytomegalovirus (CMV),0.7047081407143172
TRAIT,CASSPGDLYGYTF,pp65,Cytomegalovirus (CMV),-3.0396381564572
TRAIT,CASSFGGEQFF,pp65,Cytomegalovirus (CMV),-1.9558357293915511
TRAIT,CASSFGGNTEAFF,pp65,Cytomegalovirus (CMV),1.281882258689715
TRAIT,CASSQEGWETQYF,pp65,Cytomegalovirus (CMV),8.989079687014591
TRAIT,CASSLGQGTGELFF,pp65,Cytomegalovirus (CMV),1.2196538765790694
TRAIT,CASSSQGSTDTQYF,pp65,Cytomegalovirus (CMV),3.1099950058729706
TRAIT,CASSFPGTDTQYF,pp65,Cytomegalovirus (CMV),2.200988753912171
TRAIT,CASSSESYNEQFF,pp65,Cytomegalovirus (CMV),-3.344695542202261
TRAIT,CASSLVNEQFF,pp65,Cytomegalovirus (CMV),0.618817168482934
TRAIT,CASSRGTGELFF,pp65,Cytomegalovirus (CMV),0.8631564827053027
TRAIT,CASSFVGATNEKLFF,pp65,Cytomegalovirus (CMV),1.6986360219701129
TRAIT,CASSLDRGETQYF,pp65,Cytomegalovirus (CMV),1.5512169465190413
TRAIT,CASSLNTDTQYF,pp65,Cytomegalovirus (CMV),0.6340340390862126
TRAIT,CASRSGAEAFF,M1,Influenza,-2.207088879066092
TRAIT,CASSLVAGGGETQYF,M1,Influenza,1.727001604650523
TRAIT,CASSSRSGETQYF,M1,Influenza,1.0495348238524618
TRAIT,CASSFGRGSYEQYF,M1,Influenza,-2.2179099652295453
TRAIT,CASSLAGVGEQFF,M1,Influenza,0.9913217199337258
TRAIT,CSARDTSNQPQHF,M1,Influenza,-1.439435764969725
TRAIT,CSAEGNTEAFF,M1,Influenza,-0.9136555448298634
TRAIT,CASSASGDTGELFF,M1,Influenza,-7.617256612683541
TRAIT,CASSLRSAYEQYF,M1,Influenza,-3.1130529067567294
TRAIT,CASSETGVGGYTF,M1,Influenza,3.952769940730785
TRAIT,CASSRGLAANTGELFF,M1,Influenza,2.246610800761291
TRAIT,CASSLRSNTEAFF,M1,Influenza,-1.475344755745145
TRAIT,CASRTVNSPLHF,M1,Influenza,-1.0351824121431037
TRAIT,CASSFTGPGELFF,M1,Influenza,-1.1239411444556595
TRAIT,CASGGLSTDTQYF,M1,Influenza,-1.49476409674587
TRAIT,CASSFGGTQYF,M1,Influenza,0.9915548294089144
TRAIT,CASSEEYNEQFF,M1,Influenza,-2.848963939445042
TRAIT,CASSDRANTEAFF,M1,Influenza,-1.627634297904731
TRAIT,CASSLALAGTDTQYF,M1,Influenza,2.4655703227809043
TRAIT,CASSQRSTDTQYF,M1,Influenza,-0.7290668571815668
TRAIT,CASSPRSADTQYF,M1,Influenza,-2.3432274470472416
TRAIT,CASSSRPGELFF,M1,Influenza,0.6619541391409184
TRAIT,CASSLTGSPYEQYF,M1,Influenza,-4.685955738406967
TRAIT,CASSALAGGYNEQFF,M1,Influenza,-1.196612912266195
TRAIT,CASSFRSQETQYF,M1,Influenza,0.8046650054068941
TRAIT,CASSLVGTGELFF,M1,Influenza,0.5854812741300853
TRAIT,CASSLGLGTGELFF,M1,Influenza,0.5827220446149652
TRAIT,CASSIGIYGYTF,M1,Influenza,-4.603089993005536
TRAIT,CASSIRSQETQYF,M1,Influenza,-2.012864255076124
TRAIT,CASSHGAEAFF,M1,Influenza,-4.573103459310277
TRAIT,CASSIRAQETQYF,M1,Influenza,-4.298221522345656
TRAIT,CASSLEGANYGYTF,M1,Influenza,0.5170200588683138
TRAIT,CASSLLQGTEAFF,M1,Influenza,-1.361650115728748
TRAIT,CASSLLGVGEKLFF,M1,Influenza,2.204304621708639
TRAIT,CASSLGNEQFF,M1,Influenza,0.8873154253885323
TRAIT,CASSQDRREQYF,M1,Influenza,-1.0605550565012245
TRAIT,CASSFSSTDTQYF,M1,Influenza,0.2525740548842572
TRAIT,CASSLGQDTDTQYF,M1,Influenza,0.7641367822206873
TRAIT,CASSYGLNTEAFF,M1,Influenza,-2.198002527838663
TRAIT,CASSIRSNTEAFF,M1,Influenza,-1.947558760462008
TRAIT,CASSVGSYGYTF,M1,Influenza,-1.8715970602322056
TRAIT,CASGYTGELFF,M1,Influenza,-2.4313138775499
TRAIT,CASSLTGSGTEAFF,M1,Influenza,0.862969953492112
TRAIT,CASSPLGGNQPQHF,M1,Influenza,0.2751134249622181
TRAIT,CASSPIGSTDTQYF,M1,Influenza,2.7119746621716168
TRAIT,CASSGAGAYNEQFF,M1,Influenza,-1.6004901080173175
TRAIT,CASSIHSNQPQHF,M1,Influenza,-2.106535288120872
TRAIT,CASSYGGGSYEQYF,M1,Influenza,-2.383298039631369
TRAIT,CASSMGSYGYTF,M1,Influenza,-4.620978888541455
TRAIT,CASRQGPTEAFF,M1,Influenza,-1.2781091331737038
TRAIT,CASSGRSQETQYF,M1,Influenza,1.377280781533126
TRAIT,CASSQRSTGELFF,M1,Influenza,1.006822858696249
TRAIT,CASSPLYEQYF,M1,Influenza,0.8803922920735268
TRAIT,CASSFRGTYNEQFF,M1,Influenza,-1.516290729286378
TRAIT,CASSQISNQPQHF,M1,Influenza,1.90955736358226
TRAIT,CASSPVGTEAFF,M1,Influenza,-2.3909305786977337
TRAIT,CASSYGFYEQYF,M1,Influenza,-2.708279805971331
TRAIT,CASSLGRNSGNTIYF,M1,Influenza,-0.5307451477180627
TRAIT,CASSRTGSGELFF,M1,Influenza,1.2820139695182062
TRAIT,CASSIGHNEQFF,M1,Influenza,-2.3593264944027674
TRAIT,CASSFGQGDEKLFF,M1,Influenza,-1.801317060324254
TRAIT,CASSHRSTDTQYF,M1,Influenza,-1.6206988392015154
TRAIT,CASSTLSTDTQYF,M1,Influenza,-1.3832228165949545
TRAIT,CASSARSSYEQYF,M1,Influenza,-1.6987064789345947
TRAIT,CASSWTQETQYF,M1,Influenza,-1.171213064602581
TRAIT,CASSILAGGYNEQFF,M1,Influenza,-1.859073609586592
TRAIT,CASSYRSTDTQYF,M1,Influenza,-1.4556697274123378
TRAIT,CASSIRGGYEQYF,M1,Influenza,-2.0486237620011245
TRAIT,CASSSGAYGYTF,M1,Influenza,-1.297993712661142
TRAIT,CASSTRSGNTIYF,M1,Influenza,-1.259084341248604
TRAIT,CASSDRSNTEAFF,M1,Influenza,-2.4665578522107454
TRAIT,CASSWTVNTEAFF,M1,Influenza,-0.3385163942451567
TRAIT,CASSTGYYGYTF,M1,Influenza,-0.6574061855191088
TRAIT,CASSTGQETQYF,M1,Influenza,0.854544266119218
TRAIT,CASSLAGGPGNEQFF,M1,Influenza,0.805475747394651
TRAIT,CASSWTLNTEAFF,M1,Influenza,-0.7265343676010814
TRAIT,CASSGQGAQPQHF,M1,Influenza,-1.491397580813142
TRAIT,CASSRSGRETQYF,M1,Influenza,1.019207286516118
TRAIT,CASSPTGYYNEQFF,M1,Influenza,4.98720446676918
TRAIT,CASSPYNEQFF,M1,Influenza,1.5399269968905007
TRAIT,CASSSNRNTGELFF,M1,Influenza,-1.0870128410264956
TRAIT,CASSLVETGELFF,M1,Influenza,1.1084029533443127
TRAIT,CASSLDSANYGYTF,M1,Influenza,-1.515898364484849
TRAIT,CASRPGGGYEQYF,M1,Influenza,0.9601084700140272
TRAIT,CASSSRGSDTQYF,M1,Influenza,1.7258377041691528
TRAIT,CASSWTGNTEAFF,M1,Influenza,0.4236009024979776
TRAIT,CASSLTGAQETQYF,M1,Influenza,0.9556990052070756
TRAIT,CASSIGSTDTQYF,M1,Influenza,-0.8335992158246036
TRAIT,CASSFSAGELFF,M1,Influenza,0.5142931684212583
TRAIT,CASSLTATDTQYF,M1,Influenza,-1.8591978765910333
TRAIT,CASSLVGVGEQYF,M1,Influenza,2.044496306616685
TRAIT,CASSRGGYNEQFF,M1,Influenza,0.92066169475957
TRAIT,CASSSGGPYNEQFF,M1,Influenza,-1.5958990240942967
TRAIT,CASSLFGGTDTQYF,M1,Influenza,1.9683184232689328
TRAIT,CASSLGGNTGELFF,M1,Influenza,1.667323461488753
TRAIT,CASSFGQGSEKLFF,M1,Influenza,-0.8990651116897136
TRAIT,CASSFGQGSTEAFF,M1,Influenza,1.1137149017553003
TRAIT,CASSSGGSNTGELFF,M1,Influenza,1.952064303041098
TRAIT,CASSMTSTDTQYF,M1,Influenza,2.737364542079322
TRAIT,CASSLRSQETQYF,M1,Influenza,1.2718596250967371
TRAIT,CASSLTGVDGYTF,M1,Influenza,-2.751386517209199
TRAIT,CASSWTSGGGNEQFF,M1,Influenza,-2.283958724296096
TRAIT,CASSFGQGADTQYF,M1,Influenza,0.6586409606289158
TRAIT,CASSIRGAYEQYF,M1,Influenza,1.2265555439995557
TRAIT,CASSDWGTEAFF,M1,Influenza,-4.059279596969649
TRAIT,CASSPRAGQPQHF,M1,Influenza,-2.798403013787545
TRAIT,CASSFRSGETQYF,M1,Influenza,1.5384362552103976
TRAIT,CASSYNTEAFF,M1,Influenza,-0.2128398772730618
TRAIT,CASRTGGYEQYF,M1,Influenza,-1.258525817271034
TRAIT,CASSRTVQETQYF,M1,Influenza,0.7999688158153709
TRAIT,CATSRDRSSGNTIYF,M1,Influenza,-2.804880120756394
TRAIT,CASSQGPGNTEAFF,M1,Influenza,-1.9430072436042936
TRAIT,CASSIGGELFF,M1,Influenza,-4.496827986707167
TRAIT,CASSLGSRNEQFF,M1,Influenza,-1.1523100529533536
TRAIT,CASSQDPGGQETQYF,M1,Influenza,-4.666261816213435
TRAIT,CASSGQGDTGELFF,M1,Influenza,-2.544989473032758
TRAIT,CASSLVGLSYEQYF,M1,Influenza,0.9845082669204058
TRAIT,CASSLGADNEQFF,M1,Influenza,0.9701722580269044
TRAIT,CASSLAGGAYGYTF,M1,Influenza,-0.7716534002803497
TRAIT,CASSIVSTDTQYF,M1,Influenza,-3.149995622628368
TRAIT,CASSLLSNQPQHF,M1,Influenza,0.6790456191277283
TRAIT,CASSTRRTDTQYF,M1,Influenza,2.0980916105772067
TRAIT,CASSQVQGTYEQYF,M1,Influenza,-2.8472875319106867
TRAIT,CASSIRGSQPQHF,M1,Influenza,2.724796292985557
TRAIT,CASSLQGNQPQHF,M1,Influenza,1.126036674025103
TRAIT,CASSLGQVSYNEQFF,M1,Influenza,1.2717882046261118
TRAIT,CASSINSNQPQHF,M1,Influenza,0.5438261953496789
TRAIT,CASSIYGNTEAFF,M1,Influenza,-3.902903111300352
TRAIT,CASSMGLYGYTF,M1,Influenza,-2.2008254599010635
TRAIT,CASSFGDEQFF,M1,Influenza,-2.2718822172989936
TRAIT,CASSFGSYGYTF,M1,Influenza,1.015933371390036
TRAIT,CASSQGAHGYTF,M1,Influenza,-4.029374986506708
TRAIT,CASSSGFYEQYF,M1,Influenza,-1.1404461579328449
TRAIT,CASTGGYGYTF,M1,Influenza,-1.2685227847262772
TRAIT,CASSPQGINYGYTF,M1,Influenza,2.007510503578156
TRAIT,CASSLLAGAGELFF,M1,Influenza,1.1017647103496122
TRAIT,CASGSSGANVLTF,M1,Influenza,3.3376841798668697
TRAIT,CASSYRSTGELFF,M1,Influenza,-2.500425212369456
TRAIT,CASSLQGKETQYF,M1,Influenza,1.1540533083577291
TRAIT,CASSSRSSYNEQFF,M1,Influenza,-0.995647472021702
TRAIT,CASSLDSTYGYTF,M1,Influenza,1.3088621606944582
TRAIT,CASSFGSGANVLTF,M1,Influenza,-0.3346164458941802
TRAIT,CASSEQGANEKLFF,M1,Influenza,1.762817962616963
TRAIT,CASSYGSYGYTF,M1,Influenza,0.8550683862758056
TRAIT,CASSDLGEQFF,M1,Influenza,-1.632210201098244
TRAIT,CASSFGQGSDTQYF,M1,Influenza,1.0413544493551168
TRAIT,CASSPRAAGELFF,M1,Influenza,-1.4504464390360288
TRAIT,CASSRRASYEQYF,M1,Influenza,1.8038697883800672
TRAIT,CASSPRAGNEKLFF,M1,Influenza,1.295724461804261
TRAIT,CASSPLSGNEQFF,M1,Influenza,1.3131337774313634
TRAIT,CASSIRSSYNEQFF,M1,Influenza,-3.707539391025101
TRAIT,CASSVAPDTQYF,M1,Influenza,-3.115495060190468
TRAIT,CASGTYSNQPQHF,M1,Influenza,-0.9567317794502826
TRAIT,CASSFRASYEQYF,M1,Influenza,1.0806276958993548
TRAIT,CASSEAWNTEAFF,M1,Influenza,-0.8716985240184901
TRAIT,CASSPRTSGGATDTQYF,M1,Influenza,-1.3572677969970153
TRAIT,CASSYTLNTEAFF,M1,Influenza,-1.0955874975562714
TRAIT,CASSQGQNTGELFF,M1,Influenza,0.8834190639099038
TRAIT,CASTGAGELFF,M1,Influenza,-3.236609491584606
TRAIT,CASSSGQGNQPQHF,M1,Influenza,0.529988098929455
TRAIT,CASSIGFYGYTF,M1,Influenza,-2.87344002072565
TRAIT,CASSLFQETQYF,M1,Influenza,0.6752574544270326
TRAIT,CASSTRASYEQYF,M1,Influenza,-1.1017094967826386
TRAIT,CASRTGSMNTEAFF,M1,Influenza,1.7479814534584723
TRAIT,CASSPTGGSYNEQFF,M1,Influenza,0.8161529233782144
TRAIT,CASSWTVNYGYTF,M1,Influenza,-1.7239154338896745
TRAIT,CASSNRASYEQYF,M1,Influenza,-2.0619018419840875
TRAIT,CASSPTGGGSPLHF,M1,Influenza,-0.8162017128859005
TRAIT,CASSARGAYEQYF,M1,Influenza,-1.715130534813364
TRAIT,CASSLRSGTEAFF,M1,Influenza,-0.7884494923003819
TRAIT,CASSQGNYGYTF,M1,Influenza,1.661478953642819
TRAIT,CASSIGTGELFF,M1,Influenza,-0.9430323669607568
TRAIT,CASSETGSNTEAFF,M1,Influenza,-3.3458751293608384
TRAIT,CASSITPNTEAFF,M1,Influenza,-1.5555751183425248
TRAIT,CASSETSGGTDTQYF,M1,Influenza,-5.182811696526644
TRAIT,CASSPVGGEQFF,M1,Influenza,-0.905043092420856
TRAIT,CASSWGSYGYTF,M1,Influenza,0.7525703254944576
TRAIT,CASSGETDTQYF,M1,Influenza,-1.0662760112220375
TRAIT,CASSAGSYGYTF,M1,Influenza,-0.8577108898110352
TRAIT,CASSIGEYGYTF,M1,Influenza,0.8343860820718376
TRAIT,CASSQDLAGGPDTQYF,M1,Influenza,-6.714351561948048
TRAIT,CASSWTSGAYNEQFF,M1,Influenza,2.05612924530055
TRAIT,CASSSTGGDGYTF,M1,Influenza,1.1735616366828676
TRAIT,CASSVVSTDTQYF,M1,Influenza,-0.900561446227738
TRAIT,CASSLGGSAYNEQFF,M1,Influenza,0.9320213534756376
TRAIT,CSVAGNTEAFF,M1,Influenza,-2.1086262859253138
TRAIT,CASSLVTSGSYNEQFF,M1,Influenza,1.3482859470980926
TRAIT,CASSIGGPDTQYF,M1,Influenza,-1.797275222347804
TRAIT,CASSLGQPQHF,M1,Influenza,-0.5971265635229225
TRAIT,CASSSRSGTEAFF,M1,Influenza,-1.3512838558398892
TRAIT,CASSQERGGYNEQFF,M1,Influenza,-3.4920203956679625
TRAIT,CASSLRSGDTQYF,M1,Influenza,1.6373293408934853
TRAIT,CASSGQSNQPQHF,M1,Influenza,1.8924372164093224
TRAIT,CASSFTVNYGYTF,M1,Influenza,-1.383892186379177
TRAIT,CASSHLAGGYNEQFF,M1,Influenza,-2.4864854508080465
TRAIT,CASSIRANTEAFF,M1,Influenza,-0.5337380527617013
TRAIT,CASSSGNTEAFF,M1,Influenza,-0.2751626783792882
TRAIT,CASSIRSNQPQHF,M1,Influenza,-0.6415659130516287
TRAIT,CASSETGLNTEAFF,M1,Influenza,-2.820499070599738
TRAIT,CASSIRGSGELFF,M1,Influenza,1.544914660192079
TRAIT,CASSRLSTDTQYF,M1,Influenza,-0.3096882215302493
TRAIT,CASSSYSGNTIYF,M1,Influenza,1.1668164731140678
TRAIT,CASSTRGGTEAFF,M1,Influenza,-0.5250960492029573
TRAIT,CASSTRSSYNEQFF,M1,Influenza,0.827273054751452
TRAIT,CASSRRDSGANVLTF,M1,Influenza,-1.7888794198855762
TRAIT,CASSAGLYGYTF,M1,Influenza,0.6552453290435349
TRAIT,CASSPGQRTEAFF,M1,Influenza,1.891139485632587
TRAIT,CASSDSAGGTDTQYF,M1,Influenza,-7.9693812264749795
TRAIT,CASSSLLNTEAFF,M1,Influenza,-1.1213611721756018
TRAIT,CASSLGPTGELFF,M1,Influenza,0.5611751456081044
TRAIT,CASSPVGTGELFF,M1,Influenza,1.2683992459236
TRAIT,CASSGLATDTQYF,M1,Influenza,-1.3862173965071911
TRAIT,CASSQYSNQPQHF,M1,Influenza,-0.6778616760220225
TRAIT,CASSWGTGNYEQYF,M1,Influenza,-1.5372671719100892
TRAIT,CASSVVPSSYEQYF,M1,Influenza,-2.2940612132883977
TRAIT,CASSIVGSSYNEQFF,M1,Influenza,-4.172724546975662
TRAIT,CASSVSGSTDTQYF,M1,Influenza,-0.7554156135012422
TRAIT,CASSDLSTDTQYF,M1,Influenza,2.1379910040538985
TRAIT,CASSTYNEQFF,M1,Influenza,1.0144483493314715
TRAIT,CASSFGIYGYTF,M1,Influenza,-2.1761342575574494
TRAIT,CASSFISTDTQYF,M1,Influenza,-2.021035646813626
TRAIT,CASSFRSGTEAFF,M1,Influenza,-3.098636820532447
TRAIT,CASSLPGGYNEQFF,M1,Influenza,-2.881997120786574
TRAIT,CASSRTSGGLNEQFF,M1,Influenza,1.8719658026354944
TRAIT,CASSYLSTDTQYF,M1,Influenza,1.203901415833025
TRAIT,CASSLGGLRTEAFF,M1,Influenza,-2.5517728239095816
TRAIT,CASSWTMNTEAFF,M1,Influenza,2.4902406243490183
TRAIT,CASSLTSVNEQFF,M1,Influenza,-1.6381060720396246
TRAIT,CASSMGNYGYTF,M1,Influenza,1.9852072822473448
TRAIT,CASSPRSAYEQYF,M1,Influenza,1.2580375886914648
TRAIT,CASSEGGGPYNEQFF,M1,Influenza,-1.4279653859519232
TRAIT,CASSEQSNQPQHF,M1,Influenza,1.5538193647096408
TRAIT,CASSIISTDTQYF,M1,Influenza,1.3586067003840037
TRAIT,CASSLVRGDTEAFF,M1,Influenza,-1.070648629966588
TRAIT,CASSWDRNNEQFF,M1,Influenza,-1.587081743380152
TRAIT,CASSFGQNTGELFF,M1,Influenza,1.101692883632932
TRAIT,CASSGLSSGNTIYF,M1,Influenza,-1.4032832338840495
TRAIT,CASSFGESYEQYF,M1,Influenza,-2.099215192284827
TRAIT,CASSPQGSHEQYF,M1,Influenza,1.81517641996282
TRAIT,CASSSGVYGYTF,M1,Influenza,-0.8456951593236205
TRAIT,CASSLSGVTEAFF,M1,Influenza,-1.5475698599202574
TRAIT,CASSATVNTEAFF,M1,Influenza,-0.4383423378149268
TRAIT,CASSIGTGEAFF,M1,Influenza,-2.789746437283322
TRAIT,CASSPNSNQPQHF,M1,Influenza,0.6596397792037751
TRAIT,CASSQISTDTQYF,M1,Influenza,-2.8319426035543813
TRAIT,CASSTRSNQPQHF,M1,Influenza,1.415302098278786
TRAIT,CASSVGIYGYTF,M1,Influenza,-3.2460872027321823
TRAIT,CASSLVSASTDTQYF,M1,Influenza,1.992663593308932
TRAIT,CASSWGQGSTDTQYF,M1,Influenza,2.55345377723348
TRAIT,CASSFTGSTDTQYF,M1,Influenza,-1.4298791865783338
TRAIT,CASSQGLNTGELFF,M1,Influenza,-0.5769507904427132
TRAIT,CASSQGYSTDTQYF,M1,Influenza,1.7168642839336197
TRAIT,CASSISSTDTQYF,M1,Influenza,-2.709702864539001
TRAIT,CASSLSAGETQYF,M1,Influenza,-0.7855875055268197
TRAIT,CASSMGLYNEQFF,M1,Influenza,-3.1114917592325058
TRAIT,CASSNLAGGYNEQFF,M1,Influenza,1.9482436069796187
TRAIT,CASSPVSTDTQYF,M1,Influenza,-1.3711261357199955
TRAIT,CASSPGQGTEAFF,M1,Influenza,0.4419026866608329
TRAIT,CASSVGVEQFF,M1,Influenza,-2.400886537433912
TRAIT,CASSPSGNEQFF,M1,Influenza,-0.6772602487315091
TRAIT,CASRQGDNSPLHF,M1,Influenza,1.7730778734619972
TRAIT,CASSPRAGETQYF,M1,Influenza,2.544064679370184
TRAIT,CASSSSSGETQYF,M1,Influenza,1.8222661757832384
TRAIT,CASSVTSGSYNEQFF,M1,Influenza,0.6292107585977846
TRAIT,CASSFSTDTQYF,M1,Influenza,1.5731027113333045
TRAIT,CASSLRQDYGYTF,M1,Influenza,-0.9305437777612912
TRAIT,CASSPGQGATGELFF,M1,Influenza,1.340554670105373
TRAIT,CASSLGDQPQHF,M1,Influenza,0.7047081407143172
TRAIT,CASSSTGETQYF,M1,Influenza,1.0429608680432514
TRAIT,CASGYSTDTQYF,M1,Influenza,2.7796671177469143
TRAIT,CASSPGTGTYEQYF,M1,Influenza,0.2380798731028682
TRAIT,CASSPWGGNTEAFF,M1,Influenza,-0.9731767862208908
TRAIT,CASSPGTGYYEQYF,M1,Influenza,-1.5655541903206045
TRAIT,CASSRTGLNTEAFF,M1,Influenza,0.9231863137465626
TRAIT,CASSFSSYEQYF,M1,Influenza,0.3629152993172844
TRAIT,CASSLGSSNQPQHF,M1,Influenza,-0.6245735038354964
TRAIT,CASSYSEGSYEQYF,M1,Influenza,-3.1264269399123963
TRAIT,CASSDSDNNEQFF,M1,Influenza,-10.172945222388377
TRAIT,CASSGDTYNEQFF,M1,Influenza,-3.084970504345655
TRAIT,CASSFGLYEQYF,M1,Influenza,-1.4902226346583332
TRAIT,CASSDRATGELFF,M1,Influenza,-6.71776001693234
TRAIT,CASSTLAGPYNEQFF,M1,Influenza,-1.061922577853014
TRAIT,CASSPQSNQPQHF,M1,Influenza,2.559586017327905
TRAIT,CASSPRSGQPQHF,M1,Influenza,-3.046413785499137
TRAIT,CASSPTATGELFF,M1,Influenza,1.2877816479394668
TRAIT,CASSWTANTEAFF,M1,Influenza,-0.3993653776956858
TRAIT,CASSYTVNYGYTF,M1,Influenza,-1.930945753448094
TRAIT,CASSPVSYNEQFF,M1,Influenza,-2.306636308887306
TRAIT,CASSGTKETQYF,M1,Influenza,1.1287152149896902
TRAIT,CASSAGQPQHF,M1,Influenza,-3.409099824398645
TRAIT,CASSFTLNTEAFF,M1,Influenza,0.7977651646993056
TRAIT,CASSIGTSYNEQFF,M1,Influenza,-1.294491929264833
TRAIT,CASSIRGSTEAFF,M1,Influenza,-1.3384101431081183
TRAIT,CASSLLATDTQYF,M1,Influenza,0.6054550517141302
TRAIT,CASSLSGSYNEQFF,M1,Influenza,0.4353238826687798
TRAIT,CASSSFGTDTQYF,M1,Influenza,1.810014518682875
TRAIT,CASSVLGSSYNEQFF,M1,Influenza,-1.0069049239551084
TRAIT,CASSTGSGNQPQHF,M1,Influenza,-1.3400851494763877
TRAIT,CASSSRAGYEQYF,M1,Influenza,-1.4594713686753402
TRAIT,CSARDRDYGYTF,M1,Influenza,-3.2788681637667887
TRAIT,CASSAGTENTEAFF,M1,Influenza,-1.1233784858735785
TRAIT,CSVGEGNQPQHF,M1,Influenza,1.964850407089846
TRAIT,CASSQGTGELFF,M1,Influenza,-0.5034956102025966
TRAIT,CASSWTGTEAFF,M1,Influenza,-2.447028329142232
TRAIT,CASSLFEETQYF,M1,Influenza,1.856877944961841
TRAIT,CASSMTGYNEQFF,M1,Influenza,-4.338716905226123
TRAIT,CASSPLAGGLNEQFF,M1,Influenza,0.5048930852965086
TRAIT,CASSWTANYGYTF,M1,Influenza,-2.6775160171426484
TRAIT,CASSYGVYGYTF,M1,Influenza,-2.646965608969992
TRAIT,CSAREGSYEQYF,M1,Influenza,-2.3865288578751085
TRAIT,CASSFGQGADEQYF,M1,Influenza,-2.9756216580462973
TRAIT,CASSFGQGSYEQYF,M1,Influenza,-1.017669012439042
TRAIT,CASSLVGVDEQFF,M1,Influenza,2.8127453616559235
TRAIT,CASSLFSETQYF,M1,Influenza,1.7335125601996375
TRAIT,CASGGTSTDTQYF,M1,Influenza,1.0104110828310464
TRAIT,CASRSGTEAFF,M1,Influenza,-3.130733521662726
TRAIT,CASSFTGNSPLHF,M1,Influenza,0.8467969583534709
TRAIT,CASSFVAGGYNEQFF,M1,Influenza,-1.7451573471926976
TRAIT,CASSIRPSYEQYF,M1,Influenza,-1.4333000033491987
TRAIT,CASSVNSNQPQHF,M1,Influenza,-0.8386800804004677
TRAIT,CASSVQSSYEQYF,M1,Influenza,-2.381262818594683
TRAIT,CASSYTTNYGYTF,M1,Influenza,-1.5297653574384715
TRAIT,CASSLTGSPYNEQFF,M1,Influenza,-1.4717670500587392
TRAIT,CASSPGQGAWEQYF,M1,Influenza,0.8115729345809729
TRAIT,CASSPLAGGATDTQYF,M1,Influenza,2.064752166013673
TRAIT,CASSSGTSGGDEQFF,M1,Influenza,-2.5568918313101223
TRAIT,CSARRGTEAFF,Spike,COVID-19 / SARS-CoV-2 / SARS-CoV,0.5983788893971387
TRAIT,CASSEGASNQPQHF,Spike,COVID-19 / SARS-CoV-2 / SARS-CoV,-0.9243336289388682
TRAIT,CASSEGVSNQPQHF,Spike,COVID-19 / SARS-CoV-2 / SARS-CoV,0.8108413155654898
TRAIT,CASSTRQNTEAFF,Gag,HIV / Human immunodeficiency virus (HIV),1.113413151492038
TRAIT,CASSQGVGNTIYF,Gag,HIV / Human immunodeficiency virus (HIV),0.5149997594089694
TRAIT,CASSLDVGEQYF,Gag,HIV / Human immunodeficiency virus (HIV),1.3969828527927586
TRAIT,CASSTRGNTEAFF,Gag,HIV / Human immunodeficiency virus (HIV),-0.6331246018079723
TRAIT,CASSSGLAGGREQFF,Gag,HIV / Human immunodeficiency virus (HIV),1.102753794166868
TRAIT,CASSLQRGRTDTQYF,IE1,Cytomegalovirus (CMV),1.902075592058144
TRAIT,CASSLQTGLNTEAFF,pp65,Cytomegalovirus (CMV),2.09929976365623
TRAIT,CASSDLNSPLHF,BZLF1,EBV,-1.951561679236078
TRAIT,CASSIGQAYEQYF,EBNA3A,EBV,-0.8922692597297109
TRAIT,CASSLGVSQETQYF,BRLF1,EBV,3.4145198796442706
TRAIT,CASSLQGSNQPQHF,BRLF1,EBV,1.0916480617337796
TRAIT,CASSLRTTNEKLFF,EBNA3A,EBV,1.1289017580145666
TRAIT,CASSLVSSGANVLTF,BZLF1,EBV,0.572498058308304
TRAIT,CASSPDGELFF,EBNA3B,EBV,-2.555137207035284
TRAIT,CASSSLRGSNQPQHF,BRLF1,EBV,1.965154144205513
TRAIT,CASSVGQAYEQYF,EBNA3A,EBV,1.2009067851027295
TRAIT,CASSWGQGSNYGYTF,ebna4,EBV,3.413667928328929
TRAIT,CASSLLGQDNSPLHF,pp65,Cytomegalovirus (CMV),3.9886250872902953
TRAIT,CASSLQTGQETQYF,pp65,Cytomegalovirus (CMV),2.282733139926537
TRAIT,CASSRENSNQPQHF,pp65,Cytomegalovirus (CMV),3.074369875142548
TRAIT,CASSDTGGNQPQHF,EBNA3B,EBV,1.5469868808654716
TRAIT,CASSFQGSNEKLFF,BZLF1,EBV,1.7190875652434014
TRAIT,CASSLAPSYEQYF,BZLF1,EBV,-0.9485840879060669
TRAIT,CASSLEAGVSYEQYF,EBNA3A,EBV,-5.494873197858702
TRAIT,CASSLEGSYEQYF,BZLF1,EBV,-0.3882667022556987
TRAIT,CASSLGASTDTQYF,EBNA3A,EBV,1.447578616357752
TRAIT,CASSLGDRGLGYTF,BRLF1,EBV,-1.766195193531675
TRAIT,CASSLGLENEQFF,BMLF1,EBV,-1.352812732167428
TRAIT,CASSLGTGHNEQFF,BZLF1,EBV,1.1982929883504811
TRAIT,CASSLTGGTYEQYF,EBNA3A,EBV,0.5899136017506144
TRAIT,CASSLVGGQETQYF,EBNA3B,EBV,2.031858982824198
TRAIT,CASSLYSDTQYF,BRLF1,EBV,1.4206811119403788
TRAIT,CASSPGQGSSYEQYF,BZLF1,EBV,0.5008655688101185
TRAIT,CASSPGTGEGYEQYF,BZLF1,EBV,1.9220575360852925
TRAIT,CASSPGTLYGYTF,EBNA3A,EBV,-1.0710719764621777
TRAIT,CASSQAGQGNSPLHF,BZLF1,EBV,0.959900836298915
TRAIT,CASSQEGTGSYEQYF,ebna4,EBV,-4.125704131841593
TRAIT,CASSSGNTEAFF,BRLF1,EBV,-0.2751626783792882
TRAIT,CASSSVNEQYF,EBNA3A,EBV,4.071604476437768
TRAIT,CASSVASGTDTQYF,EBNA3A,EBV,-1.769905448716132
TRAIT,CSVGGAYEQYF,EBNA3A,EBV,-2.3964683661955903
TRAIT,CASSSLNTEAFF,BZLF1,EBV,-0.5587201208481938
TRAIT,CASSFSTDTQYF,BMLF1,EBV,1.5731027113333045
TRAIT,CASSPLTDTQYF,BZLF1,EBV,1.2671666981870695
TRAIT,CASSWTGPSYEQYF,pp50,Cytomegalovirus (CMV),2.77863386531798
TRAIT,CASSYSSSSYNEQFF,NP,Influenza,-2.3101326305946035
TRAIT,CASSLAGYEQYF,pp65,Cytomegalovirus (CMV),1.362668185384841
TRAIT,CASSFITDTQYF,pp50,Cytomegalovirus (CMV),-1.613115760343312
TRAIT,CASSLAGAGNEQFF,pp50,Cytomegalovirus (CMV),1.0663757197169677
TRAIT,CASSLAQGYEQYF,pp50,Cytomegalovirus (CMV),0.5525498869068441
TRAIT,CASSLASTGELFF,pp50,Cytomegalovirus (CMV),0.7051556769803481
TRAIT,CASSLEAGDQPQHF,pp50,Cytomegalovirus (CMV),-1.2389949452489195
TRAIT,CASSLEAGGQPQHF,pp50,Cytomegalovirus (CMV),-3.407072548251007
TRAIT,CASSLEGSTDTQYF,pp50,Cytomegalovirus (CMV),2.127463783538621
TRAIT,CASSLFGGNTEAFF,pp50,Cytomegalovirus (CMV),0.5696789720426289
TRAIT,CASSLGGEQFF,pp50,Cytomegalovirus (CMV),0.9885116165941382
TRAIT,CASSLGGSGYEQYF,pp50,Cytomegalovirus (CMV),-0.4860126022157501
TRAIT,CASSLGTSGSYEQYF,pp50,Cytomegalovirus (CMV),0.7209935047670586
TRAIT,CASSLGYGTEAFF,pp50,Cytomegalovirus (CMV),-1.1288798120469328
TRAIT,CASSLPLTDTQYF,pp50,Cytomegalovirus (CMV),-3.3577138283720864
TRAIT,CASSLSGSYEQYF,pp50,Cytomegalovirus (CMV),0.7151004946590495
TRAIT,CASSLTDTQYF,pp50,Cytomegalovirus (CMV),1.763520970449541
TRAIT,CASSPDTGELFF,pp50,Cytomegalovirus (CMV),0.4903135150466897
TRAIT,CASSPGAVYEQYF,pp50,Cytomegalovirus (CMV),-1.916138132363796
TRAIT,CASSPGQDTDTQYF,pp50,Cytomegalovirus (CMV),0.9937804547313436
TRAIT,CASSPGSTDTQYF,pp50,Cytomegalovirus (CMV),1.4478950120369785
TRAIT,CASSPQGINTEAFF,pp50,Cytomegalovirus (CMV),1.239318434738998
TRAIT,CASSPRTGLNTEAFF,pp50,Cytomegalovirus (CMV),0.692522083246124
TRAIT,CASSPRTSGNEQFF,pp50,Cytomegalovirus (CMV),0.6797451921809616
TRAIT,CASSPTGGGTGELFF,pp50,Cytomegalovirus (CMV),0.6212535602914372
TRAIT,CASSPTGGNTGELFF,pp50,Cytomegalovirus (CMV),1.6324358405765809
TRAIT,CASSPTGGSSYEQYF,pp50,Cytomegalovirus (CMV),-1.1704887220932645
TRAIT,CASSPVGGSYNEQFF,pp50,Cytomegalovirus (CMV),-0.8896419299950814
TRAIT,CASSQAGSNYGYTF,pp50,Cytomegalovirus (CMV),-2.1771030896407235
TRAIT,CASSQDWDTQYF,pp50,Cytomegalovirus (CMV),-2.2717166171633694
TRAIT,CASSQGGSDTQYF,pp50,Cytomegalovirus (CMV),-1.902535930377793
TRAIT,CASSQGRGDTEAFF,pp50,Cytomegalovirus (CMV),-1.002965764412723
TRAIT,CASSQGRGRNTEAFF,pp50,Cytomegalovirus (CMV),-2.418894079650269
TRAIT,CASSQGTGNTEAFF,pp50,Cytomegalovirus (CMV),-0.4638216957977492
TRAIT,CASSQVQGAYEQYF,pp50,Cytomegalovirus (CMV),-2.974960865697363
TRAIT,CASSQVQGTDTQYF,pp50,Cytomegalovirus (CMV),-0.8768921682323837
TRAIT,CASSRRGQNTEAFF,pp50,Cytomegalovirus (CMV),2.9941037033415188
TRAIT,CASSRTLNTEAFF,pp50,Cytomegalovirus (CMV),0.6397466296377188
TRAIT,CASSWDSSYEQYF,pp50,Cytomegalovirus (CMV),-1.4546585619003598
TRAIT,CASSYSAGGPYEQYF,pp50,Cytomegalovirus (CMV),1.1313112052407934
TRAIT,CSVGGSTDTQYF,pp50,Cytomegalovirus (CMV),1.5903708585147052
TRAIT,CASSPGTDTQYF,NP,Influenza,1.2309983551382429
TRAIT,CASSPTRNTEAFF,pp65,Cytomegalovirus (CMV),1.422600015173221
TRAIT,CASREGSYNEQFF,NP,Influenza,-1.4456065475364477
TRAIT,CASSFREAYEQYF,NP,Influenza,-4.6366224315015785
TRAIT,CASSGGLAGTYEQYF,NP,Influenza,1.7631311819002606
TRAIT,CASSKQGSSYNEQFF,NP,Influenza,1.1122640261124377
TRAIT,CASSLEGDQPQHF,NP,Influenza,0.8926174245508388
TRAIT,CASSLGGANVLTF,NP,Influenza,0.4745456148361759
TRAIT,CASSLGGQGAGETQYF,NP,Influenza,3.358851892391749
TRAIT,CASSLGQGNTEAFF,NP,Influenza,1.7453188530560624
TRAIT,CASSLGRETQYF,NP,Influenza,1.3280100112407354
TRAIT,CASSLGRGTGELFF,NP,Influenza,0.5303654854562803
TRAIT,CASSLLGSGETQYF,NP,Influenza,-1.585441487873462
TRAIT,CASSLQGPNQPQHF,NP,Influenza,0.4629206438723476
TRAIT,CASSLSGSTDTQYF,NP,Influenza,0.8754839570398442
TRAIT,CASSLVSGDTQYF,NP,Influenza,-1.0694694821371864
TRAIT,CASSPARNTEAFF,pp65,Cytomegalovirus (CMV),-0.4547844342759563
TRAIT,CASSPDSPYEQYF,NP,Influenza,-2.0302918865579738
TRAIT,CASSPGLANTDTQYF,NP,Influenza,1.7734216623733206
TRAIT,CASSPRTSGLTDTQYF,NP,Influenza,4.576975399767443
TRAIT,CASSPWGGEQYF,NP,Influenza,-1.1067827870680804
TRAIT,CASSQGLGSYEQYF,NP,Influenza,-1.9336709001393968
TRAIT,CASSQSGTSTDTQYF,NP,Influenza,-1.2992825939335877
TRAIT,CASSQSPGGIQYF,NP,Influenza,3.309354958689178
TRAIT,CASSQVGGDEQFF,NP,Influenza,-3.1905154018407056
TRAIT,CASSRDSTGELFF,NP,Influenza,1.4888385870164718
TRAIT,CASSSVNEQFF,NP,Influenza,0.7202654924722703
TRAIT,CASSTTSGNTGELFF,NP,Influenza,4.745919943169916
TRAIT,CASSVDGGGTEAFF,NP,Influenza,-4.028356953812956
TRAIT,CASSVGGSNQPQHF,NP,Influenza,-1.0056307476490218
TRAIT,CASSVGVSYEQYF,NP,Influenza,-2.678478446053328
TRAIT,CSARDRDRGYEQYF,NP,Influenza,-2.568393036252077
TRAIT,CSARLADNEQFF,NP,Influenza,-7.076739734826994
TRAIT,CASSASGGAGNEQFF,M1,Influenza,-1.7003152406234237
TRAIT,CASSEGQGPSYEQYF,M1,Influenza,-3.1474861799734613
TRAIT,CASSFSGTANTEAFF,M1,Influenza,1.6184973158697105
TRAIT,CASSFSSSYNEQFF,M1,Influenza,-0.7691442610360962
TRAIT,CASSLAASNQPQHF,M1,Influenza,-1.5870116545425006
TRAIT,CASSLAGNYGYTF,M1,Influenza,1.5464715359330363
TRAIT,CASSLAYEQFF,M1,Influenza,0.9151331473672778
TRAIT,CASSLGQSANYGYTF,M1,Influenza,3.0706764862737006
TRAIT,CASSLGTGLYGYTF,M1,Influenza,0.5706789882561405
TRAIT,CASSLGVGTEAFF,M1,Influenza,-0.7444659942353463
TRAIT,CASSLNGGSSYNEQFF,M1,Influenza,-4.111521046357181
TRAIT,CASSLQGNYGYTF,M1,Influenza,1.3825238974630438
TRAIT,CASSLSSYNEQFF,M1,Influenza,0.3133328277866052
TRAIT,CASSLTSGNEQFF,M1,Influenza,-0.7356638175833511
TRAIT,CASSLYRGEKLFF,M1,Influenza,-1.1490337856578714
TRAIT,CASSPDSYNQPQHF,M1,Influenza,-1.0236251242941612
TRAIT,CASSPKDTQYF,M1,Influenza,1.8628184960241685
TRAIT,CASSPTGGNTEAFF,M1,Influenza,1.3044334159939286
TRAIT,CASSQGEGTEAFF,M1,Influenza,-0.9107654319173004
TRAIT,CASSQGGQGYEQYF,M1,Influenza,-1.2689365270858497
TRAIT,CASSQGNEQFF,M1,Influenza,-1.7506119554480906
TRAIT,CASSQGRQETQYF,M1,Influenza,2.157513476891105
TRAIT,CASSQTGSTDTQYF,M1,Influenza,0.4747638347868785
TRAIT,CASSRQTEAFF,M1,Influenza,-0.6457538355764
TRAIT,CASSRTGTYEQYF,M1,Influenza,0.9748423215271176
TRAIT,CASSRTSDTQYF,M1,Influenza,0.9269590701218124
TRAIT,CASSSGSFYEQYF,M1,Influenza,1.89530497597715
TRAIT,CASSSRTGGEQYF,M1,Influenza,-1.0848836081094224
TRAIT,CASSSSGTGAYEQYF,M1,Influenza,0.7682815885270824
TRAIT,CASSSSNQPQHF,M1,Influenza,0.8376436466114671
TRAIT,CASSVGSGTEAFF,M1,Influenza,-1.4330281762108732
TRAIT,CASSWGLDNEQFF,M1,Influenza,1.6887114581565768
TRAIT,CASSYGGYEQYF,M1,Influenza,-1.344305410019004
TRAIT,CASSYGQNYEQYF,M1,Influenza,-0.8778556139803927
TRAIT,CASSYGVGTEAFF,M1,Influenza,-1.5283101120110865
TRAIT,CASSYRVTEAFF,M1,Influenza,0.6963565845108239
TRAIT,CASSYSGDYNEQFF,M1,Influenza,-3.9976361542708494
TRAIT,CASSYSSSYNEQFF,M1,Influenza,-2.99231477905861
TRAIT,CATSRDRYEQYF,M1,Influenza,0.5867613093891484
TRAIT,CAWSVGGGGYTF,M1,Influenza,-2.0282316452448503
TRAIT,CAWSVSSYEQYF,M1,Influenza,1.8344191655996105
TRAIT,CSVGSGGTNEKLFF,M1,Influenza,1.9351893502726667
TRAIT,CASRDNNQPQHF,BMLF1,EBV,2.2274198291144733
TRAIT,CASRLGETQYF,BMLF1,EBV,0.612199943277546
TRAIT,CASSFGATDTQYF,BMLF1,EBV,-1.2708892912282208
TRAIT,CASSKQGSTEAFF,BMLF1,EBV,2.305835977753299
TRAIT,CASSLAYNEQFF,BMLF1,EBV,-0.901555238902922
TRAIT,CASSLDRGNTIYF,BMLF1,EBV,0.843088497396922
TRAIT,CASSLGGGGGNQPQHF,BMLF1,EBV,2.0546094358531266
TRAIT,CASSLGGGPQETQYF,BMLF1,EBV,-2.133404867790365
TRAIT,CASSLGGRASTDTQYF,BMLF1,EBV,-0.9655896458384798
TRAIT,CASSLGGTYEQYF,BMLF1,EBV,0.5284477010504075
TRAIT,CASSLGGYEQYF,BMLF1,EBV,1.7684535943866897
TRAIT,CASSLGQAYEQYF,BMLF1,EBV,0.2626008104831027
TRAIT,CASSLLGSNQPQHF,BMLF1,EBV,-0.6041335333774703
TRAIT,CASSLSQGGNSPLHF,BMLF1,EBV,-0.6642299589968534
TRAIT,CASSLVGQGSYEQYF,BMLF1,EBV,-1.6659521488863898
TRAIT,CASSLWNTEAFF,BMLF1,EBV,-0.8125009599867984
TRAIT,CASSPGQGAGQPQHF,BMLF1,EBV,0.8152149354850543
TRAIT,CASSQAGQGAYEQYF,BMLF1,EBV,1.1977614551916136
TRAIT,CASSQELAGAYNEQFF,BMLF1,EBV,-1.0382761436146817
TRAIT,CASSQERGNEQFF,BMLF1,EBV,-2.117010615519228
TRAIT,CASSRDRSYNEQFF,BMLF1,EBV,-1.0908268803802166
TRAIT,CASSSGGNEQFF,BMLF1,EBV,-0.356470723797039
TRAIT,CASSSGLQETQYF,BMLF1,EBV,1.3496539314189857
TRAIT,CSARTSGTYEQYF,BMLF1,EBV,-1.423690098739404
TRAIT,CASRPGQGVYEQYF,BMLF1,EBV,1.973875439396501
TRAIT,CASSALDTQYF,BMLF1,EBV,2.007118759348045
TRAIT,CASSAPGQNYGYTF,BMLF1,EBV,-3.745578691692046
TRAIT,CASSDRTDTQYF,BMLF1,EBV,-0.7746621130159917
TRAIT,CASSFGPNTEAFF,BMLF1,EBV,-0.4812270179316457
TRAIT,CASSFGQGNTEAFF,BMLF1,EBV,0.6282837104997641
TRAIT,CASSFQGTEAFF,BMLF1,EBV,-0.6449426343714841
TRAIT,CASSGGQGNTEAFF,BMLF1,EBV,0.891012471924009
TRAIT,CASSHGGADTQYF,BMLF1,EBV,-1.6131823356066666
TRAIT,CASSLAGQRTDTQYF,BMLF1,EBV,-2.212610163711199
TRAIT,CASSLDTDTQYF,BMLF1,EBV,1.0956363028605889
TRAIT,CASSLEANTEAFF,BMLF1,EBV,0.6929680468266483
TRAIT,CASSLGAYEQYF,BMLF1,EBV,0.6751834307548624
TRAIT,CASSLGGEETQYF,BMLF1,EBV,0.7377360064876552
TRAIT,CASSLGGPYEQYF,BMLF1,EBV,0.7852946597419936
TRAIT,CASSLGQGEAFF,BMLF1,EBV,0.4479538427474859
TRAIT,CASSLHNEQFF,BMLF1,EBV,-0.6309743852967963
TRAIT,CASSLSGDYGYTF,BMLF1,EBV,0.5926941991437128
TRAIT,CASSLSGNEQYF,BMLF1,EBV,-0.9168574377690772
TRAIT,CASSLVQGYEQYF,BMLF1,EBV,1.612151249882156
TRAIT,CASSLVRGGNEQFF,BMLF1,EBV,2.769638814147643
TRAIT,CASSLVRNYEQYF,BMLF1,EBV,-2.057367977426055
TRAIT,CASSPGGAYNSPLHF,BMLF1,EBV,1.3752595299234929
TRAIT,CASSPGLAGANEQFF,BMLF1,EBV,0.529305551568988
TRAIT,CASSPGQGGTDTQYF,BMLF1,EBV,1.7818302348575128
TRAIT,CASSPGYEQYF,BMLF1,EBV,1.0903096804137475
TRAIT,CASSPIMNTEAFF,BMLF1,EBV,-1.0393200548769648
TRAIT,CASSPPGQGIYGYTF,BMLF1,EBV,-1.2873798348711194
TRAIT,CASSPRGDTQYF,BMLF1,EBV,0.988015076882352
TRAIT,CASSPRQGTETQYF,BMLF1,EBV,2.8468529151059285
TRAIT,CASSPTSGGYEQYF,BMLF1,EBV,-0.81258052407422
TRAIT,CASSQAKNTEAFF,BMLF1,EBV,-1.8602901414442143
TRAIT,CASSQDGGNEQFF,BMLF1,EBV,1.3273939882598844
TRAIT,CASSQDRGGNTIYF,BMLF1,EBV,0.7785145223772919
TRAIT,CASSQGQGGNQPQHF,BMLF1,EBV,-0.3592420300638332
TRAIT,CASSQGQGGYEQYF,BMLF1,EBV,-1.8497485236719096
TRAIT,CASSQGTAYGYTF,BMLF1,EBV,-0.6714159116930781
TRAIT,CASSQLAGVETQYF,BMLF1,EBV,1.3994503989939306
TRAIT,CASSQSGNTEAFF,BMLF1,EBV,0.3672244648424994
TRAIT,CASSQVLDTEAFF,BMLF1,EBV,-1.889759630644761
TRAIT,CASSRPGQGDTEAFF,BMLF1,EBV,6.636377043601332
TRAIT,CASSRPTGNTEAFF,BMLF1,EBV,1.2586595931292663
TRAIT,CASSSGTGDYEQYF,BMLF1,EBV,-1.857738604746277
TRAIT,CASSSRGTYEQYF,BMLF1,EBV,-1.2774076973175066
TRAIT,CASSSTATYEQYF,BMLF1,EBV,-2.543750299898186
TRAIT,CASSSTGLNTEAFF,BMLF1,EBV,0.8703500100589032
TRAIT,CASSSTGYEQYF,BMLF1,EBV,0.2035382743019476
TRAIT,CASSTHTDTQYF,BMLF1,EBV,3.11299846024446
TRAIT,CASSWDSSYNEQFF,BMLF1,EBV,-4.324795067709493
TRAIT,CASSWGAGQPQHF,BMLF1,EBV,-1.0520445379415264
TRAIT,CASSYGREAFF,BMLF1,EBV,-4.685015802541372
TRAIT,CASSYRDSYEQYF,BMLF1,EBV,-1.2779560788331503
TRAIT,CASSYRNTIYF,BMLF1,EBV,-2.3826314519194787
TRAIT,CASSYSEGYEQYF,BMLF1,EBV,-4.433042151563564
TRAIT,CASSYSGTGAYEQYF,BMLF1,EBV,-2.806170595614987
TRAIT,CASTLGGNTGELFF,BMLF1,EBV,2.411691197509268
TRAIT,CASGTGTGELFF,BMLF1,EBV,-2.330910135668922
TRAIT,CASSDIYEQYF,BMLF1,EBV,-1.045835869088776
TRAIT,CASSDSSTDTQYF,BMLF1,EBV,-4.45292986959252
TRAIT,CASSFNNEQFF,BMLF1,EBV,-0.416768191178784
TRAIT,CASSFSGSTDTQYF,BMLF1,EBV,1.4752013693428525
TRAIT,CASSILGNSPLHF,BMLF1,EBV,-2.212610303140002
TRAIT,CASSLAIGELFF,BMLF1,EBV,-0.9175334029150573
TRAIT,CASSLDGTGYNEQFF,BMLF1,EBV,2.3976153437822094
TRAIT,CASSLTDPYEQYF,BMLF1,EBV,-6.592813833975946
TRAIT,CASSLVLQETQYF,BMLF1,EBV,1.158357832539595
TRAIT,CASSPDRGNQPQHF,BMLF1,EBV,0.7827788837555124
TRAIT,CASSPWGGGTEAFF,BMLF1,EBV,2.708391856505852
TRAIT,CASSSGNNEQFF,BMLF1,EBV,-2.7810047482356355
TRAIT,CASSSTGAGTDTQYF,BMLF1,EBV,3.500548396615025
TRAIT,CATRQGNQPQHF,BMLF1,EBV,-1.400339379136823
TRAIT,CASSLAGGSNQPQHF,M1,Influenza,0.6778418806647251
TRAIT,CASSLRGHSYEQYF,NP,Influenza,-2.7686294061304606
TRAIT,CASSPGTGTYGYTF,pp50,Cytomegalovirus (CMV),2.196926151487481
TRAIT,CASSVGQGVTYEQYF,pp50,Cytomegalovirus (CMV),-2.470733684117209
TRAIT,CASTGGNEQFF,NP,Influenza,-2.0934197805343966
TRAIT,CASSPGLAGVYEQYF,NP,Influenza,0.3615239989892732
TRAIT,CASSFSPSSYNEQFF,M1,Influenza,-2.2386579164547338
TRAIT,CASSPTGGLETQYF,M1,Influenza,-0.9814963421606672
TRAIT,CASSETGGNQPQHF,pp65,Cytomegalovirus (CMV),0.955624363975811
TRAIT,CASSWQGNQPQHF,M1,Influenza,-0.666418254249868
TRAIT,CASRSEETQYF,pp65,Cytomegalovirus (CMV),1.2412667799449055
TRAIT,CASSPSSGAYEQYF,pp65,Cytomegalovirus (CMV),-1.0693750975223533
TRAIT,CASSLLSGGSYNEQFF,pp65,Cytomegalovirus (CMV),-1.6812072766784736
TRAIT,CASSLVPSGSTDTQYF,pp65,Cytomegalovirus (CMV),1.3013689573100429
TRAIT,CASSLASPETQYF,pp65,Cytomegalovirus (CMV),0.7987834572972351
TRAIT,CASSLMADTQYF,M1,Influenza,0.969674893857455
TRAIT,CASSSSGDGYTF,HA,Influenza,-1.2279930053481407
TRAIT,CASSLGGRPEAFF,HA,Influenza,-3.486395007504712
TRAIT,CASSFQGWETQYF,HA,Influenza,2.849928664528289
TRAIT,CASSLQGTNEKLFF,HA,Influenza,1.403539626909002
TRAIT,CASSPRTGDQPQHF,HA,Influenza,-2.099092819372057
TRAIT,CASSGPGQGTDTQYF,HA,Influenza,-1.996092419724752
TRAIT,CASSLGNGNTIYF,HA,Influenza,-1.4464258238130403
TRAIT,CASSVGRNTEAFF,HA,Influenza,0.2331715981496452
TRAIT,CASSFFSYEQYF,HA,Influenza,-0.9856734371190562
TRAIT,CASSSSGGGTDTQYF,HA,Influenza,-1.7705414430165185
TRAIT,CASSYDTNTEAFF,HA,Influenza,-1.7897573659199733
TRAIT,CASSLASGGVNEQFF,HA,Influenza,2.332140102729704
TRAIT,CASSRENTEAFF,HA,Influenza,0.2197181999151491
TRAIT,CASSHGTGAYEQYF,HA,Influenza,-2.532029577269164
TRAIT,CASSLLGNEQFF,HA,Influenza,-0.2468019943308663
TRAIT,CASSPDGSSYNEQFF,HA,Influenza,0.7547523386515722
TRAIT,CASSPGTGLDTQYF,HA,Influenza,3.8216194618613937
TRAIT,CASSLRQGANTGELFF,pp65,Cytomegalovirus (CMV),2.6793289507323403
TRAIT,CASSSRDRGAYEQYF,pp65,Cytomegalovirus (CMV),-1.3958979421687077
TRAIT,CASSLGSSGNEQFF,pp65,Cytomegalovirus (CMV),-3.182768176696802
TRAIT,CASSLGAGNYGYTF,pp65,Cytomegalovirus (CMV),-0.2218075769436971
TRAIT,CASSLGPGNYEQYF,pp65,Cytomegalovirus (CMV),-1.029690741359356
TRAIT,CASSLGGSPNYGYTF,pp65,Cytomegalovirus (CMV),-1.7711518558071893
TRAIT,CASSLTSEQFF,pp65,Cytomegalovirus (CMV),1.039822784623873
TRAIT,CASSVVNEQFF,pp65,Cytomegalovirus (CMV),2.072834594614334
TRAIT,CASSLTNEQFF,pp65,Cytomegalovirus (CMV),-1.0142337727757056
TRAIT,CSVGQGGNYGYTF,BZLF1,EBV,1.6294284837885926
TRAIT,CSVGGGTEAFF,BZLF1,EBV,-0.9220891904866718
TRAIT,CASSPSGANVLTF,BZLF1,EBV,1.423402368813207
TRAIT,CASSSPNTEAFF,BZLF1,EBV,-0.3523371743450084
TRAIT,CASSSLDTEAFF,BZLF1,EBV,-2.11412378608321
TRAIT,CASSSLSTEAFF,BZLF1,EBV,0.912894683995839
TRAIT,CASSTGQAYEQYF,EBNA3A,EBV,1.0101574750749025
TRAIT,CASSYSSGELFF,pp65,Cytomegalovirus (CMV),-2.371356156168203
TRAIT,CATSDDRDTGELFF,pp65,Cytomegalovirus (CMV),-9.206892081856088
TRAIT,CASNQETQYF,EBNA3A,EBV,1.756474275065694
TRAIT,CASSWGPEAFF,EBNA3A,EBV,-3.931423711689258
TRAIT,CASSPLAGVGETQYF,BZLF1,EBV,1.5251601482581645
TRAIT,CASSLIRGTGELFF,BZLF1,EBV,1.9640375196948288
TRAIT,CASSLLAGQETQYF,BZLF1,EBV,0.8259220794194245
TRAIT,CASSLSAGQETQYF,BZLF1,EBV,1.603308937208806
TRAIT,CASSSSGSSYNEQFF,Gag,HIV / Human immunodeficiency virus (HIV),0.7946442755946157
TRAIT,CASSLRGETQYF,Gag,HIV / Human immunodeficiency virus (HIV),1.0019274565105594
TRAIT,CASSLETGTEAFF,Gag,HIV / Human immunodeficiency virus (HIV),-1.0046437971373812
TRAIT,CASSPTGGPGELFF,Gag,HIV / Human immunodeficiency virus (HIV),1.4010673817874526
TRAIT,CASSHLDQPQHF,Gag,HIV / Human immunodeficiency virus (HIV),3.491888770547293
TRAIT,CASRDYEQYF,Gag,HIV / Human immunodeficiency virus (HIV),-2.031490820835659
TRAIT,CASSLESGSSYNEQFF,Gag,HIV / Human immunodeficiency virus (HIV),-1.2290300509004513
TRAIT,CASSLGTSGSYEQYF,Gag,HIV / Human immunodeficiency virus (HIV),0.7209935047670586
TRAIT,CASSPSGTPYEQYF,Gag,HIV / Human immunodeficiency virus (HIV),-3.567914601643883
TRAIT,CATRSTDTQYF,Gag,HIV / Human immunodeficiency virus (HIV),1.5850574547974836
TRAIT,CASSYSTSGSTDTQYF,Gag,HIV / Human immunodeficiency virus (HIV),-2.653377647309493
TRAIT,CASSLGRGSGANVLTF,Gag,HIV / Human immunodeficiency virus (HIV),-1.8420197004275471
TRAIT,CASRRLAGSTDTQYF,pp65,Cytomegalovirus (CMV),1.641909288288656
TRAIT,CASSLIAGGPYNEQFF,pp65,Cytomegalovirus (CMV),-1.710370510244868
TRAIT,CASSLRAGMNTEAFF,pp65,Cytomegalovirus (CMV),-1.047677609485131
TRAIT,CASSEDGMNTEAFF,pp65,Cytomegalovirus (CMV),4.055748601748396
TRAIT,CASSLDQGGTEAFF,pp65,Cytomegalovirus (CMV),-1.0147865870751267
TRAIT,CASSLSAEAFF,LMP2,EBV,-3.283892397908674
TRAIT,CASSPGTAEKLFF,BMLF1,EBV,2.2937583217444883
TRAIT,CASSLEGQASSYEQYF,BMLF1,EBV,2.4587340951250205
TRAIT,CASSYQGTEAFF,BMLF1,EBV,-2.158311953175188
TRAIT,CASSSDSYEQYF,BMLF1,EBV,0.3234777531820027
TRAIT,CASRDTSYEQYF,BMLF1,EBV,-2.4849612548266027
TRAIT,CASSTPGQGTQPQHF,BMLF1,EBV,4.7047116705379874
TRAIT,CASSIVGGNEQFF,M1,Influenza,-5.815340628536601
TRAIT,CASSIVGGNEQFF,BMLF1,EBV,-5.815340628536601
TRAIT,CASSMRSTGELFF,BMLF1,EBV,-2.161050935842372
TRAIT,CASSQRSTGELFF,BMLF1,EBV,1.006822858696249
TRAIT,CASSLRSTGELFF,BMLF1,EBV,1.3052969879764025
TRAIT,CASSIRSTGELFF,BMLF1,EBV,-2.627699312335356
TRAIT,CASSIVGGNEQFF,BRLF1,EBV,-5.815340628536601
TRAIT,CASSQRSTGELFF,BRLF1,EBV,1.006822858696249
TRAIT,CASSMRSTGELFF,BRLF1,EBV,-2.161050935842372
TRAIT,CASSIRSTGELFF,BRLF1,EBV,-2.627699312335356
TRAIT,CASSIRSAYEQYF,BRLF1,EBV,-3.335188824703122
TRAIT,CASSTRSSYEQYF,BRLF1,EBV,-2.88400548878444
TRAIT,CASSTGNYGYTF,M1,Influenza,0.5273613569076674
TRAIT,CASSTGFYGYTF,M1,Influenza,0.7137229680071187
TRAIT,CASSTGIYGYTF,M1,Influenza,1.2775644083729336
TRAIT,CASSLGPASYEQYF,pp65,Cytomegalovirus (CMV),-0.6645148395315238
TRAIT,CASSVGPGNTIYF,pp65,Cytomegalovirus (CMV),0.9247388171701646
TRAIT,CASSFQGADYGYTF,pp65,Cytomegalovirus (CMV),-1.422946471904397
TRAIT,CASSSGQEAFF,pp65,Cytomegalovirus (CMV),-3.488700750566625
TRAIT,CSAPDRDTEAFF,pp65,Cytomegalovirus (CMV),1.1679100382986651
TRAIT,CASSLGQLYGYTF,pp65,Cytomegalovirus (CMV),-0.4599390208447895
TRAIT,CASSRLAGGTGELFF,IE1,Cytomegalovirus (CMV),1.7909303224870907
TRAIT,CASSRLAGSTDTQYF,IE1,Cytomegalovirus (CMV),1.1959210628610617
TRAIT,CASSLEGFTDTQYF,IE1,Cytomegalovirus (CMV),-1.6267316751064658
TRAIT,CASSSGTSGYEQYF,IE1,Cytomegalovirus (CMV),0.4557969390406666
TRAIT,CASSLSRGAYEQYF,IE1,Cytomegalovirus (CMV),-2.024849429472158
TRAIT,CASSPGGQGGQPQHF,IE1,Cytomegalovirus (CMV),-2.5657686747723747
TRAIT,CASSLMTGELFF,EBNA1,EBV,1.1931350955728268
TRAIT,CASSLTGGYNEQFF,EBNA1,EBV,-0.702160033803928
TRAIT,CASSGRSNTEAFF,M1,Influenza,1.0493879731086064
TRAIT,CASSITSSYNEQFF,M1,Influenza,-2.235276559648156
TRAIT,CASSSGGGNEQFF,CDK4,Cancer/Self antigen,-0.8067582176838227
TRAIT,CASSEGRETQYF,CDK4,Cancer/Self antigen,1.7393646773444855
TRAIT,CASSIGQGPYEQYF,CDK4,Cancer/Self antigen,0.5131651719956277
TRAIT,CASSLGGRRYEQYF,CDK4,Cancer/Self antigen,-2.537865367386702
TRAIT,CASSERSTDTQYF,M1,Influenza,-2.7628950905089864
TRAIT,CASSRQSNQPQHF,M1,Influenza,0.7772390496416878
TRAIT,CASSHRGTGELFF,M1,Influenza,-0.7351396511254669
TRAIT,CASSLGTQTYEQYF,NS3,Hepatitis C virus (HCV),2.220016388156662
TRAIT,CASSLSGTGELFF,NS3,Hepatitis C virus (HCV),0.772147722041637
TRAIT,CASSRGPDTEAFF,NS3,Hepatitis C virus (HCV),1.4785497511131034
TRAIT,CASSEGTTNTGELFF,NS5B,Hepatitis C virus (HCV),-1.043086571117307
TRAIT,CASSFDGGNQPQHF,NS5B,Hepatitis C virus (HCV),-2.007805293530315
TRAIT,CASSFDRGGYEQYF,NS5B,Hepatitis C virus (HCV),-2.0728513740537577
TRAIT,CASSPGTTNTGELFF,NS5B,Hepatitis C virus (HCV),1.471028754439631
TRAIT,CASSLASNEQFF,NS5B,Hepatitis C virus (HCV),-2.0913870413297704
TRAIT,CASSFSSGGYEQYF,NS5B,Hepatitis C virus (HCV),-1.2068162569940126
TRAIT,CASSQQGEKLFF,NS3,Hepatitis C virus (HCV),1.8024474322170647
TRAIT,CASSQGQTNEKLFF,NS3,Hepatitis C virus (HCV),1.0232324462643732
TRAIT,CASSTGGGTEAFF,NS3,Hepatitis C virus (HCV),-2.4409257883319824
TRAIT,CASTRDTEAFF,NS3,Hepatitis C virus (HCV),-1.0408087268596344
TRAIT,CASSLRSDTEAFF,NS3,Hepatitis C virus (HCV),1.3440561446912356
TRAIT,CASSLVGSGDTQYF,NS3,Hepatitis C virus (HCV),1.8907259127220504
TRAIT,CASSLWGADGYTF,NS3,Hepatitis C virus (HCV),1.6038391422918776
TRAIT,CASSLSGGNQETQYF,NS3,Hepatitis C virus (HCV),1.49289099029187
TRAIT,CASSFGGSTEAFF,IE1,Cytomegalovirus (CMV),-0.6085790902763059
TRAIT,CASSWGYEQYF,IE1,Cytomegalovirus (CMV),-0.797043915179946
TRAIT,CASSRTSGPYNEQFF,IE1,Cytomegalovirus (CMV),-0.3913692178058678
TRAIT,CASSRTGSTEAFF,IE1,Cytomegalovirus (CMV),0.9533354650613522
TRAIT,CASSITSGPYNEQFF,IE1,Cytomegalovirus (CMV),2.1969597999494024
TRAIT,CASSSGRSNQPQHF,IE1,Cytomegalovirus (CMV),0.6861691588754054
TRAIT,CASRLGGGNTEAFF,IE1,Cytomegalovirus (CMV),-1.325494847091128
TRAIT,CASSLGQLEQYF,IE1,Cytomegalovirus (CMV),-2.980878254497932
TRAIT,CASSLGQLEAFF,IE1,Cytomegalovirus (CMV),-2.6253822383561864
TRAIT,CASSIVGEQFF,IE1,Cytomegalovirus (CMV),-3.31005090940832
TRAIT,CASSLLAGAADTQYF,IE1,Cytomegalovirus (CMV),0.8771261720644747
TRAIT,CASSLGASTDTQYF,IE1,Cytomegalovirus (CMV),1.447578616357752
TRAIT,CASRLQGGNTEAFF,IE1,Cytomegalovirus (CMV),-0.7998660247311107
TRAIT,CASSPGQGTDTQYF,IE1,Cytomegalovirus (CMV),1.3731051724943892
TRAIT,CASSLTRGTEAFF,Gag,HIV / Human immunodeficiency virus (HIV),0.6258079987892511
TRAIT,CASSLGPEAFF,Gag,HIV / Human immunodeficiency virus (HIV),-1.6360047482356357
TRAIT,CASSLPGELFF,Gag,HIV / Human immunodeficiency virus (HIV),-1.250764485934735
TRAIT,CASKAGGSYNEQFF,Gag,HIV / Human immunodeficiency virus (HIV),-0.8067903426879731
TRAIT,CASSLGYTEAFF,Gag,HIV / Human immunodeficiency virus (HIV),0.2007605051942767
TRAIT,CASSLGPGEAFF,Gag,HIV / Human immunodeficiency virus (HIV),-1.2004870073852074
TRAIT,CASSLGYGEAFF,Gag,HIV / Human immunodeficiency virus (HIV),-4.641084263544133
TRAIT,CASSVLGGYTF,Gag,HIV / Human immunodeficiency virus (HIV),-2.578695922075921
TRAIT,CASSGQETQYF,Gag,HIV / Human immunodeficiency virus (HIV),0.7813948632151142
TRAIT,CASSLGQLNEQFF,Gag,HIV / Human immunodeficiency virus (HIV),-1.312615490185316
TRAIT,CASSLNRGTDTQYF,Gag,HIV / Human immunodeficiency virus (HIV),1.6496040996842838
TRAIT,CASRQGPYEQYF,Gag,HIV / Human immunodeficiency virus (HIV),0.4520912027195711
TRAIT,CASSLGLNTIYF,Gag,HIV / Human immunodeficiency virus (HIV),-1.337600959933635
TRAIT,CASSLGASYEQYF,Gag,HIV / Human immunodeficiency virus (HIV),-0.5114146943162847
TRAIT,CASSFSKNTEAFF,Gag,HIV / Human immunodeficiency virus (HIV),1.81717983966558
TRAIT,CASSQGTTDTQYF,Gag,HIV / Human immunodeficiency virus (HIV),1.1551641887114688
TRAIT,CASRPGQGGYEQYF,POL,HIV / Human immunodeficiency virus (HIV),1.3629172907371667
TRAIT,CASSTNNEQFF,POL,HIV / Human immunodeficiency virus (HIV),-2.47213329125514
TRAIT,CASSLGYGYTF,Gag,HIV / Human immunodeficiency virus (HIV),1.555048874487146
TRAIT,CASSLTYGYTF,Gag,HIV / Human immunodeficiency virus (HIV),0.8293660851509701
TRAIT,CASSSRTGGYGYTF,Gag,HIV / Human immunodeficiency virus (HIV),-0.5120708712608257
TRAIT,CASSLRGTGELFF,Nef,HIV / Human immunodeficiency virus (HIV),1.4545683391176798
TRAIT,CASSGPGGEQYF,Gag,HIV / Human immunodeficiency virus (HIV),1.9479881183330687
TRAIT,CASSLGGGYTF,Gag,HIV / Human immunodeficiency virus (HIV),0.3271162580470386
TRAIT,CASSPGQTNYGYTF,Gag,HIV / Human immunodeficiency virus (HIV),0.6920184932903416
TRAIT,CASSPRDSQETQYF,Gag,HIV / Human immunodeficiency virus (HIV),-0.3765441314331214
TRAIT,CASRGGSGELFF,Gag,HIV / Human immunodeficiency virus (HIV),-3.840957883696216
TRAIT,CASSLGSAKNIQYF,Gag,HIV / Human immunodeficiency virus (HIV),-1.6232806478966897
TRAIT,CASSEAGGTEAFF,Gag,HIV / Human immunodeficiency virus (HIV),-1.3420987934832342
TRAIT,CASSQGTGSTDTQYF,Gag,HIV / Human immunodeficiency virus (HIV),-1.0052431305250162
TRAIT,CASSPGGGELFF,Gag,HIV / Human immunodeficiency virus (HIV),-2.5034519327625926
TRAIT,CASSQGLAGDEQFF,Gag,HIV / Human immunodeficiency virus (HIV),-1.5842492037686582
TRAIT,CASSSGTGPNEKLFF,pp65,Cytomegalovirus (CMV),3.241745488241756
TRAIT,CASSPGTGPNEKLFF,pp65,Cytomegalovirus (CMV),-0.8744837114474787
TRAIT,CASSRRTSGTYEQYF,Gag,HIV / Human immunodeficiency virus (HIV),1.6560351870381842
TRAIT,CASRTSGTYEQYF,Gag,HIV / Human immunodeficiency virus (HIV),1.6665903229398775
TRAIT,CASRPTATNEKLFF,Gag,HIV / Human immunodeficiency virus (HIV),-1.3485526153742915
TRAIT,CASSPGLAGTGELFF,Gag,HIV / Human immunodeficiency virus (HIV),1.7698074694105848
TRAIT,CASSPLTSGTDTQYF,Gag,HIV / Human immunodeficiency virus (HIV),0.9789011491364524
TRAIT,CASSPRTSGPYEQYF,Gag,HIV / Human immunodeficiency virus (HIV),0.6254135993072982
TRAIT,CASSPRTSGSYEQYF,Gag,HIV / Human immunodeficiency virus (HIV),1.0528313545957293
TRAIT,CASSQGLAGTGELFF,Gag,HIV / Human immunodeficiency virus (HIV),0.9031468170007156
TRAIT,CASSGQTNTEAFF,Gag,HIV / Human immunodeficiency virus (HIV),1.2149487473736842
TRAIT,CASSLRTSGSYEQYF,Gag,HIV / Human immunodeficiency virus (HIV),-0.574015096499531
TRAIT,CASSPRTSGTYEQYF,Gag,HIV / Human immunodeficiency virus (HIV),0.7019596075468919
TRAIT,CASSLRTSGGTDTQYF,Gag,HIV / Human immunodeficiency virus (HIV),1.0217570570693555
TRAIT,CASSPRTSGGTDTQYF,Gag,HIV / Human immunodeficiency virus (HIV),0.6133705468325455
TRAIT,CASRDSNYGYTF,Gag,HIV / Human immunodeficiency virus (HIV),1.372276928288775
TRAIT,CASSVVGSYNEQFF,Gag,HIV / Human immunodeficiency virus (HIV),-1.18709347870517
TRAIT,CASRAGTSGTGELFF,Gag,HIV / Human immunodeficiency virus (HIV),2.35596883077614
TRAIT,CASSRLAGGTDTQYF,Gag,HIV / Human immunodeficiency virus (HIV),0.6533745330920832
TRAIT,CASSRLAGGSSYEQYF,Gag,HIV / Human immunodeficiency virus (HIV),-1.8329440746649044
TRAIT,CASSARTSGGTDTQYF,Gag,HIV / Human immunodeficiency virus (HIV),1.5369887089211312
TRAIT,CASSLRTSGGADTQYF,Gag,HIV / Human immunodeficiency virus (HIV),1.935516663186964
TRAIT,CASSPLAVQETQYF,Gag,HIV / Human immunodeficiency virus (HIV),-1.3556218097207011
TRAIT,CASRRLAGGTGELFF,Gag,HIV / Human immunodeficiency virus (HIV),2.8834452030257203
TRAIT,CASSEVSGANVLTF,Gag,HIV / Human immunodeficiency virus (HIV),-4.022767637999383
TRAIT,CASSRTGGAETQYF,Gag,HIV / Human immunodeficiency virus (HIV),2.8948425900064554
TRAIT,CASSPRTSGADTQYF,Gag,HIV / Human immunodeficiency virus (HIV),-1.5811046882341295
TRAIT,CASSPRTSGGSDTQYF,Gag,HIV / Human immunodeficiency virus (HIV),-1.3123758430769987
TRAIT,CASSPRTSGTDTQYF,Gag,HIV / Human immunodeficiency virus (HIV),0.6649110414416498
TRAIT,CASSSRTSGGTDTQYF,Gag,HIV / Human immunodeficiency virus (HIV),1.2241656534917975
TRAIT,CASSALAGGTDTQYF,Gag,HIV / Human immunodeficiency virus (HIV),-0.9447736944919312
TRAIT,CASSPLTSGGTDTQYF,Gag,HIV / Human immunodeficiency virus (HIV),1.9521361188436173
TRAIT,CASSYFGGNTEAFF,pp65,Cytomegalovirus (CMV),-2.333049718145888
TRAIT,CASSVQGYTEAFF,pp65,Cytomegalovirus (CMV),1.343546148187301
TRAIT,CASSWNEQFF,pp65,Cytomegalovirus (CMV),-3.2172013547679814
TRAIT,CASSFGLNQPQHF,pp65,Cytomegalovirus (CMV),-0.5451464260447367
TRAIT,CASSTSDTQYF,BMLF1,EBV,0.9003118079219083
TRAIT,CASSLGNTEAFF,BMLF1,EBV,1.69252380570249
TRAIT,CASSLEGGTDTQYF,BMLF1,EBV,1.142447885740367
TRAIT,CASSPRDRANTEAFF,pp65,Cytomegalovirus (CMV),-1.6733611391415448
TRAIT,CASSLRSNTGELFF,pp65,Cytomegalovirus (CMV),1.969705196352852
TRAIT,CASSLARYGYTF,pp65,Cytomegalovirus (CMV),-1.1149851016906505
TRAIT,CASSLDGVTGELFF,pp65,Cytomegalovirus (CMV),2.622424589914872
TRAIT,CASSFRGDTEAFF,pp65,Cytomegalovirus (CMV),0.3338559351641101
TRAIT,CASSSGGGEQYF,pp65,Cytomegalovirus (CMV),-1.5071278751373778
TRAIT,CASSLGPGSEAFF,pp65,Cytomegalovirus (CMV),-3.10122828381974
TRAIT,CASSYGTGGQETQYF,pp65,Cytomegalovirus (CMV),1.7037170907476047
TRAIT,CASSFAYGYTF,pp65,Cytomegalovirus (CMV),1.260668229382082
TRAIT,CASSLGLNYEQYF,pp65,Cytomegalovirus (CMV),-1.228266722530631
TRAIT,CASSPPGGSGNTIYF,pp65,Cytomegalovirus (CMV),0.8366168032605336
TRAIT,CASSFGVNTEAFF,pp65,Cytomegalovirus (CMV),0.3098125391458356
TRAIT,CASSLQGRGNQPQHF,pp65,Cytomegalovirus (CMV),-1.070511900507876
TRAIT,CASSLAGFGNTIYF,pp65,Cytomegalovirus (CMV),1.1589317810072324
TRAIT,CAWGRNTEAFF,pp65,Cytomegalovirus (CMV),-4.70496290149209
TRAIT,CASSPSGYNEQFF,pp65,Cytomegalovirus (CMV),-0.5734550532998365
TRAIT,CSARDRDRGYEQYF,pp65,Cytomegalovirus (CMV),-2.568393036252077
TRAIT,CASSLTGQETQYF,pp65,Cytomegalovirus (CMV),1.100903256392766
TRAIT,CASSIVNEQFF,pp65,Cytomegalovirus (CMV),1.564678503001645
TRAIT,CASSFANYGYTF,pp65,Cytomegalovirus (CMV),-0.9742941649911714
TRAIT,CASSFTSGTDTQYF,Gag,HIV / Human immunodeficiency virus (HIV),2.361160294524648
TRAIT,CASSLSGGGDTQYF,Gag,HIV / Human immunodeficiency virus (HIV),1.265194827027495
TRAIT,CASSLERETEAFF,Gag,HIV / Human immunodeficiency virus (HIV),1.353795241775705
TRAIT,CASSEWNTEAFF,Gag,HIV / Human immunodeficiency virus (HIV),-1.4396191892714
TRAIT,CASSLDRAGDTQYF,Gag,HIV / Human immunodeficiency virus (HIV),2.0532913324639344
TRAIT,CASRTGGAYNEQFF,Nef,HIV / Human immunodeficiency virus (HIV),0.7217235304016392
TRAIT,CASSPRGGYNEQFF,Nef,HIV / Human immunodeficiency virus (HIV),1.3316725124069957
TRAIT,CASSPRGRTGELFF,Nef,HIV / Human immunodeficiency virus (HIV),1.5618077245591309
TRAIT,CASSPRGREETQYF,POL,HIV / Human immunodeficiency virus (HIV),-1.0073210716175205
TRAIT,CASSLDRNTGELFF,Gag,HIV / Human immunodeficiency virus (HIV),1.400199944516352
TRAIT,CASRDSSYEQYF,Gag,HIV / Human immunodeficiency virus (HIV),-0.5341292231387834
TRAIT,CASSLDGNTGELFF,Gag,HIV / Human immunodeficiency virus (HIV),2.1455140008484643
TRAIT,CASSDTLNTEAFF,Gag,HIV / Human immunodeficiency virus (HIV),-1.6348633984212158
TRAIT,CASSYSPLNTEAFF,pp65,Cytomegalovirus (CMV),-1.6017918765544974
TRAIT,CASSLGTPNEQFF,pp65,Cytomegalovirus (CMV),-0.8833256622697961
TRAIT,CASSYSRTGSYEQYF,NS4B,Yellow fever virus,-1.4187388280085935
TRAIT,CASSVEGPGELFF,NS4B,Yellow fever virus,2.581734821411555
TRAIT,CASSVSGSSYEQYF,NS4B,Yellow fever virus,-0.9303508742409295
TRAIT,CASSVGTSSYEQYF,NS4B,Yellow fever virus,-2.348370217376495
TRAIT,CASSVAGGYEQYF,NS4B,Yellow fever virus,-0.7785159318000765
TRAIT,CASSPGLAGGYEQFF,NS4B,Yellow fever virus,-0.9507629885213112
TRAIT,CASSPPGTGVYGYTF,NS4B,Yellow fever virus,-1.1859134015230528
TRAIT,CASSYSGGAYGYTF,NS4B,Yellow fever virus,-1.7734772439833524
TRAIT,CASSLNPSTDTQYF,NS4B,Yellow fever virus,1.107486426395257
TRAIT,CASSATSGGADTQYF,NS4B,Yellow fever virus,-1.930863130559024
TRAIT,CASSPSGGGYEQYF,NS4B,Yellow fever virus,-0.5998780336621388
TRAIT,CASSLTGNTEAFF,POL,HIV / Human immunodeficiency virus (HIV),1.83239199712108
TRAIT,CASSPRRYNEQFF,EBNA1,EBV,-1.1971140426847784
TRAIT,CASSVRTGELFF,EBNA1,EBV,-0.6667876197938055
TRAIT,CASSVRSGELFF,EBNA1,EBV,-3.478038598941193
TRAIT,CASSSRSGELFF,EBNA1,EBV,-1.077838005569367
TRAIT,CASSLKSGELFF,EBNA1,EBV,-2.412408442400109
TRAIT,CASSLAGGSYNSPLHF,ebna4,EBV,0.8455184253260661
TRAIT,CASSLGSGNYGYTF,ebna4,EBV,0.8074643807247365
TRAIT,CASSPTGAGNQPQHF,BZLF1,EBV,1.3489475532192632
TRAIT,CASSQGTGGGYGYTF,BZLF1,EBV,-1.915206206626652
TRAIT,CASSLMGNSPLHF,BZLF1,EBV,0.8705170353461164
TRAIT,CASSPGTGSYEQYF,BZLF1,EBV,0.7334789536428187
TRAIT,CASSLLGTENTEAFF,BZLF1,EBV,-1.635863544755087
TRAIT,CASSLLGQDNSPLHF,BZLF1,EBV,3.9886250872902953
TRAIT,CASSPTSGEYNEQFF,BZLF1,EBV,-1.1624003920062522
TRAIT,CASSGLNSPLHF,BZLF1,EBV,-1.1405218804912949
TRAIT,CASSPTLYNEQFF,PPM1,Human (Homo sapiens),-1.607387899437679
TRAIT,CASSGQGSSYNSPLHF,MLANA,Cancer/Self antigen,1.4881386651155797
TRAIT,CASSPGGGAYEQYF,CTAG1B,Cancer/Self antigen,0.9597367188734724
TRAIT,CAIGTGDSNQPQHF,BZLF1,EBV,1.3771303540021234
TRAIT,CASRPPGANVLTF,BZLF1,EBV,-1.2146934564152438
TRAIT,CSARDRGLGNTIYF,BMLF1,EBV,-3.10636556940364
TRAIT,CASRPGTSSYEQYF,pp65,Cytomegalovirus (CMV),-1.8196391536051129
TRAIT,CASSQDWGDGYTF,pp65,Cytomegalovirus (CMV),-0.886229192504383
TRAIT,CASSTDSYEQYF,M1,Influenza,-1.6907865563702629
TRAIT,CASSQRSSYEQYF,M1,Influenza,-2.551159418875468
TRAIT,CASSILAGNEQFF,M1,Influenza,-1.2516255638197378
TRAIT,CASSIRGGNEQFF,M1,Influenza,-5.013142667978801
TRAIT,CASSPQGFYGYTF,M1,Influenza,2.134597478767532
TRAIT,CASSFGLYGYTF,M1,Influenza,-1.5043102506882695
TRAIT,CASSPQMNTEAFF,M1,Influenza,1.300772113355558
TRAIT,CASSVTSGDYNEQFF,M1,Influenza,-3.195118102166828
TRAIT,CASSPLSNQPQHF,M1,Influenza,-0.3895492875702243
TRAIT,CASSSRAGNTIYF,M1,Influenza,0.8418701503805625
TRAIT,CASSPASGSYEQYF,M1,Influenza,0.7824956729051444
TRAIT,CASSIGNSPLHF,M1,Influenza,-3.7031746734752127
TRAIT,CASSVGLGQPQHF,M1,Influenza,-2.3696442878320383
TRAIT,CASSPRSSYEQYF,M1,Influenza,-0.8173449237158329
TRAIT,CASSPRSGDTQYF,M1,Influenza,3.328398956880195
TRAIT,CASSGRGTDTQYF,M1,Influenza,-0.6771143909218026
TRAIT,CASSASGRYNEQFF,M1,Influenza,-1.403427843013171
TRAIT,CASSIFSNQPQHF,M1,Influenza,1.505097939371959
TRAIT,CASSQGFYGYTF,M1,Influenza,1.4720318356593602
TRAIT,CASSTSSTDTQYF,M1,Influenza,-1.949553471177882
TRAIT,CASSPRSGETQYF,M1,Influenza,0.846453849347522
TRAIT,CASSIQSTDTQYF,M1,Influenza,2.683836488400894
TRAIT,CASSPRSAGELFF,M1,Influenza,-1.656876732661964
TRAIT,CASSRRSNQPQHF,M1,Influenza,-3.251693219394736
TRAIT,CASSLRDRGSYEQYF,pp65,Cytomegalovirus (CMV),-1.606749019877748
TRAIT,CASSSRDRGSYEQYF,pp65,Cytomegalovirus (CMV),1.364337074232433
TRAIT,CASAGETQYF,pp65,Cytomegalovirus (CMV),-1.4091193501225812
TRAIT,CASSQAGSSYEQYF,NP,Influenza,-0.7932925820530793
TRAIT,CASSLAGADTQYF,pp65,Cytomegalovirus (CMV),1.2693181144819792
TRAIT,CASSPGTGNYNEQFF,pp65,Cytomegalovirus (CMV),1.4794661634155917
TRAIT,CASSPGTGHTGELFF,pp65,Cytomegalovirus (CMV),1.7775784579323624
TRAIT,CASRPGQGGYEQYF,pp65,Cytomegalovirus (CMV),1.3629172907371667
TRAIT,CASSVGSNTGELFF,BMLF1,EBV,1.4495393599645117
TRAIT,CASSLSGAYEQYF,BMLF1,EBV,-0.5851792422324588
TRAIT,CASSLGSYTDTQYF,BMLF1,EBV,2.078994033265956
TRAIT,CASSPDRGRSYEQYF,BMLF1,EBV,1.7633250018196902
TRAIT,CASSSPGVNYGYTF,BMLF1,EBV,-1.2787405024968077
TRAIT,CASSGQGGYTF,Gag,HIV / Human immunodeficiency virus (HIV),-1.1506050970314443
TRAIT,CASSSRQNYGYTF,Gag,HIV / Human immunodeficiency virus (HIV),1.492870853077808
TRAIT,CASSGQLYGYTF,Gag,HIV / Human immunodeficiency virus (HIV),1.257472881378071
TRAIT,CASSATYGYTF,Gag,HIV / Human immunodeficiency virus (HIV),-2.643903933553912
TRAIT,CASTGTAYGYTF,Gag,HIV / Human immunodeficiency virus (HIV),-2.729290659831184
TRAIT,CASTGTDYGYTF,Gag,HIV / Human immunodeficiency virus (HIV),-2.1298317723714497
TRAIT,CASSGQNYGYTF,Gag,HIV / Human immunodeficiency virus (HIV),0.3199129564967705
TRAIT,CASSGQSYGYTF,Gag,HIV / Human immunodeficiency virus (HIV),-0.9845793067789872
TRAIT,CASSGRNYGYTF,Gag,HIV / Human immunodeficiency virus (HIV),-0.9487290347610048
TRAIT,CASSREVYGYTF,Gag,HIV / Human immunodeficiency virus (HIV),2.184316741399038
TRAIT,CASSTSYGYTF,Gag,HIV / Human immunodeficiency virus (HIV),-1.554792318794338
TRAIT,CASTGGSYGYTF,Gag,HIV / Human immunodeficiency virus (HIV),-1.563015651536738
TRAIT,CASSGTSYGYTF,Gag,HIV / Human immunodeficiency virus (HIV),1.3466740107485613
TRAIT,CASSLVSNYGYTF,Gag,HIV / Human immunodeficiency virus (HIV),1.4172832563697209
TRAIT,CASSGLGGYTF,Gag,HIV / Human immunodeficiency virus (HIV),-1.0258032041658405
TRAIT,CASSLAGGQETQYF,Gag,HIV / Human immunodeficiency virus (HIV),1.218927078338386
TRAIT,CASSLAGTQETQYF,Gag,HIV / Human immunodeficiency virus (HIV),1.2970645337509024
TRAIT,CASSSAGTQETQYF,Gag,HIV / Human immunodeficiency virus (HIV),2.9334945836456234
TRAIT,CASSLGGTEAFF,Gag,HIV / Human immunodeficiency virus (HIV),1.781230850131964
TRAIT,CASSPLGYSNQPQHF,Gag,HIV / Human immunodeficiency virus (HIV),1.486077165640069
TRAIT,CASSQEGQGNQPQHF,Gag,HIV / Human immunodeficiency virus (HIV),-1.4495368517311262
TRAIT,CASSLGQGTGANVLTF,Gag,HIV / Human immunodeficiency virus (HIV),-1.226756710658464
TRAIT,CASSLARSTEAFF,Pol,HIV / Human immunodeficiency virus (HIV),-1.62301416225947
TRAIT,CASSLYRSYEQYF,Pol,HIV / Human immunodeficiency virus (HIV),-2.466456355938188
TRAIT,CASSLSYEQYF,Gag,HIV / Human immunodeficiency virus (HIV),1.921733219144274
TRAIT,CASSGTDYGYTF,Gag,HIV / Human immunodeficiency virus (HIV),-1.1662972722399196
TRAIT,CASSSRTAYGYTF,Gag,HIV / Human immunodeficiency virus (HIV),-1.0927759126234546
TRAIT,CATSGQNYGYTF,Gag,HIV / Human immunodeficiency virus (HIV),-1.5551765964875006
TRAIT,CATSGANYGYTF,Gag,HIV / Human immunodeficiency virus (HIV),1.1126543243942175
TRAIT,CASSGQAYGYTF,Gag,HIV / Human immunodeficiency virus (HIV),0.919917980318516
TRAIT,CASSQSYGYTF,Gag,HIV / Human immunodeficiency virus (HIV),0.6610207488284696
TRAIT,CSAPGSYEQYF,Gag,HIV / Human immunodeficiency virus (HIV),-2.0809671524189115
TRAIT,CASSLSYGYTF,Gag,HIV / Human immunodeficiency virus (HIV),0.6081191059858081
TRAIT,CASSGLGYGYTF,Gag,HIV / Human immunodeficiency virus (HIV),1.4135738341458983
TRAIT,CASSGGNYGYTF,Gag,HIV / Human immunodeficiency virus (HIV),0.2607764392588293
TRAIT,CASSGTGYGYTF,Gag,HIV / Human immunodeficiency virus (HIV),0.5016399350804982
TRAIT,CASSISYGYTF,Gag,HIV / Human immunodeficiency virus (HIV),2.168962420063435
TRAIT,CASSGTTYGYTF,Gag,HIV / Human immunodeficiency virus (HIV),1.6224924869198554
TRAIT,CASTVGNTIYF,Gag,HIV / Human immunodeficiency virus (HIV),-3.5979051188762643
TRAIT,CASSQDRGGGYTF,Gag,HIV / Human immunodeficiency virus (HIV),1.0770674667199036
TRAIT,CASSGASYGYTF,Gag,HIV / Human immunodeficiency virus (HIV),-1.750680407251378
TRAIT,CASSLSGADTQYF,Gag,HIV / Human immunodeficiency virus (HIV),1.0740149220644564
TRAIT,CASSFGGTEAFF,Gag,HIV / Human immunodeficiency virus (HIV),0.3444919319667693
TRAIT,CASSLLGQGTDTQYF,Gag,HIV / Human immunodeficiency virus (HIV),1.7055736437709346
TRAIT,CASSHTYGYTF,Gag,HIV / Human immunodeficiency virus (HIV),1.564807425864602
TRAIT,CASSLGLAGTDTQYF,Nef,HIV / Human immunodeficiency virus (HIV),1.4272691457574282
TRAIT,CASSGGSYGYTF,Nef,HIV / Human immunodeficiency virus (HIV),-0.8519373254321262
TRAIT,CASSLGENIQYF,Nef,HIV / Human immunodeficiency virus (HIV),1.2287460054542856
TRAIT,CASSGTDYGYTF,Nef,HIV / Human immunodeficiency virus (HIV),-1.1662972722399196
TRAIT,CASSLSYEQYF,Nef,HIV / Human immunodeficiency virus (HIV),1.921733219144274
TRAIT,CASSSRTAYGYTF,Nef,HIV / Human immunodeficiency virus (HIV),-1.0927759126234546
TRAIT,CASSRRTGELFF,Gag,HIV / Human immunodeficiency virus (HIV),0.9426793415765689
TRAIT,CASGFGGTEAFF,Gag,HIV / Human immunodeficiency virus (HIV),-7.396608948387341
TRAIT,CASSSRTGELFF,Gag,HIV / Human immunodeficiency virus (HIV),-0.4601394308645628
TRAIT,CASSQGVSSYEQYF,Gag,HIV / Human immunodeficiency virus (HIV),-1.7128442487761086
TRAIT,CASSSGLAGGREQYF,Gag,HIV / Human immunodeficiency virus (HIV),1.6006666962823384
TRAIT,CASSWTSGSYNEQFF,Gag,HIV / Human immunodeficiency virus (HIV),-1.0981179001816712
TRAIT,CASRVSYEQYF,Gag,HIV / Human immunodeficiency virus (HIV),-0.9514879602974032
TRAIT,CASSLGATYEQYF,Gag,HIV / Human immunodeficiency virus (HIV),-2.9407021276289766
TRAIT,CASSLSPNTEAFF,Gag,HIV / Human immunodeficiency virus (HIV),-0.3294581195756844
TRAIT,CASSPGPNQPQHF,Gag,HIV / Human immunodeficiency virus (HIV),0.9422856119858808
TRAIT,CASSQRTGELFF,Gag,HIV / Human immunodeficiency virus (HIV),1.443194720339159
TRAIT,CASSLDRDEQFF,Gag,HIV / Human immunodeficiency virus (HIV),0.8402944640282719
TRAIT,CASSSDRDEQYF,Gag,HIV / Human immunodeficiency virus (HIV),-2.093706202185943
TRAIT,CASSRDSYEQYF,Gag,HIV / Human immunodeficiency virus (HIV),1.023066285696561
TRAIT,CASSLMGYEQYF,Gag,HIV / Human immunodeficiency virus (HIV),1.354414597826235
TRAIT,CASSLRGDYNEQFF,Gag,HIV / Human immunodeficiency virus (HIV),-0.9524958882289368
TRAIT,CASSSRQNTEAFF,Gag,HIV / Human immunodeficiency virus (HIV),0.5321181990955534
TRAIT,CASSPGQVAYEQYF,Gag,HIV / Human immunodeficiency virus (HIV),-1.926246782900548
TRAIT,CASSLDRGEQFF,Gag,HIV / Human immunodeficiency virus (HIV),-0.5784090956626896
TRAIT,CASSPGLSGNTIYF,Gag,HIV / Human immunodeficiency virus (HIV),-0.2745969861027005
TRAIT,CSARTNTEAFF,Gag,HIV / Human immunodeficiency virus (HIV),-2.157349499653545
TRAIT,CASSLEAGTYNEQFF,Gag,HIV / Human immunodeficiency virus (HIV),1.2239568358774933
TRAIT,CASSQGQSGNTIYF,Gag,HIV / Human immunodeficiency virus (HIV),1.692984863018646
TRAIT,CASSGSTGELFF,Gag,HIV / Human immunodeficiency virus (HIV),-2.378510378812514
TRAIT,CASSLGTGSTEAFF,Gag,HIV / Human immunodeficiency virus (HIV),-0.7118502470451631
TRAIT,CASSPPRGTEAFF,Gag,HIV / Human immunodeficiency virus (HIV),-2.2508400817513423
TRAIT,CASSLGLAHNEQFF,Gag,HIV / Human immunodeficiency virus (HIV),1.9878447905343548
TRAIT,CASSLGQGSTEAFF,Gag,HIV / Human immunodeficiency virus (HIV),1.074387187031161
TRAIT,CASSLTSGANVLTF,Gag,HIV / Human immunodeficiency virus (HIV),0.6957827200240784
TRAIT,CASSQGQGDYGYTF,Gag,HIV / Human immunodeficiency virus (HIV),-0.6469003048249068
TRAIT,CASSARTGELFF,Gag,HIV / Human immunodeficiency virus (HIV),0.8337659274278618
TRAIT,CASSPRTDTQYF,Gag,HIV / Human immunodeficiency virus (HIV),1.0676537877652
TRAIT,CASSLGVSSYEQYF,Gag,HIV / Human immunodeficiency virus (HIV),-1.202655220201231
TRAIT,CASSLVGTGTGELFF,POL,HIV / Human immunodeficiency virus (HIV),1.6058578097959906
TRAIT,CASSLWGQGSYEQYF,POL,HIV / Human immunodeficiency virus (HIV),-2.687438178233683
TRAIT,CASSPRGGTSYEQYF,POL,HIV / Human immunodeficiency virus (HIV),-1.6072023988400803
TRAIT,CASSSGTMNTEAFF,POL,HIV / Human immunodeficiency virus (HIV),-0.8043948510949275
TRAIT,CATSDLRNTEAFF,POL,HIV / Human immunodeficiency virus (HIV),-4.0409665767989615
TRAIT,CASSLAFNEKLFF,POL,HIV / Human immunodeficiency virus (HIV),1.0456661359374635
TRAIT,CASSQGLGYGYTF,POL,HIV / Human immunodeficiency virus (HIV),0.8983841964251211
TRAIT,CSGGQANTEAFF,BMLF1,EBV,-1.2819865136571016
TRAIT,CASSLATDGYTF,Gag,HIV / Human immunodeficiency virus (HIV),1.337080507303566
TRAIT,CASSVGPNEQFF,Gag,HIV / Human immunodeficiency virus (HIV),-1.644717631688565
TRAIT,CASSLGPTEAFF,Gag,HIV / Human immunodeficiency virus (HIV),-0.8993127279876281
TRAIT,CASSLGVNTIYF,Gag,HIV / Human immunodeficiency virus (HIV),0.9784313398637158
TRAIT,CASSQGPTEAFF,Gag,HIV / Human immunodeficiency virus (HIV),-0.9401374994187588
TRAIT,CASSLSFTEAFF,Gag,HIV / Human immunodeficiency virus (HIV),-1.9683112222250112
TRAIT,CASSLGANTIYF,Gag,HIV / Human immunodeficiency virus (HIV),-1.202840693370368
TRAIT,CASSREGYSNQPQHF,Gag,HIV / Human immunodeficiency virus (HIV),-0.9930319589546108
TRAIT,CASSLSKNTEAFF,Gag,HIV / Human immunodeficiency virus (HIV),-1.430797610237868
TRAIT,CASSPGNTEAFF,Gag,HIV / Human immunodeficiency virus (HIV),0.6079144672598948
TRAIT,CASRDPYEQYF,Gag,HIV / Human immunodeficiency virus (HIV),-2.002150690413692
TRAIT,CASSFGGTTEAFF,Gag,HIV / Human immunodeficiency virus (HIV),-3.437801489340849
TRAIT,CATSDSYEQYF,POL,HIV / Human immunodeficiency virus (HIV),-1.922201877204702
TRAIT,CASRTSGEETQYF,POL,HIV / Human immunodeficiency virus (HIV),-0.7366162443776921
TRAIT,CASRTGGEETQYF,POL,HIV / Human immunodeficiency virus (HIV),-1.240712094646701
TRAIT,CASSQDRREQYF,Vpr,HIV / Human immunodeficiency virus (HIV),-1.0605550565012245
TRAIT,CASSLWDQETQYF,Vpr,HIV / Human immunodeficiency virus (HIV),-2.9387735450925985
TRAIT,CASSQGQSSYEQYF,Vpr,HIV / Human immunodeficiency virus (HIV),-2.3092433845383367
TRAIT,CASSQDRGPDTQYF,Vpr,HIV / Human immunodeficiency virus (HIV),-0.970601710343824
TRAIT,CASSPARGTDTQYF,Vpr,HIV / Human immunodeficiency virus (HIV),1.6671171849895092
TRAIT,CASSKDRGTDTQYF,Vpr,HIV / Human immunodeficiency virus (HIV),0.9695034174821134
TRAIT,CASSGMNTEAFF,POL,HIV / Human immunodeficiency virus (HIV),-1.5995017732417076
TRAIT,CASSFPQNTEAFF,POL,HIV / Human immunodeficiency virus (HIV),-0.978979846522076
TRAIT,CASSPRQGHEQYF,POL,HIV / Human immunodeficiency virus (HIV),1.0353623150528928
TRAIT,CASSPRTGGTEAFF,POL,HIV / Human immunodeficiency virus (HIV),0.3385929723862
TRAIT,CASSPGQGREQYF,POL,HIV / Human immunodeficiency virus (HIV),1.1204901573216002
TRAIT,CASSLGADQPQHF,VIF,HIV / Human immunodeficiency virus (HIV),1.248438308198083
TRAIT,CASSLAGQGNGYTF,VIF,HIV / Human immunodeficiency virus (HIV),-0.868392346501989
TRAIT,CASRTSGEETQYF,VIF,HIV / Human immunodeficiency virus (HIV),-0.7366162443776921
TRAIT,CASSLGPRYEQYF,VIF,HIV / Human immunodeficiency virus (HIV),0.6534212502465807
TRAIT,CASSQDRTSGNTIYF,VIF,HIV / Human immunodeficiency virus (HIV),-3.0409192877120126
TRAIT,CASSTTTGNTEAFF,VIF,HIV / Human immunodeficiency virus (HIV),1.4817983905838688
TRAIT,CASSRGNTIYF,VIF,HIV / Human immunodeficiency virus (HIV),-0.3397001084413368
TRAIT,CASSPRGGGETQYF,Nef,HIV / Human immunodeficiency virus (HIV),2.402709188754575
TRAIT,CASSQAASGNTIYF,Nef,HIV / Human immunodeficiency virus (HIV),2.369088288018597
TRAIT,CASSLSPTEAFF,Nef,HIV / Human immunodeficiency virus (HIV),-3.229877714671141
TRAIT,CASSLASDTQYF,Nef,HIV / Human immunodeficiency virus (HIV),0.7419781105217585
TRAIT,CASSLVASQETQYF,pp65,Cytomegalovirus (CMV),2.0091013714276977
TRAIT,CASSWGQGDGYTF,MLANA,Cancer/Self antigen,1.412851712343453
TRAIT,CASSLGQGQPQHF,MLANA,Cancer/Self antigen,0.4622810758787837
TRAIT,CASSFGQGQPQHF,MLANA,Cancer/Self antigen,1.7912037405501988
TRAIT,CASSYGTGQPQHF,MLANA,Cancer/Self antigen,-3.422222517666724
TRAIT,CASSYGTGGNEQFF,MLANA,Cancer/Self antigen,-4.877070654472991
TRAIT,CASSYGQNTGELFF,M1,Influenza,-1.2029165751578357
TRAIT,CASSYGQGTGELFF,M1,Influenza,-1.9361972482964247
TRAIT,CASSYGQGLYEQYF,M1,Influenza,-2.373855909501501
TRAIT,CASSPLAGGFNEQFF,M1,Influenza,1.6518884606211408
TRAIT,CASSPLAGLYNEQFF,M1,Influenza,1.0262195653157442
TRAIT,CASSLGTGDEQYF,BMLF1,EBV,-1.1420324774343755
TRAIT,CASSLFGGGTEAFF,pp65,Cytomegalovirus (CMV),-0.9339716911375562
TRAIT,CASSPTGGGTGELFF,pp65,Cytomegalovirus (CMV),0.6212535602914372
TRAIT,CASSLGGGSYEQYF,pp65,Cytomegalovirus (CMV),0.968627450878633
TRAIT,CASSLEHEQYF,Gag,HIV / Human immunodeficiency virus (HIV),1.0602010026454376
TRAIT,CASSLFGGSGNTIYF,Gag,HIV / Human immunodeficiency virus (HIV),-0.756841626219304
TRAIT,CASSLGAGRTEAFF,Gag,HIV / Human immunodeficiency virus (HIV),-1.5773684269819055
TRAIT,CASSLERSNTEAFF,Gag,HIV / Human immunodeficiency virus (HIV),4.283282747178808
TRAIT,CASSQDRETQYF,Gag,HIV / Human immunodeficiency virus (HIV),0.6626701782662631
TRAIT,CASSVVGDSYNEQFF,Gag,HIV / Human immunodeficiency virus (HIV),-2.8355048379210483
TRAIT,CSVRQGYEQYF,Gag,HIV / Human immunodeficiency virus (HIV),2.438576197734593
TRAIT,CASRGLAGGDTQYF,Gag,HIV / Human immunodeficiency virus (HIV),-1.591874194913308
TRAIT,CASSFLPSYEQYF,Gag,HIV / Human immunodeficiency virus (HIV),-2.37990922561825
TRAIT,CASSLLGNTGELFF,Gag,HIV / Human immunodeficiency virus (HIV),1.0417315285970905
TRAIT,CASSFQGNYEQYF,Gag,HIV / Human immunodeficiency virus (HIV),1.5662364773713382
TRAIT,CASSLDRETQYF,Gag,HIV / Human immunodeficiency virus (HIV),1.0194277838391417
TRAIT,CASSLPGQGRTEAFF,Gag,HIV / Human immunodeficiency virus (HIV),-1.4470107621677113
TRAIT,CSARENYEQYF,Gag,HIV / Human immunodeficiency virus (HIV),-3.682151517294237
TRAIT,CASSPGVSQPQHF,Gag,HIV / Human immunodeficiency virus (HIV),-1.0960331311911693
TRAIT,CASSLLAGLTDTQYF,Nef,HIV / Human immunodeficiency virus (HIV),-1.9344960001123872
TRAIT,CASSLGQGTTYEQYF,Nef,HIV / Human immunodeficiency virus (HIV),-2.3872916379091054
TRAIT,CASSFTGENSPLHF,Nef,HIV / Human immunodeficiency virus (HIV),1.460573358518772
TRAIT,CASSLLGSTDTQYF,Gag,HIV / Human immunodeficiency virus (HIV),0.4370706983661785
TRAIT,CASSWDRNEQFF,Gag,HIV / Human immunodeficiency virus (HIV),-4.3824413740612425
TRAIT,CASSRVTGELFF,Gag,HIV / Human immunodeficiency virus (HIV),1.5276003365224091
TRAIT,CASSQGRGDYGYTF,Gag,HIV / Human immunodeficiency virus (HIV),-2.1942290965185096
TRAIT,CASSYGLNTEAFF,Nef,HIV / Human immunodeficiency virus (HIV),-2.198002527838663
TRAIT,CASSPAGVGETQYF,Nef,HIV / Human immunodeficiency virus (HIV),2.6547132672870526
TRAIT,CASSLGTGGNQPQHF,Nef,HIV / Human immunodeficiency virus (HIV),0.7658298282485774
TRAIT,CASSLGLIYEQYF,Nef,HIV / Human immunodeficiency virus (HIV),-1.3121883433430297
TRAIT,CASSQGGVQPQHF,Gag,HIV / Human immunodeficiency virus (HIV),-0.882509348050955
TRAIT,CASSGSYGYTF,Gag,HIV / Human immunodeficiency virus (HIV),0.4936234919206853
TRAIT,CASSTTYGYTF,Gag,HIV / Human immunodeficiency virus (HIV),-1.3186175077318285
TRAIT,CASSSGTASTDTQYF,POL,HIV / Human immunodeficiency virus (HIV),-1.0621244635995164
TRAIT,CASSLRGDSNQPQHF,Gag,HIV / Human immunodeficiency virus (HIV),-1.9172563404748293
TRAIT,CASSGTAYGYTF,Gag,HIV / Human immunodeficiency virus (HIV),-0.6274365330863833
TRAIT,CASSGANYGYTF,Gag,HIV / Human immunodeficiency virus (HIV),0.293433636662422
TRAIT,CASSGDSYGYTF,Gag,HIV / Human immunodeficiency virus (HIV),-1.384653069579291
TRAIT,CASSGTNYGYTF,Gag,HIV / Human immunodeficiency virus (HIV),-1.2061512810109898
TRAIT,CASTGGDYGYTF,Gag,HIV / Human immunodeficiency virus (HIV),-2.242588584894636
TRAIT,CASSPGQGGYEQYF,Gag,HIV / Human immunodeficiency virus (HIV),0.3046684314103509
TRAIT,CASSLGRGQETQYF,Gag,HIV / Human immunodeficiency virus (HIV),1.285614632034778
TRAIT,CASTGQGYGYTF,Gag,HIV / Human immunodeficiency virus (HIV),1.129175889708593
TRAIT,CASSGRNEQFF,Gag,HIV / Human immunodeficiency virus (HIV),-1.2191536974544055
TRAIT,CASSISYEQYF,Gag,HIV / Human immunodeficiency virus (HIV),0.6110081753192006
TRAIT,CASSPRTGPNYGYTF,Gag,HIV / Human immunodeficiency virus (HIV),-1.261579469121874
TRAIT,CASSRYEQYF,POL,HIV / Human immunodeficiency virus (HIV),0.3820889426505665
TRAIT,CASSLYEQYF,POL,HIV / Human immunodeficiency virus (HIV),-0.558763420514516
TRAIT,CASSGTYGYTF,Gag,HIV / Human immunodeficiency virus (HIV),-2.262786122920395
TRAIT,CASSNTYGYTF,Gag,HIV / Human immunodeficiency virus (HIV),-0.8791822103056045
TRAIT,CASSPGQGSPLHF,MLANA,Cancer/Self antigen,0.8363589658947392
TRAIT,CASSFRGQNTEAFF,MLANA,Cancer/Self antigen,1.6576907616905752
TRAIT,CASSLAGLADNEQFF,MLANA,Cancer/Self antigen,-2.261296350774208
TRAIT,CASSDYSNQPQHF,MLANA,Cancer/Self antigen,-0.7546444320430267
TRAIT,CSARAGNQPQHF,MLANA,Cancer/Self antigen,1.87226403083306
TRAIT,CASSLQGLGTEAFF,MLANA,Cancer/Self antigen,1.3095680333643456
TRAIT,CASSQQGLGTEAFF,MLANA,Cancer/Self antigen,-1.4899776753353131
TRAIT,CASSSTGVGQPQHF,MLANA,Cancer/Self antigen,-1.619575220255383
TRAIT,CASSLQGLGQPQHF,MLANA,Cancer/Self antigen,0.7284863122822968
TRAIT,CASSFGGLGTEAFF,MLANA,Cancer/Self antigen,-1.6362947231715248
TRAIT,CASSQDRGGAETQYF,MLANA,Cancer/Self antigen,-7.719161881430974
TRAIT,CASSRSPDTQYF,MLANA,Cancer/Self antigen,-1.460058151501312
TRAIT,CASSTRDRGYEQYF,MLANA,Cancer/Self antigen,-1.2160180867849877
TRAIT,CASSLLGGSTDTQYF,MLANA,Cancer/Self antigen,0.5026292982422351
TRAIT,CASSERAGELFF,MLANA,Cancer/Self antigen,-3.871779314439297
TRAIT,CASSFGGSQPQHF,MLANA,Cancer/Self antigen,-2.328012220071313
TRAIT,CASSVGGGNTGELFF,MLANA,Cancer/Self antigen,-1.158425012608563
TRAIT,CASSLRGNEQFF,CTAG1B,Cancer/Self antigen,-0.166514070812995
TRAIT,CASSLRQSTDTQYF,PORCN,Human (Homo sapiens),0.6216881859594472
TRAIT,CASSPVLNTGELFF,ZDBF2,Human (Homo sapiens),3.087982072321248
TRAIT,CASSTLAASTDTQYF,ZDBF2,Human (Homo sapiens),2.4708987152902937
TRAIT,CASSQGPYNEQFF,ZDBF2,Human (Homo sapiens),-1.2130970310772964
TRAIT,CASSEGVYEQYF,POGK,Human (Homo sapiens),-1.3272112422483389
TRAIT,CASSGTGNNEQFF,AKAP9,Human (Homo sapiens),0.8809214025789367
TRAIT,CSASDYGYTF,PORCN,Human (Homo sapiens),0.914093655906466
TRAIT,CASSSTGGPEAFF,PORCN,Human (Homo sapiens),-2.6717361383717337
TRAIT,CASSLAGRGNEQFF,PORCN,Human (Homo sapiens),1.9341024722677584
TRAIT,CASSPGQGYYNEQFF,ZDBF2,Human (Homo sapiens),-1.3352071543236042
TRAIT,CASSQAVYNEQFF,ZDBF2,Human (Homo sapiens),1.551173838082296
TRAIT,CASSPGRSYEQYF,GCN1L1,Human (Homo sapiens),-1.0510525487804443
TRAIT,CASSSSGREETQYF,GCN1L1,Human (Homo sapiens),1.6563014050159413
TRAIT,CASSPTRGNTEAFF,PDE7B,Human (Homo sapiens),0.959734915315887
TRAIT,CASSPGLRYGYTF,PMEL,Cancer/Self antigen,-1.2189767494666546
TRAIT,CASSPGLAVYEQYF,PMEL,Cancer/Self antigen,-1.8740381844360745
TRAIT,CASSIDLGTEAFF,PMEL,Cancer/Self antigen,-2.706568087887458
TRAIT,CASSQDRNEQFF,PMEL,Cancer/Self antigen,-0.5823795077540902
TRAIT,CASSVGVYNEQFF,PMEL,Cancer/Self antigen,-0.96816615956329
TRAIT,CASSLTGYGYTF,PMEL,Cancer/Self antigen,1.2459491370513227
TRAIT,CASSPSGSAYEQYF,PMEL,Cancer/Self antigen,1.779004309629391
TRAIT,CASSLLGGTEAFF,PMEL,Cancer/Self antigen,0.2491183333761313
TRAIT,CASSLLEGTEAFF,PMEL,Cancer/Self antigen,-1.7332441687300104
TRAIT,CASSIVGGTEAFF,PMEL,Cancer/Self antigen,-3.107089913163464
TRAIT,CASSFAGGRTEAFF,PMEL,Cancer/Self antigen,-1.9611134208022385
TRAIT,CASSEMGGTEAFF,PMEL,Cancer/Self antigen,-4.022893952500077
TRAIT,CASSFPRGTEAFF,PMEL,Cancer/Self antigen,-3.888814260826107
TRAIT,CASSSGPSYEQYF,PMEL,Cancer/Self antigen,-0.8384066992469986
TRAIT,CASSRTGITDTQYF,PMEL,Cancer/Self antigen,-1.823781670433227
TRAIT,CASSLQGAGNTIYF,PMEL,Cancer/Self antigen,0.9072355757307248
TRAIT,CASSIGPVNTEAFF,PMEL,Cancer/Self antigen,-1.9606881589353435
TRAIT,CASSLGGAYEQYF,PMEL,Cancer/Self antigen,0.4578793490984081
TRAIT,CASSQGVNQPQHF,PMEL,Cancer/Self antigen,0.5089404809404092
TRAIT,CASSQGGAYEQYF,PMEL,Cancer/Self antigen,-0.7912516857921158
TRAIT,CASSVGGSSYEQYF,PMEL,Cancer/Self antigen,-1.475643862509029
TRAIT,CASSVAAGSSYEQYF,PMEL,Cancer/Self antigen,1.6668990530719805
TRAIT,CASSLGQGAVYEQYF,PMEL,Cancer/Self antigen,-1.4466441350948274
TRAIT,CASSYSVNYGYTF,PMEL,Cancer/Self antigen,-2.568471997830356
TRAIT,CASSQSRGSGNTIYF,NS3,Hepatitis C virus (HCV),1.3858550765935802
TRAIT,CASSPRQGGTGELFF,NS3,Hepatitis C virus (HCV),1.5559622652989564
TRAIT,CASSSRQGGTGELFF,NS3,Hepatitis C virus (HCV),1.5658721518386938
TRAIT,CAISESQGNTEAFF,NS3,Hepatitis C virus (HCV),2.672974618999338
TRAIT,CASSSGVSGANVLTF,NS3,Hepatitis C virus (HCV),-2.3887016432966224
TRAIT,CASSSGTVNTGELFF,NS3,Hepatitis C virus (HCV),1.1629006039204368
TRAIT,CASSTGTSNTGELFF,NS3,Hepatitis C virus (HCV),1.7032511756602795
TRAIT,CASRETYEQYF,NS3,Hepatitis C virus (HCV),0.9779058901994514
TRAIT,CASRDTYEQYF,NS3,Hepatitis C virus (HCV),-2.8916418796377896
TRAIT,CASSGGTASTDTQYF,NS3,Hepatitis C virus (HCV),2.379100266262796
TRAIT,CASRTGTSNTGELFF,NS3,Hepatitis C virus (HCV),3.337383733611788
TRAIT,CASRAGTSNTGELFF,NS3,Hepatitis C virus (HCV),3.3332124556261085
TRAIT,CASSLTTGYGYTF,NS3,Hepatitis C virus (HCV),-1.2913684377255223
TRAIT,CASSLGTGPSYEQYF,NS3,Hepatitis C virus (HCV),0.7672335105711219
TRAIT,CASSLGLAGGEETQYF,NS3,Hepatitis C virus (HCV),0.7294955366034536
TRAIT,CASSFGGTGNQPQHF,pp65,Cytomegalovirus (CMV),-2.1789010668455195
TRAIT,CASSPGTDYYGYTF,pp65,Cytomegalovirus (CMV),0.9535784130588184
TRAIT,CASSLNRGSNQPQHF,NP,Influenza,-0.6609277431495624
TRAIT,CASSLVGETQYF,NP,Influenza,1.212726057889923
TRAIT,CASSPGGSSYEQYF,NP,Influenza,1.2270526921004978
TRAIT,CASRVADTQYF,NP,Influenza,0.8720061543572495
TRAIT,CSAREGQGTYEQYF,NP,Influenza,-8.391011466107148
TRAIT,CASSLGRSDTQYF,NP,Influenza,0.9116143628688228
TRAIT,CASSLRQGNQPQHF,NP,Influenza,0.2836584083817638
TRAIT,CASSLDWGGYTF,M1,Influenza,1.6296436336205966
TRAIT,CASSLGRELFF,M1,Influenza,-2.721223220395544
TRAIT,CASRTTGGNTEAFF,M1,Influenza,1.6079735369331454
TRAIT,CASSLGAGDYNEQFF,M1,Influenza,0.959244914395324
TRAIT,CASSLIGYEQYF,M1,Influenza,0.5927565042868348
TRAIT,CASSLGTLGNTIYF,M1,Influenza,4.20734686130252
TRAIT,CSARDSYEQYF,M1,Influenza,-0.2919473623396196
TRAIT,CASSLGGLNNEQFF,M1,Influenza,-1.097950289656847
TRAIT,CASSRTVNQPQHF,M1,Influenza,-0.9735291665321024
TRAIT,CASSQPGSYEQYF,M1,Influenza,-0.9503931146255316
TRAIT,CASSSRTGGTDTQYF,NP,Influenza,1.1876279069460385
TRAIT,CASSLNRLNTEAFF,NP,Influenza,0.7123140665544435
TRAIT,CASSTRLAGYNEQFF,NP,Influenza,-1.1015291776012583
TRAIT,CASSQDYYGYTF,M1,Influenza,1.5163278526121524
TRAIT,CASSLYTEAFF,M1,Influenza,0.7901746653124855
TRAIT,CASSYDSNYGYTF,HA,Influenza,1.2009171228351945
TRAIT,CASSLAQGEQFF,HA,Influenza,2.6934930802625034
TRAIT,CASSLSHEQFF,HA,Influenza,0.9146096447517744
TRAIT,CASSYGGSTDTQYF,HA,Influenza,0.9667540662516972
TRAIT,CASSLGQASNQPQHF,M1,Influenza,0.4281764234742535
TRAIT,CASSLSGAGQPQHF,M1,Influenza,-1.7956563847030451
TRAIT,CASSSGQRNTGELFF,M1,Influenza,1.412314613675997
TRAIT,CASTWGNQPQHF,M1,Influenza,3.1781187853430715
TRAIT,CASSFGDQETQYF,M1,Influenza,-0.7926800289773913
TRAIT,CASSVGTENQPQHF,M1,Influenza,-4.136823184174801
TRAIT,CASSTTGSTEAFF,M1,Influenza,-0.5661678325278142
TRAIT,CASSSTGYGYTF,M1,Influenza,0.6295471975323141
TRAIT,CASSPRTSGGPYNEQFF,M1,Influenza,2.517813273162869
TRAIT,CASSFQGASTEAFF,NP,Influenza,1.597277759562343
TRAIT,CASSGQGAGYGYTF,M1,Influenza,1.1661405419817044
TRAIT,CASSSGYTEAFF,M1,Influenza,-0.4707772223897293
TRAIT,CASSSTGNTEAFF,M1,Influenza,1.134601885084899
TRAIT,CASSYSGRNTEAFF,M1,Influenza,1.315608380374551
TRAIT,CASSLQRMNTEAFF,M1,Influenza,2.1199158735623
TRAIT,CSARVGGDTQYF,PB1,Influenza,1.7640318847678105
TRAIT,CASSLASGGLNEQFF,PB1,Influenza,5.552119127635152
TRAIT,CASSYEGTEAFF,HA,Influenza,-2.699627756747661
TRAIT,CASSLGQGEQYF,HA,Influenza,-0.7986532436026551
TRAIT,CASSRTSADTQYF,M1,Influenza,1.5844161576722915
TRAIT,CASSVQGGNTEAFF,M1,Influenza,0.6094212807792175
TRAIT,CASRGYNEQFF,M1,Influenza,1.168967826909793
TRAIT,CASSRGLGNTIYF,M1,Influenza,2.906498574189284
TRAIT,CASSLDSSYEQYF,M1,Influenza,0.2885955033359971
TRAIT,CASSSQGSTDTQYF,M1,Influenza,3.1099950058729706
TRAIT,CASSFGGSGANVLTF,M1,Influenza,1.5572942475822615
TRAIT,CASSQVGGNTGELFF,M1,Influenza,-2.184055260451354
TRAIT,CASSLLGGNTEAFF,M1,Influenza,-0.3398145782376573
TRAIT,CASSFGTSGNNEQFF,M1,Influenza,-2.3651120793610114
TRAIT,CASSLGLAGNTDTQYF,HA,Influenza,0.747401048744503
TRAIT,CASSGDGYGYTF,HA,Influenza,-0.6798821581870289
TRAIT,CSVGTGGTNEKLFF,NP,Influenza,3.068030540890774
TRAIT,CASSLARSNTEAFF,NP,Influenza,0.8532113826297346
TRAIT,CASRQNYGYTF,NP,Influenza,-0.9107635833374466
TRAIT,CASSPQDYGYTF,NP,Influenza,1.6713831276174131
TRAIT,CASSLVNTGELFF,NP,Influenza,0.3933889657599412
TRAIT,CASSFNRGGTEAFF,M1,Influenza,2.117032178464896
TRAIT,CASSATGGSYEQYF,M1,Influenza,-0.7389892310345679
TRAIT,CASSPIGYGYTF,M1,Influenza,-1.6034833879379664
TRAIT,CASSLSSGGTYEQYF,M1,Influenza,1.3082063242672075
TRAIT,CASSLARNYGYTF,M1,Influenza,-0.6504147319072594
TRAIT,CASSFGDNQPQHF,M1,Influenza,1.7718724501359415
TRAIT,CASSPGQNEQFF,HA,Influenza,1.3427465875169888
TRAIT,CASSLGQGEAFF,HA,Influenza,0.4479538427474859
TRAIT,CASSLGQGSDGYTF,HA,Influenza,1.3782388545099558
TRAIT,CASSPGQGEQYF,HA,Influenza,1.6178124777179228
TRAIT,CASSLEAGGQETQYF,M1,Influenza,2.4150603072601093
TRAIT,CASSLGSYNEQFF,M1,Influenza,1.161955317042057
TRAIT,CASSLGGVGEKLFF,M1,Influenza,1.6873589029247495
TRAIT,CASSFGSYNEQFF,M1,Influenza,-0.767925074346758
TRAIT,CASSEGSYNEQFF,M1,Influenza,-1.269810940101435
TRAIT,CASSLRGAGTEAFF,M1,Influenza,-1.2859921469110058
TRAIT,CASSLGAGANVLTF,M1,Influenza,1.1978847552580802
TRAIT,CASSSGTGYEQYF,M1,Influenza,-0.6115382974552527
TRAIT,CASSSQGNTIYF,M1,Influenza,1.9585313039363248
TRAIT,CASSLGTRNEQFF,M1,Influenza,-0.7605950332535545
TRAIT,CASSPGDEQFF,IE1,Cytomegalovirus (CMV),-1.8510083775695323
TRAIT,CASSAGDEQYF,IE1,Cytomegalovirus (CMV),-2.266182206399049
TRAIT,CASSPGDEQYF,IE1,Cytomegalovirus (CMV),-1.623493809084274
TRAIT,CASTLGDEQYF,IE1,Cytomegalovirus (CMV),-2.306582427898212
TRAIT,CASSPVSNEQFF,IE1,Cytomegalovirus (CMV),-2.411891449804912
TRAIT,CASSSGQKNTEAFF,IE1,Cytomegalovirus (CMV),-0.6082262852028163
TRAIT,CASSTGQKNTEAFF,IE1,Cytomegalovirus (CMV),1.967806696341204
TRAIT,CASSSGLTNTEAFF,IE1,Cytomegalovirus (CMV),0.9999328775343216
TRAIT,CASSFPDTQYF,IE1,Cytomegalovirus (CMV),-0.6834608401542213
TRAIT,CATSRDGGETQYF,UL29/28,Cytomegalovirus (CMV),4.218555923041885
TRAIT,CASSGGLEAFF,UL29/28,Cytomegalovirus (CMV),-2.410686192576865
TRAIT,CASSLGLEAFF,UL29/28,Cytomegalovirus (CMV),-1.6196527251119837
TRAIT,CASSPNRNTEAFF,pp65,Cytomegalovirus (CMV),2.0764679452081016
TRAIT,CASSPGRNTEAFF,pp65,Cytomegalovirus (CMV),0.8328094638982326
TRAIT,CASSVRGSPLHF,TAX,HTLV-1,1.1396643556842785
TRAIT,CASSLDRGNIQYF,TAX,HTLV-1,1.1416582415483498
TRAIT,CASGLGTDTQYF,TAX,HTLV-1,1.2902790624001668
TRAIT,CASSPPRTDTQYF,TAX,HTLV-1,-0.9851293125264224
TRAIT,CASSPDRGLEQYF,TAX,HTLV-1,1.70647935852733
TRAIT,CASSPGTSGNTGELFF,TAX,HTLV-1,1.4612186796702171
TRAIT,CASSPDRGTEAFF,TAX,HTLV-1,0.641692461672018
TRAIT,CASSVRGNEQFF,TAX,HTLV-1,-2.243090554589042
TRAIT,CASSPDRAGEQYF,TAX,HTLV-1,0.9607748237297796
TRAIT,CASSLGDRLYEQYF,TAX,HTLV-1,-2.814127739368106
TRAIT,CASSLGPGGAYEQYF,TAX,HTLV-1,-2.7102473573394272
TRAIT,CASSLGSSGETQYF,TAX,HTLV-1,-1.464290154939864
TRAIT,CASSLDRVHEQYF,TAX,HTLV-1,1.081858948228282
TRAIT,CASSEEGDTQYF,Gag,HIV / Human immunodeficiency virus (HIV),-1.439467056648549
TRAIT,CASSEGGYGYTF,Gag,HIV / Human immunodeficiency virus (HIV),0.3834855033620099
TRAIT,CASTRGSTDTQYF,Gag,HIV / Human immunodeficiency virus (HIV),1.030645795348238
TRAIT,CASSLNRANTEAFF,Nucleocapsid,COVID-19 / SARS-CoV-2 / SARS-CoV,-1.0206802826418682
TRAIT,CASSLLQGSYNEQFF,NUCLEOCAPSID,HCoV-HKU1,-0.7416713344961264
TRAIT,CASSLDREDEQYF,CADPS2,Human (Homo sapiens),1.6014920514775448
TRAIT,CASSLVASGQETQYF,pp65,Cytomegalovirus (CMV),1.7359371625107078
TRAIT,CASSLSGGGEQFF,pp65,Cytomegalovirus (CMV),-1.8014579618070203
TRAIT,CASGGANYGYTF,Gag,HIV / Human immunodeficiency virus (HIV),1.1652050743157991
TRAIT,CASSLAGGYTF,Gag,HIV / Human immunodeficiency virus (HIV),-0.5324796078446945
TRAIT,CASSLAGGGEQFF,ME1,Human (Homo sapiens),0.9500600808354516
TRAIT,CASSLGTDTQYF,SF3B1,Human (Homo sapiens),1.6711926618706388
TRAIT,CASSSTGGGGTEAFF,pp65,Cytomegalovirus (CMV),-3.378447696979789
TRAIT,CASSLDTDTQYF,pp65,Cytomegalovirus (CMV),1.0956363028605889
TRAIT,CASSPDRGRGYTF,pp65,Cytomegalovirus (CMV),0.5889807309598956
TRAIT,CASSVDRNTEAFF,NS3,Hepatitis C virus (HCV),0.4958594284963944
TRAIT,CASSQGLAVNTGELFF,NS4B,Yellow fever virus,1.408430351250265
TRAIT,CASSLAAYNEQFF,NS4B,Yellow fever virus,-0.6972528254624134
TRAIT,CASSLAQGAYEQYF,NS4B,Yellow fever virus,-1.2286905634135423
TRAIT,CASSQGVNQPQHF,NS4B,Yellow fever virus,0.5089404809404092
TRAIT,CASSLRQGDTEAFF,NS4B,Yellow fever virus,1.217454487464233
TRAIT,CASSPAGQGYEQYF,NS4B,Yellow fever virus,-1.460717191652221
TRAIT,CATSRDSSGANVLTF,NS4B,Yellow fever virus,-6.093078414781791
TRAIT,CASSAGTASYEQYF,NS4B,Yellow fever virus,-2.2850916505445755
TRAIT,CASSEGRSYEQYF,NS4B,Yellow fever virus,-2.069426848977
TRAIT,CSARDRDSYEQYF,NS4B,Yellow fever virus,-4.416445143953942
TRAIT,CASSEGLAAYEQYF,NS4B,Yellow fever virus,-1.6866430676388116
TRAIT,CASSLGQGEQFF,HA,Influenza,-1.961867471140872
TRAIT,CASSLSQGDQPQHF,HA,Influenza,1.1426455490879903
TRAIT,CASSPGQIYGYTF,HA,Influenza,-0.9192616508708232
TRAIT,CASTGSSYEQYF,HA,Influenza,-1.0096706901558197
TRAIT,CASSLGLAGDQETQYF,HA,Influenza,1.0807487654601564
TRAIT,CASSLGQNEQYF,HA,Influenza,-2.0582341658103203
TRAIT,CASSLTGGSETQYF,HA,Influenza,1.858139174338704
TRAIT,CASSLGRGEQYF,HA,Influenza,-0.9905618775001058
TRAIT,CASSRGTENEKLFF,HA,Influenza,-3.088926730091168
TRAIT,CASSDGTAYEQYF,IE1,Cytomegalovirus (CMV),-4.080763465619574
TRAIT,CASSLARNQPQHF,IE1,Cytomegalovirus (CMV),-0.750361591831307
TRAIT,CASSPGGGKETQYF,IE1,Cytomegalovirus (CMV),2.951094266264993
TRAIT,CSASGYSNQPQHF,BMLF1,EBV,-1.9237632840649512
TRAIT,CASSPGTGGNSPLHF,BMLF1,EBV,0.3506846961806001
TRAIT,CASSLASGNSYEQYF,BMLF1,EBV,3.382797990057449
TRAIT,CASRGSGEKLFF,BMLF1,EBV,1.4960242985573555
TRAIT,CASSYSSTEAFF,BMLF1,EBV,-1.003825045107976
TRAIT,CASSRQGDEKLFF,BMLF1,EBV,0.646638870992215
TRAIT,CASSLARGGTEAFF,BMLF1,EBV,-0.9291481019126228
TRAIT,CASSWGQGSYEQYF,BMLF1,EBV,-0.3839803800099907
TRAIT,CASSSQRNTEAFF,BMLF1,EBV,2.108613609441285
TRAIT,CASSSDINYGYTF,BMLF1,EBV,1.294661759892612
TRAIT,CASSLEVGNQPQHF,BMLF1,EBV,-1.5689283471077031
TRAIT,CASSQVRGTEAFF,BMLF1,EBV,0.7121002254379151
TRAIT,CASSRDKNYGYTF,BMLF1,EBV,1.3228503516809202
TRAIT,CASSVDRNSPLHF,BMLF1,EBV,1.4048498103713822
TRAIT,CASSFGSGNTIYF,BMLF1,EBV,0.6589511203232232
TRAIT,CASSPRGRTEAFF,BMLF1,EBV,-0.4872181381394899
TRAIT,CSAKRGNTEAFF,BMLF1,EBV,1.1976064756211189
TRAIT,CASSWVNTEAFF,BMLF1,EBV,-2.7293165243505824
TRAIT,CASSPTGTEAFF,BMLF1,EBV,-2.449213354049489
TRAIT,CSVDRGLNTEAFF,BMLF1,EBV,-2.1580253470966992
TRAIT,CASSSLNTEAFF,BMLF1,EBV,-0.5587201208481938
TRAIT,CASSVEGETQYF,BMLF1,EBV,-0.6563764456470683
TRAIT,CASSLESGEKLFF,BMLF1,EBV,3.368629037370569
TRAIT,CASSPGPGETQYF,BMLF1,EBV,1.915280149457468
TRAIT,CASSLGRGYEQYF,BMLF1,EBV,0.2208284759008833
TRAIT,CASSSGQPNTGELFF,BMLF1,EBV,-1.764759621647495
TRAIT,CASSRQGLETQYF,BMLF1,EBV,-1.1657483253166192
TRAIT,CASSQGSLNTEAFF,BMLF1,EBV,-1.529257918782874
TRAIT,CASSLAGDTGELFF,BMLF1,EBV,0.2198665013079531
TRAIT,CASSREWNTEAFF,BMLF1,EBV,-1.622786664832553
TRAIT,CASSQDGGSSYNEQFF,BMLF1,EBV,1.1437510683047851
TRAIT,CASSLVGTEAFF,BMLF1,EBV,0.8267338818065281
TRAIT,CASSQGFGNTEAFF,BMLF1,EBV,-1.459525260955513
TRAIT,CASSQTGGTEAFF,BMLF1,EBV,-0.3449723156758169
TRAIT,CASSSRDSYEQYF,BMLF1,EBV,-2.3689206697977423
TRAIT,CASSLRNTEAFF,BMLF1,EBV,0.8850751198997009
TRAIT,CASSLGGAEAFF,BMLF1,EBV,-1.8174171488320023
TRAIT,CASSTGTSGGTDTQYF,BMLF1,EBV,2.449013013676576
TRAIT,CASSYGDSYEQYF,BMLF1,EBV,-3.260415671560956
TRAIT,CASSLGSHTEAFF,BMLF1,EBV,-1.7225245415929846
TRAIT,CATGLAGGNEQFF,NS4B,Yellow fever virus,3.8182470173623377
TRAIT,CASSPGTGTYEQYF,NS4B,Yellow fever virus,0.2380798731028682
TRAIT,CASSPGQAYEQYF,NS4B,Yellow fever virus,-0.4594953697146304
TRAIT,CASSERGSNQPQHF,NS4B,Yellow fever virus,-1.8299556855331465
TRAIT,CASRQQGGTEAFF,NS4B,Yellow fever virus,-1.2659412726518209
TRAIT,CASSQGQAYEQYF,NS4B,Yellow fever virus,-0.5407025525386695
TRAIT,CASSFAGTDTQYF,MLANA,Cancer/Self antigen,0.4301197041661301
TRAIT,CASSLTGLGQPQHF,MLANA,Cancer/Self antigen,-3.384082383173187
TRAIT,CASSLGLAGNEQYF,MLANA,Cancer/Self antigen,0.5761888327689388
TRAIT,CASSTGQGFTEAFF,MLANA,Cancer/Self antigen,0.8316092860628952
TRAIT,CASTLGGGTEAFF,MLANA,Cancer/Self antigen,-2.0404960068808635
TRAIT,CASSFEGNTGELFF,IGF2BP2,Human (Homo sapiens),-1.339938651983883
TRAIT,CASSPLGGSYNEQFF,IGF2BP2,Human (Homo sapiens),0.943662037577516
TRAIT,CASSLEVTYEQYF,IGF2BP2,Human (Homo sapiens),-2.1057985635788565
TRAIT,CASSEGQNYGYTF,IGF2BP2,Human (Homo sapiens),1.3159878785808323
TRAIT,CASSLGGSYGYTF,IGF2BP2,Human (Homo sapiens),0.4502425390060471
TRAIT,CASSPTGTEAFF,IGF2BP2,Human (Homo sapiens),-2.449213354049489
TRAIT,CASSLAGGYGYTF,IGF2BP2,Human (Homo sapiens),1.0212969168819863
TRAIT,CASSVEGGNTIYF,IGF2BP2,Human (Homo sapiens),1.935794862376326
TRAIT,CASSVEGAGTEAFF,IGF2BP2,Human (Homo sapiens),-1.5482733777061315
TRAIT,CATSDFGTEAFF,IGF2BP2,Human (Homo sapiens),-2.211380051288808
TRAIT,CASSLGGETQYF,IGF2BP2,Human (Homo sapiens),1.462417684496211
TRAIT,CASSQDRGYTF,IGF2BP2,Human (Homo sapiens),-1.069547927702756
TRAIT,CASSLGETQYF,IGF2BP2,Human (Homo sapiens),2.055213647520372
TRAIT,CASSLESDTQYF,IGF2BP2,Human (Homo sapiens),0.669790441885174
TRAIT,CASSFAGTDTQYF,IGF2BP2,Human (Homo sapiens),0.4301197041661301
TRAIT,CASSLGTGTEAFF,IGF2BP2,Human (Homo sapiens),-0.5354047311444066
TRAIT,CASSLSGAGNEQFF,IGF2BP2,Human (Homo sapiens),0.7984344457300127
TRAIT,CASSQSGAEAFF,IGF2BP2,Human (Homo sapiens),-2.4946873693145406
TRAIT,CASSQGGTQYF,IGF2BP2,Human (Homo sapiens),0.7065269363301925
TRAIT,CASSLAGGGETQYF,IGF2BP2,Human (Homo sapiens),1.7423512631202327
TRAIT,CASSSGTVYNEQFF,IGF2BP2,Human (Homo sapiens),-0.6783608853219095
TRAIT,CASTGGYGYTF,IGF2BP2,Human (Homo sapiens),-1.2685227847262772
TRAIT,CASSGGGGEKLFF,IGF2BP2,Human (Homo sapiens),1.4784353247075617
TRAIT,CASSSLETQYF,IGF2BP2,Human (Homo sapiens),0.5719815468904065
TRAIT,CASSRLAGGDEQFF,IGF2BP2,Human (Homo sapiens),-3.160938848870392
TRAIT,CASSAGQGITEAFF,IGF2BP2,Human (Homo sapiens),-2.56419457057976
TRAIT,CASSIGGGSNQPQHF,IGF2BP2,Human (Homo sapiens),2.781285640903379
TRAIT,CASSLASNEQFF,IGF2BP2,Human (Homo sapiens),-2.0913870413297704
TRAIT,CASSLLGGYTF,IGF2BP2,Human (Homo sapiens),-0.8990610379145689
TRAIT,CASSWAMNTEAFF,IGF2BP2,Human (Homo sapiens),-2.45384810097668
TRAIT,CASSLGMGTEAFF,IGF2BP2,Human (Homo sapiens),-1.9808607511405327
TRAIT,CASSVRTGELFF,Nef,HIV / Human immunodeficiency virus (HIV),-0.6667876197938055
TRAIT,CASSKYNEQFF,Nef,HIV / Human immunodeficiency virus (HIV),0.7376372156771781
TRAIT,CASSLVSGSSYNEQFF,pp65,Cytomegalovirus (CMV),-0.6806565049580086
TRAIT,CASSLVLADNEQFF,pp65,Cytomegalovirus (CMV),1.052717803505812
TRAIT,CASSLDQNIQYF,pp65,Cytomegalovirus (CMV),-1.2819477904152858
TRAIT,CASSRTGSGYTF,EBNA3A,EBV,2.071692321944944
TRAIT,CASSTASTDTQYF,M1,Influenza,-3.0068150030757788
TRAIT,CASSERSNQPQHF,M1,Influenza,-0.6724741024027732
TRAIT,CASSLGGGDNEQFF,M1,Influenza,0.9496203192261244
TRAIT,CASSGTGTTDTQYF,Nucleocapsid,COVID-19 / SARS-CoV-2 / SARS-CoV,-2.642042952184396
TRAIT,CASSLAGVEQYF,Nucleocapsid,COVID-19 / SARS-CoV-2 / SARS-CoV,0.5443502363854025
TRAIT,CASSLGGANVLTF,Nucleocapsid,COVID-19 / SARS-CoV-2 / SARS-CoV,0.4745456148361759
TRAIT,CASSFRSSTDTQYF,Nucleocapsid,COVID-19 / SARS-CoV-2 / SARS-CoV,-1.1313450367533266
TRAIT,CASSFSGGSYNEQFF,Nucleocapsid,COVID-19 / SARS-CoV-2 / SARS-CoV,0.998104081804984
TRAIT,CASSLGITEAFF,Nucleocapsid,COVID-19 / SARS-CoV-2 / SARS-CoV,-3.0027334397502417
TRAIT,CASSLEETQYF,Nucleocapsid,COVID-19 / SARS-CoV-2 / SARS-CoV,1.7636981603234032
TRAIT,CASSRGQNNQPQHF,Nucleocapsid,COVID-19 / SARS-CoV-2 / SARS-CoV,1.1973224923363075
TRAIT,CASRRDRVNTEAFF,Nucleocapsid,COVID-19 / SARS-CoV-2 / SARS-CoV,0.9538769005674068
TRAIT,CASSLGNYEQYF,Nucleocapsid,COVID-19 / SARS-CoV-2 / SARS-CoV,-1.2012001623927762
TRAIT,CASSPGLADEQFF,Orf1ab,COVID-19 / SARS-CoV-2 / SARS-CoV,-1.3136702882522022
TRAIT,CASSAADTQYF,Orf1ab,COVID-19 / SARS-CoV-2 / SARS-CoV,1.8654269126640188
TRAIT,CASRLYYEQYF,Orf1ab,COVID-19 / SARS-CoV-2 / SARS-CoV,-2.7192840941995406
TRAIT,CASSLGDSSGNTIYF,Orf1ab,COVID-19 / SARS-CoV-2 / SARS-CoV,-0.9476396529317194
TRAIT,CASSLSSYNEQFF,Orf1ab,COVID-19 / SARS-CoV-2 / SARS-CoV,0.3133328277866052
TRAIT,CASSPTGGTDTQYF,Orf1ab,COVID-19 / SARS-CoV-2 / SARS-CoV,0.7094245813035718
TRAIT,CASSQGTGSSYNEQFF,Orf1ab,COVID-19 / SARS-CoV-2 / SARS-CoV,-4.895346755417483
TRAIT,CASSFGLAGNTGELFF,Orf1ab,COVID-19 / SARS-CoV-2 / SARS-CoV,0.9173464404401324
TRAIT,CASSLRSMNTEAFF,Orf1ab,COVID-19 / SARS-CoV-2 / SARS-CoV,-1.118160495649093
TRAIT,CASSFQETQYF,Orf1ab,COVID-19 / SARS-CoV-2 / SARS-CoV,1.7018320442440038
TRAIT,CASSLGQHTEAFF,Orf1ab,COVID-19 / SARS-CoV-2 / SARS-CoV,-0.7954228847154144
TRAIT,CASSFKDTQYF,Orf1ab,COVID-19 / SARS-CoV-2 / SARS-CoV,0.9033817038412256
TRAIT,CASSPGTEAFF,Orf1ab,COVID-19 / SARS-CoV-2 / SARS-CoV,-0.215878370872579
TRAIT,CASSRGGLNTGELFF,Orf1ab,COVID-19 / SARS-CoV-2 / SARS-CoV,0.5380187493428982
TRAIT,CASTLAGGTGELFF,Orf1ab,COVID-19 / SARS-CoV-2 / SARS-CoV,1.4231292474360615
TRAIT,CASSLGRLTYEQYF,Orf1ab,COVID-19 / SARS-CoV-2 / SARS-CoV,-3.1478751847192816
TRAIT,CASSLTETYEQYF,Orf1ab,COVID-19 / SARS-CoV-2 / SARS-CoV,-4.02706588143643
TRAIT,CASSLTTNTEAFF,Orf1ab,COVID-19 / SARS-CoV-2 / SARS-CoV,0.3614377652377061
TRAIT,CASSFGTGGYTF,Orf1ab,COVID-19 / SARS-CoV-2 / SARS-CoV,1.2619760643991058
TRAIT,CASSLAGGYEQYF,Orf1ab,COVID-19 / SARS-CoV-2 / SARS-CoV,1.3449530480949043
TRAIT,CASSLDKNTEAFF,Orf1ab,COVID-19 / SARS-CoV-2 / SARS-CoV,0.6633828851839852
TRAIT,CASSPDNYGYTF,Orf1ab,COVID-19 / SARS-CoV-2 / SARS-CoV,0.9383464336336774
TRAIT,CASSFGSYEQYF,NSP3,COVID-19 / SARS-CoV-2 / SARS-CoV,-0.7729436485935195
TRAIT,CASSFGTVNTEAFF,Orf1ab,COVID-19 / SARS-CoV-2 / SARS-CoV,-0.4228163486065904
TRAIT,CASSGSGGATDTQYF,Orf1ab,COVID-19 / SARS-CoV-2 / SARS-CoV,-4.274116853309973
TRAIT,CASSQDPSGTDTQYF,Orf1ab,COVID-19 / SARS-CoV-2 / SARS-CoV,-4.75045059177523
TRAIT,CASSLDLNSPLHF,Orf1ab,COVID-19 / SARS-CoV-2 / SARS-CoV,1.722864646593441
TRAIT,CASSLGLAGSDEQFF,Orf1ab,COVID-19 / SARS-CoV-2 / SARS-CoV,1.6239803662849468
TRAIT,CASSLGEQYF,Orf1ab,COVID-19 / SARS-CoV-2 / SARS-CoV,-2.845871089983077
TRAIT,CASSLSGFYGYTF,Orf1ab,COVID-19 / SARS-CoV-2 / SARS-CoV,-0.9078272441307365
TRAIT,CASSLSTDTQYF,Orf1ab,COVID-19 / SARS-CoV-2 / SARS-CoV,1.819337539501404
TRAIT,CASSYDNQPQHF,Orf1ab,COVID-19 / SARS-CoV-2 / SARS-CoV,-2.0733271411538707
TRAIT,CASSLDRGVYNEQFF,Orf1ab,COVID-19 / SARS-CoV-2 / SARS-CoV,1.3483905472053517
TRAIT,CASSLGRGTEAFF,Orf1ab,COVID-19 / SARS-CoV-2 / SARS-CoV,0.7576198831235089
TRAIT,CASSQDGTAGNTIYF,Orf1ab,COVID-19 / SARS-CoV-2 / SARS-CoV,-1.3467278031189966
TRAIT,CASSQEAGYEQYF,Orf1ab,COVID-19 / SARS-CoV-2 / SARS-CoV,-2.183165718504133
TRAIT,CASSQGGMNTEAFF,Orf1ab,COVID-19 / SARS-CoV-2 / SARS-CoV,0.6021189866120823
TRAIT,CASSLTGPETQYF,NSP3,COVID-19 / SARS-CoV-2 / SARS-CoV,2.0283235730066687
TRAIT,CASSLYSNQPQHF,RNP,COVID-19 / SARS-CoV-2 / SARS-CoV,0.8950270810497951
TRAIT,CASSPRTGAEAFF,Orf1ab,COVID-19 / SARS-CoV-2 / SARS-CoV,1.2243390637613112
TRAIT,CASSFWANTEAFF,Orf1ab,COVID-19 / SARS-CoV-2 / SARS-CoV,0.8439474823151936
TRAIT,CASSPGGIGYTF,Orf1ab,COVID-19 / SARS-CoV-2 / SARS-CoV,1.370296719487174
TRAIT,CASSLAGGLTDTQYF,Orf1ab,COVID-19 / SARS-CoV-2 / SARS-CoV,-0.6005399765263716
TRAIT,CASSRDRGYEQYF,Orf1ab,COVID-19 / SARS-CoV-2 / SARS-CoV,1.5543020494659132
TRAIT,CASSPRLASDTQYF,Orf1ab,COVID-19 / SARS-CoV-2 / SARS-CoV,-1.328295017693681
TRAIT,CASSFLGEKLFF,Orf1ab,COVID-19 / SARS-CoV-2 / SARS-CoV,-2.168615542144261
TRAIT,CASSGGNTEAFF,Orf1ab,COVID-19 / SARS-CoV-2 / SARS-CoV,-0.7213136814710266
TRAIT,CASSLGGGELFF,Orf1ab,COVID-19 / SARS-CoV-2 / SARS-CoV,-0.9889536320754222
TRAIT,CASSLGLAAQETQYF,Orf1ab,COVID-19 / SARS-CoV-2 / SARS-CoV,-0.912779034047182
TRAIT,CASSLRTAEAFF,Orf1ab,COVID-19 / SARS-CoV-2 / SARS-CoV,-0.7137949714528661
TRAIT,CASSPPGLAGGETQYF,Orf1ab,COVID-19 / SARS-CoV-2 / SARS-CoV,2.687653620399026
TRAIT,CASSPRGNNEQFF,Orf1ab,COVID-19 / SARS-CoV-2 / SARS-CoV,1.429868692549122
TRAIT,CASSSGQGYEQYF,Orf1ab,COVID-19 / SARS-CoV-2 / SARS-CoV,0.8673412317428456
TRAIT,CASSYSGGSSYEQYF,Orf1ab,COVID-19 / SARS-CoV-2 / SARS-CoV,-0.6669909584829746
TRAIT,CASSLAGAYEQYF,Orf1ab,COVID-19 / SARS-CoV-2 / SARS-CoV,1.2556418036134729
TRAIT,CASSVEGVNTEAFF,Orf1ab,COVID-19 / SARS-CoV-2 / SARS-CoV,-3.194850622919492
TRAIT,CASSDGTGADTQYF,Orf1ab,COVID-19 / SARS-CoV-2 / SARS-CoV,-7.96877330597705
TRAIT,CASSFGQGGYEQYF,Orf1ab,COVID-19 / SARS-CoV-2 / SARS-CoV,-1.3992934990006494
TRAIT,CASSLDSYEQYF,Orf1ab,COVID-19 / SARS-CoV-2 / SARS-CoV,1.4067090421383943
TRAIT,CASSLYRGTEAFF,Orf1ab,COVID-19 / SARS-CoV-2 / SARS-CoV,-0.5672580266702142
TRAIT,CASSQDGQGYEQYF,Orf1ab,COVID-19 / SARS-CoV-2 / SARS-CoV,2.4445634988812595
TRAIT,CASSVGGSYNEQFF,Orf1ab,COVID-19 / SARS-CoV-2 / SARS-CoV,0.5458477860838007
TRAIT,CASSVGTSSYEQYF,Orf1ab,COVID-19 / SARS-CoV-2 / SARS-CoV,-2.348370217376495
TRAIT,CASSSGTGDTGELFF,Orf1ab,COVID-19 / SARS-CoV-2 / SARS-CoV,-1.8714747329162087
TRAIT,CASSLGQGYYGYTF,Orf1ab,COVID-19 / SARS-CoV-2 / SARS-CoV,-0.6955098739609504
TRAIT,CASSLMGGTEAFF,Orf1ab,COVID-19 / SARS-CoV-2 / SARS-CoV,0.7494419433569731
TRAIT,CASRPSGGGETQYF,Orf1ab,COVID-19 / SARS-CoV-2 / SARS-CoV,4.814680615977672
TRAIT,CASLTGNTEAFF,Orf1ab,COVID-19 / SARS-CoV-2 / SARS-CoV,-1.86156920785645
TRAIT,CASSEGDTEAFF,Orf3,COVID-19 / SARS-CoV-2 / SARS-CoV,-1.7538554269045612
TRAIT,CASSPRLAGTGELFF,Orf3,COVID-19 / SARS-CoV-2 / SARS-CoV,1.1871052533572948
TRAIT,CASSPVGGNSPLHF,Orf3,COVID-19 / SARS-CoV-2 / SARS-CoV,-1.140989545618393
TRAIT,CASSEGTSGSNEQFF,Orf3,COVID-19 / SARS-CoV-2 / SARS-CoV,-6.404193264414911
TRAIT,CASSVASGSSYEQYF,Orf3,COVID-19 / SARS-CoV-2 / SARS-CoV,-1.477541752952752
TRAIT,CASSWGQGEETQYF,Orf6,COVID-19 / SARS-CoV-2 / SARS-CoV,2.2926795335691064
TRAIT,CASSSGLAADTQYF,Orf7a,COVID-19 / SARS-CoV-2 / SARS-CoV,0.5018173262288753
TRAIT,CASSLSGEQFF,Orf7a,COVID-19 / SARS-CoV-2 / SARS-CoV,-1.0178434157425844
TRAIT,CASSPSGPYEQYF,Orf7a,COVID-19 / SARS-CoV-2 / SARS-CoV,-0.7220332064991105
TRAIT,CASSLTGVGQPQHF,Orf8,COVID-19 / SARS-CoV-2 / SARS-CoV,-1.7264212569502506
TRAIT,CASSLSGAADTQYF,Orf9b,COVID-19 / SARS-CoV-2 / SARS-CoV,-1.9272323710306445
TRAIT,CASGQGGNQPQHF,Envelope,COVID-19 / SARS-CoV-2 / SARS-CoV,1.1205096393831675
TRAIT,CASSDDSNYGYTF,Envelope,COVID-19 / SARS-CoV-2 / SARS-CoV,-1.010441636032732
TRAIT,CASSEGQLNYGYTF,M,COVID-19 / SARS-CoV-2 / SARS-CoV,2.5097251869731982
TRAIT,CASSYSTGVGYTF,M,COVID-19 / SARS-CoV-2 / SARS-CoV,-3.668807554097088
TRAIT,CASSLGQKNSPLHF,M,COVID-19 / SARS-CoV-2 / SARS-CoV,-2.333749622911467
TRAIT,CASSYSQGAYEQYF,M,COVID-19 / SARS-CoV-2 / SARS-CoV,-2.092849674768173
TRAIT,CASSDSYGYTF,Spike,COVID-19 / SARS-CoV-2 / SARS-CoV,-0.4835275164588632
TRAIT,CASSLNRGYEQYF,Spike,COVID-19 / SARS-CoV-2 / SARS-CoV,0.4685162963616626
TRAIT,CASSLALAGNEQFF,Spike,COVID-19 / SARS-CoV-2 / SARS-CoV,-1.0770805117983353
TRAIT,CASSSRTGPYEQYF,Spike,COVID-19 / SARS-CoV-2 / SARS-CoV,-1.8064320981652304
TRAIT,CASSFGQYEQYF,Spike,COVID-19 / SARS-CoV-2 / SARS-CoV,-1.2095031805818106
TRAIT,CASSLEGDQPQHF,Spike,COVID-19 / SARS-CoV-2 / SARS-CoV,0.8926174245508388
TRAIT,CASSFTGSSYNEQFF,Spike,COVID-19 / SARS-CoV-2 / SARS-CoV,1.0796165446407584
TRAIT,CASSTTVNTEAFF,Spike,COVID-19 / SARS-CoV-2 / SARS-CoV,0.3068061773266706
TRAIT,CASSPPGGGNTGELFF,Spike,COVID-19 / SARS-CoV-2 / SARS-CoV,1.7538346436700678
TRAIT,CASSSPRGETQYF,Spike,COVID-19 / SARS-CoV-2 / SARS-CoV,-1.9440154608055544
TRAIT,CASSLGGGDYGYTF,Spike,COVID-19 / SARS-CoV-2 / SARS-CoV,0.3861614295402966
TRAIT,CASSPDPQETQYF,Spike,COVID-19 / SARS-CoV-2 / SARS-CoV,-1.2397501126528438
TRAIT,CASGGYNEQFF,Spike,COVID-19 / SARS-CoV-2 / SARS-CoV,-0.7567135309825787
TRAIT,CASSFQNTGELFF,Spike,COVID-19 / SARS-CoV-2 / SARS-CoV,1.0610881117132256
TRAIT,CASSVDNTGELFF,Spike,COVID-19 / SARS-CoV-2 / SARS-CoV,-1.642347959701735
TRAIT,CASTGLNTGELFF,Spike,COVID-19 / SARS-CoV-2 / SARS-CoV,-1.3059401038721248
TRAIT,CASSLTGGGNTGELFF,Spike,COVID-19 / SARS-CoV-2 / SARS-CoV,1.4284845583791852
TRAIT,CASSPLAGGNTGELFF,Spike,COVID-19 / SARS-CoV-2 / SARS-CoV,1.445261646394563
TRAIT,CASSQLAGGNTGELFF,Spike,COVID-19 / SARS-CoV-2 / SARS-CoV,-1.0864358133047705
TRAIT,CSVEGDSYEQYF,Spike,COVID-19 / SARS-CoV-2 / SARS-CoV,-3.1449548053115803
TRAIT,CASREGNTGELFF,Spike,COVID-19 / SARS-CoV-2 / SARS-CoV,1.1301274683028375
TRAIT,CASSDGNTGELFF,Spike,COVID-19 / SARS-CoV-2 / SARS-CoV,-1.7202429256543526
TRAIT,CASSDTNTGELFF,Spike,COVID-19 / SARS-CoV-2 / SARS-CoV,-4.006558581639363
TRAIT,CASSESNTGELFF,Spike,COVID-19 / SARS-CoV-2 / SARS-CoV,-1.699561067752108
TRAIT,CASSGLNTGELFF,Spike,COVID-19 / SARS-CoV-2 / SARS-CoV,0.4546277243460603
TRAIT,CASSLGTGHQPQHF,Spike,COVID-19 / SARS-CoV-2 / SARS-CoV,-0.7766867845246578
TRAIT,CASSLGTGYQPQHF,Spike,COVID-19 / SARS-CoV-2 / SARS-CoV,-0.6966365378189093
TRAIT,CASSNANTGELFF,Spike,COVID-19 / SARS-CoV-2 / SARS-CoV,3.4639446935302853
TRAIT,CASSVQNTGELFF,Spike,COVID-19 / SARS-CoV-2 / SARS-CoV,1.031856667571231
TRAIT,CASSSQNTGELFF,Spike,COVID-19 / SARS-CoV-2 / SARS-CoV,1.2579427206499485
TRAIT,CASSQGQGNIQYF,Spike,COVID-19 / SARS-CoV-2 / SARS-CoV,2.698277011660818
TRAIT,CASSLDSEQFF,Spike,COVID-19 / SARS-CoV-2 / SARS-CoV,0.6540719138154586
TRAIT,CASSLALANEQFF,Spike,COVID-19 / SARS-CoV-2 / SARS-CoV,1.081215981550702
TRAIT,CASSEANTGELFF,Spike,COVID-19 / SARS-CoV-2 / SARS-CoV,-3.786799658592353
TRAIT,CASSNSYGYTF,Spike,COVID-19 / SARS-CoV-2 / SARS-CoV,1.1675873690077436
TRAIT,CASSYQNTGELFF,Spike,COVID-19 / SARS-CoV-2 / SARS-CoV,1.8214367806147829
TRAIT,CASSFLAGGNTGELFF,Spike,COVID-19 / SARS-CoV-2 / SARS-CoV,1.119030904329899
TRAIT,CASSHTNTGELFF,Spike,COVID-19 / SARS-CoV-2 / SARS-CoV,-0.8361968103822275
TRAIT,CASSLVAGGNTGELFF,Spike,COVID-19 / SARS-CoV-2 / SARS-CoV,0.7883275376264048
TRAIT,CASSPDSNNEQFF,Gag,HIV / Human immunodeficiency virus (HIV),1.5242398232317729
TRAIT,CASSLHRDTEAFF,Gag,HIV / Human immunodeficiency virus (HIV),0.8975852102749567
TRAIT,CASSLDRNEQFF,Gag,HIV / Human immunodeficiency virus (HIV),0.4479519288761816
TRAIT,CASSVDRDTEAFF,Gag,HIV / Human immunodeficiency virus (HIV),-1.270873801685665
TRAIT,CASSDRQNTEAFF,Gag,HIV / Human immunodeficiency virus (HIV),-1.456567889533256
TRAIT,CASSHRTGELFF,Gag,HIV / Human immunodeficiency virus (HIV),-1.364630011016821
TRAIT,CASSPGTGGDYGYTF,Gag,HIV / Human immunodeficiency virus (HIV),0.6258024596654899
TRAIT,CASSLGTSSSYEQYF,Gag,HIV / Human immunodeficiency virus (HIV),1.39820809961644
TRAIT,CASSSQENTEAFF,Gag,HIV / Human immunodeficiency virus (HIV),1.1734818459077916
TRAIT,CASSLGEQPQHF,Gag,HIV / Human immunodeficiency virus (HIV),-2.2836893312879445
TRAIT,CASSLGTSAYEQYF,Gag,HIV / Human immunodeficiency virus (HIV),-1.5622761561103182
TRAIT,CASSEGNTGELFF,Gag,HIV / Human immunodeficiency virus (HIV),-3.1594517379632747
TRAIT,CASSRHTGELFF,Gag,HIV / Human immunodeficiency virus (HIV),-1.4220324293733504
TRAIT,CASRPSNTEAFF,Gag,HIV / Human immunodeficiency virus (HIV),-1.1201077890627449
TRAIT,CASSLDRNEQYF,Gag,HIV / Human immunodeficiency virus (HIV),-0.98024052601142
TRAIT,CASSFDSYEQYF,Gag,HIV / Human immunodeficiency virus (HIV),-1.3361673477538698
TRAIT,CASSGNTGELFF,Gag,HIV / Human immunodeficiency virus (HIV),-0.8496472240481749
TRAIT,CASSYRTGELFF,Gag,HIV / Human immunodeficiency virus (HIV),-1.3736905669118604
TRAIT,CASSPGTSAYEQYF,Gag,HIV / Human immunodeficiency virus (HIV),-2.4679915971919124
TRAIT,CASSSLDTGELFF,Gag,HIV / Human immunodeficiency virus (HIV),1.3597530634861623
TRAIT,CASSPGDGQPQHF,Gag,HIV / Human immunodeficiency virus (HIV),1.738541711874185
TRAIT,CASSGTTGELFF,Gag,HIV / Human immunodeficiency virus (HIV),-3.2590759474644435
TRAIT,CASSYGTGELFF,Gag,HIV / Human immunodeficiency virus (HIV),-1.0763276761914358
TRAIT,CASSPGVADTQYF,Gag,HIV / Human immunodeficiency virus (HIV),2.553805782171761
TRAIT,CATSDSNTGELFF,Spike,COVID-19 / SARS-CoV-2 / SARS-CoV,-0.5687328025641173
TRAIT,CASSLQNTGELFF,Spike,COVID-19 / SARS-CoV-2 / SARS-CoV,0.4723878383956171
TRAIT,CASSIGDEQYF,Spike,COVID-19 / SARS-CoV-2 / SARS-CoV,-2.6527058615586383
TRAIT,CASSLAGPNEQFF,Spike,COVID-19 / SARS-CoV-2 / SARS-CoV,0.4876992170201727
TRAIT,CASSYKNTGELFF,Spike,COVID-19 / SARS-CoV-2 / SARS-CoV,-1.1925486241925145
TRAIT,CASSFQDTGELFF,Spike,COVID-19 / SARS-CoV-2 / SARS-CoV,-1.9444782863451464
TRAIT,CASSLTGSRNQPQHF,Nucleocapsid,COVID-19 / SARS-CoV-2 / SARS-CoV,6.577046722168585
TRAIT,CASRGGGTEAFF,Nucleocapsid,COVID-19 / SARS-CoV-2 / SARS-CoV,-1.8240212155106807
TRAIT,CASSPGTSYEQYF,Nucleocapsid,COVID-19 / SARS-CoV-2 / SARS-CoV,0.2063639288192984
TRAIT,CASSLLGGYEQYF,Spike,COVID-19 / SARS-CoV-2 / SARS-CoV,-0.4455016454746628
TRAIT,CASSQGPGPYEQYF,Spike,COVID-19 / SARS-CoV-2 / SARS-CoV,-1.9407848362650508
TRAIT,CASSLTGTVYEQYF,M1,Influenza,-1.9165121079156244
TRAIT,CASSFRATDTQYF,M1,Influenza,-2.954428559681092
TRAIT,CASSPTSGIYEQYF,Nef,HIV / Human immunodeficiency virus (HIV),2.124423130524322
TRAIT,CASSLRTGQNTEAFF,SLC3A2,Human (Homo sapiens),1.666301502942182
TRAIT,CASSVTANTGELFF,Nucleocapsid,COVID-19 / SARS-CoV-2 / SARS-CoV,1.8474795130479664
TRAIT,CASSVSGGAYNEQFF,Nucleocapsid,COVID-19 / SARS-CoV-2 / SARS-CoV,0.876587039184392
TRAIT,CASSISGGYNEQFF,Nucleocapsid,COVID-19 / SARS-CoV-2 / SARS-CoV,-2.6134596988305785
TRAIT,CASRLANTEAFF,Nucleocapsid,COVID-19 / SARS-CoV-2 / SARS-CoV,-1.557989151990408
TRAIT,CASSPPTGNEQFF,Nucleocapsid,COVID-19 / SARS-CoV-2 / SARS-CoV,2.3041557952559493
TRAIT,CASSLGVAGTDTQYF,Nucleocapsid,COVID-19 / SARS-CoV-2 / SARS-CoV,1.657573768019045
TRAIT,CASSRLAGGRNEQFF,Nucleocapsid,COVID-19 / SARS-CoV-2 / SARS-CoV,1.5806829960888482
TRAIT,CASSLGTGAQETQYF,Nucleocapsid,COVID-19 / SARS-CoV-2 / SARS-CoV,5.474264110996595
TRAIT,CASSRLAGGNTGELFF,Nucleocapsid,COVID-19 / SARS-CoV-2 / SARS-CoV,-0.7620396019959282
TRAIT,CASSGLAGGYNEQFF,Nucleocapsid,COVID-19 / SARS-CoV-2 / SARS-CoV,-2.057811635429579
TRAIT,CASSPGDTQYF,Nucleocapsid,COVID-19 / SARS-CoV-2 / SARS-CoV,0.4884650375534032
TRAIT,CASSLNRELFF,Nucleocapsid,COVID-19 / SARS-CoV-2 / SARS-CoV,-2.53680419716913
TRAIT,CASSSGGYEQYF,Nucleocapsid,COVID-19 / SARS-CoV-2 / SARS-CoV,0.1702613842398783
TRAIT,CASSLASGYEQYF,Spike,COVID-19 / SARS-CoV-2 / SARS-CoV,-0.3390125053361285
TRAIT,CASSQEDNEQFF,KRAS,Human (Homo sapiens),-3.192617489943643
TRAIT,CASRLGNTGELFF,KRAS,Human (Homo sapiens),2.579117825884714
TRAIT,CASRQGNTGELFF,KRAS,Human (Homo sapiens),1.3538099060531574
TRAIT,CASSVAGGGQETQYF,KRAS,Human (Homo sapiens),-1.442354168413483
TRAIT,CASSQDRDTQYF,UL40,Cytomegalovirus (CMV),-0.9782903817277036
TRAIT,CASSQNTEAFF,NRAS,Human (Homo sapiens),0.9242766125449734
TRAIT,CASSLGRMNTEAFF,Nucleocapsid,COVID-19 / SARS-CoV-2 / SARS-CoV,0.2718708132090494
TRAIT,CASSPRDRANTGELFF,Spike,COVID-19 / SARS-CoV-2 / SARS-CoV,0.9599263492422838
TRAIT,CASSLRGANGYTF,Spike,COVID-19 / SARS-CoV-2 / SARS-CoV,3.6582613727487927
TRAIT,CASSQGVGYTF,Spike,COVID-19 / SARS-CoV-2 / SARS-CoV,-0.6313526135318573
TRAIT,CASSPGQGAIYGYTF,Spike,COVID-19 / SARS-CoV-2 / SARS-CoV,1.7909219139016903
TRAIT,CASSPRGDGYTF,Spike,COVID-19 / SARS-CoV-2 / SARS-CoV,-0.6097326543725238
TRAIT,CASSIQGSGNTIYF,Spike,COVID-19 / SARS-CoV-2 / SARS-CoV,0.9526042870024062
TRAIT,CASSYSQGQPQHF,Spike,COVID-19 / SARS-CoV-2 / SARS-CoV,-1.2288749679721032
TRAIT,CASSLQGGGNQPQHF,Spike,COVID-19 / SARS-CoV-2 / SARS-CoV,1.8419589958818097
TRAIT,CASSPGAETQYF,Spike,COVID-19 / SARS-CoV-2 / SARS-CoV,2.8140310905908863
TRAIT,CASSVDSSSGNTIYF,Spike,COVID-19 / SARS-CoV-2 / SARS-CoV,-1.926046469454
TRAIT,CASSLSGGNNEQFF,Spike,COVID-19 / SARS-CoV-2 / SARS-CoV,0.6799560611149481
TRAIT,CASSVDPNTEAFF,Spike,COVID-19 / SARS-CoV-2 / SARS-CoV,-0.6790100380436402
TRAIT,CASSRQGRTDTQYF,Spike,COVID-19 / SARS-CoV-2 / SARS-CoV,1.735369601334194
TRAIT,CASSLADRVNTEAFF,MBP,Human (Homo sapiens),-2.7101866764684286
TRAIT,CASSESGANVLTF,RV1518,M. tuberculosis,0.7313866972687216
TRAIT,CASRGLAYNEQFF,RV1518,M. tuberculosis,1.5515235814231103
TRAIT,CASSSTGNTEAFF,RV1518,M. tuberculosis,1.134601885084899
TRAIT,CASSYSANTEAFF,RV1518,M. tuberculosis,-1.4207265910763414
TRAIT,CASSSGQKNTEAFF,RV1518,M. tuberculosis,-0.6082262852028163
TRAIT,CSARDSSYEQYF,RV1518,M. tuberculosis,-2.7158951258859
TRAIT,CASSYGTSGAYEQYF,RV1518,M. tuberculosis,2.068140479432478
TRAIT,CASSPSLDTQYF,RV1518,M. tuberculosis,2.608751635723482
TRAIT,CASSLGTSGTYEQYF,RV1518,M. tuberculosis,-0.2920879621485945
TRAIT,CASSLEGQSNQPQHF,RV1518,M. tuberculosis,-1.0334914710475678
TRAIT,CASSSGTNEKLFF,RV1518,M. tuberculosis,-1.186531355881293
TRAIT,CASSLDGASNQPQHF,RV1518,M. tuberculosis,1.7623191112426837
TRAIT,CSARTGGDTGELFF,RV1518,M. tuberculosis,-7.642382978392531
TRAIT,CASSYGQDYEQYF,RV1518,M. tuberculosis,-2.615528820853678
TRAIT,CASSPGSNQPQHF,RV1518,M. tuberculosis,1.4350120294516056
TRAIT,CASSFGGYYEQYF,RV1518,M. tuberculosis,-2.635481294102726
TRAIT,CASSTGGNTEAFF,RV1518,M. tuberculosis,0.3708589753089736
TRAIT,CASSLVAGGTEAFF,RV1518,M. tuberculosis,1.0959048317861009
TRAIT,CASSFDQNTEAFF,RV1518,M. tuberculosis,1.8617554333166708
TRAIT,CASSAGQKNTEAFF,RV1518,M. tuberculosis,-3.180132921296351
TRAIT,CASSSRGRYEQYF,RV1518,M. tuberculosis,-2.961881700518713
TRAIT,CASSQIGTEAFF,RV1518,M. tuberculosis,-2.49657934627514
TRAIT,CASSLRDDYGYTF,RV1518,M. tuberculosis,3.3301535161051348
TRAIT,CASSRSGNTDTQYF,RV1518,M. tuberculosis,2.949809602715256
TRAIT,CASSPTGTVNQPQHF,RV1518,M. tuberculosis,-0.7616365531923264
TRAIT,CASSPPSGSYEQYF,RV1518,M. tuberculosis,1.289327585628302
TRAIT,CASSPGRASYEQYF,RV1518,M. tuberculosis,-2.9723040470696285
TRAIT,CASSLAYTGELFF,RV1518,M. tuberculosis,-0.5040567551561095
TRAIT,CASSPGGMNTEAFF,RV1518,M. tuberculosis,-0.3899498856718013
TRAIT,CASSLNGGSNQPQHF,RV1518,M. tuberculosis,-1.1398917664695172
TRAIT,CASSIGLNTEAFF,RV1518,M. tuberculosis,-2.0107669329152147
TRAIT,CASSFGGNTGELFF,RV1518,M. tuberculosis,1.7095724699782169
TRAIT,CASRLAGRETQYF,RV1518,M. tuberculosis,2.4344686187985976
TRAIT,CASSVGAASTDTQYF,RV1518,M. tuberculosis,1.6474445159454785
TRAIT,CASSTGTTYEQYF,RV1518,M. tuberculosis,-1.3985598178269916
TRAIT,CASSQDPTDTQYF,RV1518,M. tuberculosis,-3.966338852642898
TRAIT,CASSPGTYNEQFF,RV1518,M. tuberculosis,0.411723177212156
TRAIT,CASSLSLAGGYEQYF,RV1518,M. tuberculosis,-1.5953623341628136
TRAIT,CASSLRVSSYNEQFF,RV1518,M. tuberculosis,-1.4631663085296007
TRAIT,CASSLGVSGANVLTF,RV1518,M. tuberculosis,1.04146917796052
TRAIT,CASSLAVSSYNEQFF,RV1518,M. tuberculosis,1.0525843424613246
TRAIT,CASSGDSPYEQYF,RV1518,M. tuberculosis,-3.050046629571717
TRAIT,CASSAGQGAYEQYF,RV1518,M. tuberculosis,-1.6536396763112258
TRAIT,CASSAGQKNTEAFF,RV1734C,M. tuberculosis,-3.180132921296351
TRAIT,CATSDLRGGYTF,RV1734C,M. tuberculosis,-1.637375492224597
TRAIT,CASSVQSSGNTIYF,RV1734C,M. tuberculosis,-0.9311766224063792
TRAIT,CASSSGGNEKLFF,RV1734C,M. tuberculosis,1.164815530773709
TRAIT,CASSPGGNTEAFF,RV1734C,M. tuberculosis,0.9056074263964284
TRAIT,CASSIRDSYEQYF,RV1734C,M. tuberculosis,-2.437237996457895
TRAIT,CASSTGGYTEAFF,RV1734C,M. tuberculosis,-1.385815952898076
TRAIT,CASSQDLAGGTDTQYF,RV1734C,M. tuberculosis,-3.775992767313589
TRAIT,CASSQTGRETQYF,RV1734C,M. tuberculosis,1.8064434507068032
TRAIT,CASSLASYNEQFF,RV1734C,M. tuberculosis,0.8440489392128039
TRAIT,CASSEENTEAFF,RV1734C,M. tuberculosis,-2.227604923611925
TRAIT,CASRLASYNEQFF,RV1734C,M. tuberculosis,-1.3395741377527413
TRAIT,CASSLEVTGELFF,pp65,Cytomegalovirus (CMV),0.9666520783393956
TRAIT,CASSFRAGETQYF,M1,Influenza,1.744327626099666
TRAIT,CASSPRGGGEQFF,M1,Influenza,-0.9669361837518216
TRAIT,CASSGRSSYEQYF,M1,Influenza,-2.35687285872392
TRAIT,CASSFFSSGNTIYF,M1,Influenza,1.4129142825125451
TRAIT,CASSSRAGTEAFF,M1,Influenza,0.8684285692374333
TRAIT,CASSIGGREAFF,M1,Influenza,-2.3184694058031643
TRAIT,CASSWNTGELFF,M1,Influenza,0.3248334634276301
TRAIT,CASSTGSTDTQYF,M1,Influenza,1.6865854537624276
TRAIT,CASSTGVYGYTF,M1,Influenza,-0.537382748510829
TRAIT,CASSGTSGSTDTQYF,M1,Influenza,-3.8831972035430105
TRAIT,CASTPTANYGYTF,M1,Influenza,1.855403075304018
TRAIT,CASSPGQGVSYEQYF,M1,Influenza,1.2613195364318486
TRAIT,CASSPPEAFF,M1,Influenza,-4.927506986668208
TRAIT,CASSGGGGNTEAFF,M1,Influenza,-2.3308823165418726
TRAIT,CASSIISNQPQHF,M1,Influenza,2.47663714988842
TRAIT,CASSSGTGLYGYTF,M1,Influenza,0.5391348834686731
TRAIT,CSARGDRSYEQYF,M1,Influenza,-2.891160485898697
TRAIT,CASSFGQGGEKLFF,M1,Influenza,0.9267709597108088
TRAIT,CASSVAPTDTQYF,M1,Influenza,-1.4744618128729643
TRAIT,CASSDRSNQPQHF,M1,Influenza,0.9782607116296652
TRAIT,CASSQYNQPQHF,M1,Influenza,0.990542122706462
TRAIT,CASSATSGGYNEQFF,M1,Influenza,-1.1550364494124403
TRAIT,CASSITSTDTQYF,M1,Influenza,0.5874128266833799
TRAIT,CASSLEGYTEAFF,M1,Influenza,0.5277833163260589
TRAIT,CASSAGNYGYTF,M1,Influenza,0.6361715267238035
TRAIT,CASSFLAGPYNEQFF,M1,Influenza,-2.2650942147940483
TRAIT,CASSLLVTDTQYF,M1,Influenza,1.368071683437516
TRAIT,CASSIGGSGNQPQHF,M1,Influenza,0.9928454172316724
TRAIT,CASSILSTDTQYF,M1,Influenza,-1.6841198908742054
TRAIT,CASKGLSYEQYF,M1,Influenza,-1.3152806027736417
TRAIT,CASSPRSDSPLHF,M1,Influenza,2.791243288846556
TRAIT,CATSTGNYGYTF,M1,Influenza,1.1711966728105137
TRAIT,CASSLGTVYEQYF,M1,Influenza,-0.6117701604878483
TRAIT,CASSSRAEAFF,M1,Influenza,-1.0888544876737762
TRAIT,CASSQLSNTEAFF,M1,Influenza,-1.3059506523711977
TRAIT,CASSPGWEQYF,M1,Influenza,-0.9078722079881644
TRAIT,CASSGLAGTYNEQFF,M1,Influenza,2.1074266425817227
TRAIT,CASSILAGSYNEQFF,M1,Influenza,-3.40893051710927
TRAIT,CASSGRSGNTIYF,M1,Influenza,-1.011039773425494
TRAIT,CASSPLTDTEAFF,M1,Influenza,-1.5242103031109933
TRAIT,CASSIVGGSYNEQFF,M1,Influenza,-4.495406245049722
TRAIT,CASRPGLATDTQYF,M1,Influenza,1.687135414611244
TRAIT,CASSLGQGTDTQYF,M1,Influenza,1.052785389486782
TRAIT,CASRDGGTEAFF,M1,Influenza,-2.045170020285711
TRAIT,CASSLDTTGELFF,M1,Influenza,-1.1770516898363703
TRAIT,CASSRYSNQPQHF,M1,Influenza,-1.03725921081992
TRAIT,CASSPGLTSTDTQYF,M1,Influenza,1.496324154301674
TRAIT,CASSIYSGNTIYF,M1,Influenza,1.5808369327391685
TRAIT,CASSRGVYEQYF,M1,Influenza,-0.645716141247128
TRAIT,CASSFGGQPQHF,M1,Influenza,-0.2656142728392658
TRAIT,CASSPIPGELFF,M1,Influenza,2.0256373518806905
TRAIT,CASSLRSSYNEQFF,M1,Influenza,0.6740433693873844
TRAIT,CASSLWMNTEAFF,M1,Influenza,-1.81742752298682
TRAIT,CASSVAGGDEQFF,M1,Influenza,-4.230693020879475
TRAIT,CASSIQGNQPQHF,M1,Influenza,0.7546340320995787
TRAIT,CASSSGQGFTDTQYF,M1,Influenza,1.8793467575750256
TRAIT,CASSYGTNTGELFF,M1,Influenza,-2.03417641358882
TRAIT,CASRGNEQFF,M1,Influenza,-1.978477568096312
TRAIT,CASSRTGNQPQHF,M1,Influenza,0.7927170756510391
TRAIT,CASSLQGTDTQYF,M1,Influenza,1.0872889933878742
TRAIT,CASSRTGNSNQPQHF,M1,Influenza,1.4906169681508323
TRAIT,CASSWTGGYEQYF,M1,Influenza,-2.0347882988064883
TRAIT,CASSGQGNQPQHF,M1,Influenza,0.9219483191438224
TRAIT,CASSGTGGSPLHF,M1,Influenza,1.3181797844011496
TRAIT,CASSQGGTGYGYTF,M1,Influenza,-2.02469871195089
TRAIT,CASSPGLAGDYEQYF,M1,Influenza,-2.1937654144934378
TRAIT,CASSFRLAGGDEQFF,M1,Influenza,2.4123936290237027
TRAIT,CASSLAYEQYF,M1,Influenza,1.6947412768318462
TRAIT,CASSIAGNTEAFF,M1,Influenza,-2.6763797957451927
TRAIT,CASSRLAGEQYF,M1,Influenza,2.0252287649249814
TRAIT,CASSLGLAGDEQYF,M1,Influenza,0.5360466257897091
TRAIT,CASSADRAYEQYF,M1,Influenza,0.6280349238178415
TRAIT,CASSLGTGGYEQYF,M1,Influenza,0.4593831480906745
TRAIT,CASSYGYNEQFF,M1,Influenza,-0.8865699371019894
TRAIT,CASSGDSSGNTIYF,M1,Influenza,-1.0278431662816154
TRAIT,CASSLGDEQFF,M1,Influenza,-1.3006128762367006
TRAIT,CASSSLGGYTF,M1,Influenza,-0.6737863764235429
TRAIT,CASSLGTGGGYTF,M1,Influenza,-0.6902371541883178
TRAIT,CASSRNYGYTF,M1,Influenza,0.7435880833167174
TRAIT,CASSSGGGGNTIYF,M1,Influenza,1.757543002320753
TRAIT,CASSLWTGNTEAFF,M1,Influenza,-0.592085775276791
TRAIT,CASSLWSNEQFF,M1,Influenza,-1.3703693508985886
TRAIT,CASSTGNTEAFF,M1,Influenza,-1.196040681042447
TRAIT,CASSRTGGEQYF,M1,Influenza,-1.1523787687643496
TRAIT,CASSPGGMNTEAFF,M1,Influenza,-0.3899498856718013
TRAIT,CASSLSGNTEAFF,M1,Influenza,1.1240306198838426
TRAIT,CASSYSSGGAETQYF,M1,Influenza,-6.993781357711413
TRAIT,CASSLGQGSYGYTF,M1,Influenza,0.8463924396479073
TRAIT,CASSAGPYNEQFF,M1,Influenza,0.9860795936197276
TRAIT,CASSQEGAGELFF,M1,Influenza,-1.2938941151417302
TRAIT,CASSDSSGANVLTF,M1,Influenza,-3.313465177620761
TRAIT,CASRLGSYNEQFF,M1,Influenza,-0.8332228135518644
TRAIT,CASSLSGSYEQYF,M1,Influenza,0.7151004946590495
TRAIT,CASEGETQYF,M1,Influenza,-2.813641961322131
TRAIT,CASSSGTSQETQYF,M1,Influenza,1.4415989305640484
TRAIT,CASSTMNTEAFF,M1,Influenza,-1.45436059967458
TRAIT,CASSPDRLNQPQHF,M1,Influenza,-2.0219606955765888
TRAIT,CASSQGTGGEQYF,M1,Influenza,0.5828644888442193
TRAIT,CASRQGNTEAFF,M1,Influenza,-0.9529680364537464
TRAIT,CASSLGETQYF,M1,Influenza,2.055213647520372
TRAIT,CASSSTGGTGELFF,M1,Influenza,-0.4703716995907021
TRAIT,CASSLVGVGNTEAFF,M1,Influenza,1.8330506075935853
TRAIT,CASTRGNEQFF,M1,Influenza,-0.9503683647881492
TRAIT,CASSWSSYEQYF,M1,Influenza,0.5901112479074497
TRAIT,CASSSGQGAYEQYF,M1,Influenza,0.6377667931363311
TRAIT,CASSLGVTDTQYF,M1,Influenza,0.820171228272201
TRAIT,CASSWRGNQPQHF,M1,Influenza,-1.91879536433774
TRAIT,CASSPSGGATGELFF,M1,Influenza,0.7646737459900673
TRAIT,CASSISGTSYNEQFF,M1,Influenza,2.013611887998376
TRAIT,CASSTRGGYEQYF,M1,Influenza,1.4351685666889074
TRAIT,CASSSRSQETQYF,M1,Influenza,-1.6492228297500144
TRAIT,CASSIQGAGELFF,M1,Influenza,-2.15255489475892
TRAIT,CASSIAGDTQYF,M1,Influenza,-1.315350675869018
TRAIT,CASSITSGSYNEQFF,M1,Influenza,-1.3371965201543272
TRAIT,CASSELRYEQYF,M1,Influenza,1.4269414132593203
TRAIT,CASSSTGAYNEQFF,M1,Influenza,-1.542447968891517
TRAIT,CASSPPGTSTDTQYF,M1,Influenza,1.6588618235241772
TRAIT,CASSRTSGDTQYF,M1,Influenza,3.2403808409161465
TRAIT,CASSVRGADTQYF,M1,Influenza,-1.050533131470346
TRAIT,CASSFTVNTEAFF,M1,Influenza,0.4060072180674079
TRAIT,CASSTDGSNQPQHF,M1,Influenza,0.8573220387118894
TRAIT,CASSLSAGVETQYF,M1,Influenza,2.3461894613509693
TRAIT,CASSLIAGGYNEQFF,M1,Influenza,-0.904471060019001
TRAIT,CASSVGGTSTDTQYF,M1,Influenza,0.8032190372574555
TRAIT,CASSFRSTGELFF,M1,Influenza,0.6585589674239939
TRAIT,CASSPRAGDTQYF,M1,Influenza,1.9517889215891453
TRAIT,CASSLGFNEQFF,M1,Influenza,-1.337248566984532
TRAIT,CASSFGENTGELFF,M1,Influenza,-1.0734029639604064
TRAIT,CASSTGGTEAFF,M1,Influenza,-0.9735982207552816
TRAIT,CASSPRGGDTQYF,M1,Influenza,1.5622703256174542
TRAIT,CASSLTGTTYEQYF,M1,Influenza,-1.1058417425189946
TRAIT,CASTPTGGNTEAFF,M1,Influenza,2.2755708224285653
TRAIT,CASSPRGGYEQYF,M1,Influenza,0.5086931428624362
TRAIT,CASSLAGGPLDTQYF,M1,Influenza,-2.0498444393860584
TRAIT,CASSSTGAGELFF,M1,Influenza,-0.7175020178550918
TRAIT,CASSFTGSTEAFF,M1,Influenza,0.5634239331331056
TRAIT,CASSITSGGYNEQFF,M1,Influenza,-1.0832899170489136
TRAIT,CASSLTSSSYNEQFF,M1,Influenza,0.4574694986019247
TRAIT,CASSMGVYGYTF,M1,Influenza,-3.3968663159547807
TRAIT,CASSAQSNQPQHF,M1,Influenza,-2.034107652670378
TRAIT,CASSTGQPQHF,M1,Influenza,-2.536485370264576
TRAIT,CASSQDTGMNTEAFF,M1,Influenza,-2.959811574178768
TRAIT,CASSMYSNQPQHF,M1,Influenza,2.123927891188321
TRAIT,CASSGRSNQPQHF,M1,Influenza,-0.5212807482989436
TRAIT,CASSLTGAGTEAFF,M1,Influenza,-0.4752860858103589
TRAIT,CASSLGLGGSTDTQYF,M1,Influenza,2.2363584342381047
TRAIT,CASSSTLYNEQFF,M1,Influenza,-1.9022571605893168
TRAIT,CASSIAGNSNQPQHF,M1,Influenza,-2.497894119844405
TRAIT,CASSDRDSYNEQFF,M1,Influenza,1.829005780860924
TRAIT,CASSQGGDYGYTF,M1,Influenza,0.6827229345234395
TRAIT,CASSTRGGQPQHF,M1,Influenza,-2.7614673274209123
TRAIT,CASSLTGVGEQYF,M1,Influenza,1.1381893611468843
TRAIT,CASSALLNTEAFF,M1,Influenza,1.2896597502065257
TRAIT,CASSLVSSYNEQFF,M1,Influenza,0.784573562165292
TRAIT,CASSLYPGSYEQYF,M1,Influenza,-2.867314298248167
TRAIT,CASSLGFGNTIYF,M1,Influenza,-0.6676896473511651
TRAIT,CASSFESSYNEQFF,M1,Influenza,-2.750654795949748
TRAIT,CASSYTYGYTF,M1,Influenza,1.4557116073233756
TRAIT,CASSASGTTDTQYF,M1,Influenza,-1.3958584319053684
TRAIT,CASSLSGPYNEQFF,M1,Influenza,-0.3881351997597727
TRAIT,CASSVRGGTEAFF,M1,Influenza,0.5445447195404782
TRAIT,CASSLYRGGTEAFF,M1,Influenza,1.132510279883173
TRAIT,CASSLRAGDNEQFF,M1,Influenza,3.9672781252461378
TRAIT,CASSEREQYF,M1,Influenza,-4.15627181743111
TRAIT,CASSPTGVNTEAFF,M1,Influenza,0.4105875337181689
TRAIT,CASSRLAGVETQYF,M1,Influenza,1.0772189886680494
TRAIT,CASRQTSGSYNEQFF,M1,Influenza,3.0983434424651577
TRAIT,CASRLAGVSYNEQFF,M1,Influenza,2.086707828740751
TRAIT,CASSYGTGSYEQYF,M1,Influenza,-3.161820191656327
TRAIT,CASRQGGTEAFF,M1,Influenza,-2.8628490868439544
TRAIT,CASSLQSSYNEQFF,M1,Influenza,1.3008903331745072
TRAIT,CASSTTGYEQYF,M1,Influenza,-0.6796319809523441
TRAIT,CASRGGEAFF,M1,Influenza,-9.096986633401714
TRAIT,CASSLTGGTDTQYF,M1,Influenza,0.7514782109811342
TRAIT,CASSTYSNQPQHF,M1,Influenza,-0.4949069673344149
TRAIT,CASSYGANTGELFF,M1,Influenza,-2.84549769402291
TRAIT,CASSMGVTEAFF,M1,Influenza,-7.8938955848142545
TRAIT,CASSLAGSYNEQFF,M1,Influenza,0.6751110313549179
TRAIT,CASSPSSNQPQHF,M1,Influenza,1.016410365877069
TRAIT,CASSGQLNTEAFF,M1,Influenza,1.476045841046026
TRAIT,CASSIGGSSYNEQFF,M1,Influenza,-1.470962456564894
TRAIT,CASSPLAGPYNEQFF,M1,Influenza,-0.4917976631652394
TRAIT,CASSRGLSSGNTIYF,M1,Influenza,1.309067053256355
TRAIT,CASSVGVYGYTF,M1,Influenza,-1.455640021364321
TRAIT,CASSFGGTEAFF,M1,Influenza,0.3444919319667693
TRAIT,CASSPQVEAFF,M1,Influenza,-3.5328820845191595
TRAIT,CASSGGLAGSTDTQYF,M1,Influenza,-3.5732806681385223
TRAIT,CASTRDSYNSPLHF,M1,Influenza,0.9847074029840452
TRAIT,CASSLRGGADTQYF,TRANSSIALIDASE,Trypanosoma cruzi,2.347420596094441
TRAIT,CASSIQGYEQYF,TRANSSIALIDASE,Trypanosoma cruzi,1.537018086173135
TRAIT,CASSFRGQGYEQYF,TRANSSIALIDASE,Trypanosoma cruzi,-2.952968235264632
TRAIT,CASRDSYEQYF,TRANSSIALIDASE,Trypanosoma cruzi,-0.6242514017021504
TRAIT,CASSLDGYEQYF,TRANSSIALIDASE,Trypanosoma cruzi,0.6209864256861832
TRAIT,CASSRTGEDTQYF,TRANSSIALIDASE,Trypanosoma cruzi,2.1216333289631297
TRAIT,CASSYFSYEQYF,TRANSSIALIDASE,Trypanosoma cruzi,-1.1820775320227002
TRAIT,CASSQDREYEQYF,TRANSSIALIDASE,Trypanosoma cruzi,1.6162041034227617
TRAIT,CASSQDNSYEQYF,TRANSSIALIDASE,Trypanosoma cruzi,-2.213991968276624
TRAIT,CASSLLSSYEQYF,TRANSSIALIDASE,Trypanosoma cruzi,-1.3385160243498713
TRAIT,CASSLDYEQYF,TRANSSIALIDASE,Trypanosoma cruzi,0.724541870706689
TRAIT,CASSPWTGAYEQYF,TRANSSIALIDASE,Trypanosoma cruzi,-1.9526238138726493
TRAIT,CASSLGTDYEQYF,TRANSSIALIDASE,Trypanosoma cruzi,-0.9048362688591832
TRAIT,CASSPGSTEAFF,NS1,Influenza,-1.6512354373863998
TRAIT,CASSLPGTAYEQYF,NS1,Influenza,-2.8522399326674672
TRAIT,CASSPREGGETQYF,NS1,Influenza,2.0120136456809634
TRAIT,CASSFGTGEAFF,NS1,Influenza,-1.4696387515330072
TRAIT,CASSLDSSSGNTIYF,NS1,Influenza,0.5802160691532032
TRAIT,CASSLMGNTEAFF,NS1,Influenza,0.9354756021550296
TRAIT,CASSESGAGELFF,NS1,Influenza,-0.9750443280607152
TRAIT,CASSLAGAGNEQFF,NS1,Influenza,1.0663757197169677
TRAIT,CASSVGGAQPQHF,NS1,Influenza,-3.1521568056294584
TRAIT,CASSDRGMNTEAFF,NS1,Influenza,-1.240529219778974
TRAIT,CASSFFGNQPQHF,NS1,Influenza,1.0686746458370382
TRAIT,CASSGRGSYNEQFF,NS1,Influenza,-2.3797685599832
TRAIT,CASSQDRHTEAFF,NS1,Influenza,-1.5176553442018164
TRAIT,CASSQYSNQPQHF,NS1,Influenza,-0.6778616760220225
TRAIT,CASSLLTDTQYF,NS1,Influenza,0.4985227684087813
TRAIT,CASSSQGAAGELFF,NS1,Influenza,1.907129943979972
TRAIT,CASSSSGSSYNEQFF,NP,Influenza,0.7946442755946157
TRAIT,CASSPGQGVYEQYF,NP,Influenza,-0.3917150031259633
TRAIT,CASSTRRNTEAFF,NP,Influenza,0.7948480060240574
TRAIT,CASSPGGVYGYTF,NP,Influenza,0.3316604580901742
TRAIT,CASSLVGGEQYF,NP,Influenza,0.5637356636432216
TRAIT,CASSVLAGPYNEQFF,M1,Influenza,1.293777907053809
TRAIT,CASSPTGGAGTEAFF,M1,Influenza,-2.697250397954206
TRAIT,CASSGLAGLNEQFF,M1,Influenza,-2.8300083846704887
TRAIT,CASSPTGVGSPLHF,M1,Influenza,-2.1801179753155484
TRAIT,CASSIGGTEAFF,M1,Influenza,-3.537721141915448
TRAIT,CASSPRTGSDTQYF,M1,Influenza,4.990873278350811
TRAIT,CASSSGLPTDTQYF,M1,Influenza,-0.5569724856725597
TRAIT,CASSITANYGYTF,M1,Influenza,-0.8138711968259429
TRAIT,CASSPDNTGELFF,M1,Influenza,-0.93803985199318
TRAIT,CASSFSYGYTF,M1,Influenza,0.6702176663334034
TRAIT,CASSPGTSGIYEQYF,M1,Influenza,1.0744980433832487
TRAIT,CASSSNQPQHF,M1,Influenza,0.4778312834094788
TRAIT,CASSYGTSTDTQYF,M1,Influenza,-4.481426081068857
TRAIT,CASSQDQGAYEQYF,M1,Influenza,-3.3301848609093696
TRAIT,CASSSSRSTDTQYF,M1,Influenza,3.1286409556333425
TRAIT,CASSLTSGNNEQFF,M1,Influenza,1.5650069803664737
TRAIT,CASSLASGLYEQYF,M1,Influenza,-2.037747428160192
TRAIT,CASSFGQGTEAFF,M1,Influenza,-0.7500805643096553
TRAIT,CASSIGADTQYF,M1,Influenza,-3.171941430485969
TRAIT,CASSQDRVTEAFF,M1,Influenza,-0.6968934936138474
TRAIT,CASSYMNTEAFF,M1,Influenza,-2.052496656113278
TRAIT,CASSIFSGNTIYF,M1,Influenza,1.8324255090024253
TRAIT,CASSPRGPNTEAFF,M1,Influenza,-1.1264193577367023
TRAIT,CASSFGSGGYEQYF,M1,Influenza,-3.165050458121888
TRAIT,CASSLGQGTEAFF,M1,Influenza,1.0046073868432153
TRAIT,CASSEGTSSYNEQFF,M1,Influenza,-2.367499837021634
TRAIT,CASSSYSYNEQFF,M1,Influenza,-2.593789811261659
TRAIT,CASSGTSNQPQHF,M1,Influenza,2.21361885752688
TRAIT,CASSIVGSGANVLTF,M1,Influenza,1.5359935631756434
TRAIT,CASSLFRGQETQYF,M1,Influenza,-2.383226716140894
TRAIT,CASSLAGGRNEQFF,M1,Influenza,0.8453802304691549
TRAIT,CASSLGLANEQFF,M1,Influenza,0.5930297587613839
TRAIT,CASSFRAAYEQYF,M1,Influenza,-3.2890713209921683
TRAIT,CASSGNSGNTIYF,M1,Influenza,-2.3234470397374283
TRAIT,CASNGGSYEQYF,M1,Influenza,1.1407226428480004
TRAIT,CASSPGTSVNEQFF,M1,Influenza,-0.6804898770007286
TRAIT,CASSTGTTDTQYF,M1,Influenza,1.3285613192617405
TRAIT,CASGQYSNQPQHF,M1,Influenza,1.453372041183997
TRAIT,CASSFGLGSYEQYF,M1,Influenza,-2.706401314781432
TRAIT,CASTSGNTEAFF,M1,Influenza,-1.0194845649151785
TRAIT,CASSLLAGVYNEQFF,M1,Influenza,-0.3315487704060886
TRAIT,CASSMAGNTEAFF,M1,Influenza,-4.925151967630482
TRAIT,CASSFGQGYGYTF,M1,Influenza,0.4435806696298585
TRAIT,CASGQGATEAFF,M1,Influenza,-4.117582850508354
TRAIT,CASSHLYEQYF,M1,Influenza,-1.2479790148642782
TRAIT,CSARTVYEQYF,M1,Influenza,-5.012880081565347
TRAIT,CASSRTSTDTQYF,M1,Influenza,-0.2924871879269154
TRAIT,CASSESTNTEAFF,M1,Influenza,-0.8190725824919735
TRAIT,CASSITGNSNQPQHF,M1,Influenza,-3.1312366066898254
TRAIT,CASSLTGGLGTEAFF,M1,Influenza,-1.180403902241956
TRAIT,CASSVLAGGYNEQFF,M1,Influenza,0.8296852090576364
TRAIT,CASSFGQGTGELFF,M1,Influenza,2.004392712436697
TRAIT,CASSLRAAGELFF,M1,Influenza,1.82019379114182
TRAIT,CASSPGQGSYEQYF,M1,Influenza,0.6911743631337164
TRAIT,CASSYGGGYEQYF,M1,Influenza,-2.3787418324155083
TRAIT,CASSMDSNQPQHF,M1,Influenza,1.1810112217139888
TRAIT,CASSQGRYNEQFF,M1,Influenza,-0.58357413519535
TRAIT,CASSQTSGAYNEQFF,M1,Influenza,-0.792301358539462
TRAIT,CASSSGTTNEKLFF,M1,Influenza,1.7492801140670229
TRAIT,CSAPGQGSYEQYF,M1,Influenza,1.4276654201891137
TRAIT,CASSPLAGTYNEQFF,M1,Influenza,0.709377813805968
TRAIT,CASSSISNQPQHF,M1,Influenza,2.15814034509457
TRAIT,CASSLVTEAFF,M1,Influenza,-0.3685637641238679
TRAIT,CASSQGAGELFF,M1,Influenza,-0.6981571575864854
TRAIT,CASSQGGAGELFF,M1,Influenza,-1.1853752579135486
TRAIT,CASSIGTGIYEQYF,M1,Influenza,-1.8180666507412928
TRAIT,CASSQGVTGELFF,M1,Influenza,-0.8775528520120564
TRAIT,CASSVGTYGYTF,M1,Influenza,-1.2024062516013014
TRAIT,CASSQDADTQYF,M1,Influenza,-0.9735804767096083
TRAIT,CASRGREAFF,M1,Influenza,-7.553667337153049
TRAIT,CASSFGTLYGYTF,M1,Influenza,-4.750458781003314
TRAIT,CASRLAEETQYF,M1,Influenza,-1.2697635671505871
TRAIT,CASSTRGGNQPQHF,M1,Influenza,0.6155250461289057
TRAIT,CASSFNTEAFF,M1,Influenza,-0.5234485652799215
TRAIT,CASSYYNEQFF,M1,Influenza,0.9131751125640174
TRAIT,CASSWTSGGADTQYF,M1,Influenza,-2.468650502136212
TRAIT,CASSGTSGNYEQYF,M1,Influenza,1.344999900708162
TRAIT,CASSLGGEQYF,M1,Influenza,0.8588377002228291
TRAIT,CASSILAGSYEQYF,M1,Influenza,-1.7022898020698023
TRAIT,CASIRGNTEAFF,M1,Influenza,-3.638018699883068
TRAIT,CASSTGGYYGYTF,M1,Influenza,-0.8549014552628739
TRAIT,CASSLGQGADEQYF,M1,Influenza,-2.475517243017208
TRAIT,CASSAGQGGSPLHF,M1,Influenza,0.6025720278041559
TRAIT,CASSLEGYNEQFF,M1,Influenza,-0.5515541609766088
TRAIT,CASSLGHQETQYF,M1,Influenza,-0.4564950619885181
TRAIT,CASSSSTDTQYF,M1,Influenza,1.5894656302133905
TRAIT,CASSAPDTQYF,M1,Influenza,-0.6684169503519475
TRAIT,CASSIAGGEQYF,M1,Influenza,-1.9510091396417284
TRAIT,CASSFGGSEQYF,M1,Influenza,-2.2373864341712406
TRAIT,CASSIVGGTDTQYF,M1,Influenza,-3.671674278829911
TRAIT,CASSPRLGSTDTQYF,M1,Influenza,3.550632936037072
TRAIT,CASSLSGSTYNEQFF,M1,Influenza,2.4112874378665627
TRAIT,CASSQEGGDTEAFF,M1,Influenza,1.7074564554611196
TRAIT,CASSALSNQPQHF,M1,Influenza,1.0131272539799303
TRAIT,CASSLGPSDTQYF,M1,Influenza,0.904638659038322
TRAIT,CASSPGTGNQPQHF,M1,Influenza,1.0387882367757175
TRAIT,CASSFLSNQPQHF,M1,Influenza,-0.6053200190990085
TRAIT,CASSITGVYGYTF,M1,Influenza,1.582263185696715
TRAIT,CASSYRSQETQYF,M1,Influenza,1.1360402531214295
TRAIT,CASSARSNQPQHF,M1,Influenza,-1.239281826304086
TRAIT,CASSSAGPYGYTF,M1,Influenza,2.2091677002947803
TRAIT,CASSQRSNTEAFF,M1,Influenza,-1.7632549356241412
TRAIT,CASSGRAGNTIYF,M1,Influenza,-1.8170018501267613
TRAIT,CASSDRSGNTIYF,M1,Influenza,0.9176745415350788
TRAIT,CASSPVGLNTEAFF,M1,Influenza,-1.357222989013969
TRAIT,CASSFGTGGGQPQHF,M1,Influenza,-3.1796220121879224
TRAIT,CASSILAGPYNEQFF,M1,Influenza,2.2030119602447424
TRAIT,CASSSGTGGGYEQYF,M1,Influenza,0.7169962701199376
TRAIT,CASSVGLYGYTF,M1,Influenza,1.2931907087760734
TRAIT,CASSLGLHYEQYF,M1,Influenza,1.6241291497534376
TRAIT,CASSLKVYEQYF,M1,Influenza,-2.420013928969416
TRAIT,CASSQDPGGTEAFF,NP,Influenza,-2.6629529146458
TRAIT,CASSLGTGGGYTF,PB1,Influenza,-0.6902371541883178
TRAIT,CASSLLTGGTDTQYF,PB1,Influenza,-1.321270391989373
TRAIT,CASSFLATNEKLFF,NS2,Influenza,-1.9842470247173432
TRAIT,CSAREGVNTEAFF,NP,Influenza,-1.0760640782513375
TRAIT,CSARDRYNEQFF,NP,Influenza,-2.081910996097453
TRAIT,CASSLIGNEQFF,NP,Influenza,-1.268307708915852
TRAIT,CASSVRYEQYF,NP,Influenza,-1.1248150291144214
TRAIT,CASSYRSSYEQYF,NP,Influenza,-0.7285763307362115
TRAIT,CASKRNTGELFF,NP,Influenza,1.6674477969679251
TRAIT,CASSFRQGEAFF,NP,Influenza,-1.378168671285965
TRAIT,CASSSSYEQYF,NP,Influenza,1.835978953642818
TRAIT,CASSGRTGNTEAFF,NP,Influenza,0.5338598735785623
TRAIT,CASRGLSNTGELFF,NP,Influenza,2.3662266590505965
TRAIT,CASSLYGNQPQHF,NS1,Influenza,-0.7074494447325479
TRAIT,CASSLYGSSYNEQFF,NS1,Influenza,-1.367104155372799
TRAIT,CASSLYGGQPQHF,NS1,Influenza,-2.515212850743016
TRAIT,CASSLYSNQPQHF,NS1,Influenza,0.8950270810497951
TRAIT,CASSQEGGGETQYF,NS1,Influenza,0.8741647748229774
TRAIT,CASSLYRGSNQPQHF,NS1,Influenza,-3.402389526943871
TRAIT,CASSRDLNEQFF,NS1,Influenza,-1.739338978837096
TRAIT,CASSLGREETQYF,NP,Influenza,1.255081929624524
TRAIT,CASSLIGEETQYF,NP,Influenza,-1.611795054837179
TRAIT,CASSLWQGGQPQHF,NP,Influenza,1.1089089554646696
TRAIT,CASSLYGADTQYF,NS1,Influenza,1.688774908068246
TRAIT,CASSLGQTYEQYF,DNAJB1PRKACA,Human (Homo sapiens),0.9158342169148652
TRAIT,CASSEGTDYGYTF,E6,HPV-16,0.7148673328781724
TRAIT,CSARDPATNEKLFF,KRAS,Human (Homo sapiens),2.691517739666106
TRAIT,CASSLGQGSYEQYF,NS3,Dengue virus,1.1705706607162425
TRAIT,CASSLERDGYTF,SYNTHETIC,Human (Homo sapiens),-1.1961901943108142
TRAIT,CASSLEASSYNSPLHF,SYNTHETIC,Human (Homo sapiens),-1.436686189700168
TRAIT,CASSLERDGYTF,HIP,Human (Homo sapiens),-1.1961901943108142
TRAIT,CASSLERETQYF,HIP,Human (Homo sapiens),-0.2908529280853583
TRAIT,CASSWAYNEQFF,HIPL11C,Human (Homo sapiens),1.5025593426878256
VDJdb,CAIRSTDTQYF,Nef,HIV / Human immunodeficiency virus (HIV),-1.157106767352821
VDJdb,CAISDTYEQYF,M1,Influenza,-1.8079093712360657
VDJdb,CAISESTGELFF,NS4B,Hepatitis C virus (HCV),-2.5094776991869536
VDJdb,CAISGSSYNEQFF,NS3,Hepatitis C virus (HCV),-2.490531391099539
VDJdb,CASAGGNQPQHF,EBNA3A,EBV,-1.2262918756406922
VDJdb,CASAGTGGYEQYF,SEMA3B,Mouse (Mus musculus),-1.4713723290247849
VDJdb,CASGAGGSYEQYF,CPSF3L,Mouse (Mus musculus),-2.684991273186658
VDJdb,CASGAGTEAFF,EBNA3B,EBV,-5.5592105744036
VDJdb,CASGASSYNEQFF,Nucleocapsid,COVID-19 / SARS-CoV-2 / SARS-CoV,-1.7194185784106528
VDJdb,CASGDSGNTIYF,MLANA,Cancer/Self antigen,-1.2724311705475515
VDJdb,CASGDSPLHF,Orf1ab,COVID-19 / SARS-CoV-2 / SARS-CoV,-3.7933429087053607
VDJdb,CASGEAFF,MLANA,Cancer/Self antigen,-5.194667212928227
VDJdb,CASGEQYF,NP,Influenza,-3.018009422105832
VDJdb,CASGFMNTEAFF,LMP2,EBV,-2.019236948446457
VDJdb,CASGLAGSYNEQFF,M1,Influenza,-1.5302148717223334
VDJdb,CASGLGSSYEQYF,Orf1ab,COVID-19 / SARS-CoV-2 / SARS-CoV,-1.1478331962951414
VDJdb,CASGLGSYEQYF,NS3,Dengue virus,-2.243261875535012
VDJdb,CASGLNTEAFF,SLC30A8,T1D,-2.3271345675970214
VDJdb,CASGLPYEQYF,M1,Influenza,-6.588675517901899
VDJdb,CASGNYGYTF,M1,Influenza,-0.5642344409653859
VDJdb,CASGPGGSYEQYF,CPSF3L,Mouse (Mus musculus),-2.7254711431828973
VDJdb,CASGSGGSYEQYF,CPSF3L,Mouse (Mus musculus),-1.5420375360969798
VDJdb,CASGTEAFF,BMLF1,EBV,-4.303748649262751
VDJdb,CASGTEAFF,EBNA1,EBV,-4.303748649262751
VDJdb,CASGTGYNEQFF,IE1,Cytomegalovirus (CMV),-1.486632524524595
VDJdb,CASKGGQETQYF,Orf1ab,COVID-19 / SARS-CoV-2 / SARS-CoV,0.8980728170526682
VDJdb,CASKGSNTGELFF,Nucleocapsid,COVID-19 / SARS-CoV-2 / SARS-CoV,1.6861437434022546
VDJdb,CASLQGLNTEAFF,IE1,Cytomegalovirus (CMV),1.2037754758703794
VDJdb,CASMGSSYNSPLHF,NS4B,Hepatitis C virus (HCV),2.338214201534537
VDJdb,CASNGGSSYNEQFF,BRLF1,EBV,-0.9670671672056574
VDJdb,CASNPSGSYNEQFF,Nucleocapsid,COVID-19 / SARS-CoV-2 / SARS-CoV,2.0721072943647814
VDJdb,CASNRATNEKLFF,GAG,SIV,1.236285037318102
VDJdb,CASNRGSTDTQYF,GAD2,T1D,0.9563224187814862
VDJdb,CASRAGGNTGELFF,ebna4,EBV,1.6822758961018462
VDJdb,CASRAGGNTGELFF,Gag,HIV / Human immunodeficiency virus (HIV),1.6822758961018462
VDJdb,CASRAGVSNQPQHF,SLC30A8,T1D,1.2734244661546326
VDJdb,CASRASGSYNEQFF,IE1,Cytomegalovirus (CMV),2.147081729736516
VDJdb,CASRDGELFF,EBNA3B,EBV,0.9707743441719028
VDJdb,CASRDGTGELFF,GFAP,Human (Homo sapiens),2.3601339566908823
VDJdb,CASRDGYTEAFF,IE1,Cytomegalovirus (CMV),-1.5678981291092198
VDJdb,CASRDRDSYEQYF,Spike,COVID-19 / SARS-CoV-2 / SARS-CoV,-4.781976268590562
VDJdb,CASRDRGEQYF,M,RSV,-0.7770708568307784
VDJdb,CASRDRGNTEAFF,IE1,Cytomegalovirus (CMV),0.5983559242885772
VDJdb,CASRDSYEQYF,ebna4,EBV,-0.6242514017021504
VDJdb,CASRDTYEQYF,M21,RSV,-2.8916418796377896
VDJdb,CASRGAGELFF,M1,Influenza,0.3594413086947862
VDJdb,CASRGAGELFF,ebna4,EBV,0.3594413086947862
VDJdb,CASRGDRGSNQPQHF,ebna4,EBV,2.35163210666076
VDJdb,CASRGGTEAFF,M1,Influenza,-0.5140992205577022
VDJdb,CASRGGYGYTF,Orf1ab,COVID-19 / SARS-CoV-2 / SARS-CoV,-1.3239811484423072
VDJdb,CASRGLADYEQYF,IE1,Cytomegalovirus (CMV),-1.665744356649423
VDJdb,CASRGLAYNEQFF,RV1518,M. tuberculosis,1.5515235814231103
VDJdb,CASRGLYGYTF,VP3,RotavirusA,-0.8859411105632177
VDJdb,CASRGPGELFF,MLANA,Cancer/Self antigen,0.8150625771846851
VDJdb,CASRGQGAQPQHF,ebna4,EBV,1.149772486102718
VDJdb,CASRGQGDYGYTF,Nucleocapsid,COVID-19 / SARS-CoV-2 / SARS-CoV,1.6685994207851502
VDJdb,CASRGRDTQYF,IE1,Cytomegalovirus (CMV),2.6873301068114053
VDJdb,CASRHSNQPQHF,IE1,Cytomegalovirus (CMV),-1.4664735597696903
VDJdb,CASRKTGGYEQYF,EBNA3B,EBV,2.9884164247546363
VDJdb,CASRKTGGYEQYF,IE1,Cytomegalovirus (CMV),2.9884164247546363
VDJdb,CASRLAGRETQYF,RV1518,M. tuberculosis,2.4344686187985976
VDJdb,CASRLASYNEQFF,RV1734C,M. tuberculosis,-1.3395741377527413
VDJdb,CASRLQGAGTEAFF,Orf1ab,COVID-19 / SARS-CoV-2 / SARS-CoV,-1.8007014040440832
VDJdb,CASRLQGTEAFF,PGT,Human (Homo sapiens),0.9876837874295932
VDJdb,CASRMNTEAFF,CDK4,Cancer/Self antigen,-0.272529426106523
VDJdb,CASRPQGGTEAFF,SLC30A8,T1D,2.6080619042887965
VDJdb,CASRQASYEQYF,Spike,COVID-19 / SARS-CoV-2 / SARS-CoV,1.1322987915109386
VDJdb,CASRQEMNTEAFF,M1,Influenza,2.4775251694016154
VDJdb,CASRQGAYTEAFF,SLC30A8,T1D,1.071819672547231
VDJdb,CASRQGGGYGYTF,MLANA,Cancer/Self antigen,-1.518354472839068
VDJdb,CASRQGGTEAFF,Nucleocapsid,COVID-19 / SARS-CoV-2 / SARS-CoV,-2.8628490868439544
VDJdb,CASRQGNEKLFF,IE1,Cytomegalovirus (CMV),0.8446855627177692
VDJdb,CASRQGYEQYF,NP,Influenza,-1.1876203371373233
VDJdb,CASRQSNQPQHF,EBNA3A,EBV,1.3351088346675266
VDJdb,CASRRESTDTQYF,APOB,Human (Homo sapiens),0.6265655400765046
VDJdb,CASRRGGNSPLHF,Nucleocapsid,COVID-19 / SARS-CoV-2 / SARS-CoV,1.6221959583710857
VDJdb,CASRRGSSYNSPLHF,BZLF1,EBV,1.916202912273536
VDJdb,CASRRQGSYNEQFF,IE1,Cytomegalovirus (CMV),-0.7166787042604789
VDJdb,CASRRQGTYGYTF,BRLF1,EBV,1.2878588818975478
VDJdb,CASRRSGSTDTQYF,BZLF1,EBV,3.2537943579634327
VDJdb,CASRRTGMNTEAFF,EBNA3B,EBV,1.0014925219171853
VDJdb,CASRSAYEQYF,M1,Influenza,-1.0864168624521184
VDJdb,CASRSGGTEAFF,Nucleocapsid,COVID-19 / SARS-CoV-2 / SARS-CoV,-0.8602183977423908
VDJdb,CASRSTGGNTEAFF,TAT,SIV,0.4465152878713274
VDJdb,CASRSTGGYGYTF,IE1,Cytomegalovirus (CMV),1.3250590373977338
VDJdb,CASRTGGDTGELFF,GAD2,T1D,-1.9912011682186967
VDJdb,CASRTGGYEQYF,LMP2,EBV,-1.258525817271034
VDJdb,CASRTGTAYNEQFF,Spike,COVID-19 / SARS-CoV-2 / SARS-CoV,1.4164956191876446
VDJdb,CASRTSGETQYF,IE1,Cytomegalovirus (CMV),0.9908935739312196
VDJdb,CASRTSGNEQFF,ebna4,EBV,-1.0739609177593152
VDJdb,CASRTVSYEQYF,MLANA,Cancer/Self antigen,0.8432128508406346
VDJdb,CASRVGNTEAFF,PLA2G6,Human (Homo sapiens),-1.9042580435750107
VDJdb,CASRVGNTEAFF,ebna4,EBV,-1.9042580435750107
VDJdb,CASRVGNTEAFF,EBNA3A,EBV,-1.9042580435750107
VDJdb,CASRVGQGNTEAFF,NS3,Dengue virus,-3.2930756325401207
VDJdb,CASSAAGGTGELFF,CTAG1B,Cancer/Self antigen,-1.2735683056838645
VDJdb,CASSADGMNTEAFF,LMP2,EBV,-1.7075971225189002
VDJdb,CASSADRYYGYTF,IE1,Cytomegalovirus (CMV),1.1374813155487922
VDJdb,CASSADSDYGYTF,LMP1,EBV,3.3457998760736163
VDJdb,CASSAGAGELFF,NS3,Dengue virus,-2.8576199063230074
VDJdb,CASSAGAYGYTF,M1,Influenza,-2.2342342009012666
VDJdb,CASSAGDEQYF,Nucleocapsid,COVID-19 / SARS-CoV-2 / SARS-CoV,-2.266182206399049
VDJdb,CASSAGDYGYTF,Orf1ab,COVID-19 / SARS-CoV-2 / SARS-CoV,0.5668814169534379
VDJdb,CASSAGGDTGELFF,CTAG1B,Cancer/Self antigen,-3.0268562316151115
VDJdb,CASSAGGGTGELFF,CTAG1B,Cancer/Self antigen,-1.2041936656075145
VDJdb,CASSAGGNTGELFF,CTAG1B,Cancer/Self antigen,1.026732040944183
VDJdb,CASSAGGSTGELFF,CTAG1B,Cancer/Self antigen,-1.8617621103423323
VDJdb,CASSAGLAGNEQFF,PGT,Human (Homo sapiens),-1.4292876217741988
VDJdb,CASSAGNTIYF,INS,T1D,-0.7451314972195715
VDJdb,CASSAGPDTQYF,BRLF1,EBV,-2.237704206297116
VDJdb,CASSAGQGAYEQYF,RV1518,M. tuberculosis,-1.6536396763112258
VDJdb,CASSAGQKNTEAFF,RV1518,M. tuberculosis,-3.180132921296351
VDJdb,CASSAGQKNTEAFF,RV1734C,M. tuberculosis,-3.180132921296351
VDJdb,CASSAGTGAYGYTF,Spike,COVID-19 / SARS-CoV-2 / SARS-CoV,-1.121618526455987
VDJdb,CASSAGTGGYTF,Orf1ab,COVID-19 / SARS-CoV-2 / SARS-CoV,-2.086030246664808
VDJdb,CASSAGTGNEKLFF,PGT,Human (Homo sapiens),0.4441069005604082
VDJdb,CASSAGTGTYEQYF,IE1,Cytomegalovirus (CMV),-3.4074545304289714
VDJdb,CASSAGTLQETQYF,LMP2,EBV,1.8863921690786305
VDJdb,CASSAGTLSYEQYF,EBNA3A,EBV,-1.531611123892036
VDJdb,CASSAGVGTEAFF,PGT,Human (Homo sapiens),-0.9853112900638116
VDJdb,CASSAGVGYTF,Spike,COVID-19 / SARS-CoV-2 / SARS-CoV,0.6284947071965615
VDJdb,CASSALAGGYNEQFF,NS3,Dengue virus,-1.196612912266195
VDJdb,CASSALGNTGELFF,CTAG1B,Cancer/Self antigen,-1.8908562213715967
VDJdb,CASSANEQFF,Nucleocapsid,COVID-19 / SARS-CoV-2 / SARS-CoV,-2.922195260896089
VDJdb,CASSANTGELFF,ebna4,EBV,-0.8567217610400981
VDJdb,CASSAPSYNEQFF,GP160,HIV / Human immunodeficiency virus (HIV),-6.242137403671894
VDJdb,CASSAQGDQPQHF,IE62,VZV,0.989758652856783
VDJdb,CASSAQGSNYGYTF,GAD2,T1D,1.516451593045118
VDJdb,CASSAQGWTEAFF,IE1,Cytomegalovirus (CMV),2.1165375300385945
VDJdb,CASSARQGQETQYF,EBNA3B,EBV,-1.962518905149792
VDJdb,CASSARTVNTEAFF,Nucleocapsid,COVID-19 / SARS-CoV-2 / SARS-CoV,1.1139215355131085
VDJdb,CASSASGAYNEQFF,M1,Influenza,-2.543761103675796
VDJdb,CASSASGGAGDTQYF,PGT,Human (Homo sapiens),1.3061961675370997
VDJdb,CASSASGGSYEQYF,ebna4,EBV,-1.1292397657644306
VDJdb,CASSASGGTGELFF,CTAG1B,Cancer/Self antigen,-1.4372911541192217
VDJdb,CASSASGNTGELFF,CTAG1B,Cancer/Self antigen,0.7288724923984428
VDJdb,CASSASGSTGELFF,CTAG1B,Cancer/Self antigen,-7.464219532872711
VDJdb,CASSATGDTGELFF,CTAG1B,Cancer/Self antigen,-0.7882439153995516
VDJdb,CASSATGGTGELFF,CTAG1B,Cancer/Self antigen,1.1832641263059709
VDJdb,CASSATGNTGELFF,CTAG1B,Cancer/Self antigen,0.8928395552429679
VDJdb,CASSATGSTGELFF,CTAG1B,Cancer/Self antigen,2.998942697332209
VDJdb,CASSATGYTGELFF,CTAG1B,Cancer/Self antigen,-1.2272401084491404
VDJdb,CASSAVSYNEQFF,M,COVID-19 / SARS-CoV-2 / SARS-CoV,-1.6402133202140394
VDJdb,CASSDDGMNTEAFF,LMP2,EBV,1.2273860197854711
VDJdb,CASSDDYEQYF,PTPRN,T1D,-3.987278631278629
VDJdb,CASSDGEQYF,PB1,Influenza,-3.121259245443288
VDJdb,CASSDGFYEQYF,PB1,Influenza,-2.6528855718165336
VDJdb,CASSDGGNTGELFF,CTAG1B,Cancer/Self antigen,-4.822474587657094
VDJdb,CASSDGTGAYEQYF,EBNA3A,EBV,-2.934457401107028
VDJdb,CASSDGTGELFF,INS,T1D,-2.5520153994567525
VDJdb,CASSDLYEQYF,G6PC2,T1D,0.4229419185609816
VDJdb,CASSDMNTEAFF,PGT,Human (Homo sapiens),-1.0031326986869635
VDJdb,CASSDNNYGYTF,SLC30A8,T1D,-1.0239233676607085
VDJdb,CASSDPNTEAFF,VP3,RotavirusA,0.7473032751099955
VDJdb,CASSDQNTGELFF,Spike,COVID-19 / SARS-CoV-2 / SARS-CoV,-1.40297596875254
VDJdb,CASSDRAGETQYF,M1,Influenza,3.3788022506778645
VDJdb,CASSDRAGTDTQYF,Orf1ab,COVID-19 / SARS-CoV-2 / SARS-CoV,1.2182847429503785
VDJdb,CASSDRDTGELFF,IE1,Cytomegalovirus (CMV),-5.265426770262904
VDJdb,CASSDRDYEQYF,IE1,Cytomegalovirus (CMV),-1.7615635450051852
VDJdb,CASSDRGEQYF,NP,Influenza,-1.7389900093671788
VDJdb,CASSDRGGYEQYF,M1,Influenza,-0.7928679014498723
VDJdb,CASSDRGLGYTF,Spike,COVID-19 / SARS-CoV-2 / SARS-CoV,0.860167508033018
VDJdb,CASSDRMNTEAFF,ebna4,EBV,-1.383708336278377
VDJdb,CASSDRMNTEAFF,EBNA3A,EBV,-1.383708336278377
VDJdb,CASSDRQGTDTQYF,PGT,Human (Homo sapiens),1.2303358249094667
VDJdb,CASSDRQNTEAFF,Orf1ab,COVID-19 / SARS-CoV-2 / SARS-CoV,-1.456567889533256
VDJdb,CASSDRTEAFF,EBNA3B,EBV,-2.414606101652642
VDJdb,CASSDSASGGTDTQYF,IE1,Cytomegalovirus (CMV),-10.622827707585571
VDJdb,CASSDSGGTGELFF,CTAG1B,Cancer/Self antigen,-3.6848988539626495
VDJdb,CASSDSGNTIYF,MLANA,Cancer/Self antigen,-1.1668644896218985
VDJdb,CASSDSGSGANVLTF,GAD2,T1D,-4.101693728025767
VDJdb,CASSDSGSTGELFF,CTAG1B,Cancer/Self antigen,-5.947000270785663
VDJdb,CASSDSGYEQYF,PB1,Influenza,-0.865159544798725
VDJdb,CASSDSLNTEAFF,EBNA3A,EBV,-1.5757097065060135
VDJdb,CASSDSYTEAFF,VP3,RotavirusA,1.9352166989219253
VDJdb,CASSDTGGTGELFF,CTAG1B,Cancer/Self antigen,4.1520859081671855
VDJdb,CASSDYNEQFF,BRLF1,EBV,0.5886039906677286
VDJdb,CASSEAGDTGELFF,CTAG1B,Cancer/Self antigen,-7.360114501359632
VDJdb,CASSEAGETQYF,SLC30A8,T1D,1.3335365401701365
VDJdb,CASSEAGGGYEQYF,MLANA,Cancer/Self antigen,-2.143444016384811
VDJdb,CASSEAGGGYEQYF,M,COVID-19 / SARS-CoV-2 / SARS-CoV,-2.143444016384811
VDJdb,CASSEAGGTGELFF,CTAG1B,Cancer/Self antigen,-3.877684527841192
VDJdb,CASSEAGMNTEAFF,LMP2,EBV,-1.9344377604918408
VDJdb,CASSEAGNTGELFF,CTAG1B,Cancer/Self antigen,1.5477061088373154
VDJdb,CASSEAGSGANVLTF,IE1,Cytomegalovirus (CMV),-4.796693460150284
VDJdb,CASSEASGGAETQYF,Gag,HIV / Human immunodeficiency virus (HIV),-10.54909981863403
VDJdb,CASSEDGMNTEAFF,LMP2,EBV,4.055748601748396
VDJdb,CASSEDIYEQYF,ASF1B,Mouse (Mus musculus),5.1768741196247205
VDJdb,CASSEDRGPYNEQFF,IE1,Cytomegalovirus (CMV),1.565967759891815
VDJdb,CASSEDRGSYGYTF,Orf1ab,COVID-19 / SARS-CoV-2 / SARS-CoV,1.5269014704869543
VDJdb,CASSEDSNYGYTF,IAPP,T1D,-0.4895458258258497
VDJdb,CASSEENTEAFF,RV1734C,M. tuberculosis,-2.227604923611925
VDJdb,CASSEGAEAFF,MLANA,Cancer/Self antigen,-3.5325322823122374
VDJdb,CASSEGASTDTQYF,PGT,Human (Homo sapiens),-1.946231594996924
VDJdb,CASSEGDEQYF,Spike,COVID-19 / SARS-CoV-2 / SARS-CoV,-1.494521943453031
VDJdb,CASSEGFQETQYF,IE1,Cytomegalovirus (CMV),1.575535160260936
VDJdb,CASSEGGEQFF,ebna4,EBV,-0.8393404007757529
VDJdb,CASSEGGEQYF,PA,Influenza,-0.9884554652466502
VDJdb,CASSEGGGDTEAFF,IE1,Cytomegalovirus (CMV),1.82443524149776
VDJdb,CASSEGGGTGELFF,CTAG1B,Cancer/Self antigen,-4.068049878914287
VDJdb,CASSEGGGYEQYF,NS3,Hepatitis C virus (HCV),-1.3491833206185486
VDJdb,CASSEGGPYEQYF,PB1,Influenza,-1.976606867227073
VDJdb,CASSEGGRTGELFF,CTAG1B,Cancer/Self antigen,1.8304673925438948
VDJdb,CASSEGGSTGELFF,CTAG1B,Cancer/Self antigen,-2.528843020110319
VDJdb,CASSEGGVETQYF,M1,Influenza,-1.3802851012806192
VDJdb,CASSEGNTGELFF,Spike,COVID-19 / SARS-CoV-2 / SARS-CoV,-3.1594517379632747
VDJdb,CASSEGQGAYNEQFF,Nucleocapsid,COVID-19 / SARS-CoV-2 / SARS-CoV,-1.4000185210746636
VDJdb,CASSEGQLNYGYTF,M,COVID-19 / SARS-CoV-2 / SARS-CoV,2.5097251869731982
VDJdb,CASSEGREQYF,PA,Influenza,-1.2895432384209131
VDJdb,CASSEGRETQYF,CDK4,Cancer/Self antigen,1.7393646773444855
VDJdb,CASSEGRGTGELFF,CTAG1B,Cancer/Self antigen,-0.8162625706351112
VDJdb,CASSEGSYGYTF,M1,Influenza,1.0576429436046997
VDJdb,CASSEGTATNEKLFF,G6PC2,T1D,-1.9022717451163265
VDJdb,CASSEGTGGNTEAFF,IE1,Cytomegalovirus (CMV),-5.6618871671950295
VDJdb,CASSEGTVNYGYTF,IE1,Cytomegalovirus (CMV),1.7659090413487175
VDJdb,CASSEGVQPQHF,IE1,Cytomegalovirus (CMV),0.8544884486752247
VDJdb,CASSEGYGYTF,Nucleocapsid,COVID-19 / SARS-CoV-2 / SARS-CoV,1.0910090741247462
VDJdb,CASSELAGGPETQYF,IE1,Cytomegalovirus (CMV),-6.761099493733244
VDJdb,CASSELAGGPETQYF,EBNA3A,EBV,-6.761099493733244
VDJdb,CASSELAGGTDTQYF,IE1,Cytomegalovirus (CMV),-4.119798828724118
VDJdb,CASSELGDTQYF,M1,Influenza,1.478131278931278
VDJdb,CASSELGGTEAFF,TAT,SIV,-1.2394090056219982
VDJdb,CASSELGGTGELFF,CTAG1B,Cancer/Self antigen,-5.248763934391244
VDJdb,CASSELGNTGELFF,CTAG1B,Cancer/Self antigen,-1.2559397308500715
VDJdb,CASSELGQPQHF,Gag,HIV / Human immunodeficiency virus (HIV),-1.4982224150341867
VDJdb,CASSEPPYEQYF,GP160,HIV / Human immunodeficiency virus (HIV),-1.7993786104169651
VDJdb,CASSEQGDYGYTF,IE1,Cytomegalovirus (CMV),0.8920962502745929
VDJdb,CASSEQGSNQPQHF,INS,T1D,0.8983653476948966
VDJdb,CASSEQGYEQYF,M38,Cytomegalovirus (CMV),1.751102865197231
VDJdb,CASSERDNEQFF,IE1,Cytomegalovirus (CMV),-1.3446323123026955
VDJdb,CASSERDRGYEQYF,TAX,HTLV-1,-1.488103609236075
VDJdb,CASSERGGPDTQYF,Orf1ab,COVID-19 / SARS-CoV-2 / SARS-CoV,-5.5251281071626615
VDJdb,CASSERGNQPQHF,Nucleocapsid,COVID-19 / SARS-CoV-2 / SARS-CoV,-0.9064266233251888
VDJdb,CASSERQGNTEAFF,GAG,SIV,-1.629208265178837
VDJdb,CASSERRYEQYF,M,RSV,2.21669243266544
VDJdb,CASSESGANVLTF,RV1518,M. tuberculosis,0.7313866972687216
VDJdb,CASSESGGTGELFF,CTAG1B,Cancer/Self antigen,-1.0095281314396067
VDJdb,CASSESGNTIYF,SLC30A8,T1D,-0.818872597038941
VDJdb,CASSESGRGTEAFF,GAG,SIV,1.4467389211140018
VDJdb,CASSESPNTEAFF,IE1,Cytomegalovirus (CMV),-1.5588548728659948
VDJdb,CASSESSSTDTQYF,Orf1ab,COVID-19 / SARS-CoV-2 / SARS-CoV,-1.619019289965487
VDJdb,CASSESSYNSPLHF,IE1,Cytomegalovirus (CMV),-0.4696378985189084
VDJdb,CASSESWGPYEQYF,ebna4,EBV,-6.041237970053386
VDJdb,CASSESYEQYF,Vpr,HIV / Human immunodeficiency virus (HIV),-0.8732595255846851
VDJdb,CASSESYEQYF,ebna4,EBV,-0.8732595255846851
VDJdb,CASSESYEQYF,M,RSV,-0.8732595255846851
VDJdb,CASSETGDEQYF,M139,Cytomegalovirus (CMV),-2.9468032165875595
VDJdb,CASSETGGTGELFF,CTAG1B,Cancer/Self antigen,-1.7037061507305538
VDJdb,CASSETGNTGELFF,CTAG1B,Cancer/Self antigen,1.1182984685479131
VDJdb,CASSETGSSYEQYF,G6PC2,T1D,-2.300025910711577
VDJdb,CASSETGTGGYEQYF,Nucleocapsid,COVID-19 / SARS-CoV-2 / SARS-CoV,-1.7638414820151014
VDJdb,CASSETSGYNEQFF,PGT,Human (Homo sapiens),0.7746903652375468
VDJdb,CASSEVGGTGELFF,CTAG1B,Cancer/Self antigen,-3.1576260325971948
VDJdb,CASSEVGNTGELFF,CTAG1B,Cancer/Self antigen,-2.281070378761727
VDJdb,CASSEYEQYF,PA,Influenza,-1.230916365963337
VDJdb,CASSFAGDTGELFF,CTAG1B,Cancer/Self antigen,-1.8771057679624832
VDJdb,CASSFAGGNTIYF,PGT,Human (Homo sapiens),-0.9400601953824992
VDJdb,CASSFAGGSYNEQFF,EBNA3B,EBV,-0.771197997534715
VDJdb,CASSFAGGSYNEQFF,EBNA3A,EBV,-0.771197997534715
VDJdb,CASSFAGGTGELFF,CTAG1B,Cancer/Self antigen,1.0020401303730238
VDJdb,CASSFAGNTGELFF,CTAG1B,Cancer/Self antigen,1.5432487005714033
VDJdb,CASSFAGPYNEQFF,Nucleocapsid,COVID-19 / SARS-CoV-2 / SARS-CoV,-2.023155699554067
VDJdb,CASSFAPSYEQYF,BRLF1,EBV,-4.338732826780721
VDJdb,CASSFATGELFF,BZLF1,EBV,-1.4228862528152035
VDJdb,CASSFDGETQYF,GLUTEN,Celiac disease,-1.4016156725174365
VDJdb,CASSFDLSSYNEQFF,PGT,Human (Homo sapiens),1.6607918576682938
VDJdb,CASSFDNYEQYF,M139,Cytomegalovirus (CMV),-2.6053308656739893
VDJdb,CASSFDQNTEAFF,RV1518,M. tuberculosis,1.8617554333166708
VDJdb,CASSFDRGDTQYF,M139,Cytomegalovirus (CMV),1.9133876236314016
VDJdb,CASSFDRNTEAFF,Orf1ab,COVID-19 / SARS-CoV-2 / SARS-CoV,0.8808558977575282
VDJdb,CASSFDSNSPLHF,GLUTEN,Celiac disease,2.7679564260947966
VDJdb,CASSFDSYEQYF,PB1,Influenza,-1.3361673477538698
VDJdb,CASSFEAGELFF,M1,Influenza,-1.268671465470458
VDJdb,CASSFEGADTQYF,PLOD1,Mouse (Mus musculus),1.4503207886204126
VDJdb,CASSFEGEQYF,Gag,HIV / Human immunodeficiency virus (HIV),-3.0036418473702327
VDJdb,CASSFEGGTGELFF,CTAG1B,Cancer/Self antigen,-1.7834420673870826
VDJdb,CASSFEGNTGELFF,CTAG1B,Cancer/Self antigen,-1.339938651983883
VDJdb,CASSFENTGELFF,Orf1ab,COVID-19 / SARS-CoV-2 / SARS-CoV,1.0288492140863443
VDJdb,CASSFFSSYEQYF,BRLF1,EBV,-4.600605977590158
VDJdb,CASSFGADQPQHF,IE1,Cytomegalovirus (CMV),1.7341799316173314
VDJdb,CASSFGAEQFF,PA,Influenza,-6.304576428062136
VDJdb,CASSFGAGELFF,M1,Influenza,-2.138791061084799
VDJdb,CASSFGAGELFF,NS3,Dengue virus,-2.138791061084799
VDJdb,CASSFGAGELFF,EBNA3A,EBV,-2.138791061084799
VDJdb,CASSFGAGGTDTQYF,IE1,Cytomegalovirus (CMV),0.6989609860648723
VDJdb,CASSFGDEQYF,PA,Influenza,-2.43356258029207
VDJdb,CASSFGDQPQHF,Orf1ab,COVID-19 / SARS-CoV-2 / SARS-CoV,0.2857520783018788
VDJdb,CASSFGDTEAFF,IE1,Cytomegalovirus (CMV),-0.9523533906446764
VDJdb,CASSFGDTQYF,PA,Influenza,0.2495699107873102
VDJdb,CASSFGEQFF,M1,Influenza,-4.041263976948441
VDJdb,CASSFGGADTQYF,PLOD1,Mouse (Mus musculus),0.7250172210466013
VDJdb,CASSFGGAGNTIYF,PGT,Human (Homo sapiens),-0.4396542510455261
VDJdb,CASSFGGASYEQYF,NS3,Dengue virus,-1.9255981200243704
VDJdb,CASSFGGATGELFF,CTAG1B,Cancer/Self antigen,-1.2967176093004258
VDJdb,CASSFGGDEKLFF,Nucleocapsid,COVID-19 / SARS-CoV-2 / SARS-CoV,-1.0104160939105724
VDJdb,CASSFGGDTGELFF,CTAG1B,Cancer/Self antigen,1.6213056605479057
VDJdb,CASSFGGDTQYF,POL,HIV / Human immunodeficiency virus (HIV),-0.6215755621076264
VDJdb,CASSFGGGADTQYF,IE1,Cytomegalovirus (CMV),2.15111168412619
VDJdb,CASSFGGGAGDTQYF,GLUTEN,Celiac disease,1.9103410980853068
VDJdb,CASSFGGGAGELFF,CTAG1B,Cancer/Self antigen,1.668281546303949
VDJdb,CASSFGGGAQETQYF,NS3,Dengue virus,1.8206122879913544
VDJdb,CASSFGGGEQFF,MLANA,Cancer/Self antigen,-2.850559203922552
VDJdb,CASSFGGGTGELFF,CTAG1B,Cancer/Self antigen,0.7735121350328515
VDJdb,CASSFGGGTYEQYF,GLIADIN,TriticumAestivum,-1.9747809639646148
VDJdb,CASSFGGHTGELFF,CTAG1B,Cancer/Self antigen,-1.127922175285736
VDJdb,CASSFGGLTGELFF,CTAG1B,Cancer/Self antigen,-1.5514746144407612
VDJdb,CASSFGGNTEAFF,Spike,COVID-19 / SARS-CoV-2 / SARS-CoV,1.281882258689715
VDJdb,CASSFGGNTGELFF,CTAG1B,Cancer/Self antigen,1.7095724699782169
VDJdb,CASSFGGNTGELFF,RV1518,M. tuberculosis,1.7095724699782169
VDJdb,CASSFGGPNQPQHF,PGT,Human (Homo sapiens),-0.7307363315777365
VDJdb,CASSFGGPTGELFF,CTAG1B,Cancer/Self antigen,2.023133167669842
VDJdb,CASSFGGPYEQYF,MLANA,Cancer/Self antigen,-1.0839505989163292
VDJdb,CASSFGGQPQHF,MLANA,Cancer/Self antigen,-0.2656142728392658
VDJdb,CASSFGGRTGELFF,CTAG1B,Cancer/Self antigen,2.453067161289527
VDJdb,CASSFGGSSYEQYF,MAGEA10,Human (Homo sapiens),0.3039227023738884
VDJdb,CASSFGGSSYEQYF,IE1,Cytomegalovirus (CMV),0.3039227023738884
VDJdb,CASSFGGSTGELFF,CTAG1B,Cancer/Self antigen,2.95502924038264
VDJdb,CASSFGGVNEQFF,ebna4,EBV,-2.509000186010446
VDJdb,CASSFGGVNEQFF,EBNA3A,EBV,-2.509000186010446
VDJdb,CASSFGGVTGELFF,CTAG1B,Cancer/Self antigen,-0.925486590723342
VDJdb,CASSFGGYYEQYF,RV1518,M. tuberculosis,-2.635481294102726
VDJdb,CASSFGLAGTYEQYF,SLC30A8,T1D,-1.0810522102378823
VDJdb,CASSFGLANEQFF,Nucleocapsid,COVID-19 / SARS-CoV-2 / SARS-CoV,-1.3067998629352011
VDJdb,CASSFGLSYEQYF,POL,HIV / Human immunodeficiency virus (HIV),-3.8172394537824816
VDJdb,CASSFGNEQFF,ebna4,EBV,-2.012080388025791
VDJdb,CASSFGPNNEQFF,MLANA,Cancer/Self antigen,-1.9347747829868545
VDJdb,CASSFGQGAEKLFF,M1,Influenza,1.0916406087848995
VDJdb,CASSFGQGAYNEQFF,Nucleocapsid,COVID-19 / SARS-CoV-2 / SARS-CoV,1.503741522280749
VDJdb,CASSFGQGDYGYTF,NS3,Dengue virus,-1.463778866458742
VDJdb,CASSFGQGGDTQYF,M1,Influenza,3.4679308194059018
VDJdb,CASSFGQGNEQYF,ebna4,EBV,-3.853419712433854
VDJdb,CASSFGQGSEAFF,IE1,Cytomegalovirus (CMV),1.63332767500428
VDJdb,CASSFGQGSEQYF,PGT,Human (Homo sapiens),-4.569303307521848
VDJdb,CASSFGQGSQPQHF,APOB,Human (Homo sapiens),1.0441712450360243
VDJdb,CASSFGREQYF,PB1,Influenza,-3.0276929623843083
VDJdb,CASSFGREQYF,PA,Influenza,-3.0276929623843083
VDJdb,CASSFGRGDGYTF,Spike,COVID-19 / SARS-CoV-2 / SARS-CoV,3.4858635048524964
VDJdb,CASSFGRNTEAFF,APOB,Human (Homo sapiens),0.4837700507258938
VDJdb,CASSFGSRNTEAFF,Spike,COVID-19 / SARS-CoV-2 / SARS-CoV,-2.0459767601446948
VDJdb,CASSFGTGDGYTF,POL,HIV / Human immunodeficiency virus (HIV),-0.8548799505932794
VDJdb,CASSFGTGEETQYF,IE1,Cytomegalovirus (CMV),1.935685261889927
VDJdb,CASSFGTGELFF,M1,Influenza,0.351499340081882
VDJdb,CASSFGTGSTGELFF,NS3,Dengue virus,1.1963096931174766
VDJdb,CASSFGTGVTGELFF,NS3,Dengue virus,-1.204466482233459
VDJdb,CASSFGTSYEQYF,MLANA,Cancer/Self antigen,-1.7715112367484047
VDJdb,CASSFGTTDTQYF,Spike,COVID-19 / SARS-CoV-2 / SARS-CoV,0.9660517878679394
VDJdb,CASSFGTYGYTF,MLANA,Cancer/Self antigen,-1.5838240506644845
VDJdb,CASSFGVGEQYF,IE1,Cytomegalovirus (CMV),1.1165108286810006
VDJdb,CASSFGYEQYF,EBNA3A,EBV,0.4889848206862371
VDJdb,CASSFIQGNTEAFF,NS3,Dengue virus,-0.8327986780512675
VDJdb,CASSFKNTEAFF,BMLF1,EBV,-3.420420128925989
VDJdb,CASSFLAGGPYNEQFF,BCL2L1,Cancer/Self antigen,-2.2914501551204234
VDJdb,CASSFLAGGYNEQFF,M1,Influenza,-0.6128000784875594
VDJdb,CASSFLAGGYNEQFF,ebna4,EBV,-0.6128000784875594
VDJdb,CASSFLAGVNEQFF,PGT,Human (Homo sapiens),1.911188209498186
VDJdb,CASSFLENTGELFF,LMP2,EBV,1.7009682664871142
VDJdb,CASSFLGDTGELFF,CTAG1B,Cancer/Self antigen,-1.0235182200839716
VDJdb,CASSFLGGGTEAFF,IE1,Cytomegalovirus (CMV),-1.7411879210291548
VDJdb,CASSFLGGTGELFF,CTAG1B,Cancer/Self antigen,1.257527321950711
VDJdb,CASSFLGNTGELFF,CTAG1B,Cancer/Self antigen,-1.220896551679692
VDJdb,CASSFLGQPQHF,MLANA,Cancer/Self antigen,-0.4974743301590944
VDJdb,CASSFLNTGELFF,EBNA3B,EBV,0.3512350888850429
VDJdb,CASSFLTGNTEAFF,M1,Influenza,-2.140241883936308
VDJdb,CASSFNEQYF,IE1,Cytomegalovirus (CMV),-1.851453145887892
VDJdb,CASSFNTEAFF,ebna4,EBV,-0.5234485652799215
VDJdb,CASSFPGAEAFF,EBNA3B,EBV,-2.156827168806161
VDJdb,CASSFPGANVLTF,Spike,COVID-19 / SARS-CoV-2 / SARS-CoV,1.1356246573024764
VDJdb,CASSFPGGNTGELFF,PCJ1,CryptomeriaJaponica,1.4126421707597645
VDJdb,CASSFPGSNEKLFF,EBNA3B,EBV,2.280328232196833
VDJdb,CASSFPGSNEKLFF,IE1,Cytomegalovirus (CMV),2.280328232196833
VDJdb,CASSFPGTEAFF,Nucleocapsid,COVID-19 / SARS-CoV-2 / SARS-CoV,-0.985652000890921
VDJdb,CASSFQGADTQYF,PLOD1,Mouse (Mus musculus),1.7033205233869553
VDJdb,CASSFQGAGTGELFF,IE1,Cytomegalovirus (CMV),4.998783291208516
VDJdb,CASSFQGATGELFF,CTAG1B,Cancer/Self antigen,3.867872593144548
VDJdb,CASSFQGGDTQYF,PLOD1,Mouse (Mus musculus),3.147292384805548
VDJdb,CASSFQGGNYGYTF,LMP2,EBV,-0.9656177386736238
VDJdb,CASSFQGGTGELFF,CTAG1B,Cancer/Self antigen,1.5746792738493838
VDJdb,CASSFQGNTEAFF,G6PC2,T1D,1.5340102717805926
VDJdb,CASSFQGNTGELFF,CTAG1B,Cancer/Self antigen,2.2702450609405616
VDJdb,CASSFQGNYEQYF,IE1,Cytomegalovirus (CMV),1.5662364773713382
VDJdb,CASSFQGTSYEQYF,IE1,Cytomegalovirus (CMV),-1.641975691778245
VDJdb,CASSFQGTTGELFF,CTAG1B,Cancer/Self antigen,4.220335621537648
VDJdb,CASSFRGADGYTF,Spike,COVID-19 / SARS-CoV-2 / SARS-CoV,-1.560931651045396
VDJdb,CASSFRGDYGYTF,Spike,COVID-19 / SARS-CoV-2 / SARS-CoV,-1.545777582979571
VDJdb,CASSFRGGAYEQYF,SLC30A8,T1D,-2.738181391726389
VDJdb,CASSFRGGDGYTF,Spike,COVID-19 / SARS-CoV-2 / SARS-CoV,-1.0398979167761375
VDJdb,CASSFRGLGQPQHF,MLANA,Cancer/Self antigen,-5.203290674347505
VDJdb,CASSFRGPGNTIYF,Spike,COVID-19 / SARS-CoV-2 / SARS-CoV,-1.8286259397999576
VDJdb,CASSFRGPNEKLFF,Orf1ab,COVID-19 / SARS-CoV-2 / SARS-CoV,-0.7056786997243713
VDJdb,CASSFRGYNSPLHF,SLC30A8,T1D,-1.746405956017092
VDJdb,CASSFRLAGTGELFF,MLANA,Cancer/Self antigen,2.0453244662623926
VDJdb,CASSFRSTDTQYF,GLUTEN,Celiac disease,1.05749090603708
VDJdb,CASSFRTDSYEQYF,Orf1ab,COVID-19 / SARS-CoV-2 / SARS-CoV,-1.5280384276397188
VDJdb,CASSFRTSSYEQYF,Orf1ab,COVID-19 / SARS-CoV-2 / SARS-CoV,1.4759901335491086
VDJdb,CASSFSDNEQFF,PGT,Human (Homo sapiens),-2.6266091659319386
VDJdb,CASSFSGATGELFF,CTAG1B,Cancer/Self antigen,-1.5353256960007124
VDJdb,CASSFSGDTEAFF,ebna4,EBV,0.4893423135957606
VDJdb,CASSFSGDTGELFF,CTAG1B,Cancer/Self antigen,-1.3700374000642843
VDJdb,CASSFSGELFF,GP160,HIV / Human immunodeficiency virus (HIV),-0.9547121483903368
VDJdb,CASSFSGEQFF,MLANA,Cancer/Self antigen,-1.8265380886493785
VDJdb,CASSFSGETQYF,BZLF1,EBV,-0.4535543158472954
VDJdb,CASSFSGGAGELFF,CTAG1B,Cancer/Self antigen,2.043699946107164
VDJdb,CASSFSGGSYNEQFF,IE1,Cytomegalovirus (CMV),0.998104081804984
VDJdb,CASSFSGGTGELFF,CTAG1B,Cancer/Self antigen,1.0738755648085605
VDJdb,CASSFSGLYEQYF,M45,Cytomegalovirus (CMV),-2.810358079266219
VDJdb,CASSFSGNTGELFF,M1,Influenza,0.9479901809709192
VDJdb,CASSFSGNTGELFF,ebna4,EBV,0.9479901809709192
VDJdb,CASSFSGNTGELFF,EBNA3A,EBV,0.9479901809709192
VDJdb,CASSFSGNTGELFF,CTAG1B,Cancer/Self antigen,0.9479901809709192
VDJdb,CASSFSGRTGELFF,CTAG1B,Cancer/Self antigen,2.374458701758232
VDJdb,CASSFSGSSYEQYF,IE1,Cytomegalovirus (CMV),0.571936244044265
VDJdb,CASSFSGSTGELFF,CTAG1B,Cancer/Self antigen,-0.8212101881153856
VDJdb,CASSFSGSYGYTF,Spike,COVID-19 / SARS-CoV-2 / SARS-CoV,-0.7039661828588385
VDJdb,CASSFSGVTGELFF,CTAG1B,Cancer/Self antigen,-0.6670449539679235
VDJdb,CASSFSGYTGELFF,CTAG1B,Cancer/Self antigen,1.9361483677437952
VDJdb,CASSFSHEQYF,POL,Hepatitis C virus (HCV),-1.832164664696308
VDJdb,CASSFSNEKLFF,Nucleocapsid,COVID-19 / SARS-CoV-2 / SARS-CoV,-1.1611614573648654
VDJdb,CASSFTGDSYNEQFF,M,COVID-19 / SARS-CoV-2 / SARS-CoV,-1.3501820514628735
VDJdb,CASSFTGDTGELFF,CTAG1B,Cancer/Self antigen,-1.408006373376668
VDJdb,CASSFTGGAYEQYF,PTPRN,T1D,2.849989894268337
VDJdb,CASSFTGGNGYTF,Spike,COVID-19 / SARS-CoV-2 / SARS-CoV,-2.425910814487961
VDJdb,CASSFTGGRYEQYF,PMEL,Cancer/Self antigen,1.3903008965003265
VDJdb,CASSFTGGTGELFF,CTAG1B,Cancer/Self antigen,1.2564127461454144
VDJdb,CASSFTGNTGELFF,BZLF1,EBV,1.5864345077450426
VDJdb,CASSFTGNTGELFF,CTAG1B,Cancer/Self antigen,1.5864345077450426
VDJdb,CASSFTGSSGNTIYF,BZLF1,EBV,0.667691718087623
VDJdb,CASSFTGSSYEQYF,NS3,Dengue virus,-1.0380429190304632
VDJdb,CASSFTGSTGELFF,CTAG1B,Cancer/Self antigen,1.216062478147364
VDJdb,CASSFTNTGELFF,GLUTEN,Celiac disease,0.3803863198653975
VDJdb,CASSFTSGSYEQYF,Orf1ab,COVID-19 / SARS-CoV-2 / SARS-CoV,0.7053447428230473
VDJdb,CASSFTSGTGELFF,CTAG1B,Cancer/Self antigen,-1.5966763885983717
VDJdb,CASSFVDSPLHF,INS,T1D,-1.3816281558891763
VDJdb,CASSFVGGTGELFF,CTAG1B,Cancer/Self antigen,1.864715317939636
VDJdb,CASSFYEQYF,LMP1,EBV,-0.6124819495738518
VDJdb,CASSFYMNTEAFF,BMLF1,EBV,-1.3598076145609368
VDJdb,CASSGAGGSTDTQYF,PGT,Human (Homo sapiens),-2.742332860904085
VDJdb,CASSGAGGTDTQYF,EBNA3B,EBV,-1.2827559246533524
VDJdb,CASSGAGGTGELFF,CTAG1B,Cancer/Self antigen,-1.578101574926698
VDJdb,CASSGASGANVLTF,Orf1ab,COVID-19 / SARS-CoV-2 / SARS-CoV,1.2297241079698362
VDJdb,CASSGASSYEQYF,IE1,Cytomegalovirus (CMV),-2.658207302259403
VDJdb,CASSGDGMNTEAFF,LMP2,EBV,2.409446711378946
VDJdb,CASSGDGMNTEAFF,BRLF1,EBV,2.409446711378946
VDJdb,CASSGDIYEQYF,ASF1B,Mouse (Mus musculus),-1.1332069749110176
VDJdb,CASSGDLYEQYF,APOB,Human (Homo sapiens),-1.2397916862031129
VDJdb,CASSGDNTGELFF,EBNA3B,EBV,-4.218216238886804
VDJdb,CASSGDRDEQYF,PB1,Influenza,-1.0046814818266163
VDJdb,CASSGDRMNTEAFF,LMP2,EBV,1.5799895206532195
VDJdb,CASSGDSPYEQYF,RV1518,M. tuberculosis,-3.050046629571717
VDJdb,CASSGFNEQFF,BRLF1,EBV,0.9296710275630726
VDJdb,CASSGGAAYEQYF,NS3,Dengue virus,-2.779044868158998
VDJdb,CASSGGAEQYF,PA,Influenza,-4.11844347842724
VDJdb,CASSGGGDTGELFF,CTAG1B,Cancer/Self antigen,-7.826171489113499
VDJdb,CASSGGGEQYF,PA,Influenza,-1.870318262032548
VDJdb,CASSGGGGYGYTF,Orf1ab,COVID-19 / SARS-CoV-2 / SARS-CoV,1.7811994643345537
VDJdb,CASSGGGPYEQYF,SLC30A8,T1D,-0.97552799732469
VDJdb,CASSGGGYTGELFF,CTAG1B,Cancer/Self antigen,2.33253149821246
VDJdb,CASSGGLAGTGELFF,IE1,Cytomegalovirus (CMV),-1.3685441401440404
VDJdb,CASSGGLNSPLHF,GAD2,T1D,-1.8974606236678768
VDJdb,CASSGGLNTEAFF,IE1,Cytomegalovirus (CMV),0.3629281650245015
VDJdb,CASSGGNEQYF,PA,Influenza,-2.693638899800717
VDJdb,CASSGGPEQYF,GP160,HIV / Human immunodeficiency virus (HIV),-3.7871597288522336
VDJdb,CASSGGPTGELFF,IE1,Cytomegalovirus (CMV),-1.4356507643917489
VDJdb,CASSGGREQFF,NP,Influenza,-2.8067464966838567
VDJdb,CASSGGRNTEAFF,Nucleocapsid,COVID-19 / SARS-CoV-2 / SARS-CoV,0.7586876104475216
VDJdb,CASSGGTSGYNEQFF,ebna4,EBV,-0.6722795005029683
VDJdb,CASSGISTDTQYF,M1,Influenza,-1.1628719317225746
VDJdb,CASSGLADYNEQFF,NS3,Dengue virus,-2.322500122583796
VDJdb,CASSGLAGGNNEQFF,IE1,Cytomegalovirus (CMV),1.1922269796710787
VDJdb,CASSGLAGTYEQYF,PGT,Human (Homo sapiens),-0.9690102301963928
VDJdb,CASSGLGNTGELFF,CTAG1B,Cancer/Self antigen,1.842033418577237
VDJdb,CASSGLNEQFF,M1,Influenza,-0.5643456269823534
VDJdb,CASSGNEQFF,NS3,Dengue virus,-3.190154421040644
VDJdb,CASSGNTEAFF,MLANA,Cancer/Self antigen,-0.7280354660035233
VDJdb,CASSGPGNQPQHF,Nucleocapsid,COVID-19 / SARS-CoV-2 / SARS-CoV,2.5544159522412606
VDJdb,CASSGPYEQYF,INS,T1D,-1.432023579396844
VDJdb,CASSGQGAEAFF,SLC30A8,T1D,-2.3689605993260168
VDJdb,CASSGQGGNYGYTF,LMP2,EBV,1.974568267236628
VDJdb,CASSGQGNQPQHF,INS,T1D,0.9219483191438224
VDJdb,CASSGQGNYEQYF,Nucleocapsid,COVID-19 / SARS-CoV-2 / SARS-CoV,1.609177322258938
VDJdb,CASSGQGYNEQFF,NS4B,Hepatitis C virus (HCV),1.8507479446775768
VDJdb,CASSGRDRGYNEQFF,PGT,Human (Homo sapiens),1.5212285392238585
VDJdb,CASSGRQGNTEAFF,IE1,Cytomegalovirus (CMV),-1.6610798799383693
VDJdb,CASSGRQGSYEQYF,Spike,COVID-19 / SARS-CoV-2 / SARS-CoV,-1.9004473416898773
VDJdb,CASSGRTGSSYEQYF,M1,Influenza,3.104736707726279
VDJdb,CASSGSGGTGELFF,CTAG1B,Cancer/Self antigen,1.9372578838367496
VDJdb,CASSGSGNTGELFF,CTAG1B,Cancer/Self antigen,1.00125174044467
VDJdb,CASSGSSYEQYF,G6PC2,T1D,-0.2673937159416086
VDJdb,CASSGTATNEKLFF,M1,Influenza,0.5845349918188494
VDJdb,CASSGTESYEQYF,EBNA3B,EBV,-6.021357709695687
VDJdb,CASSGTGDTGELFF,CTAG1B,Cancer/Self antigen,-4.532460772825871
VDJdb,CASSGTGFGYTF,IE1,Cytomegalovirus (CMV),-0.9666072671175936
VDJdb,CASSGTGGAGELFF,CTAG1B,Cancer/Self antigen,-1.2680365545600387
VDJdb,CASSGTGGDEQYF,IE1,Cytomegalovirus (CMV),-2.816494740869028
VDJdb,CASSGTGGNEQFF,Spike,COVID-19 / SARS-CoV-2 / SARS-CoV,-0.910154029964886
VDJdb,CASSGTGGSGELFF,CTAG1B,Cancer/Self antigen,2.0111673425844554
VDJdb,CASSGTGGTGELFF,CTAG1B,Cancer/Self antigen,0.4735718343914307
VDJdb,CASSGTGGYEQYF,TAT,SIV,0.226181873301574
VDJdb,CASSGTGGYEQYF,SEMA3B,Mouse (Mus musculus),0.226181873301574
VDJdb,CASSGTGNTGELFF,CTAG1B,Cancer/Self antigen,0.5778381721073679
VDJdb,CASSGTGPNYGYTF,Nucleocapsid,COVID-19 / SARS-CoV-2 / SARS-CoV,-1.5120038170913657
VDJdb,CASSGTGSTGELFF,CTAG1B,Cancer/Self antigen,1.2638269835353588
VDJdb,CASSGTGYTGELFF,CTAG1B,Cancer/Self antigen,-0.9951381820091943
VDJdb,CASSGTPGNTIYF,ebna4,EBV,-1.195729366011408
VDJdb,CASSGTSGAYNEQFF,BZLF1,EBV,-1.3644756333734036
VDJdb,CASSGTSGAYNEQFF,EBNA3A,EBV,-1.3644756333734036
VDJdb,CASSGTSGGYEQYF,M1,Influenza,0.7551614180663815
VDJdb,CASSGTSGGYEQYF,ebna4,EBV,0.7551614180663815
VDJdb,CASSGTTGELFF,IE1,Cytomegalovirus (CMV),-3.2590759474644435
VDJdb,CASSGTVSNQPQHF,G6PC2,T1D,0.7549416913536395
VDJdb,CASSGYTEAFF,GP160,HIV / Human immunodeficiency virus (HIV),1.1667358648678394
VDJdb,CASSHGGNTGELFF,CTAG1B,Cancer/Self antigen,2.551445810858679
VDJdb,CASSHGGSYEQYF,MLANA,Cancer/Self antigen,-3.3820667218612592
VDJdb,CASSHGGTEAFF,IE1,Cytomegalovirus (CMV),-2.2717793552797887
VDJdb,CASSHGGYEQYF,Nucleocapsid,COVID-19 / SARS-CoV-2 / SARS-CoV,-0.4196587563342005
VDJdb,CASSHGNYGYTF,MLANA,Cancer/Self antigen,0.9790832207174028
VDJdb,CASSHGNYGYTF,PGT,Human (Homo sapiens),0.9790832207174028
VDJdb,CASSHGQLNTEAFF,IE1,Cytomegalovirus (CMV),0.7900938663727908
VDJdb,CASSHPGNTEAFF,GP160,HIV / Human immunodeficiency virus (HIV),-0.9330004994608744
VDJdb,CASSHRGTEAFF,PGT,Human (Homo sapiens),-1.066815983538815
VDJdb,CASSHRSNQPQHF,M1,Influenza,-1.6185209663307347
VDJdb,CASSHRSSYEQYF,M1,Influenza,-2.1524072510580408
VDJdb,CASSHTRNTEAFF,BZLF1,EBV,0.8955143267943464
VDJdb,CASSIAGGTDTQYF,ebna4,EBV,-0.6492228566711097
VDJdb,CASSIAGGTGELFF,CTAG1B,Cancer/Self antigen,-1.931171356026044
VDJdb,CASSIANTEAFF,Orf1ab,COVID-19 / SARS-CoV-2 / SARS-CoV,-2.4405864669179294
VDJdb,CASSIGADTQYF,EBNA3A,EBV,-3.171941430485969
VDJdb,CASSIGAGAYEQYF,INS,T1D,-4.35107291003956
VDJdb,CASSIGAGNTIYF,EBNA3A,EBV,-0.9709866222899356
VDJdb,CASSIGDEQYF,PB1,Influenza,-2.6527058615586383
VDJdb,CASSIGDEQYF,PA,Influenza,-2.6527058615586383
VDJdb,CASSIGDSYEQYF,PB1,Influenza,-4.924662173719058
VDJdb,CASSIGDTEAFF,NS3,Hepatitis C virus (HCV),-3.853319885815596
VDJdb,CASSIGDYEQYF,EBNA3A,EBV,-2.046913325353455
VDJdb,CASSIGGASYNEQFF,M1,Influenza,-4.042024287976989
VDJdb,CASSIGGEQYF,PA,Influenza,-3.296590628862152
VDJdb,CASSIGGGLNTEAFF,GFAP,Human (Homo sapiens),-1.3296844228511393
VDJdb,CASSIGGGNQPQHF,M1,Influenza,-0.497446899896816
VDJdb,CASSIGHTEAFF,BZLF1,EBV,-6.80047423418287
VDJdb,CASSIGLAGGDTQYF,IE1,Cytomegalovirus (CMV),3.012968790784345
VDJdb,CASSIGLNTEAFF,RV1518,M. tuberculosis,-2.0107669329152147
VDJdb,CASSIGLYGYTF,IE1,Cytomegalovirus (CMV),-3.6820122472444767
VDJdb,CASSIGNEQYF,PA,Influenza,-3.71678162276902
VDJdb,CASSIGPDTQYF,IE1,Cytomegalovirus (CMV),-1.342858537361171
VDJdb,CASSIGQGETQYF,PLA2G6,Human (Homo sapiens),1.04672354569741
VDJdb,CASSIGQGPYEQYF,CDK4,Cancer/Self antigen,0.5131651719956277
VDJdb,CASSIGSEQYF,PA,Influenza,-2.36542499235452
VDJdb,CASSIGSEQYF,PB1,Influenza,-2.36542499235452
VDJdb,CASSIGTDTQYF,M1,Influenza,-0.5536651856641902
VDJdb,CASSIGTGNTEAFF,EBNA3B,EBV,-2.65080049445218
VDJdb,CASSIGTGNTEAFF,IE1,Cytomegalovirus (CMV),-2.65080049445218
VDJdb,CASSIGTGNTEAFF,EBNA3A,EBV,-2.65080049445218
VDJdb,CASSILAGAYNEQFF,M1,Influenza,-1.4921812431100818
VDJdb,CASSILAGSTDTQYF,SLC30A8,T1D,1.048069619678779
VDJdb,CASSILAGSYEQYF,IE1,Cytomegalovirus (CMV),-1.7022898020698023
VDJdb,CASSILDEQFF,M1,Influenza,-2.3686863525836728
VDJdb,CASSILGGTGELFF,CTAG1B,Cancer/Self antigen,-1.7946388632539496
VDJdb,CASSILGNTGELFF,CTAG1B,Cancer/Self antigen,-2.2433626561304547
VDJdb,CASSIMNTEAFF,SLC30A8,T1D,-1.312141827556376
VDJdb,CASSIRDSYEQYF,RV1734C,M. tuberculosis,-2.437237996457895
VDJdb,CASSIRDTDTQYF,GLIADIN,TriticumAestivum,2.946444576709878
VDJdb,CASSIREGTEAFF,M1,Influenza,-2.049929118461068
VDJdb,CASSIRGNTGELFF,CTAG1B,Cancer/Self antigen,2.8228605327140195
VDJdb,CASSIRNTGELFF,M1,Influenza,-0.6855558996824613
VDJdb,CASSIRSSYEQYF,MLANA,Cancer/Self antigen,1.4066494386838515
VDJdb,CASSIRSSYEQYF,M1G4E,synthetic,1.4066494386838515
VDJdb,CASSIRSSYEQYF,ebna4,EBV,1.4066494386838515
VDJdb,CASSIRSSYEQYF,SLC30A8,T1D,1.4066494386838515
VDJdb,CASSIRSTDTQYF,GLUTEN,Celiac disease,-1.5729775615351214
VDJdb,CASSIRTDTQYF,GLIADIN,TriticumAestivum,2.3871721089784863
VDJdb,CASSISGGTEAFF,M1,Influenza,-2.4588488125367234
VDJdb,CASSISGGTGELFF,CTAG1B,Cancer/Self antigen,1.09600177743091
VDJdb,CASSISGGYEQYF,GAD2,T1D,-1.5261234434638469
VDJdb,CASSISSTGELFF,BRLF1,EBV,-2.2376779302059564
VDJdb,CASSITGYEQYF,M1,Influenza,-0.7361654708141122
VDJdb,CASSITYEQYF,IE1,Cytomegalovirus (CMV),-0.6065167576763482
VDJdb,CASSIVGETQYF,GAD2,T1D,1.1135499720899071
VDJdb,CASSIVGGTGELFF,CTAG1B,Cancer/Self antigen,-1.207631097832984
VDJdb,CASSIVGNTGELFF,CTAG1B,Cancer/Self antigen,-1.2772519395730444
VDJdb,CASSIYNEQFF,IE1,Cytomegalovirus (CMV),0.9444468036439456
VDJdb,CASSIYNEQFF,BRLF1,EBV,0.9444468036439456
VDJdb,CASSIYYEQYF,G6PC2,T1D,-1.431052022168
VDJdb,CASSKQGGQPQHF,EBNA3A,EBV,-1.041613937922476
VDJdb,CASSKQGYEQYF,TUBB3,Mouse (Mus musculus),0.9501504501184412
VDJdb,CASSKTDTQYF,EBNA3B,EBV,-1.2241607866787367
VDJdb,CASSKTGGTGELFF,CTAG1B,Cancer/Self antigen,1.184289629341515
VDJdb,CASSLAAANTEAFF,ebna4,EBV,-0.5516066748580913
VDJdb,CASSLAAAYEQYF,Spike,COVID-19 / SARS-CoV-2 / SARS-CoV,-0.7001187723512767
VDJdb,CASSLAADYEQYF,EBNA3B,EBV,-2.665951171541609
VDJdb,CASSLAADYEQYF,ebna4,EBV,-2.665951171541609
VDJdb,CASSLAAGGSYGYTF,Orf1ab,COVID-19 / SARS-CoV-2 / SARS-CoV,1.0330026584469598
VDJdb,CASSLAAYEQYF,TUBB3,Mouse (Mus musculus),-0.9053908597560556
VDJdb,CASSLADGTEAFF,IE1,Cytomegalovirus (CMV),-0.895858427466146
VDJdb,CASSLADRNTEAFF,ebna4,EBV,-0.9035645445320516
VDJdb,CASSLADSYEQYF,POL,HIV / Human immunodeficiency virus (HIV),-1.283159785410783
VDJdb,CASSLAEYNEQFF,LMP1,EBV,0.5928865479226721
VDJdb,CASSLAGAAGELFF,CTAG1B,Cancer/Self antigen,0.9282841350730328
VDJdb,CASSLAGAGGELFF,CTAG1B,Cancer/Self antigen,1.0849346421333
VDJdb,CASSLAGAGGYTF,M1,Influenza,1.4303853646774918
VDJdb,CASSLAGAGNEQFF,SLC30A8,T1D,1.0663757197169677
VDJdb,CASSLAGAPGELFF,CTAG1B,Cancer/Self antigen,-1.1421472477729706
VDJdb,CASSLAGASGELFF,CTAG1B,Cancer/Self antigen,3.35392440731524
VDJdb,CASSLAGASSYNEQFF,Orf1ab,COVID-19 / SARS-CoV-2 / SARS-CoV,0.590387257445574
VDJdb,CASSLAGASYEQYF,INS,T1D,0.4339883808167014
VDJdb,CASSLAGATGELFF,CTAG1B,Cancer/Self antigen,1.1530312187052938
VDJdb,CASSLAGAYEQYF,IE1,Cytomegalovirus (CMV),1.2556418036134729
VDJdb,CASSLAGDEQYF,TUBB3,Mouse (Mus musculus),-1.2207732075652746
VDJdb,CASSLAGDSYEQYF,M1,Influenza,-0.6975464163360399
VDJdb,CASSLAGDTGELFF,CTAG1B,Cancer/Self antigen,0.2198665013079531
VDJdb,CASSLAGDTQYF,NS5B,Hepatitis C virus (HCV),0.7612756827036549
VDJdb,CASSLAGEAGELFF,CTAG1B,Cancer/Self antigen,-2.4500625162971006
VDJdb,CASSLAGEGYEQYF,BZLF1,EBV,-3.091557099158964
VDJdb,CASSLAGEKLFF,NS5B,Hepatitis C virus (HCV),-0.3643628665035999
VDJdb,CASSLAGEQYF,G6PC2,T1D,-0.1825787892417516
VDJdb,CASSLAGETGELFF,CTAG1B,Cancer/Self antigen,-0.9825606595276486
VDJdb,CASSLAGFQETQYF,EBNA3A,EBV,1.8192340371159683
VDJdb,CASSLAGGAGELFF,CTAG1B,Cancer/Self antigen,1.233197777701982
VDJdb,CASSLAGGDTEAFF,SLC30A8,T1D,0.6674862383303097
VDJdb,CASSLAGGGAYEQYF,NS3,Dengue virus,-1.000088707730839
VDJdb,CASSLAGGGEQYF,BRLF1,EBV,0.5599745036733688
VDJdb,CASSLAGGGGELFF,CTAG1B,Cancer/Self antigen,0.9201457611468984
VDJdb,CASSLAGGGTDTQYF,EBNA3A,EBV,1.1811237869797326
VDJdb,CASSLAGGIGELFF,CTAG1B,Cancer/Self antigen,3.1214217132526305
VDJdb,CASSLAGGNNEQFF,ebna4,EBV,0.4787579625619538
VDJdb,CASSLAGGPGELFF,CTAG1B,Cancer/Self antigen,-0.5782713980618386
VDJdb,CASSLAGGPGNTIYF,PGT,Human (Homo sapiens),1.555659154137265
VDJdb,CASSLAGGSETQYF,IE1,Cytomegalovirus (CMV),1.1448069874764435
VDJdb,CASSLAGGSGELFF,CTAG1B,Cancer/Self antigen,-0.6364650066834223
VDJdb,CASSLAGGSNTGELFF,EBNA3A,EBV,2.0816617852531407
VDJdb,CASSLAGGSYEQYF,GPC,LCMV,1.484250992360645
VDJdb,CASSLAGGSYEQYF,DEF8,Mouse (Mus musculus),1.484250992360645
VDJdb,CASSLAGGSYNEQFF,P3A,CoxsackievirusB,1.7212757874159048
VDJdb,CASSLAGGTGELFF,CTAG1B,Cancer/Self antigen,1.16143256283536
VDJdb,CASSLAGGVDTQYF,PMEL,Cancer/Self antigen,2.183444165786146
VDJdb,CASSLAGGVGELFF,CTAG1B,Cancer/Self antigen,3.2710736899884685
VDJdb,CASSLAGGYTEAFF,EBNA3A,EBV,0.352827657472923
VDJdb,CASSLAGHTGELFF,CTAG1B,Cancer/Self antigen,0.9583312643186876
VDJdb,CASSLAGITGELFF,CTAG1B,Cancer/Self antigen,2.169723134478032
VDJdb,CASSLAGLAGELFF,CTAG1B,Cancer/Self antigen,-2.0742293182378906
VDJdb,CASSLAGLAGETQYF,MLANA,Cancer/Self antigen,1.393289352508545
VDJdb,CASSLAGLNTEAFF,TUT4,Human (Homo sapiens),0.2609927194447782
VDJdb,CASSLAGLTGELFF,CTAG1B,Cancer/Self antigen,1.8406721166440865
VDJdb,CASSLAGNEQYF,Orf1ab,COVID-19 / SARS-CoV-2 / SARS-CoV,-2.3543164505165564
VDJdb,CASSLAGNTGELFF,CTAG1B,Cancer/Self antigen,1.475396217818217
VDJdb,CASSLAGPTGELFF,CTAG1B,Cancer/Self antigen,1.4895151173685224
VDJdb,CASSLAGQLYGYTF,IE1,Cytomegalovirus (CMV),-0.933198798480194
VDJdb,CASSLAGQTGELFF,CTAG1B,Cancer/Self antigen,3.898017774365545
VDJdb,CASSLAGRAGELFF,CTAG1B,Cancer/Self antigen,1.2190852146752889
VDJdb,CASSLAGRTGELFF,CTAG1B,Cancer/Self antigen,-0.457825891240531
VDJdb,CASSLAGSEAFF,PTPRN,T1D,-2.403859275237324
VDJdb,CASSLAGSGELFF,BRLF1,EBV,0.5988055439751571
VDJdb,CASSLAGSTGELFF,CTAG1B,Cancer/Self antigen,0.3655122101500551
VDJdb,CASSLAGTEAFF,Nucleocapsid,COVID-19 / SARS-CoV-2 / SARS-CoV,-0.5570130134758582
VDJdb,CASSLAGTGELFF,ebna4,EBV,0.8275496830833037
VDJdb,CASSLAGTGELFF,EBNA3A,EBV,0.8275496830833037
VDJdb,CASSLAGTGYNEQFF,EBNA3A,EBV,1.00560240209539
VDJdb,CASSLAGTSYGYTF,MLANA,Cancer/Self antigen,0.8664634737716399
VDJdb,CASSLAGTTGELFF,CTAG1B,Cancer/Self antigen,2.172951783361259
VDJdb,CASSLAGVAGELFF,CTAG1B,Cancer/Self antigen,1.0604167774469857
VDJdb,CASSLAGVDEQFF,PGT,Human (Homo sapiens),-1.4921662376435123
VDJdb,CASSLAGVETQYF,Orf1ab,COVID-19 / SARS-CoV-2 / SARS-CoV,1.3760819498975
VDJdb,CASSLAGVGNEQFF,NS3,Dengue virus,0.7354678156587042
VDJdb,CASSLAGVQPQHF,GLIADIN,TriticumAestivum,-0.7808491954048182
VDJdb,CASSLAGVSGELFF,CTAG1B,Cancer/Self antigen,-1.611376559007832
VDJdb,CASSLAGYEQYF,TUBB3,Mouse (Mus musculus),1.362668185384841
VDJdb,CASSLAGYNEQFF,EBNA3B,EBV,-0.2076146409000209
VDJdb,CASSLAGYTGELFF,CTAG1B,Cancer/Self antigen,1.1987605633820362
VDJdb,CASSLALAGPYEQYF,MLANA,Cancer/Self antigen,-0.7839513088505548
VDJdb,CASSLALGDSPLHF,BZLF1,EBV,1.6553916527663377
VDJdb,CASSLALGSYEQYF,POL,HIV / Human immunodeficiency virus (HIV),-0.8090631003955614
VDJdb,CASSLALSYEQYF,ebna4,EBV,-1.234182651280634
VDJdb,CASSLANTEAFF,PGT,Human (Homo sapiens),0.3542874373351902
VDJdb,CASSLANTGELFF,pp65,Cytomegalovirus (CMV),0.7850484603692763
VDJdb,CASSLAPGGETQYF,EBNA3B,EBV,1.8521750299017885
VDJdb,CASSLAPGGYEQYF,SLC30A8,T1D,-1.2221761471540633
VDJdb,CASSLAQGGDTQYF,GLUTEN,Celiac disease,1.8893159909179635
VDJdb,CASSLAQGGEQFF,MLANA,Cancer/Self antigen,1.760024343341828
VDJdb,CASSLARDEQYF,NP,Influenza,-3.333581873376412
VDJdb,CASSLARDTQYF,NP,Influenza,1.3391824992072512
VDJdb,CASSLAREDTQYF,M45,Cytomegalovirus (CMV),2.277549086103028
VDJdb,CASSLARGDGYTF,PGT,Human (Homo sapiens),-0.8749368628626419
VDJdb,CASSLARGEQFF,IE1,Cytomegalovirus (CMV),1.2891773811088232
VDJdb,CASSLARGGNQPQHF,IAPP,T1D,-1.020632407156944
VDJdb,CASSLARGTGELFF,EBNA3B,EBV,1.6323514758058724
VDJdb,CASSLARNEQYF,NP,Influenza,2.1531830010760094
VDJdb,CASSLARNYEQYF,PGT,Human (Homo sapiens),-1.0266791443359136
VDJdb,CASSLARSQPQHF,IE1,Cytomegalovirus (CMV),-2.907667235367947
VDJdb,CASSLARTDTQYF,IE1,Cytomegalovirus (CMV),0.4705449491932418
VDJdb,CASSLARTEAFF,BZLF1,EBV,-1.5174435225043728
VDJdb,CASSLASAEAFF,PGT,Human (Homo sapiens),1.6454825150679526
VDJdb,CASSLASQETQYF,IE1,Cytomegalovirus (CMV),0.4420370810842267
VDJdb,CASSLASYEQYF,TUBB3,Mouse (Mus musculus),0.6390793159141452
VDJdb,CASSLASYNEQFF,RV1734C,M. tuberculosis,0.8440489392128039
VDJdb,CASSLATVSYEQYF,ebna4,EBV,-1.9844602717905755
VDJdb,CASSLAVGGYEQYF,NS3,Dengue virus,-1.1518637659272637
VDJdb,CASSLAVSSYNEQFF,RV1518,M. tuberculosis,1.0525843424613246
VDJdb,CASSLAWGQPQHF,MLANA,Cancer/Self antigen,-1.0055485807779745
VDJdb,CASSLAYSGNTIYF,IE1,Cytomegalovirus (CMV),-0.7616710290891793
VDJdb,CASSLAYTGELFF,RV1518,M. tuberculosis,-0.5040567551561095
VDJdb,CASSLDFNQPQHF,Nucleocapsid,COVID-19 / SARS-CoV-2 / SARS-CoV,1.7010954863630974
VDJdb,CASSLDGASNQPQHF,RV1518,M. tuberculosis,1.7623191112426837
VDJdb,CASSLDGNEQYF,MLANA,Cancer/Self antigen,-1.773417789894189
VDJdb,CASSLDGQGPLYGYTF,EBNA3A,EBV,-1.804665938235018
VDJdb,CASSLDGQGPLYGYTF,PB1,Influenza,-1.804665938235018
VDJdb,CASSLDGYTGELFF,Orf1ab,COVID-19 / SARS-CoV-2 / SARS-CoV,-0.6708216845620987
VDJdb,CASSLDINYGYTF,VP3,RotavirusA,1.0969807812371617
VDJdb,CASSLDIYEQYF,ASF1B,Mouse (Mus musculus),1.146475388658078
VDJdb,CASSLDKETQYF,IE1,Cytomegalovirus (CMV),-1.025227443312632
VDJdb,CASSLDNSPLHF,Orf1ab,COVID-19 / SARS-CoV-2 / SARS-CoV,0.9175494861453656
VDJdb,CASSLDNYEQYF,M139,Cytomegalovirus (CMV),0.3905902809887983
VDJdb,CASSLDPGEQYF,PB1,Influenza,-2.759376526757908
VDJdb,CASSLDPGGYEQYF,NS3,Dengue virus,-1.3407870030160267
VDJdb,CASSLDPGRTEAFF,IE1,Cytomegalovirus (CMV),-1.126210610374721
VDJdb,CASSLDPGTGELFF,MLANA,Cancer/Self antigen,1.3764222153869614
VDJdb,CASSLDQPQHF,EBNA1,EBV,-1.2107019999027493
VDJdb,CASSLDRATNEKLFF,MAGEA3,Human (Homo sapiens),0.7402225646032807
VDJdb,CASSLDRFYEQYF,Nucleocapsid,COVID-19 / SARS-CoV-2 / SARS-CoV,0.7927506617210571
VDJdb,CASSLDRGEQYF,PA,Influenza,0.5683306798911434
VDJdb,CASSLDRGHEQYF,IE1,Cytomegalovirus (CMV),-0.7301065165984647
VDJdb,CASSLDRGLNYGYTF,CSP,PlasmodiumFalciparum,-2.7016242479861337
VDJdb,CASSLDRGVNTEAFF,M1,Influenza,-1.7592032614125266
VDJdb,CASSLDSNSPLHF,TAX,HTLV-1,1.678715141273596
VDJdb,CASSLDSPYEQYF,Orf1ab,COVID-19 / SARS-CoV-2 / SARS-CoV,-2.0139695679038265
VDJdb,CASSLDSSYEQYF,Orf1ab,COVID-19 / SARS-CoV-2 / SARS-CoV,0.2885955033359971
VDJdb,CASSLDSYEQYF,PTPRN,T1D,1.4067090421383943
VDJdb,CASSLDTQYF,M1,Influenza,-1.5611817323574362
VDJdb,CASSLDTQYF,ebna4,EBV,-1.5611817323574362
VDJdb,CASSLDTSYEQYF,IAPP,T1D,-0.719011290204757
VDJdb,CASSLDWGNTEAFF,LMP1,EBV,-0.9785346838338982
VDJdb,CASSLDWGYEQYF,PB1,Influenza,-2.328804143047229
VDJdb,CASSLEAGNTEAFF,M1,Influenza,0.5051399525469984
VDJdb,CASSLEAGSYNEQFF,M1,Influenza,1.3800936860079287
VDJdb,CASSLEASSYNSPLHF,INS,T1D,-1.436686189700168
VDJdb,CASSLEASYEQYF,MLANA,Cancer/Self antigen,-2.509132611404105
VDJdb,CASSLEGATGELFF,CTAG1B,Cancer/Self antigen,1.1105991373074002
VDJdb,CASSLEGDEQYF,TUBB3,Mouse (Mus musculus),-1.5621800799073702
VDJdb,CASSLEGDQPQHF,IE1,Cytomegalovirus (CMV),0.8926174245508388
VDJdb,CASSLEGDTGELFF,CTAG1B,Cancer/Self antigen,-1.07353493965448
VDJdb,CASSLEGETQYF,NP,Influenza,0.7203683177757685
VDJdb,CASSLEGGMNTEAFF,TAT,SIV,-0.980452940648162
VDJdb,CASSLEGGSGELFF,CTAG1B,Cancer/Self antigen,1.924412492700924
VDJdb,CASSLEGGSNQPQHF,Gag,HIV / Human immunodeficiency virus (HIV),0.6775676854077779
VDJdb,CASSLEGGTGELFF,CTAG1B,Cancer/Self antigen,0.8697686869164603
VDJdb,CASSLEGHEQYF,Nucleocapsid,COVID-19 / SARS-CoV-2 / SARS-CoV,-2.9460531383571835
VDJdb,CASSLEGLAGGNEQFF,INS,T1D,-1.6555761155179276
VDJdb,CASSLEGQASSYEQYF,LMP2,EBV,2.4587340951250205
VDJdb,CASSLEGQASSYEQYF,BZLF1,EBV,2.4587340951250205
VDJdb,CASSLEGQGGSPLHF,MLANA,Cancer/Self antigen,0.7931682231948355
VDJdb,CASSLEGQSNQPQHF,RV1518,M. tuberculosis,-1.0334914710475678
VDJdb,CASSLEGRGYTF,GLIADIN,TriticumAestivum,0.928394277343662
VDJdb,CASSLEGRTGELFF,CTAG1B,Cancer/Self antigen,2.554584537038098
VDJdb,CASSLEGSYEQYF,LMP1,EBV,-0.3882667022556987
VDJdb,CASSLEGSYGYTF,NP,Influenza,0.7239841501333459
VDJdb,CASSLEGTEAFF,PPI,Human (Homo sapiens),0.2323934730532769
VDJdb,CASSLEGTGAYEQYF,IE1,Cytomegalovirus (CMV),0.8096052281378858
VDJdb,CASSLEGVEQYF,TUBB3,Mouse (Mus musculus),-2.9087779982899704
VDJdb,CASSLEGYEQYF,TUBB3,Mouse (Mus musculus),1.240635442192438
VDJdb,CASSLELAVYNEQFF,EBNA3A,EBV,1.7148000591753907
VDJdb,CASSLELGNYGYTF,Spike,COVID-19 / SARS-CoV-2 / SARS-CoV,-0.9540234535177538
VDJdb,CASSLELSGANVLTF,GLIADIN,TriticumAestivum,1.6877687676390796
VDJdb,CASSLENEKLFF,PGT,Human (Homo sapiens),-0.7747881070274162
VDJdb,CASSLEPSYEQYF,ebna4,EBV,-1.5838660072626176
VDJdb,CASSLEPSYEQYF,EBNA3A,EBV,-1.5838660072626176
VDJdb,CASSLEQAYEQYF,PGT,Human (Homo sapiens),-1.0691440751425492
VDJdb,CASSLEQGAYEQYF,NS3,Dengue virus,0.3806867089107254
VDJdb,CASSLERDGYTF,INS,T1D,-1.1961901943108142
VDJdb,CASSLERETQYF,INS,T1D,-0.2908529280853583
VDJdb,CASSLERGEQYF,ebna4,EBV,-1.0307751218306225
VDJdb,CASSLERGNTEAFF,M1,Influenza,0.3518419462150205
VDJdb,CASSLERGTDTQYF,M1,Influenza,0.9613700255641104
VDJdb,CASSLERSTDTQYF,M1,Influenza,1.118462301235621
VDJdb,CASSLESGEQYF,VP3,RotavirusA,-1.597604459023778
VDJdb,CASSLETATEAFF,EBNA3A,EBV,1.965701005815196
VDJdb,CASSLETGGYGYTF,EBNA3A,EBV,-1.228896884488894
VDJdb,CASSLFGDTGELFF,CTAG1B,Cancer/Self antigen,3.204718352518725
VDJdb,CASSLFGEQYF,PA,Influenza,-0.4944214406698181
VDJdb,CASSLFGGTYEQYF,ebna4,EBV,-3.157855763844511
VDJdb,CASSLFGNTGELFF,CTAG1B,Cancer/Self antigen,1.571421374958205
VDJdb,CASSLFGSSYNEQFF,IE1,Cytomegalovirus (CMV),-2.061575303721632
VDJdb,CASSLFHEQYF,IE1,Cytomegalovirus (CMV),1.4733746019388994
VDJdb,CASSLFHEQYF,EBNA3A,EBV,1.4733746019388994
VDJdb,CASSLFSNEQFF,BRLF1,EBV,-3.516985686958253
VDJdb,CASSLGADTQYF,SLC30A8,T1D,0.5940032139633706
VDJdb,CASSLGAEAFF,SLC30A8,T1D,-2.050463679150264
VDJdb,CASSLGAEETQYF,IE1,Cytomegalovirus (CMV),0.5614758775172848
VDJdb,CASSLGAEQFF,PA,Influenza,-2.996545758054052
VDJdb,CASSLGAGANVLTF,IE1,Cytomegalovirus (CMV),1.1978847552580802
VDJdb,CASSLGAGELFF,NS3,Dengue virus,0.3004985056898663
VDJdb,CASSLGAGEYEQYF,NS3,Dengue virus,-4.115188897054283
VDJdb,CASSLGAGGAYEQYF,NS3,Dengue virus,-0.932542038807284
VDJdb,CASSLGAGGQETQYF,GLIADIN,TriticumAestivum,0.4737683750935447
VDJdb,CASSLGAGPGELFF,CTAG1B,Cancer/Self antigen,1.198511572513627
VDJdb,CASSLGAGTQETQYF,NS3,Dengue virus,2.535850095408277
VDJdb,CASSLGAGVQETQYF,NS3,Dengue virus,3.391867214739261
VDJdb,CASSLGAGVSTDTQYF,BRLF1,EBV,7.201340813088722
VDJdb,CASSLGAPEAFF,NS3,Dengue virus,-5.987982009073365
VDJdb,CASSLGAQPQHF,MLANA,Cancer/Self antigen,-2.3294743928722315
VDJdb,CASSLGAYGYTF,M1,Influenza,-0.3647462284374392
VDJdb,CASSLGDEQFF,PGT,Human (Homo sapiens),-1.3006128762367006
VDJdb,CASSLGDEQYF,PA,Influenza,-0.4812717430166059
VDJdb,CASSLGDNTEAFF,M1,Influenza,-0.8531121681316437
VDJdb,CASSLGDRAGGYTF,M1,Influenza,2.086783081614913
VDJdb,CASSLGDRAYEQYF,MLANA,Cancer/Self antigen,-0.8122094966253458
VDJdb,CASSLGDRDYGYTF,PGT,Human (Homo sapiens),-0.5515249640095288
VDJdb,CASSLGDRGYQPQHF,M,COVID-19 / SARS-CoV-2 / SARS-CoV,-1.7585571395867152
VDJdb,CASSLGDRNTEAFF,TAX,HTLV-1,1.1119573215087757
VDJdb,CASSLGDSNQPQHF,SLC30A8,T1D,0.2587322354263179
VDJdb,CASSLGDSPLHF,PGT,Human (Homo sapiens),0.2230703081819191
VDJdb,CASSLGDSYEQYF,MLANA,Cancer/Self antigen,-0.3755894666938368
VDJdb,CASSLGDTEAFF,M1,Influenza,0.2981723491503411
VDJdb,CASSLGDTQYF,M38,Cytomegalovirus (CMV),1.6394393580236115
VDJdb,CASSLGDTYEQYF,IE1,Cytomegalovirus (CMV),-3.187605687958868
VDJdb,CASSLGDTYEQYF,KRAS,Human (Homo sapiens),-3.187605687958868
VDJdb,CASSLGEAYEQYF,MLANA,Cancer/Self antigen,-0.7091013242206388
VDJdb,CASSLGEGNTIYF,MLANA,Cancer/Self antigen,-0.4588426194357938
VDJdb,CASSLGEGYTF,PGT,Human (Homo sapiens),-3.588875908645192
VDJdb,CASSLGEKLFF,G6PC2,T1D,0.9859773462965882
VDJdb,CASSLGETQYF,MLANA,Cancer/Self antigen,2.055213647520372
VDJdb,CASSLGFPGELFF,P3A,CoxsackievirusB,-3.678235498798449
VDJdb,CASSLGFTDTQYF,M1,Influenza,1.887208235410774
VDJdb,CASSLGFTDTQYF,ebna4,EBV,1.887208235410774
VDJdb,CASSLGFTDTQYF,EBNA3A,EBV,1.887208235410774
VDJdb,CASSLGGAAGELFF,CTAG1B,Cancer/Self antigen,-1.0742207467947955
VDJdb,CASSLGGAEAFF,NS3,Dengue virus,-1.8174171488320023
VDJdb,CASSLGGAEAFF,IE1,Cytomegalovirus (CMV),-1.8174171488320023
VDJdb,CASSLGGAETQYF,SLC30A8,T1D,1.4260030693984462
VDJdb,CASSLGGAGGELFF,CTAG1B,Cancer/Self antigen,1.909630042449584
VDJdb,CASSLGGAGNEQFF,NS3,Dengue virus,-1.7340315651203912
VDJdb,CASSLGGAGYNEQFF,Nucleocapsid,COVID-19 / SARS-CoV-2 / SARS-CoV,-0.8542746238631959
VDJdb,CASSLGGAPGELFF,CTAG1B,Cancer/Self antigen,-2.491035991255232
VDJdb,CASSLGGASGELFF,CTAG1B,Cancer/Self antigen,4.032031821175837
VDJdb,CASSLGGASTDTQYF,MLANA,Cancer/Self antigen,1.356802846674488
VDJdb,CASSLGGATGELFF,CTAG1B,Cancer/Self antigen,-0.876273342282062
VDJdb,CASSLGGAYEKLFF,Nucleocapsid,COVID-19 / SARS-CoV-2 / SARS-CoV,3.7468501584629887
VDJdb,CASSLGGDTQYF,POL,HIV / Human immunodeficiency virus (HIV),0.8750379864977059
VDJdb,CASSLGGDTYEQYF,NS3,Dengue virus,0.8002333184120786
VDJdb,CASSLGGEDTQYF,M45,Cytomegalovirus (CMV),0.7255738463624367
VDJdb,CASSLGGEGEQYF,M38,Cytomegalovirus (CMV),-3.304612621865662
VDJdb,CASSLGGEQYF,PGT,Human (Homo sapiens),0.8588377002228291
VDJdb,CASSLGGEQYF,PA,Influenza,0.8588377002228291
VDJdb,CASSLGGETGELFF,CTAG1B,Cancer/Self antigen,1.2854707180239155
VDJdb,CASSLGGFGSPLHF,Spike,COVID-19 / SARS-CoV-2 / SARS-CoV,1.2840074704198816
VDJdb,CASSLGGFTGELFF,CTAG1B,Cancer/Self antigen,1.1773221819168067
VDJdb,CASSLGGGAGDTQYF,GLUTEN,Celiac disease,1.3961568151547483
VDJdb,CASSLGGGAGELFF,CTAG1B,Cancer/Self antigen,-0.5878185989524596
VDJdb,CASSLGGGELFF,EBNA3A,EBV,-0.9889536320754222
VDJdb,CASSLGGGEQYF,IE1,Cytomegalovirus (CMV),-0.4719824216280982
VDJdb,CASSLGGGGAYEQYF,NS3,Dengue virus,-0.8824748956424957
VDJdb,CASSLGGGGGELFF,CTAG1B,Cancer/Self antigen,-3.3853992962745245
VDJdb,CASSLGGGHTDTQYF,M1,Influenza,-3.03057209158314
VDJdb,CASSLGGGLNYGYTF,Orf1ab,COVID-19 / SARS-CoV-2 / SARS-CoV,1.9915086799420951
VDJdb,CASSLGGGLQETQYF,NS3,Dengue virus,1.9661116397757128
VDJdb,CASSLGGGNQETQYF,NS3,Dengue virus,-1.30775930693699
VDJdb,CASSLGGGPGELFF,CTAG1B,Cancer/Self antigen,-1.428561182910312
VDJdb,CASSLGGGQDTQYF,NP,Influenza,2.6354162102069827
VDJdb,CASSLGGGQPQHF,MLANA,Cancer/Self antigen,0.6954400200068759
VDJdb,CASSLGGGRDEQYF,MMP9,Human (Homo sapiens),0.9421938573093168
VDJdb,CASSLGGGRDTQYF,UTP20,Human (Homo sapiens),1.909809867565945
VDJdb,CASSLGGGRPQHF,IE1,Cytomegalovirus (CMV),-2.052248474277852
VDJdb,CASSLGGGSGELFF,CTAG1B,Cancer/Self antigen,-1.6235679028908585
VDJdb,CASSLGGGTEAFF,MLANA,Cancer/Self antigen,1.388444707067476
VDJdb,CASSLGGGTGELFF,PMEL,Cancer/Self antigen,0.601966476590434
VDJdb,CASSLGGGTGELFF,CTAG1B,Cancer/Self antigen,0.601966476590434
VDJdb,CASSLGGHTGELFF,CTAG1B,Cancer/Self antigen,-1.1080890365419638
VDJdb,CASSLGGKSSYEQYF,DUF5119,Human (Homo sapiens),1.9978286463347803
VDJdb,CASSLGGLAGELFF,CTAG1B,Cancer/Self antigen,-3.2062372620477646
VDJdb,CASSLGGLAYEQYF,MLANA,Cancer/Self antigen,-0.9018550652622646
VDJdb,CASSLGGLGQPQHF,MLANA,Cancer/Self antigen,0.891894136666069
VDJdb,CASSLGGLTGELFF,LMP2,EBV,-0.579908272584853
VDJdb,CASSLGGLTGELFF,CTAG1B,Cancer/Self antigen,-0.579908272584853
VDJdb,CASSLGGNEQFF,MLANA,Cancer/Self antigen,1.1220754448708885
VDJdb,CASSLGGNEQFF,BZLF1,EBV,1.1220754448708885
VDJdb,CASSLGGNEQYF,GP160,HIV / Human immunodeficiency virus (HIV),-0.9502256653439278
VDJdb,CASSLGGNTGELFF,CTAG1B,Cancer/Self antigen,1.667323461488753
VDJdb,CASSLGGPSYEQYF,IE1,Cytomegalovirus (CMV),-1.430972132874421
VDJdb,CASSLGGPTGELFF,CTAG1B,Cancer/Self antigen,1.4873183755122286
VDJdb,CASSLGGQDTQYF,M45,Cytomegalovirus (CMV),3.024342302138838
VDJdb,CASSLGGQPQHF,MLANA,Cancer/Self antigen,0.7077812792242139
VDJdb,CASSLGGQTGELFF,CTAG1B,Cancer/Self antigen,-1.935556300885009
VDJdb,CASSLGGQTYEQYF,NS3,Dengue virus,-1.841658975187424
VDJdb,CASSLGGQYNEQFF,GAD2,T1D,1.5254881346648357
VDJdb,CASSLGGREAFF,EBNA3A,EBV,-1.4710060921095496
VDJdb,CASSLGGRNTEAFF,IE1,Cytomegalovirus (CMV),-0.3111797211175355
VDJdb,CASSLGGRRYEQYF,CDK4,Cancer/Self antigen,-2.537865367386702
VDJdb,CASSLGGRTGELFF,CTAG1B,Cancer/Self antigen,2.5846743504660394
VDJdb,CASSLGGSAGELFF,CTAG1B,Cancer/Self antigen,1.9903142240179104
VDJdb,CASSLGGSNQPQHF,Nucleocapsid,COVID-19 / SARS-CoV-2 / SARS-CoV,1.6060774607420198
VDJdb,CASSLGGSPGELFF,CTAG1B,Cancer/Self antigen,2.515679121221729
VDJdb,CASSLGGSPLHF,IE1,Cytomegalovirus (CMV),-0.8526609427302386
VDJdb,CASSLGGSSGELFF,CTAG1B,Cancer/Self antigen,1.3342969946244008
VDJdb,CASSLGGSTGELFF,CTAG1B,Cancer/Self antigen,1.0799500914249247
VDJdb,CASSLGGTDNEQFF,NS3,Dengue virus,2.901012807853009
VDJdb,CASSLGGTDQPQHF,NS3,Dengue virus,-1.811133020474731
VDJdb,CASSLGGTDTQYF,IE1,Cytomegalovirus (CMV),1.6766998389028098
VDJdb,CASSLGGTDYEQYF,NS3,Dengue virus,-1.2218150298625612
VDJdb,CASSLGGTDYNEQFF,NS3,Dengue virus,-2.164894552570469
VDJdb,CASSLGGTEAFF,M1,Influenza,1.781230850131964
VDJdb,CASSLGGTEAFF,NS5B,Hepatitis C virus (HCV),1.781230850131964
VDJdb,CASSLGGTGGDEQYF,IE1,Cytomegalovirus (CMV),-1.941639193044056
VDJdb,CASSLGGYEQYF,TUBB3,Mouse (Mus musculus),1.7684535943866897
VDJdb,CASSLGGYEQYF,PA,Influenza,1.7684535943866897
VDJdb,CASSLGGYTGELFF,Nucleocapsid,COVID-19 / SARS-CoV-2 / SARS-CoV,-0.5694208788499937
VDJdb,CASSLGGYTGELFF,CTAG1B,Cancer/Self antigen,-0.5694208788499937
VDJdb,CASSLGHAYEQYF,EBNA3A,EBV,1.7906814672869058
VDJdb,CASSLGINTEAFF,MLANA,Cancer/Self antigen,-0.4527302566364685
VDJdb,CASSLGKNIQYF,APOB,Human (Homo sapiens),-2.7637210410612054
VDJdb,CASSLGLAGAGELFF,M,COVID-19 / SARS-CoV-2 / SARS-CoV,0.7414042748941847
VDJdb,CASSLGLAGSSYEQYF,ebna4,EBV,-0.9889862277188604
VDJdb,CASSLGLAGVNEQFF,IE1,Cytomegalovirus (CMV),0.7890047071016426
VDJdb,CASSLGLAGYTDTQYF,IE1,Cytomegalovirus (CMV),-0.7242537628623749
VDJdb,CASSLGLASTDTQYF,BZLF1,EBV,1.9174097909637624
VDJdb,CASSLGLAVTDTQYF,PGT,Human (Homo sapiens),0.9421679538955308
VDJdb,CASSLGLGGDTQYF,EBNA3A,EBV,2.675502164372799
VDJdb,CASSLGLGLYEQYF,NS3,Dengue virus,-2.183261969103605
VDJdb,CASSLGLGQPQHF,MLANA,Cancer/Self antigen,-0.4775426227620122
VDJdb,CASSLGLGTDTQYF,IE62,VZV,0.5475370955044544
VDJdb,CASSLGLGVYEQYF,IE1,Cytomegalovirus (CMV),-1.785508950972205
VDJdb,CASSLGLNEQFF,Orf1ab,COVID-19 / SARS-CoV-2 / SARS-CoV,-1.1205930786854543
VDJdb,CASSLGLNQPQHF,PGT,Human (Homo sapiens),0.6467812168275999
VDJdb,CASSLGLPYEQYF,EBNA3A,EBV,-0.468682230215918
VDJdb,CASSLGLSGNTIYF,P3A,CoxsackievirusB,0.6398818570150366
VDJdb,CASSLGLTTDTQYF,Nucleocapsid,COVID-19 / SARS-CoV-2 / SARS-CoV,2.277480536040645
VDJdb,CASSLGLYEQYF,IE1,Cytomegalovirus (CMV),-0.3767432447983473
VDJdb,CASSLGLYGYTF,M1,Influenza,-0.2385355470665727
VDJdb,CASSLGMGQPQHF,PGT,Human (Homo sapiens),1.3853846523678222
VDJdb,CASSLGNEKLFF,PMEL,Cancer/Self antigen,-0.3620117238732918
VDJdb,CASSLGNEQYF,PA,Influenza,-1.6688675153229682
VDJdb,CASSLGNNEQFF,NS3,Dengue virus,-1.7479836436606808
VDJdb,CASSLGNQPQHF,ebna4,EBV,1.4091091144424706
VDJdb,CASSLGNTEAFF,IAPP,T1D,1.69252380570249
VDJdb,CASSLGNTGELFF,PGT,Human (Homo sapiens),1.379790364359533
VDJdb,CASSLGPAYEQYF,EBNA3A,EBV,-0.4931428775761096
VDJdb,CASSLGPDEKLFF,NS3,Dengue virus,1.8822118651801727
VDJdb,CASSLGPDNEQFF,NS3,Dengue virus,1.1030617171024106
VDJdb,CASSLGPDSPLHF,NS3,Dengue virus,1.070000950003862
VDJdb,CASSLGPDYEQYF,NS3,Dengue virus,-1.1898987193348578
VDJdb,CASSLGPEDTQYF,NS3,Dengue virus,-1.3776034768734156
VDJdb,CASSLGPEQFF,MLANA,Cancer/Self antigen,-1.3931439771232093
VDJdb,CASSLGPGDYGYTF,IE1,Cytomegalovirus (CMV),1.0647042809398273
VDJdb,CASSLGPGQPQHF,MLANA,Cancer/Self antigen,-1.4604881586080154
VDJdb,CASSLGPGSPLHF,MLANA,Cancer/Self antigen,-0.8269333170944254
VDJdb,CASSLGPNSPLHF,POL,HIV / Human immunodeficiency virus (HIV),0.5978754375199488
VDJdb,CASSLGPNTGELFF,Spike,COVID-19 / SARS-CoV-2 / SARS-CoV,0.785764409673275
VDJdb,CASSLGPSGQETQYF,M1,Influenza,1.8063966199058408
VDJdb,CASSLGPSSYEQYF,NP,Influenza,0.9478170325102012
VDJdb,CASSLGPWETQYF,Spike,COVID-19 / SARS-CoV-2 / SARS-CoV,1.848948026985596
VDJdb,CASSLGPYNEQFF,Nucleocapsid,COVID-19 / SARS-CoV-2 / SARS-CoV,0.2383307148444756
VDJdb,CASSLGQANTGELFF,PTPRN,T1D,1.5293073787863825
VDJdb,CASSLGQAYEQYF,LMP2,EBV,0.2626008104831027
VDJdb,CASSLGQAYEQYF,GFAP,Human (Homo sapiens),0.2626008104831027
VDJdb,CASSLGQAYEQYF,PGT,Human (Homo sapiens),0.2626008104831027
VDJdb,CASSLGQAYEQYF,BZLF1,EBV,0.2626008104831027
VDJdb,CASSLGQAYEQYF,Orf1ab,COVID-19 / SARS-CoV-2 / SARS-CoV,0.2626008104831027
VDJdb,CASSLGQDGYTF,PLA2G6,Human (Homo sapiens),-0.6791984868763287
VDJdb,CASSLGQDGYTF,ebna4,EBV,-0.6791984868763287
VDJdb,CASSLGQDGYTF,EBNA3A,EBV,-0.6791984868763287
VDJdb,CASSLGQDYNEQFF,IE62,VZV,1.7352880213477986
VDJdb,CASSLGQEQETQYF,PGT,Human (Homo sapiens),-1.2759286772663567
VDJdb,CASSLGQETQYF,MMP9,Human (Homo sapiens),1.3856072206945689
VDJdb,CASSLGQGAGNEQFF,SLC30A8,T1D,0.6410828097100006
VDJdb,CASSLGQGATEAFF,M1,Influenza,-0.6283861332302179
VDJdb,CASSLGQGAVYEQYF,PGT,Human (Homo sapiens),-1.4466441350948274
VDJdb,CASSLGQGAYEQYF,NS3,Dengue virus,1.4351660702072353
VDJdb,CASSLGQGGANVLTF,APOB,Human (Homo sapiens),2.7654871754540418
VDJdb,CASSLGQGGEQFF,PGT,Human (Homo sapiens),1.892188782788372
VDJdb,CASSLGQGGNEKLFF,NP,Influenza,1.034459521533272
VDJdb,CASSLGQGGSGNTIYF,PGT,Human (Homo sapiens),1.0488523993209036
VDJdb,CASSLGQGGTEAFF,IE1,Cytomegalovirus (CMV),1.0921771925766597
VDJdb,CASSLGQGGYEQYF,NS3,Dengue virus,0.6826081701162848
VDJdb,CASSLGQGPYEQYF,ebna4,EBV,0.766340746331852
VDJdb,CASSLGQGRDEQYF,PB1,Influenza,-1.8079012071717024
VDJdb,CASSLGQGSGTEAFF,BRLF1,EBV,1.7894428019685926
VDJdb,CASSLGQGSYEQYF,NS3,Dengue virus,1.1705706607162425
VDJdb,CASSLGQGTYEQYF,NS3,Dengue virus,0.4299177667255433
VDJdb,CASSLGQGVNGYTF,MLANA,Cancer/Self antigen,-0.9926957941936092
VDJdb,CASSLGQGYEQYF,NS3,Dengue virus,1.5506205771315913
VDJdb,CASSLGQGYEQYF,ADH,Human (Homo sapiens),1.5506205771315913
VDJdb,CASSLGQGYSPLHF,GFAP,Human (Homo sapiens),-0.5161647557863155
VDJdb,CASSLGQGYYNEQFF,GAD2,T1D,0.7433775130084782
VDJdb,CASSLGQKNSPLHF,M,COVID-19 / SARS-CoV-2 / SARS-CoV,-2.333749622911467
VDJdb,CASSLGQLNTEAFF,SLC30A8,T1D,1.490244703420991
VDJdb,CASSLGQPSTDTQYF,GLIADIN,TriticumAestivum,2.543345132538733
VDJdb,CASSLGQPYEQYF,SLC30A8,T1D,0.229592690847372
VDJdb,CASSLGQSYEQYF,MLANA,Cancer/Self antigen,0.9717221974093072
VDJdb,CASSLGQYTGELFF,NS3,Dengue virus,0.4970664966459764
VDJdb,CASSLGRDTEAFF,PTPRN,T1D,0.4918561604256889
VDJdb,CASSLGREQYF,Orf1ab,COVID-19 / SARS-CoV-2 / SARS-CoV,-1.5415130500830905
VDJdb,CASSLGRGRTEAFF,IE1,Cytomegalovirus (CMV),0.4883731495158729
VDJdb,CASSLGRGVETQYF,PGT,Human (Homo sapiens),-1.631985293217851
VDJdb,CASSLGRSTEAFF,SLC30A8,T1D,-0.948430784003796
VDJdb,CASSLGRTNQPQHF,M1,Influenza,1.3270992004739504
VDJdb,CASSLGRYTEAFF,IE1,Cytomegalovirus (CMV),-0.8687605418358589
VDJdb,CASSLGSAEAFF,NS3,Dengue virus,-3.4158992176991805
VDJdb,CASSLGSAEAFF,EBNA3A,EBV,-3.4158992176991805
VDJdb,CASSLGSEQYF,PGT,Human (Homo sapiens),-1.1411852569967584
VDJdb,CASSLGSEQYF,Nucleocapsid,COVID-19 / SARS-CoV-2 / SARS-CoV,-1.1411852569967584
VDJdb,CASSLGSEQYF,PA,Influenza,-1.1411852569967584
VDJdb,CASSLGSFSYEQYF,GLUTEN,Celiac disease,-1.8183680343225463
VDJdb,CASSLGSGGTDTQYF,BCL2L1,Cancer/Self antigen,2.537326372482396
VDJdb,CASSLGSGGYNEQFF,ebna4,EBV,0.7847960149394568
VDJdb,CASSLGSGSYNSPLHF,EBNA3A,EBV,-2.9269776076350653
VDJdb,CASSLGSPLHF,SLC30A8,T1D,-1.4197393534785037
VDJdb,CASSLGSYEQYF,NS3,Dengue virus,1.528709920280971
VDJdb,CASSLGSYGYTF,M1,Influenza,0.9305563386413296
VDJdb,CASSLGTANYGYTF,M1,Influenza,1.1161122170888462
VDJdb,CASSLGTDEQYF,PA,Influenza,-0.562604427648179
VDJdb,CASSLGTGATEAFF,NS3,Dengue virus,-2.0804410310560244
VDJdb,CASSLGTGAYEQYF,IE1,Cytomegalovirus (CMV),-0.3441672314074049
VDJdb,CASSLGTGDTDTQYF,M,COVID-19 / SARS-CoV-2 / SARS-CoV,-2.4472921225214663
VDJdb,CASSLGTGDTQYF,IE1,Cytomegalovirus (CMV),0.916447396987183
VDJdb,CASSLGTGGDTQYF,APOB,Human (Homo sapiens),2.1711863309867425
VDJdb,CASSLGTGGNSPLHF,NP,Influenza,0.7506254479778116
VDJdb,CASSLGTGGQPQHF,P3A,CoxsackievirusB,0.4199495258212814
VDJdb,CASSLGTGGYEQYF,NP,Influenza,0.4593831480906745
VDJdb,CASSLGTGGYEQYF,NS3,Dengue virus,0.4593831480906745
VDJdb,CASSLGTGNTIYF,M1,Influenza,0.7354085834238705
VDJdb,CASSLGTGPEAFF,MLANA,Cancer/Self antigen,-1.7026268094460986
VDJdb,CASSLGTGYGYTF,IE1,Cytomegalovirus (CMV),0.8459500694149117
VDJdb,CASSLGTLAKNIQYF,TAX,HTLV-1,-1.7057668564130473
VDJdb,CASSLGTLETQYF,Nucleocapsid,COVID-19 / SARS-CoV-2 / SARS-CoV,2.284409925882501
VDJdb,CASSLGTLNEQFF,Gag,HIV / Human immunodeficiency virus (HIV),-0.5790647316574586
VDJdb,CASSLGTREAFF,NS3,Dengue virus,-4.878164730157524
VDJdb,CASSLGTSASTDTQYF,INS,T1D,1.6818632341069533
VDJdb,CASSLGTSGGYEQFF,NP,Influenza,2.6458966699700937
VDJdb,CASSLGTSGGYEQYF,NP,Influenza,-1.5011267709586278
VDJdb,CASSLGTSGSSYEQYF,ebna4,EBV,-0.8820599701322929
VDJdb,CASSLGTSGSTDTQYF,EBNA3B,EBV,1.6192002909501813
VDJdb,CASSLGTSGSTDTQYF,IE1,Cytomegalovirus (CMV),1.6192002909501813
VDJdb,CASSLGTSGTYEQYF,RV1518,M. tuberculosis,-0.2920879621485945
VDJdb,CASSLGTSNEQFF,Nucleocapsid,COVID-19 / SARS-CoV-2 / SARS-CoV,-0.6600970641002305
VDJdb,CASSLGTSSTDTQYF,G6PC2,T1D,-1.3770450417691928
VDJdb,CASSLGTTEAFF,NS3,Dengue virus,-2.107800116124624
VDJdb,CASSLGTYEQYF,M1,Influenza,0.3606390388684979
VDJdb,CASSLGVEAFF,MLANA,Cancer/Self antigen,-2.5233785706060687
VDJdb,CASSLGVGDTQYF,N,VSV,1.2714563270878787
VDJdb,CASSLGVGYNEQFF,Nucleocapsid,COVID-19 / SARS-CoV-2 / SARS-CoV,-2.2418794692962485
VDJdb,CASSLGVLTEAFF,EBNA3A,EBV,-2.817465345378599
VDJdb,CASSLGVNTEAFF,Nucleocapsid,COVID-19 / SARS-CoV-2 / SARS-CoV,1.707891705320671
VDJdb,CASSLGVPEAFF,NS3,Dengue virus,-4.691823735267848
VDJdb,CASSLGVSGANVLTF,RV1518,M. tuberculosis,1.04146917796052
VDJdb,CASSLGVYGYTF,M1,Influenza,-0.3753217335786366
VDJdb,CASSLGWGTEAFF,IE1,Cytomegalovirus (CMV),-2.3643195404372377
VDJdb,CASSLGWTGELFF,POL,Hepatitis C virus (HCV),-0.7859577854105645
VDJdb,CASSLGYEQYF,ebna4,EBV,1.998090684332615
VDJdb,CASSLIAGELFF,PGT,Human (Homo sapiens),-1.519086093316211
VDJdb,CASSLIGDTGELFF,CTAG1B,Cancer/Self antigen,-2.856729086870446
VDJdb,CASSLIGETQYF,Spike,COVID-19 / SARS-CoV-2 / SARS-CoV,0.5188537075936334
VDJdb,CASSLIGGGNTEAFF,NS3,Dengue virus,-1.3307237733709425
VDJdb,CASSLIGGTGELFF,CTAG1B,Cancer/Self antigen,0.921972675289903
VDJdb,CASSLIGNTGELFF,CTAG1B,Cancer/Self antigen,0.7371309860626627
VDJdb,CASSLINTEAFF,Nucleocapsid,COVID-19 / SARS-CoV-2 / SARS-CoV,-0.8682440792197132
VDJdb,CASSLISGTGELFF,CTAG1B,Cancer/Self antigen,-1.1542230692511408
VDJdb,CASSLITGNTIYF,EBNA3A,EBV,2.0492833691993955
VDJdb,CASSLITYEQYF,BZLF1,EBV,-1.2771454279644447
VDJdb,CASSLLAENTGELFF,PGT,Human (Homo sapiens),-1.1043280478625968
VDJdb,CASSLLAGATDTQYF,Nucleocapsid,COVID-19 / SARS-CoV-2 / SARS-CoV,-0.7474178234690011
VDJdb,CASSLLAGDNEQFF,SLC30A8,T1D,0.4792825310703695
VDJdb,CASSLLAGEQFF,BRLF1,EBV,-1.98628792884156
VDJdb,CASSLLAGGDTQYF,GLUTEN,Celiac disease,0.7939626113858821
VDJdb,CASSLLAGGGDTQYF,EBNA3B,EBV,0.8067894655245067
VDJdb,CASSLLAGGPGETQYF,IE1,Cytomegalovirus (CMV),-1.800443949712114
VDJdb,CASSLLAGGPYNEQFF,NS3,Hepatitis C virus (HCV),1.5249057033746936
VDJdb,CASSLLAGGTDTQYF,Gag,HIV / Human immunodeficiency virus (HIV),0.4930956488112862
VDJdb,CASSLLAGNTDTQYF,BZLF1,EBV,1.0886042262946298
VDJdb,CASSLLAGPNTGELFF,Orf1ab,COVID-19 / SARS-CoV-2 / SARS-CoV,1.075247462600748
VDJdb,CASSLLAGPYEQYF,PGT,Human (Homo sapiens),0.6549228415357075
VDJdb,CASSLLAGQETQYF,WT1,Cancer/Self antigen,0.8259220794194245
VDJdb,CASSLLAGSYEQYF,IE1,Cytomegalovirus (CMV),-1.0276884204563743
VDJdb,CASSLLAGVEQYF,M1,Influenza,2.9117993783840013
VDJdb,CASSLLASTDTQYF,GFAP,Human (Homo sapiens),-1.24038961521526
VDJdb,CASSLLATDTQYF,BZLF1,EBV,0.6054550517141302
VDJdb,CASSLLGAEAFF,IE1,Cytomegalovirus (CMV),-1.5399372357891874
VDJdb,CASSLLGAGTGELFF,BZLF1,EBV,4.409318897372199
VDJdb,CASSLLGATGELFF,CTAG1B,Cancer/Self antigen,1.9275280257989704
VDJdb,CASSLLGDSYEQYF,M45,Cytomegalovirus (CMV),1.0109209328101136
VDJdb,CASSLLGDTGELFF,CTAG1B,Cancer/Self antigen,-2.4351633791430083
VDJdb,CASSLLGDYEQYF,M45,Cytomegalovirus (CMV),-1.1045448772476694
VDJdb,CASSLLGEQYF,MLANA,Cancer/Self antigen,-0.6967240553079298
VDJdb,CASSLLGGAGELFF,CTAG1B,Cancer/Self antigen,-1.2922743981903282
VDJdb,CASSLLGGDTEAFF,EBNA3A,EBV,1.0917581474510234
VDJdb,CASSLLGGGNTIYF,BZLF1,EBV,0.7940280857322286
VDJdb,CASSLLGGSGELFF,CTAG1B,Cancer/Self antigen,-2.542838088125712
VDJdb,CASSLLGGTGELFF,CTAG1B,Cancer/Self antigen,-0.9976456550326632
VDJdb,CASSLLGNTGELFF,CTAG1B,Cancer/Self antigen,1.0417315285970905
VDJdb,CASSLLGQLNTEAFF,BZLF1,EBV,0.8406296849024815
VDJdb,CASSLLGQNTGELFF,ebna4,EBV,1.220675726506142
VDJdb,CASSLLGRTGELFF,CTAG1B,Cancer/Self antigen,3.01115674278636
VDJdb,CASSLLGSSGNTIYF,BZLF1,EBV,-0.8595500207683862
VDJdb,CASSLLGSSYEQYF,NS3,Hepatitis C virus (HCV),-0.5617222022041038
VDJdb,CASSLLGSSYEQYF,G6PC2,T1D,-0.5617222022041038
VDJdb,CASSLLGSTGELFF,GFAP,Human (Homo sapiens),-1.060151260532463
VDJdb,CASSLLGSTGELFF,CTAG1B,Cancer/Self antigen,-1.060151260532463
VDJdb,CASSLLGSYNEQFF,CORE,Hepatitis C virus (HCV),-0.6676778058902127
VDJdb,CASSLLGVEQFF,GAD2,T1D,-1.0593041980938316
VDJdb,CASSLLGVSYEQYF,PB1,Influenza,-4.734030375647599
VDJdb,CASSLLGVTGELFF,CTAG1B,Cancer/Self antigen,2.7626174992621872
VDJdb,CASSLLGYNEQFF,BZLF1,EBV,-0.5486948637642078
VDJdb,CASSLLGYTGELFF,CTAG1B,Cancer/Self antigen,1.8258791378014343
VDJdb,CASSLLLNTEAFF,LMP2,EBV,0.4414184677503259
VDJdb,CASSLLNEQFF,MLANA,Cancer/Self antigen,0.3264074699659424
VDJdb,CASSLLQGDSPLHF,Spike,COVID-19 / SARS-CoV-2 / SARS-CoV,-2.245484288128618
VDJdb,CASSLLQGTEAFF,PMEL,Cancer/Self antigen,-1.361650115728748
VDJdb,CASSLLQYNEQFF,Orf1ab,COVID-19 / SARS-CoV-2 / SARS-CoV,2.622562021393411
VDJdb,CASSLLRGTDTQYF,NP,Influenza,-1.151381191844093
VDJdb,CASSLLSGANVLTF,NS5B,Hepatitis C virus (HCV),-0.2278440216112887
VDJdb,CASSLLSGGNTGELFF,CTAG1B,Cancer/Self antigen,1.8444603156880093
VDJdb,CASSLLSGTGELFF,CTAG1B,Cancer/Self antigen,1.1585918021935764
VDJdb,CASSLLSSYNSPLHF,BZLF1,EBV,-0.9131382534537886
VDJdb,CASSLLTGNQPQHF,G6PC2,T1D,-1.135647895269596
VDJdb,CASSLLTSGANVLTF,BMLF1,EBV,-3.0549653023543843
VDJdb,CASSLLYEQYF,MLANA,Cancer/Self antigen,0.6773457856363292
VDJdb,CASSLMAGGTDTQYF,LMP1,EBV,-1.9368978236246035
VDJdb,CASSLMAGSYEQYF,M1,Influenza,-1.6298822389267822
VDJdb,CASSLMGDTGELFF,CTAG1B,Cancer/Self antigen,-1.4573435911734665
VDJdb,CASSLMGGTGELFF,CTAG1B,Cancer/Self antigen,1.4479152127287938
VDJdb,CASSLMGNQPQHF,M1,Influenza,0.6298056420163173
VDJdb,CASSLMGQQETQYF,IE1,Cytomegalovirus (CMV),3.6575527021418575
VDJdb,CASSLMRDTEAFF,IE62,VZV,1.0273204956579396
VDJdb,CASSLNEQFF,PGT,Human (Homo sapiens),-2.264730215411622
VDJdb,CASSLNGGSNQPQHF,RV1518,M. tuberculosis,-1.1398917664695172
VDJdb,CASSLNGGTGELFF,CTAG1B,Cancer/Self antigen,1.873396144875596
VDJdb,CASSLNGNQPQHF,SLC30A8,T1D,0.2904506917392051
VDJdb,CASSLNGNTGELFF,CTAG1B,Cancer/Self antigen,-0.7213789394748643
VDJdb,CASSLNGQETQYF,M1,Influenza,3.0504630357937605
VDJdb,CASSLNGYEQYF,TUBB3,Mouse (Mus musculus),0.4002394801491421
VDJdb,CASSLNLNEQFF,IE1,Cytomegalovirus (CMV),-1.6357167743633352
VDJdb,CASSLNRNQPQHF,INS,T1D,0.6469389293955666
VDJdb,CASSLNRVNTEAFF,PGT,Human (Homo sapiens),0.854654385966457
VDJdb,CASSLNTEAFF,EBNA3B,EBV,1.7570236521875155
VDJdb,CASSLNTEAFF,M1,Influenza,1.7570236521875155
VDJdb,CASSLPDYEQYF,SLC30A8,T1D,-5.388142667978805
VDJdb,CASSLPGLNYGYTF,BRLF1,EBV,0.6216178545356074
VDJdb,CASSLPGNQPQHF,IE1,Cytomegalovirus (CMV),-1.1458857967702234
VDJdb,CASSLPGNQPQHF,EBNA3A,EBV,-1.1458857967702234
VDJdb,CASSLPGNTGELFF,CTAG1B,Cancer/Self antigen,0.4643221337838627
VDJdb,CASSLPGPYGYTF,IE1,Cytomegalovirus (CMV),-1.5548291465298618
VDJdb,CASSLPGQDYGYTF,EBNA3A,EBV,-2.1209494595676803
VDJdb,CASSLPNEQFF,G6PC2,T1D,-1.1631570460973446
VDJdb,CASSLPPTEAFF,IE1,Cytomegalovirus (CMV),-1.4223632202895846
VDJdb,CASSLPTDTQYF,EBNA3A,EBV,-0.4183666399815243
VDJdb,CASSLPTGETQYF,Orf1ab,COVID-19 / SARS-CoV-2 / SARS-CoV,-1.2053924417076476
VDJdb,CASSLQAANYGYTF,BRLF1,EBV,1.9218536693026709
VDJdb,CASSLQDSSYEQYF,BZLF1,EBV,1.7843784334837194
VDJdb,CASSLQGANEKLFF,M1,Influenza,0.8293084552980289
VDJdb,CASSLQGGEKLFF,PGT,Human (Homo sapiens),0.8260846641375933
VDJdb,CASSLQGGEQYF,M45,Cytomegalovirus (CMV),0.7168495239104807
VDJdb,CASSLQGGNEKLFF,IE1,Cytomegalovirus (CMV),2.4724679212893848
VDJdb,CASSLQGGNGYTF,Spike,COVID-19 / SARS-CoV-2 / SARS-CoV,-1.0445170290761268
VDJdb,CASSLQGGNIQYF,LMP2,EBV,1.0002493276383797
VDJdb,CASSLQGGTGELFF,CTAG1B,Cancer/Self antigen,1.687428147980202
VDJdb,CASSLQGGTYEQYF,Nucleocapsid,COVID-19 / SARS-CoV-2 / SARS-CoV,-0.9615519752687568
VDJdb,CASSLQGIGNTIYF,MLANA,Cancer/Self antigen,1.066202670291975
VDJdb,CASSLQGITEAFF,GAD2,T1D,0.6846063253113048
VDJdb,CASSLQGKETQYF,NS4B,Hepatitis C virus (HCV),1.1540533083577291
VDJdb,CASSLQGLTGELFF,CTAG1B,Cancer/Self antigen,1.6416341194713149
VDJdb,CASSLQGNYEQYF,Nucleocapsid,COVID-19 / SARS-CoV-2 / SARS-CoV,0.9385609612068364
VDJdb,CASSLQGPSTDTQYF,APOB,Human (Homo sapiens),1.4547272075965076
VDJdb,CASSLQGRYEQYF,P3A,CoxsackievirusB,0.967882054153948
VDJdb,CASSLQGSEQYF,TUBB3,Mouse (Mus musculus),0.7583939557342206
VDJdb,CASSLQGSTGELFF,CTAG1B,Cancer/Self antigen,1.439452744899942
VDJdb,CASSLQGTGANVLTF,ebna4,EBV,2.551616261821724
VDJdb,CASSLQGVSYEQYF,Orf1ab,COVID-19 / SARS-CoV-2 / SARS-CoV,-1.237309983549321
VDJdb,CASSLQGYEQYF,TUBB3,Mouse (Mus musculus),1.5829233980872626
VDJdb,CASSLQNQETQYF,Nucleocapsid,COVID-19 / SARS-CoV-2 / SARS-CoV,-0.91222676225652
VDJdb,CASSLQNTEAFF,M1,Influenza,0.5817903752591461
VDJdb,CASSLQSGTEAFF,SLC30A8,T1D,1.1146585937601552
VDJdb,CASSLQSSYEQYF,M1,Influenza,0.9159658961205456
VDJdb,CASSLRAGLNTEAFF,IE1,Cytomegalovirus (CMV),0.8052617060453695
VDJdb,CASSLRANEQFF,GAD2,T1D,-1.5523556184135567
VDJdb,CASSLRASYEQYF,M1,Influenza,-2.314697140679584
VDJdb,CASSLRATDTQYF,GLUTEN,Celiac disease,1.1670315493748835
VDJdb,CASSLRDDYGYTF,RV1518,M. tuberculosis,3.3301535161051348
VDJdb,CASSLRDEQFF,INS,T1D,0.4378453610583239
VDJdb,CASSLRDEQYF,NP,Influenza,0.6909105113199311
VDJdb,CASSLRFTDTQYF,GLUTEN,Celiac disease,0.9704618877414533
VDJdb,CASSLRGADGYTF,Spike,COVID-19 / SARS-CoV-2 / SARS-CoV,1.2292176596702
VDJdb,CASSLRGAGGYTF,Spike,COVID-19 / SARS-CoV-2 / SARS-CoV,0.5870393804084131
VDJdb,CASSLRGAHGYTF,Spike,COVID-19 / SARS-CoV-2 / SARS-CoV,1.513215856774961
VDJdb,CASSLRGALGYTF,Spike,COVID-19 / SARS-CoV-2 / SARS-CoV,1.2717326676078078
VDJdb,CASSLRGAYEQYF,IE1,Cytomegalovirus (CMV),-1.1793089156867091
VDJdb,CASSLRGDTQYF,Spike,COVID-19 / SARS-CoV-2 / SARS-CoV,0.6726445496127583
VDJdb,CASSLRGDYGYTF,Spike,COVID-19 / SARS-CoV-2 / SARS-CoV,0.5522096330068751
VDJdb,CASSLRGGATNEKLFF,TAT,SIV,-1.6498843870122153
VDJdb,CASSLRGGDGYTF,Spike,COVID-19 / SARS-CoV-2 / SARS-CoV,-1.6907485182741206
VDJdb,CASSLRGGNTEAFF,BZLF1,EBV,0.3228504237867344
VDJdb,CASSLRGGPDTQYF,Orf1ab,COVID-19 / SARS-CoV-2 / SARS-CoV,1.3048640755048075
VDJdb,CASSLRGGQETQYF,BZLF1,EBV,0.4744860965971538
VDJdb,CASSLRGGQPQHF,EBNA3A,EBV,-0.3386564682255741
VDJdb,CASSLRGGRETQYF,IE1,Cytomegalovirus (CMV),0.8915666045416057
VDJdb,CASSLRGGSGELFF,CTAG1B,Cancer/Self antigen,2.466330124684514
VDJdb,CASSLRGLGQPQHF,MLANA,Cancer/Self antigen,-1.3940495253957654
VDJdb,CASSLRGLNSPLHF,GAD2,T1D,-1.513551135290561
VDJdb,CASSLRGRDTQYF,G6PC2,T1D,-0.7249425768505343
VDJdb,CASSLRGRGEKLFF,IE1,Cytomegalovirus (CMV),-0.7428391289098651
VDJdb,CASSLRGSGGYTF,Spike,COVID-19 / SARS-CoV-2 / SARS-CoV,-1.1018931336651765
VDJdb,CASSLRGSGYTF,ebna4,EBV,-0.804132962921742
VDJdb,CASSLRGSSYNEQFF,IE1,Cytomegalovirus (CMV),0.5099843299920579
VDJdb,CASSLRGSYNEQFF,Orf1ab,COVID-19 / SARS-CoV-2 / SARS-CoV,0.6930442083257957
VDJdb,CASSLRGYEQYF,TUBB3,Mouse (Mus musculus),0.8088405601113432
VDJdb,CASSLRHSNQPQHF,Orf1ab,COVID-19 / SARS-CoV-2 / SARS-CoV,-1.0969169101410703
VDJdb,CASSLRHTDTQYF,GLUTEN,Celiac disease,1.8534286259823007
VDJdb,CASSLRLSYEQYF,BZLF1,EBV,-2.264765671320728
VDJdb,CASSLRNMNTEAFF,TAT,SIV,-1.1063136467714805
VDJdb,CASSLRNNYGYTF,SLC30A8,T1D,-1.6365859792507442
VDJdb,CASSLRQAYEQYF,EBNA3A,EBV,-1.0878331083667132
VDJdb,CASSLRQGADTQYF,Orf1ab,COVID-19 / SARS-CoV-2 / SARS-CoV,1.5542959469184143
VDJdb,CASSLRQGGQETQYF,GAD2,T1D,2.812778135061522
VDJdb,CASSLRRTDTQYF,ebna4,EBV,0.9881555142684526
VDJdb,CASSLRRTDTQYF,IE1,Cytomegalovirus (CMV),0.9881555142684526
VDJdb,CASSLRSGDTQYF,GLIADIN,TriticumAestivum,1.6373293408934853
VDJdb,CASSLRSTDTQYF,GLUTEN,Celiac disease,0.8164272411447044
VDJdb,CASSLRTDSYEQYF,Orf1ab,COVID-19 / SARS-CoV-2 / SARS-CoV,-1.0691499413692989
VDJdb,CASSLRTGGETQYF,APOB,Human (Homo sapiens),1.997988249536608
VDJdb,CASSLRTGNTEAFF,NP,Influenza,0.8295519757364588
VDJdb,CASSLRTLQETQYF,ebna4,EBV,0.9855598036078796
VDJdb,CASSLRTTDTQYF,GLUTEN,Celiac disease,0.6268072798210981
VDJdb,CASSLRVEETQYF,GFAP,Human (Homo sapiens),-1.2734025474760138
VDJdb,CASSLRVSSYNEQFF,RV1518,M. tuberculosis,-1.4631663085296007
VDJdb,CASSLRYTDTQYF,GLUTEN,Celiac disease,-3.0753189557648466
VDJdb,CASSLSADYEQYF,IE1,Cytomegalovirus (CMV),-6.2184993207091175
VDJdb,CASSLSAEAFF,PGT,Human (Homo sapiens),-3.283892397908674
VDJdb,CASSLSAGGGTEAFF,NS3,Dengue virus,-1.7442473969159056
VDJdb,CASSLSAGGYNEQFF,ebna4,EBV,-0.6188430612355369
VDJdb,CASSLSDSYEQYF,Orf1ab,COVID-19 / SARS-CoV-2 / SARS-CoV,-2.4319650987325674
VDJdb,CASSLSDTQYF,MLANA,Cancer/Self antigen,0.6685010364518841
VDJdb,CASSLSGAAGELFF,CTAG1B,Cancer/Self antigen,1.4360001656607322
VDJdb,CASSLSGAGEQYF,GAD2,T1D,-0.7562649481574726
VDJdb,CASSLSGATGELFF,CTAG1B,Cancer/Self antigen,-2.3298050314983136
VDJdb,CASSLSGAYEQYF,IE1,Cytomegalovirus (CMV),-0.5851792422324588
VDJdb,CASSLSGDTGELFF,CTAG1B,Cancer/Self antigen,0.7412992651692426
VDJdb,CASSLSGFEQYF,PA,Influenza,-1.3348595237124674
VDJdb,CASSLSGFTGELFF,CTAG1B,Cancer/Self antigen,4.443160086326529
VDJdb,CASSLSGGAGELFF,CTAG1B,Cancer/Self antigen,-1.3695289300727458
VDJdb,CASSLSGGGYNEQFF,IE1,Cytomegalovirus (CMV),1.052981002726943
VDJdb,CASSLSGGNEKLFF,M,COVID-19 / SARS-CoV-2 / SARS-CoV,1.8950871272471068
VDJdb,CASSLSGGPGELFF,CTAG1B,Cancer/Self antigen,-1.3581514419360716
VDJdb,CASSLSGGRGDTQYF,IE1,Cytomegalovirus (CMV),1.6415398776506316
VDJdb,CASSLSGGSGELFF,CTAG1B,Cancer/Self antigen,4.015095124211214
VDJdb,CASSLSGGTGELFF,CTAG1B,Cancer/Self antigen,0.8438304539202587
VDJdb,CASSLSGLGETQYF,Orf1ab,COVID-19 / SARS-CoV-2 / SARS-CoV,1.805205547388236
VDJdb,CASSLSGLNTGELFF,MLANA,Cancer/Self antigen,2.711366304618505
VDJdb,CASSLSGLTGELFF,CTAG1B,Cancer/Self antigen,1.4622090182742284
VDJdb,CASSLSGNEQFF,MLANA,Cancer/Self antigen,-0.4668954500737661
VDJdb,CASSLSGNSNQPQHF,Nucleocapsid,COVID-19 / SARS-CoV-2 / SARS-CoV,0.4557719632911288
VDJdb,CASSLSGNTEAFF,IE1,Cytomegalovirus (CMV),1.1240306198838426
VDJdb,CASSLSGNTGELFF,CTAG1B,Cancer/Self antigen,1.59466008376728
VDJdb,CASSLSGPNTGELFF,GLUTEN,Celiac disease,2.600792534692402
VDJdb,CASSLSGQPQHF,NP,Influenza,-0.1712503638257548
VDJdb,CASSLSGQPQHF,ebna4,EBV,-0.1712503638257548
VDJdb,CASSLSGRTGELFF,CTAG1B,Cancer/Self antigen,1.0147496583421196
VDJdb,CASSLSGSPLHF,Nucleocapsid,COVID-19 / SARS-CoV-2 / SARS-CoV,-0.8543064583709863
VDJdb,CASSLSGSTGELFF,CTAG1B,Cancer/Self antigen,1.3822024140504712
VDJdb,CASSLSGTDTQYF,NS3,Dengue virus,0.9358908542782894
VDJdb,CASSLSGTTGELFF,CTAG1B,Cancer/Self antigen,-1.820427929676626
VDJdb,CASSLSGYEQYF,EBNA3A,EBV,1.1487240281262403
VDJdb,CASSLSGYEQYF,PA,Influenza,1.1487240281262403
VDJdb,CASSLSGYNEQFF,Orf1ab,COVID-19 / SARS-CoV-2 / SARS-CoV,-0.6868584517713107
VDJdb,CASSLSGYTGELFF,CTAG1B,Cancer/Self antigen,-2.1681922454992706
VDJdb,CASSLSLAGELFF,MLANA,Cancer/Self antigen,-1.534461459042289
VDJdb,CASSLSLAGGYEQYF,RV1518,M. tuberculosis,-1.5953623341628136
VDJdb,CASSLSLGGTEAFF,MLANA,Cancer/Self antigen,-3.932706081140399
VDJdb,CASSLSLNQPQHF,GAD2,T1D,-0.886502393423984
VDJdb,CASSLSNQPQHF,PTPRN,T1D,1.126944862733727
VDJdb,CASSLSPGGGTEAFF,MLANA,Cancer/Self antigen,-4.520831391184766
VDJdb,CASSLSPGGSYEQYF,EBNA3B,EBV,-1.3607802525511694
VDJdb,CASSLSPSGSYEQYF,IE1,Cytomegalovirus (CMV),-1.1052983536028305
VDJdb,CASSLSQGGNEQFF,MLANA,Cancer/Self antigen,2.432192026041365
VDJdb,CASSLSQNTEAFF,PGT,Human (Homo sapiens),0.3770938901846896
VDJdb,CASSLSRASTDTQYF,IE1,Cytomegalovirus (CMV),1.1604336307385152
VDJdb,CASSLSRAYEQYF,EBNA3A,EBV,-2.4410393139549376
VDJdb,CASSLSRGTYEQYF,POL,HIV / Human immunodeficiency virus (HIV),-2.1027292359534564
VDJdb,CASSLSRSSYNSPLHF,INS,T1D,-0.8493808965004557
VDJdb,CASSLSRSTGELFF,CTAG1B,Cancer/Self antigen,1.6705590500278484
VDJdb,CASSLSSGGATDTQYF,BZLF1,EBV,-1.3460936025269494
VDJdb,CASSLSSGGGYTF,NS3,Hepatitis C virus (HCV),-2.096663727443365
VDJdb,CASSLSSGQPQHF,PA,Influenza,-4.330835408453554
VDJdb,CASSLSSGTDTQYF,Orf1ab,COVID-19 / SARS-CoV-2 / SARS-CoV,1.0804495818523012
VDJdb,CASSLSSGTYEQYF,M1,Influenza,-1.0067244024440307
VDJdb,CASSLSSGTYEQYF,BMLF1,EBV,-1.0067244024440307
VDJdb,CASSLSSGTYEQYF,ebna4,EBV,-1.0067244024440307
VDJdb,CASSLSSNEKLFF,GAD2,T1D,-3.7984326701027498
VDJdb,CASSLSSPQETQYF,Orf1ab,COVID-19 / SARS-CoV-2 / SARS-CoV,3.441130661283
VDJdb,CASSLSSYNEQFF,NS3,Hepatitis C virus (HCV),0.3133328277866052
VDJdb,CASSLSTDSYEQYF,Orf1ab,COVID-19 / SARS-CoV-2 / SARS-CoV,-2.4537483494888668
VDJdb,CASSLSTDTQYF,EBNA3A,EBV,1.819337539501404
VDJdb,CASSLSTGQETQYF,NP,Influenza,1.8312524439972009
VDJdb,CASSLSVNYGYTF,GAD2,T1D,-1.29820199990275
VDJdb,CASSLSWNQPQHF,MLANA,Cancer/Self antigen,-1.1319559160612394
VDJdb,CASSLTAAYEQYF,M,COVID-19 / SARS-CoV-2 / SARS-CoV,-1.4930145554004408
VDJdb,CASSLTDEQYF,PA,Influenza,-1.1058894998106674
VDJdb,CASSLTDRGTEAFF,Spike,COVID-19 / SARS-CoV-2 / SARS-CoV,-0.7190217426995089
VDJdb,CASSLTDSTDTQYF,Orf1ab,COVID-19 / SARS-CoV-2 / SARS-CoV,-1.4178602957356623
VDJdb,CASSLTDSYEQYF,PB1,Influenza,-1.913495534991978
VDJdb,CASSLTDTQYF,EBNA3B,EBV,1.763520970449541
VDJdb,CASSLTESSGNTIYF,BZLF1,EBV,-2.600676189934134
VDJdb,CASSLTESYEQYF,MLANA,Cancer/Self antigen,-2.780942783945969
VDJdb,CASSLTGAAGELFF,CTAG1B,Cancer/Self antigen,2.53567550542241
VDJdb,CASSLTGAGNQPQHF,BZLF1,EBV,-0.8345443839297325
VDJdb,CASSLTGAGYEQYF,M1,Influenza,-1.898033506379652
VDJdb,CASSLTGATGELFF,CTAG1B,Cancer/Self antigen,-1.2089638597718144
VDJdb,CASSLTGAYEQYF,IE1,Cytomegalovirus (CMV),-0.4898729694915404
VDJdb,CASSLTGEAGELFF,CTAG1B,Cancer/Self antigen,-3.471157036000351
VDJdb,CASSLTGELFF,GP160,HIV / Human immunodeficiency virus (HIV),1.198657525071391
VDJdb,CASSLTGEQYF,PA,Influenza,-0.7129539406236544
VDJdb,CASSLTGETGELFF,CTAG1B,Cancer/Self antigen,1.7788121192557216
VDJdb,CASSLTGFTDTQYF,CORE,Hepatitis C virus (HCV),0.8034473905978217
VDJdb,CASSLTGGADTEAFF,PGT,Human (Homo sapiens),-1.996416182867768
VDJdb,CASSLTGGAEAFF,MLANA,Cancer/Self antigen,-0.9123543258761968
VDJdb,CASSLTGGAYEQYF,DEF8,Mouse (Mus musculus),-1.2946124098071148
VDJdb,CASSLTGGDTQYF,TAX,HTLV-1,0.6932891414801391
VDJdb,CASSLTGGGGELFF,CTAG1B,Cancer/Self antigen,1.6329907210570167
VDJdb,CASSLTGGGGYTF,IE1,Cytomegalovirus (CMV),-1.11875687446028
VDJdb,CASSLTGGHGYTF,Spike,COVID-19 / SARS-CoV-2 / SARS-CoV,0.7562584925413518
VDJdb,CASSLTGGKGYTF,Spike,COVID-19 / SARS-CoV-2 / SARS-CoV,-2.5865669816834647
VDJdb,CASSLTGGPYEQYF,DEF8,Mouse (Mus musculus),0.740227858200219
VDJdb,CASSLTGGRYEQYF,DEF8,Mouse (Mus musculus),-0.7861584590899366
VDJdb,CASSLTGGSGELFF,CTAG1B,Cancer/Self antigen,1.2192722518253367
VDJdb,CASSLTGGSYEQYF,DEF8,Mouse (Mus musculus),0.9907635726928408
VDJdb,CASSLTGGSYGYTF,Spike,COVID-19 / SARS-CoV-2 / SARS-CoV,1.4549366148568736
VDJdb,CASSLTGGTEAFF,M1,Influenza,1.7008796444891052
VDJdb,CASSLTGGTGELFF,CTAG1B,Cancer/Self antigen,1.43534462528461
VDJdb,CASSLTGGVYEQYF,DEF8,Mouse (Mus musculus),-1.049761626704638
VDJdb,CASSLTGLTGELFF,CTAG1B,Cancer/Self antigen,0.7101787535045966
VDJdb,CASSLTGNSPLHF,BRLF1,EBV,-0.3788683361370671
VDJdb,CASSLTGNTGELFF,CTAG1B,Cancer/Self antigen,1.1845263124770624
VDJdb,CASSLTGPDTQYF,NP,Influenza,1.1208637369111032
VDJdb,CASSLTGQGAYGYTF,EBNA3B,EBV,-1.868676389172528
VDJdb,CASSLTGRDTQYF,M139,Cytomegalovirus (CMV),-1.2333466999094118
VDJdb,CASSLTGRTGELFF,CTAG1B,Cancer/Self antigen,1.7463121672544992
VDJdb,CASSLTGSGYTF,MLANA,Cancer/Self antigen,0.6159390065224765
VDJdb,CASSLTGSNQPQHF,APOB,Human (Homo sapiens),0.661686841576928
VDJdb,CASSLTGSTGELFF,CTAG1B,Cancer/Self antigen,2.1010809505137025
VDJdb,CASSLTGTGNEQYF,PGT,Human (Homo sapiens),0.9589270864563664
VDJdb,CASSLTGTSNQPQHF,Orf1ab,COVID-19 / SARS-CoV-2 / SARS-CoV,-0.6748726858609319
VDJdb,CASSLTGTSYNEQFF,EBNA3B,EBV,1.8355098018469511
VDJdb,CASSLTGVAGELFF,CTAG1B,Cancer/Self antigen,1.8058912527662176
VDJdb,CASSLTGVTGELFF,CTAG1B,Cancer/Self antigen,2.279624343623239
VDJdb,CASSLTGVYEQYF,IE1,Cytomegalovirus (CMV),-0.4411153715054248
VDJdb,CASSLTGYTGELFF,CTAG1B,Cancer/Self antigen,0.8893568759069034
VDJdb,CASSLTLNTEAFF,ebna4,EBV,0.4893505154156775
VDJdb,CASSLTPTNEKLFF,GAG,SIV,-1.4574097603075469
VDJdb,CASSLTQGLNTEAFF,Orf1ab,COVID-19 / SARS-CoV-2 / SARS-CoV,-5.546091579577288
VDJdb,CASSLTRTDTQYF,ebna4,EBV,-1.144132536951875
VDJdb,CASSLTSATGELFF,EBNA3B,EBV,2.5973130895460166
VDJdb,CASSLTSAYEQYF,Orf1ab,COVID-19 / SARS-CoV-2 / SARS-CoV,-0.9783911221403766
VDJdb,CASSLTSGGLNEQFF,M1,Influenza,-1.2581068373122588
VDJdb,CASSLTSGNTEAFF,IE1,Cytomegalovirus (CMV),0.7297567842833595
VDJdb,CASSLTSGNYNEQFF,GP160,HIV / Human immunodeficiency virus (HIV),-1.3187866717831582
VDJdb,CASSLTSGPYNEQFF,IE1,Cytomegalovirus (CMV),1.8316063753768548
VDJdb,CASSLTSGSPDTQYF,pp65,Cytomegalovirus (CMV),1.5529475126834726
VDJdb,CASSLTSGSTDTQYF,NS3,Dengue virus,0.320186161885079
VDJdb,CASSLTSVSTDTQYF,MLANA,Cancer/Self antigen,3.2959157621430526
VDJdb,CASSLTSVYNEQFF,ebna4,EBV,2.322272175608078
VDJdb,CASSLTVTDTQYF,GLUTEN,Celiac disease,-0.8240174660919751
VDJdb,CASSLVAGGPGETQYF,BRLF1,EBV,2.096254311851669
VDJdb,CASSLVAGGSDTQYF,Spike,COVID-19 / SARS-CoV-2 / SARS-CoV,2.485680358190617
VDJdb,CASSLVAGGTEAFF,RV1518,M. tuberculosis,1.0959048317861009
VDJdb,CASSLVAGSYNEQFF,IE1,Cytomegalovirus (CMV),0.682380393607886
VDJdb,CASSLVDYEQYF,IE1,Cytomegalovirus (CMV),-1.1928541536928985
VDJdb,CASSLVEDTQYF,Nucleocapsid,COVID-19 / SARS-CoV-2 / SARS-CoV,1.0161590085124472
VDJdb,CASSLVGAGEQYF,GFAP,Human (Homo sapiens),-0.8965670092327453
VDJdb,CASSLVGATGELFF,CTAG1B,Cancer/Self antigen,1.4284741046154448
VDJdb,CASSLVGDTDTQYF,G6PC2,T1D,-1.6167037604964452
VDJdb,CASSLVGDTGELFF,CTAG1B,Cancer/Self antigen,0.4828809535817884
VDJdb,CASSLVGDTYEQYF,M1,Influenza,-2.04320741793418
VDJdb,CASSLVGDYEQYF,M45,Cytomegalovirus (CMV),-1.3475163402988848
VDJdb,CASSLVGELFF,SLC30A8,T1D,-0.4921382860751719
VDJdb,CASSLVGETGELFF,CTAG1B,Cancer/Self antigen,1.856247506948644
VDJdb,CASSLVGFTGELFF,CTAG1B,Cancer/Self antigen,2.711203343255276
VDJdb,CASSLVGGAGELFF,CTAG1B,Cancer/Self antigen,-0.854787595369949
VDJdb,CASSLVGGAGEQYF,Orf1ab,COVID-19 / SARS-CoV-2 / SARS-CoV,1.4481378968964145
VDJdb,CASSLVGGEAFF,NP,Influenza,-1.4254432694884027
VDJdb,CASSLVGGGDEQYF,IE1,Cytomegalovirus (CMV),2.048936776258842
VDJdb,CASSLVGGHQPQHF,Nucleocapsid,COVID-19 / SARS-CoV-2 / SARS-CoV,-4.692409043669604
VDJdb,CASSLVGGNEQFF,ebna4,EBV,0.6104315753006502
VDJdb,CASSLVGGNEQFF,BZLF1,EBV,0.6104315753006502
VDJdb,CASSLVGGNNSPLHF,BZLF1,EBV,1.9044082509579443
VDJdb,CASSLVGGPGELFF,CTAG1B,Cancer/Self antigen,0.9290202370006192
VDJdb,CASSLVGGRNSPLHF,BZLF1,EBV,1.6243530885915711
VDJdb,CASSLVGGSGELFF,CTAG1B,Cancer/Self antigen,1.4230846739162062
VDJdb,CASSLVGGSYEQYF,IE1,Cytomegalovirus (CMV),0.269095556559541
VDJdb,CASSLVGGTEAFF,NP,Influenza,1.0641314337804817
VDJdb,CASSLVGGTGELFF,CTAG1B,Cancer/Self antigen,1.4475676572523517
VDJdb,CASSLVGHTGELFF,CTAG1B,Cancer/Self antigen,2.285616527009493
VDJdb,CASSLVGIGNTIYF,BZLF1,EBV,-1.2207795676364794
VDJdb,CASSLVGITGELFF,CTAG1B,Cancer/Self antigen,-2.0956327700128607
VDJdb,CASSLVGKNTEAFF,SLC30A8,T1D,-1.0447239609408432
VDJdb,CASSLVGLTGELFF,CTAG1B,Cancer/Self antigen,2.612577314298557
VDJdb,CASSLVGNEQFF,Nucleocapsid,COVID-19 / SARS-CoV-2 / SARS-CoV,0.6687928688488107
VDJdb,CASSLVGNTGELFF,CTAG1B,Cancer/Self antigen,0.5028074058715625
VDJdb,CASSLVGPTGELFF,CTAG1B,Cancer/Self antigen,2.5034745417175257
VDJdb,CASSLVGQNTGELFF,PTPRN,T1D,1.9715132865530465
VDJdb,CASSLVGQSNEKLFF,IE1,Cytomegalovirus (CMV),1.77073651709351
VDJdb,CASSLVGRTGELFF,CTAG1B,Cancer/Self antigen,-0.8909493528026542
VDJdb,CASSLVGSTGELFF,CTAG1B,Cancer/Self antigen,0.4573900597117641
VDJdb,CASSLVGTDTQYF,PGT,Human (Homo sapiens),0.9936817921614254
VDJdb,CASSLVGTDYGYTF,IE1,Cytomegalovirus (CMV),-4.161688633411718
VDJdb,CASSLVGTTGELFF,CTAG1B,Cancer/Self antigen,3.50040761577478
VDJdb,CASSLVGVNTGELFF,MLANA,Cancer/Self antigen,0.9082228246340236
VDJdb,CASSLVGVTGELFF,CTAG1B,Cancer/Self antigen,1.173527131328203
VDJdb,CASSLVGWETQYF,GLIADIN,TriticumAestivum,0.7071542260785459
VDJdb,CASSLVGYTGELFF,CTAG1B,Cancer/Self antigen,1.3676932221125462
VDJdb,CASSLVLGNEQFF,IE1,Cytomegalovirus (CMV),1.7873518475186094
VDJdb,CASSLVLYNEQFF,IE1,Cytomegalovirus (CMV),-2.1743937511709786
VDJdb,CASSLVQGLNTEAFF,IE1,Cytomegalovirus (CMV),-0.696064038699928
VDJdb,CASSLVQGSYEQYF,Nucleocapsid,COVID-19 / SARS-CoV-2 / SARS-CoV,-0.8684630493816455
VDJdb,CASSLVQGYEQYF,BZLF1,EBV,1.612151249882156
VDJdb,CASSLVQVNTGELFF,NS3,Hepatitis C virus (HCV),3.200381978314034
VDJdb,CASSLVRDYEQYF,LMP2,EBV,-2.0003588127227383
VDJdb,CASSLVRGNEQYF,BZLF1,EBV,0.9524821148810214
VDJdb,CASSLVRSNYGYTF,INS,T1D,-3.529409509016857
VDJdb,CASSLVRSNYGYTF,GSIA,KlebsiellaOxytoca,-3.529409509016857
VDJdb,CASSLVSGAGELFF,CTAG1B,Cancer/Self antigen,1.4555036261467371
VDJdb,CASSLVSGSGELFF,CTAG1B,Cancer/Self antigen,-1.7817982374163956
VDJdb,CASSLVSGTGELFF,CTAG1B,Cancer/Self antigen,0.6513624982132963
VDJdb,CASSLVSLNTEAFF,IE1,Cytomegalovirus (CMV),-1.7134356954772083
VDJdb,CASSLVTGELFF,INS,T1D,-0.3506789798321964
VDJdb,CASSLVTGEQYF,Orf1ab,COVID-19 / SARS-CoV-2 / SARS-CoV,-1.7186685557392738
VDJdb,CASSLVTSQETQYF,GP160,HIV / Human immunodeficiency virus (HIV),1.0171976234424671
VDJdb,CASSLVVYNEQFF,SLC30A8,T1D,-1.049101270717598
VDJdb,CASSLWASSYEQYF,NP,Influenza,3.1507444588903613
VDJdb,CASSLWDNEQFF,NS5B,Hepatitis C virus (HCV),-1.8839574978168097
VDJdb,CASSLWETQYF,G6PC2,T1D,-0.5739529736622005
VDJdb,CASSLWGDYEQYF,M1,Influenza,-1.1339405886949196
VDJdb,CASSLWGNQPQHF,ebna4,EBV,1.053274492676276
VDJdb,CASSLWGTEAFF,IAPP,T1D,-1.042597276361638
VDJdb,CASSLWQGYEQYF,EBNA3A,EBV,-1.448933788170328
VDJdb,CASSLYEQYF,M1,Influenza,-0.558763420514516
VDJdb,CASSLYRDNQPQHF,EBNA3A,EBV,-1.7341798659775107
VDJdb,CASSLYRGNTEAFF,M1,Influenza,-0.6027715333996023
VDJdb,CASSLYSNEQFF,BRLF1,EBV,-1.2278194647063685
VDJdb,CASSLYYNEQFF,LMP1,EBV,-1.695636710747008
VDJdb,CASSLYYNEQFF,BRLF1,EBV,-1.695636710747008
VDJdb,CASSMDGNTEAFF,INS,T1D,1.536969326711739
VDJdb,CASSMDSYNEQFF,NP,Influenza,-2.0098197160586584
VDJdb,CASSMGGTYEQYF,MLANA,Cancer/Self antigen,-4.409274354797086
VDJdb,CASSMGQPQHF,M1,Influenza,-0.8205310490850469
VDJdb,CASSMGTDTQYF,PB1,Influenza,-2.1424556232945964
VDJdb,CASSMGVNTEAFF,Nucleocapsid,COVID-19 / SARS-CoV-2 / SARS-CoV,-3.8271668536114007
VDJdb,CASSNGNTGELFF,Spike,COVID-19 / SARS-CoV-2 / SARS-CoV,1.7109225665715255
VDJdb,CASSNLNTEAFF,BZLF1,EBV,0.8116130897105799
VDJdb,CASSNPNTGELFF,INS,T1D,7.697989932288737
VDJdb,CASSNQETQYF,MLANA,Cancer/Self antigen,1.5071009452426436
VDJdb,CASSPAGATGELFF,CTAG1B,Cancer/Self antigen,2.2995922201041545
VDJdb,CASSPAGDTGELFF,CTAG1B,Cancer/Self antigen,1.2127290099515615
VDJdb,CASSPAGFSGNTIYF,EBNA3B,EBV,1.4773719404141443
VDJdb,CASSPAGGTDTQYF,ebna4,EBV,-0.5664578391677356
VDJdb,CASSPAGGTDTQYF,EBNA3A,EBV,-0.5664578391677356
VDJdb,CASSPAGGTGELFF,CTAG1B,Cancer/Self antigen,0.750035469082036
VDJdb,CASSPAGGTYEQYF,NS3,Dengue virus,0.9541074655027368
VDJdb,CASSPAGMNTEAFF,LMP2,EBV,1.6953370150933913
VDJdb,CASSPAGNTGELFF,CTAG1B,Cancer/Self antigen,3.0254584003105243
VDJdb,CASSPAGRTGELFF,CTAG1B,Cancer/Self antigen,1.2539994645450498
VDJdb,CASSPAGSTGELFF,CTAG1B,Cancer/Self antigen,-2.920093049255228
VDJdb,CASSPDGGNTEAFF,Nef,HIV / Human immunodeficiency virus (HIV),-1.3363075844476615
VDJdb,CASSPDGTYEQYF,G6PC2,T1D,-1.283886464561163
VDJdb,CASSPDRATYEQYF,MLANA,Cancer/Self antigen,1.7154237814023765
VDJdb,CASSPDRGEQYF,PA,Influenza,0.5842720749563116
VDJdb,CASSPDRGLGGYTF,Spike,COVID-19 / SARS-CoV-2 / SARS-CoV,1.1826074746111717
VDJdb,CASSPDRVETQYF,PGT,Human (Homo sapiens),1.9174043667170848
VDJdb,CASSPDSLNEKLFF,YEIH,E.Coli,1.9145900715131503
VDJdb,CASSPDSNYGYTF,EBNA3A,EBV,1.8335251643637056
VDJdb,CASSPDSQETQYF,GFAP,Human (Homo sapiens),0.6088056926436567
VDJdb,CASSPDSTGELFF,IE1,Cytomegalovirus (CMV),1.1500453470951149
VDJdb,CASSPESSYNEQFF,LMP1,EBV,-1.1843449775058574
VDJdb,CASSPFMNTEAFF,PGT,Human (Homo sapiens),-0.8252049538371248
VDJdb,CASSPGAGELFF,NS3,Dengue virus,-0.4570782028299037
VDJdb,CASSPGDSYEQYF,PB1,Influenza,-1.397778994057978
VDJdb,CASSPGDSYGYTF,Orf1ab,COVID-19 / SARS-CoV-2 / SARS-CoV,0.6649691779823238
VDJdb,CASSPGDTDTQYF,Gag,HIV / Human immunodeficiency virus (HIV),1.07595747859671
VDJdb,CASSPGDTQYF,Spike,COVID-19 / SARS-CoV-2 / SARS-CoV,0.4884650375534032
VDJdb,CASSPGGAETQYF,IE1,Cytomegalovirus (CMV),1.3474675668008884
VDJdb,CASSPGGAGNTIYF,POL,Hepatitis C virus (HCV),0.424567945896334
VDJdb,CASSPGGATGELFF,CTAG1B,Cancer/Self antigen,-0.4909021705460009
VDJdb,CASSPGGGAGELFF,CTAG1B,Cancer/Self antigen,3.6198358191914384
VDJdb,CASSPGGGEETQYF,LMP2,EBV,1.2656002941014242
VDJdb,CASSPGGGEETQYF,PGT,Human (Homo sapiens),1.2656002941014242
VDJdb,CASSPGGGGQPQHF,MLANA,Cancer/Self antigen,0.9334566365194764
VDJdb,CASSPGGGTGELFF,CTAG1B,Cancer/Self antigen,1.1241540312665266
VDJdb,CASSPGGGYTF,ebna4,EBV,-0.6413787600636255
VDJdb,CASSPGGIEAFF,IE1,Cytomegalovirus (CMV),-1.514938966940225
VDJdb,CASSPGGLTGELFF,CTAG1B,Cancer/Self antigen,-1.9240825538624264
VDJdb,CASSPGGMNTEAFF,RV1518,M. tuberculosis,-0.3899498856718013
VDJdb,CASSPGGNTEAFF,RV1734C,M. tuberculosis,0.9056074263964284
VDJdb,CASSPGGQSTDTQYF,BMLF1,EBV,-1.756373572828104
VDJdb,CASSPGGRADTQYF,CSP,PlasmodiumFalciparum,2.07398278283414
VDJdb,CASSPGGSTEAFF,Vpr,HIV / Human immunodeficiency virus (HIV),-1.1284554231441142
VDJdb,CASSPGGSTGELFF,CTAG1B,Cancer/Self antigen,2.701263476996051
VDJdb,CASSPGHYSNQPQHF,Nucleocapsid,COVID-19 / SARS-CoV-2 / SARS-CoV,-0.9245856450272052
VDJdb,CASSPGIEAFF,EBNA3B,EBV,-1.883402996787012
VDJdb,CASSPGLAASTDTQYF,Nucleocapsid,COVID-19 / SARS-CoV-2 / SARS-CoV,0.9976507588437564
VDJdb,CASSPGLAGGDEQFF,ebna4,EBV,0.8974675643142611
VDJdb,CASSPGLAGGEQFF,MLANA,Cancer/Self antigen,0.677994813112447
VDJdb,CASSPGLAGGTQYF,MLANA,Cancer/Self antigen,3.1734343151127926
VDJdb,CASSPGLATGELFF,PGT,Human (Homo sapiens),1.2337381189454284
VDJdb,CASSPGLDTQYF,PB1,Influenza,1.7949161746805555
VDJdb,CASSPGLGNTIYF,MLANA,Cancer/Self antigen,1.3278797748279785
VDJdb,CASSPGLMNTEAFF,MLANA,Cancer/Self antigen,-0.4405827207424885
VDJdb,CASSPGLVGETQYF,NS3,Hepatitis C virus (HCV),-1.334411480878127
VDJdb,CASSPGNNEQFF,PMEL,Cancer/Self antigen,-1.5423224977180676
VDJdb,CASSPGNTEAFF,IE1,Cytomegalovirus (CMV),0.6079144672598948
VDJdb,CASSPGNTEAFF,EBNA3A,EBV,0.6079144672598948
VDJdb,CASSPGPGGYTF,G6PC2,T1D,1.0068284440561963
VDJdb,CASSPGPGNEQFF,MLANA,Cancer/Self antigen,-1.0112808042673302
VDJdb,CASSPGPGNEQFF,SLC30A8,T1D,-1.0112808042673302
VDJdb,CASSPGPMNTEAFF,ebna4,EBV,-1.25841216227272
VDJdb,CASSPGPNSPLHF,EBNA3B,EBV,-0.5930021536762486
VDJdb,CASSPGPNTEAFF,BZLF1,EBV,0.9349867544651632
VDJdb,CASSPGPSSYEQYF,NP,Influenza,-0.4808461915510544
VDJdb,CASSPGQDGYTF,BZLF1,EBV,-1.0904992370659363
VDJdb,CASSPGQDYEQYF,PA,Influenza,-1.463347501434944
VDJdb,CASSPGQEQYF,PB1,Influenza,-3.3643123864071023
VDJdb,CASSPGQGEGYEQYF,BZLF1,EBV,2.744130840563759
VDJdb,CASSPGQGGTEAFF,MLANA,Cancer/Self antigen,0.3910280589412054
VDJdb,CASSPGQGGYEQYF,PMEL,Cancer/Self antigen,0.3046684314103509
VDJdb,CASSPGQGKDTQYF,Nucleocapsid,COVID-19 / SARS-CoV-2 / SARS-CoV,2.2776470162576485
VDJdb,CASSPGQGLDTQYF,MLANA,Cancer/Self antigen,2.5764028310709173
VDJdb,CASSPGQGNEQFF,MLANA,Cancer/Self antigen,-0.5165663560922329
VDJdb,CASSPGQGYEQYF,MLANA,Cancer/Self antigen,1.3159688321853285
VDJdb,CASSPGQGYEQYF,PB1,Influenza,1.3159688321853285
VDJdb,CASSPGQGYQETQYF,INS,T1D,1.7407960661360524
VDJdb,CASSPGQGYQETQYF,GSIA,KlebsiellaOxytoca,1.7407960661360524
VDJdb,CASSPGQTYEQYF,PB1,Influenza,0.6792568519504137
VDJdb,CASSPGQVNTEAFF,IE1,Cytomegalovirus (CMV),0.8366133868589655
VDJdb,CASSPGRASYEQYF,RV1518,M. tuberculosis,-2.9723040470696285
VDJdb,CASSPGRVYGYTF,M1,Influenza,-2.662736234357539
VDJdb,CASSPGSEKLFF,Orf1ab,COVID-19 / SARS-CoV-2 / SARS-CoV,-2.08751441932296
VDJdb,CASSPGSGNTIYF,MLANA,Cancer/Self antigen,0.887266075170236
VDJdb,CASSPGSNQPQHF,RV1518,M. tuberculosis,1.4350120294516056
VDJdb,CASSPGSTEAFF,EBNA3B,EBV,-1.6512354373863998
VDJdb,CASSPGSYEQYF,PGT,Human (Homo sapiens),0.663454078020928
VDJdb,CASSPGTAEAFF,NS3,Dengue virus,-2.1203935726404874
VDJdb,CASSPGTALYEQYF,ebna4,EBV,-2.523482099881019
VDJdb,CASSPGTDEAFF,NS3,Dengue virus,-1.897499447789486
VDJdb,CASSPGTGAHEQYF,ebna4,EBV,-1.2864602550663746
VDJdb,CASSPGTGAYEQYF,EBNA3B,EBV,0.1531507608711459
VDJdb,CASSPGTGDTQYF,IE1,Cytomegalovirus (CMV),2.9177398203880585
VDJdb,CASSPGTGELFF,NS3,Dengue virus,0.4047519858532679
VDJdb,CASSPGTGEQYF,NS3,Dengue virus,-1.7109834703878422
VDJdb,CASSPGTGGADTQYF,BRLF1,EBV,-0.570292936205124
VDJdb,CASSPGTGGHEQYF,BMLF1,EBV,-1.0181693304413124
VDJdb,CASSPGTGGRNEQFF,GAG,SIV,2.582511968227542
VDJdb,CASSPGTGGRTEAFF,EBNA3B,EBV,1.301053365720406
VDJdb,CASSPGTGGSYEQYF,NP,Influenza,-0.5299437595029426
VDJdb,CASSPGTGLGQPQHF,MLANA,Cancer/Self antigen,1.759765539065623
VDJdb,CASSPGTGLSYEQYF,PLA2G6,Human (Homo sapiens),1.6451343081501033
VDJdb,CASSPGTGNEKLFF,GAG,SIV,0.935142449230966
VDJdb,CASSPGTGNSPLHF,BZLF1,EBV,0.7655153150571282
VDJdb,CASSPGTGNTEAFF,GAD2,T1D,1.3905509425675997
VDJdb,CASSPGTGPNQPQHF,M1,Influenza,2.1384676524062325
VDJdb,CASSPGTGPYEQYF,EBNA3A,EBV,-0.5420001436589634
VDJdb,CASSPGTGRYEQYF,Nucleocapsid,COVID-19 / SARS-CoV-2 / SARS-CoV,-1.0857441720178431
VDJdb,CASSPGTGSTEAFF,EBNA3A,EBV,0.4639113833879936
VDJdb,CASSPGTGTYEQYF,PGT,Human (Homo sapiens),0.2380798731028682
VDJdb,CASSPGTHNEQFF,IE1,Cytomegalovirus (CMV),-1.3115983166383418
VDJdb,CASSPGTLYGYTF,NS3,Dengue virus,-1.0710719764621777
VDJdb,CASSPGTSGLYEQYF,IE1,Cytomegalovirus (CMV),-1.1750466898422478
VDJdb,CASSPGTSGRNEQFF,Nucleocapsid,COVID-19 / SARS-CoV-2 / SARS-CoV,0.4234975565922713
VDJdb,CASSPGTSNTGELFF,Orf1ab,COVID-19 / SARS-CoV-2 / SARS-CoV,2.6035138574149763
VDJdb,CASSPGTSYNEQFF,EBNA3B,EBV,-0.5250114851783669
VDJdb,CASSPGTTYEQYF,Orf1ab,COVID-19 / SARS-CoV-2 / SARS-CoV,-1.015215867864523
VDJdb,CASSPGTTYEQYF,PB1,Influenza,-1.015215867864523
VDJdb,CASSPGTYNEQFF,RV1518,M. tuberculosis,0.411723177212156
VDJdb,CASSPGVEKLFF,NS3,Dengue virus,2.49551271215424
VDJdb,CASSPGVGYTF,NP,Influenza,0.4023885582385679
VDJdb,CASSPGVYEQYF,nef,Influenza,-1.12020119487264
VDJdb,CASSPGYEQYF,NS4B,Hepatitis C virus (HCV),1.0903096804137475
VDJdb,CASSPHGNQPQHF,EBNA3A,EBV,1.2785661871470235
VDJdb,CASSPHSYEQYF,MLANA,Cancer/Self antigen,-1.1711048452078965
VDJdb,CASSPIAGGNTGELFF,Spike,COVID-19 / SARS-CoV-2 / SARS-CoV,2.4839685105669203
VDJdb,CASSPIAGGTDTQYF,MMP9,Human (Homo sapiens),0.8104578850339922
VDJdb,CASSPIGGTGELFF,CTAG1B,Cancer/Self antigen,3.088841462355388
VDJdb,CASSPIGNTGELFF,CTAG1B,Cancer/Self antigen,2.3611073032177217
VDJdb,CASSPIGQPQHF,MLANA,Cancer/Self antigen,-2.924208153230237
VDJdb,CASSPINEQFF,BRLF1,EBV,1.8917564968833367
VDJdb,CASSPLAGDEQFF,GP160,HIV / Human immunodeficiency virus (HIV),1.7124926526288302
VDJdb,CASSPLAGETQYF,INS,T1D,2.025175980456688
VDJdb,CASSPLAGVSDTQYF,ebna4,EBV,1.944540517864804
VDJdb,CASSPLAGYNEQFF,APOB,Human (Homo sapiens),-2.328428700441949
VDJdb,CASSPLGDTGELFF,CTAG1B,Cancer/Self antigen,-0.8930289101010844
VDJdb,CASSPLGGAGELFF,CTAG1B,Cancer/Self antigen,-1.5378083574512569
VDJdb,CASSPLGGSSGNTIYF,BZLF1,EBV,1.3361047988258936
VDJdb,CASSPLGGTGELFF,CTAG1B,Cancer/Self antigen,-1.1288814302662562
VDJdb,CASSPLGNTGELFF,CTAG1B,Cancer/Self antigen,1.3775424388588302
VDJdb,CASSPLGQNTEAFF,BZLF1,EBV,1.0172934981302857
VDJdb,CASSPLGSNEKLFF,BZLF1,EBV,1.6434222283984088
VDJdb,CASSPLGSTGELFF,CTAG1B,Cancer/Self antigen,1.5616819086127705
VDJdb,CASSPLGTYEQYF,Orf1ab,COVID-19 / SARS-CoV-2 / SARS-CoV,-1.1234443822970706
VDJdb,CASSPLLGSNQPQHF,BRLF1,EBV,5.691787857731933
VDJdb,CASSPLRENTEAFF,M,COVID-19 / SARS-CoV-2 / SARS-CoV,-0.883627522335427
VDJdb,CASSPLSSGANVLTF,BRLF1,EBV,1.1444580009177892
VDJdb,CASSPLSTDTQYF,M1,Influenza,0.621724878815852
VDJdb,CASSPLSYNEQFF,NS3,Dengue virus,-1.574864961841441
VDJdb,CASSPLTSGSYEQYF,ebna4,EBV,-1.0281719244808416
VDJdb,CASSPMDTQYF,ebna4,EBV,1.7797717599551772
VDJdb,CASSPMDTQYF,EBNA3A,EBV,1.7797717599551772
VDJdb,CASSPNRSGNTIYF,GLIADIN,TriticumAestivum,-1.2968926575685065
VDJdb,CASSPNSNQPQHF,ebna4,EBV,0.6596397792037751
VDJdb,CASSPNYGYTF,SLC30A8,T1D,0.7873284049559582
VDJdb,CASSPPAGNEQFF,PGT,Human (Homo sapiens),-0.4496273711335314
VDJdb,CASSPPDRGGTEAFF,IE1,Cytomegalovirus (CMV),-1.465001667107122
VDJdb,CASSPPDTDTQYF,PB1,Influenza,-1.0208241415303276
VDJdb,CASSPPGANEKLFF,BZLF1,EBV,1.4184449781381154
VDJdb,CASSPPGANVLTF,BZLF1,EBV,1.0128142993836198
VDJdb,CASSPPGDGYTF,ebna4,EBV,-3.554341732835164
VDJdb,CASSPPGGEAFF,INS,T1D,-2.23050527970736
VDJdb,CASSPPGGGNTGELFF,ebna4,EBV,1.7538346436700678
VDJdb,CASSPPGGNEQFF,ebna4,EBV,0.4418473727261134
VDJdb,CASSPPGGQETQYF,EBNA3A,EBV,0.3973624427275267
VDJdb,CASSPPGGRGTEAFF,PGT,Human (Homo sapiens),1.3871521606656465
VDJdb,CASSPPGGYEQYF,GP160,HIV / Human immunodeficiency virus (HIV),-0.571849702948588
VDJdb,CASSPPGLPYEQYF,GLIADIN,TriticumAestivum,-0.4223225262030855
VDJdb,CASSPPGNSPLHF,APOB,Human (Homo sapiens),0.8357958270274297
VDJdb,CASSPPGQGGYGYTF,INS,T1D,-0.6513172742311235
VDJdb,CASSPPGQGTYEQYF,PGT,Human (Homo sapiens),0.7777751910711926
VDJdb,CASSPPGQNEKLFF,BZLF1,EBV,3.345278332971505
VDJdb,CASSPPGRNEKLFF,BZLF1,EBV,2.2408109727530805
VDJdb,CASSPPGRSSYEQYF,IE1,Cytomegalovirus (CMV),-0.7335107129175188
VDJdb,CASSPPGSNEKLFF,BZLF1,EBV,-1.0392281325081631
VDJdb,CASSPPGTEAFF,Nucleocapsid,COVID-19 / SARS-CoV-2 / SARS-CoV,-2.295833771044378
VDJdb,CASSPPGTGYGYTF,IE1,Cytomegalovirus (CMV),1.0558063150235664
VDJdb,CASSPPGVGNQPQHF,MLANA,Cancer/Self antigen,2.2782040114057223
VDJdb,CASSPPGVYNEQFF,BZLF1,EBV,-1.698061256187143
VDJdb,CASSPPLSYEQYF,NP,Influenza,-3.032209100277069
VDJdb,CASSPPNTGELFF,BRLF1,EBV,1.7135132397973896
VDJdb,CASSPPRQETQYF,GFAP,Human (Homo sapiens),2.033125403966825
VDJdb,CASSPPSGSYEQYF,RV1518,M. tuberculosis,1.289327585628302
VDJdb,CASSPPSQETQYF,ebna4,EBV,0.7505693542652061
VDJdb,CASSPPSSYEQYF,IE1,Cytomegalovirus (CMV),0.9624355347992928
VDJdb,CASSPPTGGNTGELFF,Spike,COVID-19 / SARS-CoV-2 / SARS-CoV,5.84436315471244
VDJdb,CASSPPTNYGYTF,IE1,Cytomegalovirus (CMV),0.8418727684848601
VDJdb,CASSPPVGNEQFF,EBNA3A,EBV,1.425244874017554
VDJdb,CASSPPVGYEQYF,GAD2,T1D,1.3089510583081665
VDJdb,CASSPPYNEQFF,SLC30A8,T1D,-1.0328351463119168
VDJdb,CASSPQGAGEAFF,NS3,Hepatitis C virus (HCV),-1.219800739499051
VDJdb,CASSPQGLGQPQHF,MLANA,Cancer/Self antigen,-1.825479223831051
VDJdb,CASSPQGRGYGYTF,LMP2,EBV,1.943050876078816
VDJdb,CASSPQGRNEQFF,EBNA3A,EBV,2.156700644727937
VDJdb,CASSPQGVGQPQHF,MLANA,Cancer/Self antigen,-1.984303043341252
VDJdb,CASSPQRGEQYF,APOB,Human (Homo sapiens),-1.2292741030787964
VDJdb,CASSPQVSGANVLTF,Nucleocapsid,COVID-19 / SARS-CoV-2 / SARS-CoV,1.311003090041618
VDJdb,CASSPRAADTQYF,M1,Influenza,2.244425618556315
VDJdb,CASSPRANSPLHF,G6PC2,T1D,2.462920938773108
VDJdb,CASSPRANTGELFF,MLANA,Cancer/Self antigen,-0.74258521817009
VDJdb,CASSPRANTGELFF,M1,Influenza,-0.74258521817009
VDJdb,CASSPRDRGTDTQYF,Spike,COVID-19 / SARS-CoV-2 / SARS-CoV,1.026435229395005
VDJdb,CASSPRDRGYEQYF,Nucleocapsid,COVID-19 / SARS-CoV-2 / SARS-CoV,-0.5070768984353133
VDJdb,CASSPRDRPYEQYF,INS,T1D,-2.711357760856753
VDJdb,CASSPRGGEGYTF,Spike,COVID-19 / SARS-CoV-2 / SARS-CoV,2.2503939574196363
VDJdb,CASSPRGGGELFF,NP,Influenza,-0.9858040713290565
VDJdb,CASSPRGGHGYTF,Spike,COVID-19 / SARS-CoV-2 / SARS-CoV,2.06293996561867
VDJdb,CASSPRGGNGYTF,Spike,COVID-19 / SARS-CoV-2 / SARS-CoV,1.3394919270960584
VDJdb,CASSPRGGQETQYF,BZLF1,EBV,1.9986098603657416
VDJdb,CASSPRGMNTEAFF,BZLF1,EBV,-0.851836731161179
VDJdb,CASSPRGPTDTQYF,Orf1ab,COVID-19 / SARS-CoV-2 / SARS-CoV,2.171154769063873
VDJdb,CASSPRGQGNTGELFF,Spike,COVID-19 / SARS-CoV-2 / SARS-CoV,2.129244145281286
VDJdb,CASSPRGQSYEQYF,M1,Influenza,1.1185839494493055
VDJdb,CASSPRGSGNTIYF,Spike,COVID-19 / SARS-CoV-2 / SARS-CoV,0.4136709679001692
VDJdb,CASSPRGTEAFF,Spike,COVID-19 / SARS-CoV-2 / SARS-CoV,0.3168957515917296
VDJdb,CASSPRLAGATGELFF,Spike,COVID-19 / SARS-CoV-2 / SARS-CoV,2.235870391360187
VDJdb,CASSPRLAGDQETQYF,PGT,Human (Homo sapiens),0.7973776270913235
VDJdb,CASSPRLAGSTGELFF,Spike,COVID-19 / SARS-CoV-2 / SARS-CoV,1.957684476854813
VDJdb,CASSPRQGANTGELFF,Spike,COVID-19 / SARS-CoV-2 / SARS-CoV,2.008951674840304
VDJdb,CASSPRQGGSYNEQFF,IE1,Cytomegalovirus (CMV),3.39918202260814
VDJdb,CASSPRSGNTIYF,M1,Influenza,0.3766426863768195
VDJdb,CASSPRSQETQYF,IE1,Cytomegalovirus (CMV),0.6850907929059646
VDJdb,CASSPRTGGSYGYTF,IE1,Cytomegalovirus (CMV),-0.8496014427625448
VDJdb,CASSPRTGNSGANVLTF,IE1,Cytomegalovirus (CMV),1.670852915236248
VDJdb,CASSPRTGNSGANVLTF,M1,Influenza,1.670852915236248
VDJdb,CASSPRTGNTGELFF,ebna4,EBV,1.9519682278105444
VDJdb,CASSPRTGSGEQYF,INS,T1D,1.3702474070691206
VDJdb,CASSPRTGYGYTF,BZLF1,EBV,-0.3002774619330468
VDJdb,CASSPRTSANTGELFF,Spike,COVID-19 / SARS-CoV-2 / SARS-CoV,2.6252742423586475
VDJdb,CASSPRTSGGYEQYF,IE1,Cytomegalovirus (CMV),0.6488230783919586
VDJdb,CASSPRTSGSGETQYF,SLC30A8,T1D,3.665252019068201
VDJdb,CASSPRTVNEQFF,GP160,HIV / Human immunodeficiency virus (HIV),-1.5580661393473298
VDJdb,CASSPRVNYGYTF,IE1,Cytomegalovirus (CMV),-1.649669829206065
VDJdb,CASSPRVSGNTIYF,Nucleocapsid,COVID-19 / SARS-CoV-2 / SARS-CoV,0.9400703691952486
VDJdb,CASSPSGATGELFF,CTAG1B,Cancer/Self antigen,1.2545037754224704
VDJdb,CASSPSGDTGELFF,CTAG1B,Cancer/Self antigen,-1.0814590889338973
VDJdb,CASSPSGGAGELFF,CTAG1B,Cancer/Self antigen,-1.4246662004459782
VDJdb,CASSPSGGDYNEQFF,EBNA3A,EBV,-3.9606409870216375
VDJdb,CASSPSGGRNQPQHF,NS3,Dengue virus,2.6953859595672065
VDJdb,CASSPSGGSGELFF,CTAG1B,Cancer/Self antigen,2.3006597331836764
VDJdb,CASSPSGGTGELFF,CTAG1B,Cancer/Self antigen,0.7915071951861773
VDJdb,CASSPSGNTGELFF,CTAG1B,Cancer/Self antigen,2.030006719407931
VDJdb,CASSPSGNYEQYF,SLC30A8,T1D,-1.3688154732930622
VDJdb,CASSPSGSEQFF,M1,Influenza,-3.8661857478558894
VDJdb,CASSPSGSEQYF,LMP2,EBV,-1.5987665082421754
VDJdb,CASSPSGSGELFF,G6PC2,T1D,-2.759788822063273
VDJdb,CASSPSGSTGELFF,CTAG1B,Cancer/Self antigen,0.901080065732658
VDJdb,CASSPSGTGGNEQFF,M1,Influenza,1.2800110818808863
VDJdb,CASSPSGTGYEQYF,GNAS,Mouse (Mus musculus),1.637202077820176
VDJdb,CASSPSLDTQYF,RV1518,M. tuberculosis,2.608751635723482
VDJdb,CASSPSQDTEAFF,NS3,Dengue virus,3.0147236606423258
VDJdb,CASSPSQETQYF,NS3,Dengue virus,0.983371840198779
VDJdb,CASSPSRGTGELFF,CTAG1B,Cancer/Self antigen,-1.0001421695281758
VDJdb,CASSPSSGNTIYF,IE1,Cytomegalovirus (CMV),0.95834214865687
VDJdb,CASSPSSSYEQYF,M1,Influenza,-2.014706298192008
VDJdb,CASSPSSSYEQYF,ebna4,EBV,-2.014706298192008
VDJdb,CASSPSSYNEQFF,GAD2,T1D,-0.1968895619776679
VDJdb,CASSPSYNEQFF,IE1,Cytomegalovirus (CMV),0.5823876304001286
VDJdb,CASSPSYNEQFF,EBNA3A,EBV,0.5823876304001286
VDJdb,CASSPTDLNTEAFF,BRLF1,EBV,-2.784546281120193
VDJdb,CASSPTDSYEQYF,ebna4,EBV,-2.947298481472505
VDJdb,CASSPTGATGELFF,CTAG1B,Cancer/Self antigen,-1.270661994360486
VDJdb,CASSPTGDEQYF,INS,T1D,0.7691767123085667
VDJdb,CASSPTGEGQPQHF,PGT,Human (Homo sapiens),-1.6992464793576971
VDJdb,CASSPTGGAETQYF,MLANA,Cancer/Self antigen,-0.856337992405021
VDJdb,CASSPTGGAGELFF,CTAG1B,Cancer/Self antigen,-1.0611612735732008
VDJdb,CASSPTGGGYEQYF,NS3,Dengue virus,-1.4018176023875537
VDJdb,CASSPTGGPGELFF,CTAG1B,Cancer/Self antigen,1.4010673817874526
VDJdb,CASSPTGGQETQYF,NP,Influenza,1.872638081633294
VDJdb,CASSPTGGRYGYTF,E7,HPV,2.3095223201498865
VDJdb,CASSPTGGTGELFF,CTAG1B,Cancer/Self antigen,0.8627474077402264
VDJdb,CASSPTGGVYEQYF,IE1,Cytomegalovirus (CMV),-0.762272139652666
VDJdb,CASSPTGGYEQYF,GPC,LCMV,-0.7584026249239191
VDJdb,CASSPTGINYGYTF,BZLF1,EBV,-1.2256617808620027
VDJdb,CASSPTGLDTQYF,PLOD1,Mouse (Mus musculus),-1.8144704073009552
VDJdb,CASSPTGLGSPLHF,MLANA,Cancer/Self antigen,-1.9607274739944347
VDJdb,CASSPTGLGTEAFF,MLANA,Cancer/Self antigen,-0.9801207714328184
VDJdb,CASSPTGLTGELFF,CTAG1B,Cancer/Self antigen,2.5799037392065665
VDJdb,CASSPTGNTGELFF,CTAG1B,Cancer/Self antigen,0.8134001895052216
VDJdb,CASSPTGPETQYF,EBNA3B,EBV,2.36651947727274
VDJdb,CASSPTGSSYEQYF,ebna4,EBV,-0.5218742793418797
VDJdb,CASSPTGSSYNEQFF,PGT,Human (Homo sapiens),-0.5126825304140831
VDJdb,CASSPTGSTEAFF,GAG,SIV,-1.0402486218394822
VDJdb,CASSPTGSTGELFF,CTAG1B,Cancer/Self antigen,-1.387724713727835
VDJdb,CASSPTGTAYGYTF,EBNA3B,EBV,-1.0143069190567946
VDJdb,CASSPTGTGLYEQYF,IE1,Cytomegalovirus (CMV),-2.6382089953544665
VDJdb,CASSPTGTTGELFF,CTAG1B,Cancer/Self antigen,3.2517385465528155
VDJdb,CASSPTGTVNQPQHF,RV1518,M. tuberculosis,-0.7616365531923264
VDJdb,CASSPTGVGQPQHF,MLANA,Cancer/Self antigen,-1.9090183710888369
VDJdb,CASSPTGYTDTQYF,IE1,Cytomegalovirus (CMV),-1.0762599832221706
VDJdb,CASSPTHSNQPQHF,Orf1ab,COVID-19 / SARS-CoV-2 / SARS-CoV,2.280238631507901
VDJdb,CASSPTSGGYNEQFF,M1,Influenza,0.6614070543418986
VDJdb,CASSPTSGRADTQYF,IE1,Cytomegalovirus (CMV),-0.916413298929426
VDJdb,CASSPTSGSTDTQYF,Orf1ab,COVID-19 / SARS-CoV-2 / SARS-CoV,-0.4541793449271349
VDJdb,CASSPTSNTEAFF,EBNA3B,EBV,-0.8032090075497271
VDJdb,CASSPTSNTEAFF,M1,Influenza,-0.8032090075497271
VDJdb,CASSPTVNYGYTF,M1,Influenza,0.5667319436558326
VDJdb,CASSPTYYGYTF,EBNA3A,EBV,-1.1841261334741335
VDJdb,CASSPVGGDTQYF,NP,Influenza,1.2232441988015617
VDJdb,CASSPVGGTGELFF,CTAG1B,Cancer/Self antigen,-1.3531654743487502
VDJdb,CASSPVGNTEAFF,PGT,Human (Homo sapiens),-0.4832091522672476
VDJdb,CASSPVGNTGELFF,CTAG1B,Cancer/Self antigen,2.350534246546422
VDJdb,CASSPVNTEAFF,PGT,Human (Homo sapiens),-0.8683173251277896
VDJdb,CASSPVTGELFF,IE1,Cytomegalovirus (CMV),-0.5558103074031505
VDJdb,CASSPWGAGELFF,PGT,Human (Homo sapiens),1.1324179813791924
VDJdb,CASSPYEQYF,GAP50,PlasmodiumBerghei,-1.4201970736653464
VDJdb,CASSPYEQYF,PA,Influenza,-1.4201970736653464
VDJdb,CASSQAGATGELFF,CTAG1B,Cancer/Self antigen,2.037174859435884
VDJdb,CASSQAGDSYEQYF,PA,Influenza,-3.2156275845777818
VDJdb,CASSQAGDTGELFF,CTAG1B,Cancer/Self antigen,-1.04272017242784
VDJdb,CASSQAGGAGELFF,CTAG1B,Cancer/Self antigen,-3.405256309767877
VDJdb,CASSQAGGTEAFF,NS3,Hepatitis C virus (HCV),-0.5631379010934721
VDJdb,CASSQAGGTGELFF,CTAG1B,Cancer/Self antigen,0.8841014147863633
VDJdb,CASSQAGNTGELFF,CTAG1B,Cancer/Self antigen,2.945777087546305
VDJdb,CASSQAGSTGELFF,CTAG1B,Cancer/Self antigen,-1.744607388233176
VDJdb,CASSQAGYEQYF,TUBB3,Mouse (Mus musculus),0.633036057779684
VDJdb,CASSQAGYTGELFF,CTAG1B,Cancer/Self antigen,-1.3451309835198146
VDJdb,CASSQALSYEQYF,GAD2,T1D,-4.045729909990683
VDJdb,CASSQAQGYEQYF,MLANA,Cancer/Self antigen,-1.2052658034191408
VDJdb,CASSQATGYGYTF,BRLF1,EBV,2.4268321334800644
VDJdb,CASSQAYEQYF,IE1,Cytomegalovirus (CMV),1.237063592567053
VDJdb,CASSQDAETQYF,HHAT,Human (Homo sapiens),-1.0296988757267798
VDJdb,CASSQDFNEQFF,BZLF1,EBV,-2.933005919941198
VDJdb,CASSQDGETQYF,INS,T1D,-1.49826466903713
VDJdb,CASSQDGETQYF,GSIA,KlebsiellaOxytoca,-1.49826466903713
VDJdb,CASSQDGGTGELFF,CTAG1B,Cancer/Self antigen,-1.826124047109757
VDJdb,CASSQDGMNTEAFF,LMP2,EBV,1.8880144441442168
VDJdb,CASSQDGTNYGYTF,pp65,Cytomegalovirus (CMV),-0.8880121716588815
VDJdb,CASSQDLAGGETQYF,PGT,Human (Homo sapiens),3.557805781790832
VDJdb,CASSQDLAGGTDTQYF,RV1734C,M. tuberculosis,-3.775992767313589
VDJdb,CASSQDLRGEQYF,LMP2,EBV,-1.1531247035924683
VDJdb,CASSQDPADTQYF,IE1,Cytomegalovirus (CMV),-1.7588965656996995
VDJdb,CASSQDPENTEAFF,IE1,Cytomegalovirus (CMV),-3.379090107130663
VDJdb,CASSQDPGDEQFF,M1,Influenza,-5.9377683391433145
VDJdb,CASSQDPGLNTEAFF,NS3,Dengue virus,-3.716829482089795
VDJdb,CASSQDPSYEQYF,G6PC2,T1D,-2.6787443922385936
VDJdb,CASSQDPTDTQYF,RV1518,M. tuberculosis,-3.966338852642898
VDJdb,CASSQDPYSNQPQHF,Orf1ab,COVID-19 / SARS-CoV-2 / SARS-CoV,1.0454534750932971
VDJdb,CASSQDRAANYGYTF,EBNA3B,EBV,-3.164595466722853
VDJdb,CASSQDRGAGYGYTF,BZLF1,EBV,-3.828786954377926
VDJdb,CASSQDRGGTEAFF,EBNA3A,EBV,-1.9064036533808304
VDJdb,CASSQDRGLSGNTIYF,GP160,HIV / Human immunodeficiency virus (HIV),1.466622074659948
VDJdb,CASSQDRGSTEAFF,ebna4,EBV,-0.8704650135788683
VDJdb,CASSQDRGTSYEQYF,BZLF1,EBV,-5.719576050007598
VDJdb,CASSQDRLNTGELFF,IE1,Cytomegalovirus (CMV),2.974970353523455
VDJdb,CASSQDRRGYGYTF,GP160,HIV / Human immunodeficiency virus (HIV),-2.7244975083297667
VDJdb,CASSQDRVRETQYF,M1,Influenza,3.0723210322349863
VDJdb,CASSQDRYNEQFF,NP,Influenza,0.7144910573828084
VDJdb,CASSQDRYSNQPQHF,IE1,Cytomegalovirus (CMV),-2.616540743199032
VDJdb,CASSQDTGGYEQYF,NP,Influenza,-4.202385148697106
VDJdb,CASSQDYNEQFF,LMP1,EBV,-2.304786352479631
VDJdb,CASSQEETQYF,PGT,Human (Homo sapiens),0.8721678643690297
VDJdb,CASSQEGGGAYEQYF,LMP1,EBV,-4.519557422644303
VDJdb,CASSQEGGGGYEQYF,LMP1,EBV,1.65165680172331
VDJdb,CASSQEGGTGELFF,CTAG1B,Cancer/Self antigen,-0.6251382861262789
VDJdb,CASSQEGLTEAFF,G6PC2,T1D,-5.316447377879852
VDJdb,CASSQEGNTGELFF,MLANA,Cancer/Self antigen,0.764053465105104
VDJdb,CASSQEGQGGTEAFF,ebna4,EBV,1.1055084872148644
VDJdb,CASSQEGTGSYEQYF,EBNA3B,EBV,-4.125704131841593
VDJdb,CASSQEGYTEAFF,EBNA3B,EBV,-0.7546797559434909
VDJdb,CASSQELLNTEAFF,MLANA,Cancer/Self antigen,-1.5294181314462745
VDJdb,CASSQELSYEQYF,EBNA3B,EBV,-2.3890650778930635
VDJdb,CASSQERGGPDTQYF,KANJ,StreptomycesKanamyceticus,-7.407016074094706
VDJdb,CASSQERGPYNEQFF,ebna4,EBV,-1.101506435309278
VDJdb,CASSQETGGTEAFF,Nucleocapsid,COVID-19 / SARS-CoV-2 / SARS-CoV,-0.6541308643407567
VDJdb,CASSQETGYNEQFF,ebna4,EBV,-4.209092557094396
VDJdb,CASSQETQYF,IE1,Cytomegalovirus (CMV),1.4427699333884676
VDJdb,CASSQEVGYEQYF,PA,Influenza,-4.24785654514886
VDJdb,CASSQEVTDTQYF,LMP1,EBV,-1.6992155951288206
VDJdb,CASSQFGGTEAFF,IE1,Cytomegalovirus (CMV),-3.0088957709069186
VDJdb,CASSQFLNTEAFF,SLC30A8,T1D,-0.5962409669734988
VDJdb,CASSQGDEQYF,PA,Influenza,-2.256008425227518
VDJdb,CASSQGDTQYF,PA,Influenza,0.2346851342928396
VDJdb,CASSQGDYEQYF,NS5B,Hepatitis C virus (HCV),-2.81172938516429
VDJdb,CASSQGGADTQYF,ebna4,EBV,0.5806664809385923
VDJdb,CASSQGGATGELFF,CTAG1B,Cancer/Self antigen,2.479997621527681
VDJdb,CASSQGGDTEAFF,ADH,Human (Homo sapiens),0.6272488813206482
VDJdb,CASSQGGEQYF,IAPP,T1D,0.4013112355217408
VDJdb,CASSQGGGAGELFF,CTAG1B,Cancer/Self antigen,-1.2575412531715773
VDJdb,CASSQGGGEQYF,EBNA3B,EBV,-1.51438746102843
VDJdb,CASSQGGGSTEAFF,PGT,Human (Homo sapiens),-2.3941105222238868
VDJdb,CASSQGGGTGELFF,CTAG1B,Cancer/Self antigen,0.8278168458528884
VDJdb,CASSQGGLGYTF,Spike,COVID-19 / SARS-CoV-2 / SARS-CoV,-1.2498333347353774
VDJdb,CASSQGGLNEQFF,NS3,Hepatitis C virus (HCV),-1.5582555847745283
VDJdb,CASSQGGNTGELFF,CTAG1B,Cancer/Self antigen,1.1632542379590758
VDJdb,CASSQGGSGNTIYF,PPI,Human (Homo sapiens),0.9322827162842642
VDJdb,CASSQGGSPLHF,MLANA,Cancer/Self antigen,-0.9332583025429017
VDJdb,CASSQGGSTGELFF,CTAG1B,Cancer/Self antigen,1.5376921668305794
VDJdb,CASSQGGVGNTIYF,IE1,Cytomegalovirus (CMV),2.402305982658722
VDJdb,CASSQGGYSNQPQHF,NS3,Dengue virus,0.4829764806031472
VDJdb,CASSQGLAGDEQYF,Gag,HIV / Human immunodeficiency virus (HIV),-0.8670179895057761
VDJdb,CASSQGLAGGGYEQYF,SLC30A8,T1D,1.7659510918730992
VDJdb,CASSQGLAGLYNEQFF,CORE,Hepatitis C virus (HCV),1.216369345496898
VDJdb,CASSQGLAGVQETQYF,GLIADIN,TriticumAestivum,-1.2650307118436834
VDJdb,CASSQGLGNEQFF,BRLF1,EBV,-2.6079521417635423
VDJdb,CASSQGLNTEAFF,NP,Influenza,1.0011944613999229
VDJdb,CASSQGLSSGNTIYF,BRLF1,EBV,-1.2147897104105567
VDJdb,CASSQGLSYEQYF,IE1,Cytomegalovirus (CMV),-1.219580066962913
VDJdb,CASSQGLSYEQYF,EBNA3A,EBV,-1.219580066962913
VDJdb,CASSQGNIQYF,MLANA,Cancer/Self antigen,-0.723051190533532
VDJdb,CASSQGPDSPLHF,NS3,Dengue virus,1.1645414276272668
VDJdb,CASSQGPGGYEQYF,IE1,Cytomegalovirus (CMV),-2.0077272417246155
VDJdb,CASSQGQAYEQYF,EBNA3A,EBV,-0.5407025525386695
VDJdb,CASSQGQAYEQYF,BZLF1,EBV,-0.5407025525386695
VDJdb,CASSQGQDTEAFF,GLUTEN,Celiac disease,-0.918295651428966
VDJdb,CASSQGQDTEAFF,GLIADIN,TriticumAestivum,-0.918295651428966
VDJdb,CASSQGQGGEQYF,EBNA3B,EBV,-0.4980522324791012
VDJdb,CASSQGQGIYEQYF,WT1,Cancer/Self antigen,-1.3473026484494124
VDJdb,CASSQGQGLYGYTF,GP160,HIV / Human immunodeficiency virus (HIV),1.1005132256003414
VDJdb,CASSQGQGNEQYF,PGT,Human (Homo sapiens),2.100225883713457
VDJdb,CASSQGQGQPQHF,MLANA,Cancer/Self antigen,1.3075124576337005
VDJdb,CASSQGREQYF,PA,Influenza,-1.0342019170393222
VDJdb,CASSQGRGYEQYF,G6PC2,T1D,-1.0778537911953077
VDJdb,CASSQGRGYTF,INS,T1D,0.8382332960424393
VDJdb,CASSQGSAYEQYF,APOB,Human (Homo sapiens),-2.314016553702136
VDJdb,CASSQGSEAFF,M1,Influenza,-1.692423225655925
VDJdb,CASSQGTEKLFF,MLANA,Cancer/Self antigen,1.5024273212678223
VDJdb,CASSQGTENTEAFF,IE1,Cytomegalovirus (CMV),-2.252656814716612
VDJdb,CASSQGTGQETQYF,LMP2,EBV,1.2175776584117792
VDJdb,CASSQGYEQYF,SLC30A8,T1D,1.4401783000480468
VDJdb,CASSQGYNEQFF,EBNA3B,EBV,-1.232248701033547
VDJdb,CASSQGYNEQFF,NP,Influenza,-1.232248701033547
VDJdb,CASSQIAGGTDTQYF,NS3,Dengue virus,-2.0067937897530155
VDJdb,CASSQIGTEAFF,RV1518,M. tuberculosis,-2.49657934627514
VDJdb,CASSQLGGTGELFF,CTAG1B,Cancer/Self antigen,-2.8703312715863305
VDJdb,CASSQLGNTGELFF,CTAG1B,Cancer/Self antigen,-2.148857560756108
VDJdb,CASSQNSPLHF,ebna4,EBV,0.7311339710017221
VDJdb,CASSQNTGELFF,NP,Influenza,1.1556410683747698
VDJdb,CASSQPGLNTEAFF,NP,Influenza,-1.9139181480002765
VDJdb,CASSQQETQYF,ebna4,EBV,1.0375487210846788
VDJdb,CASSQQGGEQYF,TUBB3,Mouse (Mus musculus),-1.69087469062573
VDJdb,CASSQQGGNYGYTF,LMP2,EBV,1.250655384722304
VDJdb,CASSQQGGTEAFF,LMP1,EBV,1.662053547325792
VDJdb,CASSQQGGTGELFF,CTAG1B,Cancer/Self antigen,0.6865949089764084
VDJdb,CASSQQGNTEAFF,G6PC2,T1D,1.5635590783879691
VDJdb,CASSQQGYEQYF,TUBB3,Mouse (Mus musculus),1.6242518243052786
VDJdb,CASSQQNQPQHF,Orf1ab,COVID-19 / SARS-CoV-2 / SARS-CoV,-1.9330012238200296
VDJdb,CASSQRANTGELFF,LMP2,EBV,1.3236200313077997
VDJdb,CASSQRDSPLHF,GFAP,Human (Homo sapiens),1.858690802279516
VDJdb,CASSQRLAGDNEQFF,EBNA3B,EBV,-1.5777886022315184
VDJdb,CASSQRNTGELFF,Spike,COVID-19 / SARS-CoV-2 / SARS-CoV,1.065467130044714
VDJdb,CASSQRRDTQYF,Nucleocapsid,COVID-19 / SARS-CoV-2 / SARS-CoV,-1.417420591569221
VDJdb,CASSQRSSYNEQFF,M1,Influenza,1.6023847525878452
VDJdb,CASSQSGGATDTQYF,PGT,Human (Homo sapiens),-2.891550488541541
VDJdb,CASSQSGGTGELFF,CTAG1B,Cancer/Self antigen,1.1005339187908074
VDJdb,CASSQSGNTGELFF,CTAG1B,Cancer/Self antigen,-0.8432500253411075
VDJdb,CASSQSGYGYTF,IE1,Cytomegalovirus (CMV),0.7357946924909026
VDJdb,CASSQSLNYGYTF,IE1,Cytomegalovirus (CMV),-1.320863478408023
VDJdb,CASSQTGDTGELFF,CTAG1B,Cancer/Self antigen,1.60876964564509
VDJdb,CASSQTGGDGYTF,IE1,Cytomegalovirus (CMV),-1.900179366084561
VDJdb,CASSQTGGRYEQYF,DEF8,Mouse (Mus musculus),1.21742376736027
VDJdb,CASSQTGGTGELFF,CTAG1B,Cancer/Self antigen,-0.8749549980404043
VDJdb,CASSQTGNTGELFF,CTAG1B,Cancer/Self antigen,1.1965035825720696
VDJdb,CASSQTGRETQYF,RV1734C,M. tuberculosis,1.8064434507068032
VDJdb,CASSQTGSTGELFF,CTAG1B,Cancer/Self antigen,-2.064548009764891
VDJdb,CASSQTGSYEQYF,GPC,LCMV,-0.633182388646801
VDJdb,CASSQTGVEQYF,M139,Cytomegalovirus (CMV),1.5003985474749737
VDJdb,CASSQTGYEQYF,TUBB3,Mouse (Mus musculus),0.5996273111310934
VDJdb,CASSQTNQPQHF,BZLF1,EBV,-1.2799292297074278
VDJdb,CASSQTPDTQYF,BRLF1,EBV,-1.1737954505948447
VDJdb,CASSQTPNTGELFF,GP160,HIV / Human immunodeficiency virus (HIV),-1.7851312486068278
VDJdb,CASSQVGDTGELFF,CTAG1B,Cancer/Self antigen,-0.985567360810254
VDJdb,CASSQVGGAGELFF,CTAG1B,Cancer/Self antigen,-1.1896083059776874
VDJdb,CASSQVGGNTEAFF,EBNA3B,EBV,0.8985933106980897
VDJdb,CASSQVGGSGELFF,CTAG1B,Cancer/Self antigen,-1.8065571875733863
VDJdb,CASSQVGGTGELFF,CTAG1B,Cancer/Self antigen,-1.820845184677622
VDJdb,CASSQVGNTGELFF,CTAG1B,Cancer/Self antigen,-1.668918897583576
VDJdb,CASSQVGNYGYTF,INS,T1D,1.648721852495536
VDJdb,CASSQVGSTGELFF,CTAG1B,Cancer/Self antigen,1.7569956507581894
VDJdb,CASSQVISGNTIYF,PGT,Human (Homo sapiens),-1.1925085488475533
VDJdb,CASSQVLAGGNEQFF,GP160,HIV / Human immunodeficiency virus (HIV),-1.6487520327314695
VDJdb,CASSQVLAGTDTQYF,EBNA3B,EBV,-1.517061850230705
VDJdb,CASSQVLYNEQFF,TAX,HTLV-1,-2.529226321978121
VDJdb,CASSQVRGGYEQYF,EBNA3A,EBV,-4.060012162651645
VDJdb,CASSQVRGGYEQYF,BZLF1,EBV,-4.060012162651645
VDJdb,CASSQVSDTEAFF,MLANA,Cancer/Self antigen,2.574699975796954
VDJdb,CASSQVSGYEQYF,NS4B,Hepatitis C virus (HCV),-3.697980748576633
VDJdb,CASSQVVGNTIYF,M1,Influenza,1.1959160921172185
VDJdb,CASSQYGYEQYF,MLANA,Cancer/Self antigen,1.1845177735781096
VDJdb,CASSQYNEQFF,PGT,Human (Homo sapiens),0.9238193045590504
VDJdb,CASSRAGDTGELFF,CTAG1B,Cancer/Self antigen,-0.7857264683294689
VDJdb,CASSRAGGTGELFF,CTAG1B,Cancer/Self antigen,3.940509240581656
VDJdb,CASSRAGGTYEQYF,Nucleocapsid,COVID-19 / SARS-CoV-2 / SARS-CoV,1.9034310986730345
VDJdb,CASSRAGNTGELFF,CTAG1B,Cancer/Self antigen,3.033145845803264
VDJdb,CASSRAGRTDTQYF,EBNA3B,EBV,-1.938327935414538
VDJdb,CASSRANTEAFF,IE1,Cytomegalovirus (CMV),1.1029476055770613
VDJdb,CASSRANYEQYF,OVA,GallusGallus,-1.4732073495628124
VDJdb,CASSRASTDTQYF,M1,Influenza,0.6263970741940045
VDJdb,CASSRDGGTGELFF,CTAG1B,Cancer/Self antigen,3.8498516341627314
VDJdb,CASSRDNSYEQYF,IE1,Cytomegalovirus (CMV),0.3509032078327269
VDJdb,CASSRDPNTEAFF,IE1,Cytomegalovirus (CMV),0.8254856890691508
VDJdb,CASSRDPSYNEQFF,NS3,Hepatitis C virus (HCV),2.7741854136322748
VDJdb,CASSRDRATNEKLFF,GAG,SIV,0.6220723100624326
VDJdb,CASSRDRNGYTF,EBNA3B,EBV,2.636080639041936
VDJdb,CASSRDRSYEQYF,NP,Influenza,0.6579266088303155
VDJdb,CASSRDSYEQYF,IE1,Cytomegalovirus (CMV),1.023066285696561
VDJdb,CASSRDTSSYEQYF,EBNA3B,EBV,1.896445362967646
VDJdb,CASSRDTSTDTQYF,EBNA3B,EBV,1.2605310675426469
VDJdb,CASSRDYNEQFF,Spike,COVID-19 / SARS-CoV-2 / SARS-CoV,0.5714728803604288
VDJdb,CASSREGGTGELFF,CTAG1B,Cancer/Self antigen,2.6434005284615187
VDJdb,CASSREGYEQYF,TUBB3,Mouse (Mus musculus),1.2714782165121843
VDJdb,CASSRGDGELFF,PPI,Human (Homo sapiens),-1.9481768534097048
VDJdb,CASSRGGDTGELFF,CTAG1B,Cancer/Self antigen,1.5664249400334116
VDJdb,CASSRGGGTGELFF,CTAG1B,Cancer/Self antigen,1.1485109632056392
VDJdb,CASSRGGLSYNEQFF,M1,Influenza,1.6772359421482768
VDJdb,CASSRGGNTGELFF,CTAG1B,Cancer/Self antigen,2.168110768868067
VDJdb,CASSRGGSTGELFF,CTAG1B,Cancer/Self antigen,1.0840338818008963
VDJdb,CASSRGGYNEQFF,IAPP,T1D,0.92066169475957
VDJdb,CASSRGLADSYEQYF,PGT,Human (Homo sapiens),-1.9154317016144968
VDJdb,CASSRGLGANVLTF,Nucleocapsid,COVID-19 / SARS-CoV-2 / SARS-CoV,2.335402030565895
VDJdb,CASSRGLNYEQYF,NS3,Dengue virus,1.4177730021336998
VDJdb,CASSRGNTEAFF,LMP2,EBV,0.9513127170623558
VDJdb,CASSRGPNYEQYF,ebna4,EBV,-1.235558158852088
VDJdb,CASSRGPSSYEQYF,NP,Influenza,1.1787189449671662
VDJdb,CASSRGQAYGYTF,IE1,Cytomegalovirus (CMV),-1.2353817939326852
VDJdb,CASSRGQGSYEQYF,ADH,Human (Homo sapiens),0.9342198236993632
VDJdb,CASSRGQINQPQHF,PMEL,Cancer/Self antigen,-1.4073762538151122
VDJdb,CASSRGQPNEKLFF,IE1,Cytomegalovirus (CMV),1.3979976284352138
VDJdb,CASSRGSGELFF,NS3,Dengue virus,-1.5108834955651087
VDJdb,CASSRGSGQPQHF,EBNA1,EBV,-3.6164063308644256
VDJdb,CASSRLAGDTDTQYF,BZLF1,EBV,-0.8105224448210184
VDJdb,CASSRLATDTQYF,IE1,Cytomegalovirus (CMV),1.1088990974212374
VDJdb,CASSRLGDTQYF,BZLF1,EBV,0.5140332206795344
VDJdb,CASSRLGGTGELFF,CTAG1B,Cancer/Self antigen,2.6844792181980206
VDJdb,CASSRLGNTGELFF,CTAG1B,Cancer/Self antigen,-1.800160301216617
VDJdb,CASSRLSNQPQHF,M1,Influenza,-0.7263509377980899
VDJdb,CASSRPNYGYTF,PGT,Human (Homo sapiens),-0.959992661986072
VDJdb,CASSRPSSGNTIYF,IE1,Cytomegalovirus (CMV),-0.7463182484604207
VDJdb,CASSRPSSGNTIYF,EBNA3A,EBV,-0.7463182484604207
VDJdb,CASSRQDLNTEAFF,Nucleocapsid,COVID-19 / SARS-CoV-2 / SARS-CoV,5.016328772221581
VDJdb,CASSRQGANTEAFF,IE1,Cytomegalovirus (CMV),1.745176140985582
VDJdb,CASSRQGASTEAFF,IE1,Cytomegalovirus (CMV),1.5105416161042542
VDJdb,CASSRQGDTQYF,NP,Influenza,1.4077481425913274
VDJdb,CASSRQGENTEAFF,TAT,SIV,1.7363673393782322
VDJdb,CASSRQGGSYGYTF,LMP2,EBV,-1.654849414830354
VDJdb,CASSRQGGTGELFF,CTAG1B,Cancer/Self antigen,1.454452437349955
VDJdb,CASSRQGSTGELFF,CTAG1B,Cancer/Self antigen,2.748599624532144
VDJdb,CASSRQGSYNEQFF,Vpr,HIV / Human immunodeficiency virus (HIV),3.3038958974535846
VDJdb,CASSRQGVGQPQHF,M1,Influenza,-1.356947257314873
VDJdb,CASSRQGYEQYF,TUBB3,Mouse (Mus musculus),1.8196666600402789
VDJdb,CASSRRDSNTEAFF,IE1,Cytomegalovirus (CMV),-2.693604128022702
VDJdb,CASSRRGGDGYTF,Spike,COVID-19 / SARS-CoV-2 / SARS-CoV,-1.2331605073399792
VDJdb,CASSRRTGGTDTQYF,PGT,Human (Homo sapiens),-1.9016657359382392
VDJdb,CASSRSGDTGELFF,CTAG1B,Cancer/Self antigen,-1.3736683342540283
VDJdb,CASSRSGGTGELFF,CTAG1B,Cancer/Self antigen,2.211314775334542
VDJdb,CASSRSGNTDTQYF,RV1518,M. tuberculosis,2.949809602715256
VDJdb,CASSRSGNTGELFF,CTAG1B,Cancer/Self antigen,2.745656972423008
VDJdb,CASSRSGNYGYTF,Spike,COVID-19 / SARS-CoV-2 / SARS-CoV,-1.264495174345894
VDJdb,CASSRSGSTGELFF,CTAG1B,Cancer/Self antigen,2.7519375283952727
VDJdb,CASSRSGSYNEQFF,INS,T1D,2.413153513229449
VDJdb,CASSRSRDTQYF,PGT,Human (Homo sapiens),1.645253534839111
VDJdb,CASSRSSGANVLTF,IE1,Cytomegalovirus (CMV),1.1424154846922725
VDJdb,CASSRSSNQPQHF,Nucleocapsid,COVID-19 / SARS-CoV-2 / SARS-CoV,1.33389830504685
VDJdb,CASSRSSYNSPLHF,PB1,Influenza,-1.2171821417182918
VDJdb,CASSRTASSYNEQFF,M1,Influenza,-3.218701445299851
VDJdb,CASSRTGEAGELFF,CTAG1B,Cancer/Self antigen,-2.3452308934962414
VDJdb,CASSRTGGAGELFF,CTAG1B,Cancer/Self antigen,-1.6043443089911045
VDJdb,CASSRTGGGEQYF,SEMA3B,Mouse (Mus musculus),1.12375194066008
VDJdb,CASSRTGGGGELFF,CTAG1B,Cancer/Self antigen,-0.7445845778708446
VDJdb,CASSRTGGLETQYF,IE1,Cytomegalovirus (CMV),2.751462671005367
VDJdb,CASSRTGGPGELFF,CTAG1B,Cancer/Self antigen,2.6206906239638266
VDJdb,CASSRTGGPYEQYF,GAG,SIV,1.715953868464406
VDJdb,CASSRTGGRETQYF,GAG,SIV,1.7053007983983457
VDJdb,CASSRTGGSGELFF,CTAG1B,Cancer/Self antigen,1.988834604756205
VDJdb,CASSRTGGTGELFF,CTAG1B,Cancer/Self antigen,2.081534248863062
VDJdb,CASSRTGGVGYTF,Spike,COVID-19 / SARS-CoV-2 / SARS-CoV,1.953089219928796
VDJdb,CASSRTGGWETQYF,IE1,Cytomegalovirus (CMV),1.019418799643835
VDJdb,CASSRTGLNTEAFF,IE1,Cytomegalovirus (CMV),0.9231863137465626
VDJdb,CASSRTGLTGELFF,CTAG1B,Cancer/Self antigen,1.308375194523629
VDJdb,CASSRTGNTGELFF,CTAG1B,Cancer/Self antigen,1.346173804999684
VDJdb,CASSRTGSTGELFF,CTAG1B,Cancer/Self antigen,1.575261167187428
VDJdb,CASSRTGTSYEQYF,M1,Influenza,-0.7226644462587304
VDJdb,CASSRTGTSYEQYF,ebna4,EBV,-0.7226644462587304
VDJdb,CASSRTGTSYEQYF,BZLF1,EBV,-0.7226644462587304
VDJdb,CASSRTGTTGELFF,CTAG1B,Cancer/Self antigen,4.258348396678453
VDJdb,CASSRTGVSTDTQYF,EBNA3B,EBV,1.597654889053573
VDJdb,CASSRTSENTGELFF,GLUTEN,Celiac disease,-2.364783247004929
VDJdb,CASSRTSGNEQFF,M1,Influenza,-0.6690049718380683
VDJdb,CASSRTSSYNEQFF,PTPRN,T1D,-0.8467660376024038
VDJdb,CASSRVGNTGELFF,CTAG1B,Cancer/Self antigen,-0.9191135805035344
VDJdb,CASSSAGGTGELFF,CTAG1B,Cancer/Self antigen,-0.6297540779852994
VDJdb,CASSSAGNTGELFF,CTAG1B,Cancer/Self antigen,2.084249772628233
VDJdb,CASSSASNTEAFF,BZLF1,EBV,3.8885388807215686
VDJdb,CASSSDGLNTEAFF,LMP2,EBV,-0.588547896865085
VDJdb,CASSSDGMNTEAFF,LMP2,EBV,0.5923485430824585
VDJdb,CASSSDGNEQFF,MLANA,Cancer/Self antigen,-2.029824095234153
VDJdb,CASSSDGNSPLHF,G6PC2,T1D,1.015057017558052
VDJdb,CASSSDRGSSPLHF,NS3,Dengue virus,1.474907180224967
VDJdb,CASSSDRNYGYTF,GLIADIN,TriticumAestivum,0.969679033884984
VDJdb,CASSSDSGNTIYF,SLC30A8,T1D,0.4984676211101344
VDJdb,CASSSDSNQPQHF,NS3,Hepatitis C virus (HCV),1.1054414235866508
VDJdb,CASSSDTGELFF,WT1,Cancer/Self antigen,-1.081451463773925
VDJdb,CASSSEGYEQYF,TUBB3,Mouse (Mus musculus),-0.561398347112417
VDJdb,CASSSGAEAFF,IE1,Cytomegalovirus (CMV),-4.136796636908361
VDJdb,CASSSGAGDTQYF,IE1,Cytomegalovirus (CMV),-2.823082964204845
VDJdb,CASSSGAPYGYTF,Spike,COVID-19 / SARS-CoV-2 / SARS-CoV,4.309900580974004
VDJdb,CASSSGDTGELFF,BZLF1,EBV,-5.261329353066449
VDJdb,CASSSGGARETQYF,MLANA,Cancer/Self antigen,0.8377207290385874
VDJdb,CASSSGGDTGELFF,CTAG1B,Cancer/Self antigen,-0.7983444303615468
VDJdb,CASSSGGDYNEQFF,IE1,Cytomegalovirus (CMV),-4.359162586726127
VDJdb,CASSSGGEQYF,IE1,Cytomegalovirus (CMV),-0.3691130342457874
VDJdb,CASSSGGEQYF,PA,Influenza,-0.3691130342457874
VDJdb,CASSSGGGDTQYF,PB1,Influenza,0.7148818715810986
VDJdb,CASSSGGGNEQFF,CDK4,Cancer/Self antigen,-0.8067582176838227
VDJdb,CASSSGGLGYTF,Spike,COVID-19 / SARS-CoV-2 / SARS-CoV,-0.7271433305624202
VDJdb,CASSSGGMNTEAFF,EBNA3B,EBV,-0.720353768699344
VDJdb,CASSSGGNEKLFF,RV1734C,M. tuberculosis,1.164815530773709
VDJdb,CASSSGGRTGELFF,IE1,Cytomegalovirus (CMV),2.243328006840794
VDJdb,CASSSGGSQPQHF,IE1,Cytomegalovirus (CMV),-0.3731970949064669
VDJdb,CASSSGGSTGELFF,CTAG1B,Cancer/Self antigen,1.4609092537288522
VDJdb,CASSSGGTQYF,GAG,SIV,1.4137757044286865
VDJdb,CASSSGLAGAGEQFF,EBNA3B,EBV,2.8817393637065747
VDJdb,CASSSGLAGGNEQFF,M1,Influenza,-0.3266946637784977
VDJdb,CASSSGLAGGNEQFF,ebna4,EBV,-0.3266946637784977
VDJdb,CASSSGLAGGPYNEQFF,Orf1ab,COVID-19 / SARS-CoV-2 / SARS-CoV,1.3481723529147014
VDJdb,CASSSGLAGPYNEQFF,EBNA3B,EBV,1.2939933608626766
VDJdb,CASSSGLAGVNEQFF,M1,Influenza,1.0225351977183434
VDJdb,CASSSGLAGVNEQFF,EBNA3A,EBV,1.0225351977183434
VDJdb,CASSSGNTGELFF,Nef,HIV / Human immunodeficiency virus (HIV),-0.4570918390587668
VDJdb,CASSSGNTIYF,G6PC2,T1D,0.7997102969264008
VDJdb,CASSSGPAYEQYF,EBNA3A,EBV,-1.3651741282407095
VDJdb,CASSSGPGDTQYF,IE1,Cytomegalovirus (CMV),-1.5926539705417957
VDJdb,CASSSGPSSYNEQFF,IE1,Cytomegalovirus (CMV),-1.2758181328488616
VDJdb,CASSSGPTEAFF,ebna4,EBV,-3.27603380344794
VDJdb,CASSSGQENEKLFF,BZLF1,EBV,3.1979295645004573
VDJdb,CASSSGQGDNEQFF,BMLF1,EBV,0.9274111829587248
VDJdb,CASSSGQGGTDTQYF,IE1,Cytomegalovirus (CMV),1.6188216043864112
VDJdb,CASSSGQGNEQYF,MLANA,Cancer/Self antigen,-0.518367966984433
VDJdb,CASSSGQGVYEQYF,Nucleocapsid,COVID-19 / SARS-CoV-2 / SARS-CoV,-0.5135579145734821
VDJdb,CASSSGQGYYNEQFF,IE1,Cytomegalovirus (CMV),3.356208570717676
VDJdb,CASSSGQINQPQHF,EBNA3A,EBV,1.1043124498842367
VDJdb,CASSSGQKNTEAFF,RV1518,M. tuberculosis,-0.6082262852028163
VDJdb,CASSSGQPEAFF,IE1,Cytomegalovirus (CMV),-2.704535220390482
VDJdb,CASSSGQSNQPQHF,Nucleocapsid,COVID-19 / SARS-CoV-2 / SARS-CoV,-0.6073404259652566
VDJdb,CASSSGRGDTQYF,PB1,Influenza,3.166424633689782
VDJdb,CASSSGRGDTQYF,IE1,Cytomegalovirus (CMV),3.166424633689782
VDJdb,CASSSGRVNTEAFF,PGT,Human (Homo sapiens),1.0644754710532591
VDJdb,CASSSGRYTEAFF,APOB,Human (Homo sapiens),-1.909812958816409
VDJdb,CASSSGSGDTQYF,IE1,Cytomegalovirus (CMV),2.442689041067547
VDJdb,CASSSGSYEQYF,NS3,Dengue virus,0.1776029161401757
VDJdb,CASSSGSYEQYF,SLC30A8,T1D,0.1776029161401757
VDJdb,CASSSGTAAYEQYF,EBNA3A,EBV,-0.9629714619349944
VDJdb,CASSSGTAYNEQFF,M1,Influenza,0.3850127793625215
VDJdb,CASSSGTDTYEQYF,PGT,Human (Homo sapiens),-2.908284737250079
VDJdb,CASSSGTGDTQYF,IE1,Cytomegalovirus (CMV),-2.720556126705717
VDJdb,CASSSGTGGTQYF,IE1,Cytomegalovirus (CMV),3.556361464437575
VDJdb,CASSSGTGSPLHF,MLANA,Cancer/Self antigen,-2.021852364743325
VDJdb,CASSSGTGTYEQYF,IE1,Cytomegalovirus (CMV),0.3043907931430636
VDJdb,CASSSGTNEKLFF,RV1518,M. tuberculosis,-1.186531355881293
VDJdb,CASSSGTSGGAGETQYF,ebna4,EBV,2.928801196403852
VDJdb,CASSSGVGYEQYF,MLANA,Cancer/Self antigen,-2.04601160259707
VDJdb,CASSSGVNTGELFF,NS3,Dengue virus,-0.5459371170949014
VDJdb,CASSSGVTDTQYF,IE1,Cytomegalovirus (CMV),0.8242497055299782
VDJdb,CASSSHGNQPQHF,EBNA3B,EBV,-1.613003138184669
VDJdb,CASSSLAGGGTGELFF,CTAG1B,Cancer/Self antigen,1.950608999019404
VDJdb,CASSSLAGGLTGELFF,CTAG1B,Cancer/Self antigen,1.8164711797898527
VDJdb,CASSSLAGGPTGELFF,CTAG1B,Cancer/Self antigen,1.690211537447321
VDJdb,CASSSLAGGRTGELFF,CTAG1B,Cancer/Self antigen,1.809651406504752
VDJdb,CASSSLATSTDTQYF,pp65,Cytomegalovirus (CMV),2.908276567576667
VDJdb,CASSSLGDTGELFF,CTAG1B,Cancer/Self antigen,2.729393980906527
VDJdb,CASSSLGGTGELFF,CTAG1B,Cancer/Self antigen,-0.6568917457756339
VDJdb,CASSSLGNTGELFF,CTAG1B,Cancer/Self antigen,2.022386372119356
VDJdb,CASSSLNSPLHF,BZLF1,EBV,1.1609466548073384
VDJdb,CASSSLTDTQYF,Orf1ab,COVID-19 / SARS-CoV-2 / SARS-CoV,0.6190526096942002
VDJdb,CASSSLTNTEAFF,BZLF1,EBV,1.9852124522776728
VDJdb,CASSSMNTEAFF,VP2,RotavirusA,-0.8418821728384476
VDJdb,CASSSPDTQYF,PA,Influenza,0.652709435007983
VDJdb,CASSSPGEQYF,PA,Influenza,-0.3904989303525173
VDJdb,CASSSPGGNTIYF,MLANA,Cancer/Self antigen,1.5748730527547126
VDJdb,CASSSPGQDYGYTF,BMLF1,EBV,-1.086342694215453
VDJdb,CASSSPGQLYEQYF,BRLF1,EBV,-1.3012669600751965
VDJdb,CASSSPGQMNTEAFF,IE1,Cytomegalovirus (CMV),-0.9593578018106874
VDJdb,CASSSPGSTEAFF,IE1,Cytomegalovirus (CMV),-1.2163908188634784
VDJdb,CASSSPGTGNSPLHF,Nucleocapsid,COVID-19 / SARS-CoV-2 / SARS-CoV,-0.9262036654791028
VDJdb,CASSSPGTGTYEQYF,MLANA,Cancer/Self antigen,0.9946719180238895
VDJdb,CASSSPGTSGTYEQYF,BZLF1,EBV,1.2271374153942696
VDJdb,CASSSPSGGYNEQFF,MLANA,Cancer/Self antigen,1.6808234522127328
VDJdb,CASSSPSLNTEAFF,IE62,VZV,1.5289625232458754
VDJdb,CASSSQGAQGYTF,SLC30A8,T1D,3.0472620756804227
VDJdb,CASSSQGASYNEQFF,BZLF1,EBV,2.6546749888476824
VDJdb,CASSSQGGEQYF,Nucleocapsid,COVID-19 / SARS-CoV-2 / SARS-CoV,0.424011516548413
VDJdb,CASSSQGGNYGYTF,LMP2,EBV,1.5639536587931642
VDJdb,CASSSQGLGNTIYF,MLANA,Cancer/Self antigen,-1.0850903052939258
VDJdb,CASSSQGNGYTF,SLC30A8,T1D,1.3865613566123742
VDJdb,CASSSQGVGNTIYF,MLANA,Cancer/Self antigen,2.5438787118273853
VDJdb,CASSSRAGETQYF,M1,Influenza,0.6968979951034837
VDJdb,CASSSRAQETQYF,Spike,COVID-19 / SARS-CoV-2 / SARS-CoV,1.4107784719606444
VDJdb,CASSSRATDTQYF,M1,Influenza,-1.185429717125012
VDJdb,CASSSRDRGTYEQYF,Spike,COVID-19 / SARS-CoV-2 / SARS-CoV,-1.90204732895618
VDJdb,CASSSRGDYGYTF,Spike,COVID-19 / SARS-CoV-2 / SARS-CoV,0.5145122942223687
VDJdb,CASSSRGGDGYTF,Spike,COVID-19 / SARS-CoV-2 / SARS-CoV,-1.7802903218877908
VDJdb,CASSSRGGTYEQYF,EBNA3A,EBV,-1.055736504983324
VDJdb,CASSSRGRYEQYF,RV1518,M. tuberculosis,-2.961881700518713
VDJdb,CASSSRGYNEQFF,EBNA3A,EBV,-1.6926453126046055
VDJdb,CASSSRHTEAFF,IE1,Cytomegalovirus (CMV),-2.1481245732584275
VDJdb,CASSSRLAGQETQYF,Nucleocapsid,COVID-19 / SARS-CoV-2 / SARS-CoV,2.4873843732899377
VDJdb,CASSSRLAGSTDTQYF,IE1,Cytomegalovirus (CMV),-0.5877537547465846
VDJdb,CASSSRLATDTQYF,BZLF1,EBV,1.2734919760953145
VDJdb,CASSSRQAYEQYF,EBNA3A,EBV,-1.7794762247710842
VDJdb,CASSSRQGPYEQYF,Spike,COVID-19 / SARS-CoV-2 / SARS-CoV,0.8773903476400675
VDJdb,CASSSRQGSPLHF,Spike,COVID-19 / SARS-CoV-2 / SARS-CoV,1.771644599096716
VDJdb,CASSSRQNTEAFF,PGT,Human (Homo sapiens),0.5321181990955534
VDJdb,CASSSRSGYEQYF,ebna4,EBV,-2.629594933268359
VDJdb,CASSSRSSYEQYF,M1F5L,synthetic,0.4729727217442187
VDJdb,CASSSRTGAETQYF,Spike,COVID-19 / SARS-CoV-2 / SARS-CoV,2.117298197508209
VDJdb,CASSSRTSGAYEQYF,IE1,Cytomegalovirus (CMV),1.0312447825169744
VDJdb,CASSSSDTQYF,EBNA1,EBV,0.24395848164801
VDJdb,CASSSSGANVLTF,M1,Influenza,1.1813922898958542
VDJdb,CASSSSGATGELFF,CTAG1B,Cancer/Self antigen,1.2042316968108362
VDJdb,CASSSSGDTGELFF,CTAG1B,Cancer/Self antigen,0.970637050563904
VDJdb,CASSSSGGAGELFF,M1,Influenza,-1.005780465217383
VDJdb,CASSSSGGAGELFF,CTAG1B,Cancer/Self antigen,-1.005780465217383
VDJdb,CASSSSGGDNEQFF,IE1,Cytomegalovirus (CMV),1.3766840373067484
VDJdb,CASSSSGGTGELFF,CTAG1B,Cancer/Self antigen,2.8708487003866447
VDJdb,CASSSSGNTGELFF,CTAG1B,Cancer/Self antigen,2.0753750103387514
VDJdb,CASSSSGQETQYF,PTPRN,T1D,2.112584694140581
VDJdb,CASSSSGRDTQYF,NP,Influenza,1.055353852944943
VDJdb,CASSSSGSTEAFF,IE1,Cytomegalovirus (CMV),-2.4787294894597487
VDJdb,CASSSSGSTGELFF,NS3,Hepatitis C virus (HCV),2.707868522874363
VDJdb,CASSSSGSTGELFF,CTAG1B,Cancer/Self antigen,2.707868522874363
VDJdb,CASSSSGYTGELFF,CTAG1B,Cancer/Self antigen,1.07654401937409
VDJdb,CASSSSSYNEQFF,NP,Influenza,-0.2949813582372507
VDJdb,CASSSSYEQYF,GAD2,T1D,1.835978953642818
VDJdb,CASSSSYEQYF,IE1,Cytomegalovirus (CMV),1.835978953642818
VDJdb,CASSSSYSGNTIYF,Nucleocapsid,COVID-19 / SARS-CoV-2 / SARS-CoV,1.371848320911564
VDJdb,CASSSTAQETQYF,GLIADIN,TriticumAestivum,2.763564006444888
VDJdb,CASSSTATNEKLFF,NS3,Hepatitis C virus (HCV),-0.5810198430262162
VDJdb,CASSSTAYNEQFF,G6PC2,T1D,-1.8670444356144107
VDJdb,CASSSTDTQYF,MLANA,Cancer/Self antigen,1.675110083706785
VDJdb,CASSSTGAGNQPQHF,BZLF1,EBV,1.6231727042748958
VDJdb,CASSSTGATGELFF,CTAG1B,Cancer/Self antigen,1.2519163093614782
VDJdb,CASSSTGELFF,PLA2G6,Human (Homo sapiens),-0.3378161929475182
VDJdb,CASSSTGELFF,PTPRN,T1D,-0.3378161929475182
VDJdb,CASSSTGGAGELFF,CTAG1B,Cancer/Self antigen,3.643129469755906
VDJdb,CASSSTGGDYGYTF,PGT,Human (Homo sapiens),-0.4139362477728545
VDJdb,CASSSTGGPGELFF,CTAG1B,Cancer/Self antigen,4.422298339784955
VDJdb,CASSSTGGSGELFF,CTAG1B,Cancer/Self antigen,-1.1807546580334
VDJdb,CASSSTGGTGELFF,CTAG1B,Cancer/Self antigen,-0.4703716995907021
VDJdb,CASSSTGGVGYTF,IE1,Cytomegalovirus (CMV),1.5852770990645202
VDJdb,CASSSTGLGNTIYF,MLANA,Cancer/Self antigen,-1.3958793816009476
VDJdb,CASSSTGLTGELFF,CTAG1B,Cancer/Self antigen,1.3153829440139413
VDJdb,CASSSTGNEQFF,IE1,Cytomegalovirus (CMV),-1.816973195536142
VDJdb,CASSSTGNTEAFF,RV1518,M. tuberculosis,1.134601885084899
VDJdb,CASSSTGNTGELFF,CTAG1B,Cancer/Self antigen,0.4305177832884487
VDJdb,CASSSTGNTIYF,SLC30A8,T1D,-0.5357657991413359
VDJdb,CASSSTGSGELFF,EBNA3A,EBV,-0.9145800129635508
VDJdb,CASSSTGSTGELFF,CTAG1B,Cancer/Self antigen,-1.2851525359423452
VDJdb,CASSSTGVGYTF,EBNA3A,EBV,0.8297615297574681
VDJdb,CASSSTGVTGELFF,CTAG1B,Cancer/Self antigen,1.3747918077248815
VDJdb,CASSSTGVYEQYF,GPC,LCMV,-1.3281271893622086
VDJdb,CASSSTGYTGELFF,CTAG1B,Cancer/Self antigen,1.159164706883582
VDJdb,CASSSTSGPYNEQFF,BZLF1,EBV,-2.0158198870087607
VDJdb,CASSSTSGRADTQYF,Orf1ab,COVID-19 / SARS-CoV-2 / SARS-CoV,-3.250329336512622
VDJdb,CASSSTSGSTDTQYF,GAD2,T1D,0.4536180133480053
VDJdb,CASSSTSGVTDTQYF,Orf1ab,COVID-19 / SARS-CoV-2 / SARS-CoV,-0.8397768036450963
VDJdb,CASSSTSTDTQYF,M1,Influenza,0.5305324573009546
VDJdb,CASSSVGGTGELFF,CTAG1B,Cancer/Self antigen,-1.848169576224569
VDJdb,CASSSVGNTGELFF,CTAG1B,Cancer/Self antigen,2.09102619875055
VDJdb,CASSSVNSNQPQHF,ebna4,EBV,1.816626453342566
VDJdb,CASSSWTGMNTEAFF,MLANA,Cancer/Self antigen,-1.104638807055926
VDJdb,CASSSYEQYF,PGT,Human (Homo sapiens),-0.3451291372191478
VDJdb,CASSSYEQYF,PA,Influenza,-0.3451291372191478
VDJdb,CASSSYGTDTQYF,M1,Influenza,-1.455823326938804
VDJdb,CASSSYRGTNEKLFF,TAT,SIV,1.0768977724704265
VDJdb,CASSSYSNQPQHF,M1,Influenza,1.0372978012843477
VDJdb,CASSSYSTDTQYF,EBNA3B,EBV,0.8212601827063498
VDJdb,CASSSYSYEQYF,M1,Influenza,-1.089018219284502
VDJdb,CASSTAGGSYEQYF,IE1,Cytomegalovirus (CMV),1.0287784090539236
VDJdb,CASSTGARGYTF,GFAP,Human (Homo sapiens),-4.680502923418114
VDJdb,CASSTGAYNEQFF,M1,Influenza,-0.7856258344181959
VDJdb,CASSTGDEQYF,PA,Influenza,-2.204151995070664
VDJdb,CASSTGGAYEQYF,PB1,Influenza,1.1260359013728016
VDJdb,CASSTGGEQYF,PA,Influenza,-0.7730386689066836
VDJdb,CASSTGGNTEAFF,RV1518,M. tuberculosis,0.3708589753089736
VDJdb,CASSTGGTDTQYF,M1,Influenza,-0.6625609312693204
VDJdb,CASSTGGYTEAFF,RV1734C,M. tuberculosis,-1.385815952898076
VDJdb,CASSTGLGSYEQYF,NP,Influenza,1.562056203475363
VDJdb,CASSTGLSGNTIYF,ebna4,EBV,0.7765551518582514
VDJdb,CASSTGQGARETQYF,M,COVID-19 / SARS-CoV-2 / SARS-CoV,3.2345783571624933
VDJdb,CASSTGQGSNQPQHF,IE1,Cytomegalovirus (CMV),1.1822216753851005
VDJdb,CASSTGRNYGYTF,M1,Influenza,0.9452093955105964
VDJdb,CASSTGTAAYEQYF,ebna4,EBV,-1.7247402777019136
VDJdb,CASSTGTASNQPQHF,M1,Influenza,-1.7072561179463648
VDJdb,CASSTGTATNEKLFF,IE1,Cytomegalovirus (CMV),-2.3917882284431498
VDJdb,CASSTGTGGSYEQYF,APOB,Human (Homo sapiens),-0.4740119352767205
VDJdb,CASSTGTGNNEQFF,EBNA3B,EBV,-1.4012277433058662
VDJdb,CASSTGTLYEQYF,EBNA1,EBV,1.300395201399847
VDJdb,CASSTGTLYGYTF,M1,Influenza,0.680999441970654
VDJdb,CASSTGTSGYNEQFF,IE1,Cytomegalovirus (CMV),-1.2700273460580669
VDJdb,CASSTGTTYEQYF,RV1518,M. tuberculosis,-1.3985598178269916
VDJdb,CASSTGTTYEQYF,PB1,Influenza,-1.3985598178269916
VDJdb,CASSTGVGNQPQHF,GAD2,T1D,1.72858356213144
VDJdb,CASSTGVSYEQYF,NS3,Dengue virus,-1.8628065945744376
VDJdb,CASSTLAGGQETQYF,M1,Influenza,-1.4727658089891624
VDJdb,CASSTLAGGTDTQYF,PGT,Human (Homo sapiens),1.5459325515812794
VDJdb,CASSTLAGTYNEQFF,M1,Influenza,3.213986523121356
VDJdb,CASSTQENTEAFF,CORE,Hepatitis C virus (HCV),1.9843043762418493
VDJdb,CASSTQETQYF,GFAP,Human (Homo sapiens),0.7739982037562214
VDJdb,CASSTRATNEKLFF,Orf1ab,COVID-19 / SARS-CoV-2 / SARS-CoV,2.158063215396857
VDJdb,CASSTRDRNTEAFF,Nef,HIV / Human immunodeficiency virus (HIV),0.8994565744156794
VDJdb,CASSTRSSYEQYF,PB1,Influenza,-2.88400548878444
VDJdb,CASSTSGGTGELFF,CTAG1B,Cancer/Self antigen,1.622036990107656
VDJdb,CASSTSGSTGELFF,CTAG1B,Cancer/Self antigen,-3.030405951865527
VDJdb,CASSTSTDTQYF,Nucleocapsid,COVID-19 / SARS-CoV-2 / SARS-CoV,1.3417493745537952
VDJdb,CASSTTGGNGYTF,Spike,COVID-19 / SARS-CoV-2 / SARS-CoV,1.7511141268495618
VDJdb,CASSTTGGSGYTF,E7,HPV,2.2200638367383005
VDJdb,CASSTTGGSPLHF,Spike,COVID-19 / SARS-CoV-2 / SARS-CoV,1.6192651706154852
VDJdb,CASSTTGGTGELFF,CTAG1B,Cancer/Self antigen,2.3929349446156376
VDJdb,CASSTTGSGNTIYF,PGT,Human (Homo sapiens),1.3593141592823397
VDJdb,CASSTTGSTGELFF,CTAG1B,Cancer/Self antigen,-1.582228454260906
VDJdb,CASSTTMNTEAFF,EBNA3A,EBV,-2.8770688936748043
VDJdb,CASSTYYNEQFF,PGT,Human (Homo sapiens),-2.513723031897654
VDJdb,CASSVAGATYEQYF,CSP,PlasmodiumFalciparum,-1.9082790709621456
VDJdb,CASSVAGDTGELFF,CTAG1B,Cancer/Self antigen,-2.811746760385149
VDJdb,CASSVAGGAGELFF,CTAG1B,Cancer/Self antigen,-1.0693683887017067
VDJdb,CASSVAGGDTGELFF,M1,Influenza,-1.0356411091841111
VDJdb,CASSVAGGNEQFF,EBNA3A,EBV,-0.6274385440773376
VDJdb,CASSVAGNTGELFF,CTAG1B,Cancer/Self antigen,-0.3389918971599522
VDJdb,CASSVAGSTGELFF,CTAG1B,Cancer/Self antigen,-2.254555510761524
VDJdb,CASSVASNQPQHF,EBNA3A,EBV,-1.9508530247437168
VDJdb,CASSVAYEQYF,Orf1ab,COVID-19 / SARS-CoV-2 / SARS-CoV,1.2801272754915
VDJdb,CASSVDPGNTEAFF,NP,Influenza,-2.387402666288768
VDJdb,CASSVDRGGYTF,IE1,Cytomegalovirus (CMV),1.7993926421738204
VDJdb,CASSVDRGYNEQFF,IAPP,T1D,-1.2332634157367064
VDJdb,CASSVDRTYEQYF,IE1,Cytomegalovirus (CMV),-1.38327418909148
VDJdb,CASSVDSYQPQHF,APOB,Human (Homo sapiens),-2.3150235928295446
VDJdb,CASSVEGDSPLHF,BRLF1,EBV,1.9333873847835257
VDJdb,CASSVESGELFF,MLANA,Cancer/Self antigen,-2.9078405958791764
VDJdb,CASSVGAASTDTQYF,RV1518,M. tuberculosis,1.6474445159454785
VDJdb,CASSVGAGEQFF,MLANA,Cancer/Self antigen,-2.06622426897514
VDJdb,CASSVGAGETQYF,BMLF1,EBV,1.5489583300905827
VDJdb,CASSVGAGNTIYF,GP160,HIV / Human immunodeficiency virus (HIV),-1.1652887992794851
VDJdb,CASSVGDEQYF,NS3,Dengue virus,-3.1672409677464617
VDJdb,CASSVGDSNSPLHF,P3A,CoxsackievirusB,-2.03137032501196
VDJdb,CASSVGGDTGELFF,CTAG1B,Cancer/Self antigen,-1.71727781766934
VDJdb,CASSVGGEQFF,NS3,Dengue virus,-1.817346332221812
VDJdb,CASSVGGGLYNEQFF,PTPRN,T1D,-3.197087227330853
VDJdb,CASSVGGGTGELFF,CTAG1B,Cancer/Self antigen,-4.736451996662547
VDJdb,CASSVGGLGYTF,Spike,COVID-19 / SARS-CoV-2 / SARS-CoV,-6.407491619225393
VDJdb,CASSVGGNTEAFF,MLANA,Cancer/Self antigen,0.940805575566756
VDJdb,CASSVGGNTEAFF,NP,Influenza,0.940805575566756
VDJdb,CASSVGGRTGELFF,PMEL,Cancer/Self antigen,1.5437728390774057
VDJdb,CASSVGGSGYEQYF,EBNA3B,EBV,-4.312150312298627
VDJdb,CASSVGGSGYEQYF,IE1,Cytomegalovirus (CMV),-4.312150312298627
VDJdb,CASSVGGSTGELFF,CTAG1B,Cancer/Self antigen,-0.9939683847690638
VDJdb,CASSVGLAGGNEQFF,IE1,Cytomegalovirus (CMV),-1.1333599828394028
VDJdb,CASSVGLAGNEQFF,Nucleocapsid,COVID-19 / SARS-CoV-2 / SARS-CoV,0.4891222245133101
VDJdb,CASSVGLAGQETQYF,APOB,Human (Homo sapiens),-0.9988361953068569
VDJdb,CASSVGLSYEQYF,ebna4,EBV,-2.805380271661998
VDJdb,CASSVGQGSSYEQYF,pp50,Cytomegalovirus (CMV),-0.8179545563194593
VDJdb,CASSVGQGYEQYF,MLANA,Cancer/Self antigen,-1.3779498540118789
VDJdb,CASSVGQNTEAFF,GFAP,Human (Homo sapiens),1.200267423476803
VDJdb,CASSVGSGYEQYF,G6PC2,T1D,-4.349437539173248
VDJdb,CASSVGSYNEQFF,MUC1,Cancer/Self antigen,-0.4955911382521399
VDJdb,CASSVGTEAFF,PGT,Human (Homo sapiens),-1.407205184239392
VDJdb,CASSVGTGNGYTF,MLANA,Cancer/Self antigen,-2.938764213378625
VDJdb,CASSVGTGSNQPQHF,IE1,Cytomegalovirus (CMV),-1.4895400202799531
VDJdb,CASSVGTGYEQYF,IE1,Cytomegalovirus (CMV),-2.5983062394706766
VDJdb,CASSVGTSGGNEQFF,IE1,Cytomegalovirus (CMV),-2.4500836494814595
VDJdb,CASSVGVGQPQHF,APOB,Human (Homo sapiens),-3.152550780164131
VDJdb,CASSVGYTGELFF,PGT,Human (Homo sapiens),-1.0982815922576008
VDJdb,CASSVLAASTDTQYF,EBNA3A,EBV,1.5949304321811129
VDJdb,CASSVLAGAYNEQFF,M1,Influenza,-0.471067549381258
VDJdb,CASSVLGGTGELFF,CTAG1B,Cancer/Self antigen,2.317182148925495
VDJdb,CASSVLGNTGELFF,CTAG1B,Cancer/Self antigen,3.4591861960730923
VDJdb,CASSVQANTEAFF,M1,Influenza,1.7718730980842592
VDJdb,CASSVQGGNYGYTF,LMP2,EBV,1.133886034917427
VDJdb,CASSVQGGTEAFF,SLC30A8,T1D,1.3477405204091897
VDJdb,CASSVQGTTEAFF,SLC30A8,T1D,-3.637486332623436
VDJdb,CASSVQSSGNTIYF,RV1734C,M. tuberculosis,-0.9311766224063792
VDJdb,CASSVRGDTQYF,IE1,Cytomegalovirus (CMV),1.5857330487852224
VDJdb,CASSVRSQETQYF,M1,Influenza,1.3798705140137173
VDJdb,CASSVRSTDTQYF,GLIADIN,TriticumAestivum,-1.5698591397398372
VDJdb,CASSVRSTDTQYF,GLUTEN,Celiac disease,-1.5698591397398372
VDJdb,CASSVSDTQYF,Nucleocapsid,COVID-19 / SARS-CoV-2 / SARS-CoV,-1.110131181141104
VDJdb,CASSVSGGTGELFF,CTAG1B,Cancer/Self antigen,-1.2585879512044431
VDJdb,CASSVSGSTGELFF,CTAG1B,Cancer/Self antigen,1.4551776083451955
VDJdb,CASSVSYGYTF,Orf1ab,COVID-19 / SARS-CoV-2 / SARS-CoV,0.6311649878606365
VDJdb,CASSVTGDTGELFF,CTAG1B,Cancer/Self antigen,-1.992354005128852
VDJdb,CASSVTGGNGYTF,Spike,COVID-19 / SARS-CoV-2 / SARS-CoV,-1.7160308382477778
VDJdb,CASSVTGGTDTQYF,pp65,Cytomegalovirus (CMV),2.0077964675362163
VDJdb,CASSVTGGTGELFF,CTAG1B,Cancer/Self antigen,1.2041291611482523
VDJdb,CASSVTGGYGYTF,Spike,COVID-19 / SARS-CoV-2 / SARS-CoV,-0.5049724233624697
VDJdb,CASSVTGSTGELFF,CTAG1B,Cancer/Self antigen,-3.2003445757689457
VDJdb,CASSVTGTEAFF,GFAP,Human (Homo sapiens),-2.9011434503440494
VDJdb,CASSVTSGSSYEQYF,NS3,Hepatitis C virus (HCV),-2.734202019357081
VDJdb,CASSVVDNEQFF,EBNA3B,EBV,-2.680836362378903
VDJdb,CASSVVGDTGELFF,CTAG1B,Cancer/Self antigen,1.7167202836468851
VDJdb,CASSVVGGTGELFF,CTAG1B,Cancer/Self antigen,1.6595809607755614
VDJdb,CASSVVGNTGELFF,CTAG1B,Cancer/Self antigen,-0.5185722282949036
VDJdb,CASSVVGSTGELFF,CTAG1B,Cancer/Self antigen,1.9832733797474795
VDJdb,CASSVVGTEAFF,M,COVID-19 / SARS-CoV-2 / SARS-CoV,2.0344871969199025
VDJdb,CASSVVSGNTIYF,Nucleocapsid,COVID-19 / SARS-CoV-2 / SARS-CoV,-1.8782217672113104
VDJdb,CASSVVSGTGELFF,CTAG1B,Cancer/Self antigen,2.798261102943792
VDJdb,CASSVYYEQYF,BRLF1,EBV,1.4805601042962475
VDJdb,CASSWAGGTGELFF,CTAG1B,Cancer/Self antigen,1.5832885555897778
VDJdb,CASSWAGGYEQYF,SLC30A8,T1D,-2.601910458519866
VDJdb,CASSWAGNTGELFF,CTAG1B,Cancer/Self antigen,1.395866534992141
VDJdb,CASSWAYNEQFF,INS,T1D,1.5025593426878256
VDJdb,CASSWDRGEQYF,NP,Influenza,0.8422642538375161
VDJdb,CASSWDRGEQYF,PA,Influenza,0.8422642538375161
VDJdb,CASSWDRGREQYF,M139,Cytomegalovirus (CMV),1.508307006170086
VDJdb,CASSWDRGRTEAFF,SLC30A8,T1D,0.8913329238818938
VDJdb,CASSWDSNSPLHF,IE1,Cytomegalovirus (CMV),-2.0787402662991568
VDJdb,CASSWGAYGYTF,M1,Influenza,1.5389870532441745
VDJdb,CASSWGDEQYF,PA,Influenza,-2.224964412557219
VDJdb,CASSWGDTQYF,IE1,Cytomegalovirus (CMV),-1.272113570291955
VDJdb,CASSWGGDTGELFF,CTAG1B,Cancer/Self antigen,1.5625437887879543
VDJdb,CASSWGGEQYF,PA,Influenza,-2.431082243578424
VDJdb,CASSWGGGTGELFF,CTAG1B,Cancer/Self antigen,1.665899175911036
VDJdb,CASSWGGNTGELFF,CTAG1B,Cancer/Self antigen,1.180395962147444
VDJdb,CASSWGGRNTEAFF,IE1,Cytomegalovirus (CMV),2.3343005496566587
VDJdb,CASSWGGSNQPQHF,VP3,RotavirusA,-0.800147802637035
VDJdb,CASSWGLYNEQFF,Nucleocapsid,COVID-19 / SARS-CoV-2 / SARS-CoV,-3.023350805048438
VDJdb,CASSWGNEQYF,PA,Influenza,-2.6823278686556264
VDJdb,CASSWGPEQYF,EBNA3A,EBV,1.6708504394367791
VDJdb,CASSWGPGELFF,PGT,Human (Homo sapiens),-1.4923979012565267
VDJdb,CASSWGQMNTEAFF,MLANA,Cancer/Self antigen,-1.325370257741994
VDJdb,CASSWGSDTQYF,NS3,Dengue virus,-1.078868357082149
VDJdb,CASSWGSEQYF,PA,Influenza,-5.677047513386517
VDJdb,CASSWGSMNTEAFF,PTPRN,T1D,-1.6740628604008565
VDJdb,CASSWGSYNEQFF,PGT,Human (Homo sapiens),-1.250504895204923
VDJdb,CASSWGTVNTEAFF,GAD2,T1D,1.2047236276396438
VDJdb,CASSWGVEQYF,PA,Influenza,-1.4875804914352029
VDJdb,CASSWGYEQYF,PGT,Human (Homo sapiens),-0.797043915179946
VDJdb,CASSWGYTGELFF,VP3,RotavirusA,-3.028553941681347
VDJdb,CASSWRSNQPQHF,M1,Influenza,2.05817588694318
VDJdb,CASSWRSTDTQYF,M1,Influenza,-1.5107027949136516
VDJdb,CASSWSYEQYF,EBNA3B,EBV,-2.884555996032613
VDJdb,CASSWTANTEAFF,INS,T1D,-0.3993653776956858
VDJdb,CASSWTASYEQYF,BRLF1,EBV,-4.381581763408372
VDJdb,CASSWTGGEQYF,M1,Influenza,-1.422044023220105
VDJdb,CASSWTGGETQYF,BZLF1,EBV,-0.8178188920807453
VDJdb,CASSWTGGSGNTIYF,Spike,COVID-19 / SARS-CoV-2 / SARS-CoV,0.843540479031194
VDJdb,CASSWTGGTGELFF,CTAG1B,Cancer/Self antigen,-0.6788089349609384
VDJdb,CASSWTGGYEQYF,IE1,Cytomegalovirus (CMV),-2.0347882988064883
VDJdb,CASSWTGMNTEAFF,M,COVID-19 / SARS-CoV-2 / SARS-CoV,-0.6439477639596177
VDJdb,CASSWTGSTGELFF,CTAG1B,Cancer/Self antigen,3.313483535866835
VDJdb,CASSWTGSYEQYF,BRLF1,EBV,-1.3905560771257317
VDJdb,CASSWTSGSSYEQYF,SLC30A8,T1D,-1.6394549306547028
VDJdb,CASSWTSGSYEQYF,Orf1ab,COVID-19 / SARS-CoV-2 / SARS-CoV,-0.5299753585777209
VDJdb,CASSYADTQYF,EBNA3A,EBV,-0.8926503810146559
VDJdb,CASSYAETQYF,M1,Influenza,-0.4894853528013262
VDJdb,CASSYAGGTGELFF,CTAG1B,Cancer/Self antigen,-1.9991453199539664
VDJdb,CASSYANTGELFF,Spike,COVID-19 / SARS-CoV-2 / SARS-CoV,-0.7301605170233143
VDJdb,CASSYDRGGYGYTF,G6PC2,T1D,0.9433869488081226
VDJdb,CASSYEQYF,pp65,Cytomegalovirus (CMV),-1.4988260717634714
VDJdb,CASSYGAEQFF,PA,Influenza,-8.454459190326764
VDJdb,CASSYGAGGYNEQFF,EBNA3A,EBV,-2.906280379751488
VDJdb,CASSYGAGSYEQYF,PTPRN,T1D,-3.827533829377301
VDJdb,CASSYGFNQPQHF,MLANA,Cancer/Self antigen,-2.417520054168921
VDJdb,CASSYGGDQPQHF,IAPP,T1D,-0.6615001763270085
VDJdb,CASSYGGDTEAFF,MLANA,Cancer/Self antigen,-1.2374917914900174
VDJdb,CASSYGGDTGELFF,PGT,Human (Homo sapiens),-0.9423875744340584
VDJdb,CASSYGGDTGELFF,CTAG1B,Cancer/Self antigen,-0.9423875744340584
VDJdb,CASSYGGDTQYF,Spike,COVID-19 / SARS-CoV-2 / SARS-CoV,-2.5307903027781142
VDJdb,CASSYGGGDTQYF,MLANA,Cancer/Self antigen,-2.8434610006132384
VDJdb,CASSYGGGEQYF,PA,Influenza,-1.9257626663421417
VDJdb,CASSYGGGTEAFF,IE1,Cytomegalovirus (CMV),-1.9941626202524536
VDJdb,CASSYGGGTGELFF,CTAG1B,Cancer/Self antigen,-1.1285719608049791
VDJdb,CASSYGGNQPQHF,MLANA,Cancer/Self antigen,0.4489911705341532
VDJdb,CASSYGGNQPQHF,IE1,Cytomegalovirus (CMV),0.4489911705341532
VDJdb,CASSYGGRTGELFF,CTAG1B,Cancer/Self antigen,3.0103384165297444
VDJdb,CASSYGGSTGELFF,CTAG1B,Cancer/Self antigen,-1.1101765428708985
VDJdb,CASSYGGYTEAFF,ebna4,EBV,-0.7933177292724505
VDJdb,CASSYGLYNEQFF,INS,T1D,-0.9875532621121144
VDJdb,CASSYGNEQYF,G6PC2,T1D,-7.34855229635718
VDJdb,CASSYGQAYEQYF,MLANA,Cancer/Self antigen,-0.8233633681086074
VDJdb,CASSYGQDYEQYF,RV1518,M. tuberculosis,-2.615528820853678
VDJdb,CASSYGQGEQYF,PGT,Human (Homo sapiens),-1.8686175910852936
VDJdb,CASSYGQGNEQFF,BZLF1,EBV,-2.239411934022275
VDJdb,CASSYGQPQHF,IAPP,T1D,0.709291143319951
VDJdb,CASSYGRAYEQYF,ebna4,EBV,-1.8386164820418287
VDJdb,CASSYGRAYEQYF,EBNA3A,EBV,-1.8386164820418287
VDJdb,CASSYGSNTGELFF,M1,Influenza,-1.6059283705775085
VDJdb,CASSYGTGELFF,BRLF1,EBV,-1.0763276761914358
VDJdb,CASSYGTGNGYTF,MLANA,Cancer/Self antigen,-4.496733401569536
VDJdb,CASSYGTGTDTQYF,NP,Influenza,-1.5207288597885262
VDJdb,CASSYGTSGAYEQYF,RV1518,M. tuberculosis,2.068140479432478
VDJdb,CASSYGTSGYNEQFF,E7,HPV,-1.7068450615583464
VDJdb,CASSYGVGQPQHF,MLANA,Cancer/Self antigen,-0.7459428628661584
VDJdb,CASSYGVGYGYTF,BZLF1,EBV,2.2321005048591327
VDJdb,CASSYGYEQYF,SLC30A8,T1D,-0.3907435958979912
VDJdb,CASSYHSNQPQHF,M1,Influenza,-1.4948810751326702
VDJdb,CASSYLAGGNEQFF,MLANA,Cancer/Self antigen,2.623467518118836
VDJdb,CASSYLGEETQYF,ebna4,EBV,1.297376457440742
VDJdb,CASSYLGGTGELFF,CTAG1B,Cancer/Self antigen,2.192757213677611
VDJdb,CASSYLNSPLHF,Nucleocapsid,COVID-19 / SARS-CoV-2 / SARS-CoV,-0.7252924793699056
VDJdb,CASSYNEQFF,P3A,CoxsackievirusB,-1.356309778751548
VDJdb,CASSYNEQFF,IE1,Cytomegalovirus (CMV),-1.356309778751548
VDJdb,CASSYNRGYGYTF,Spike,COVID-19 / SARS-CoV-2 / SARS-CoV,-1.3747153454881067
VDJdb,CASSYQGEAFF,M1,Influenza,-1.403409152454603
VDJdb,CASSYQGGNEQFF,LMP2,EBV,-3.617154596489371
VDJdb,CASSYQGGTGELFF,CTAG1B,Cancer/Self antigen,-2.060109295146777
VDJdb,CASSYQGNTGELFF,CTAG1B,Cancer/Self antigen,1.0332638002479515
VDJdb,CASSYRATDTQYF,M1,Influenza,-2.6699910652053087
VDJdb,CASSYRENTEAFF,MLANA,Cancer/Self antigen,-1.1314663221755934
VDJdb,CASSYRGANQPQHF,GFAP,Human (Homo sapiens),-1.7090593817666462
VDJdb,CASSYRGAYGYTF,Spike,COVID-19 / SARS-CoV-2 / SARS-CoV,-1.0305404123977988
VDJdb,CASSYRGDYGYTF,Spike,COVID-19 / SARS-CoV-2 / SARS-CoV,-0.4710435599929694
VDJdb,CASSYRGGGNTIYF,Spike,COVID-19 / SARS-CoV-2 / SARS-CoV,2.056330494719236
VDJdb,CASSYRGNSPLHF,PMEL,Cancer/Self antigen,-0.9060123547070572
VDJdb,CASSYRGSSYEQYF,TAT,SIV,-2.4883440769985485
VDJdb,CASSYRGTEAFF,Spike,COVID-19 / SARS-CoV-2 / SARS-CoV,-0.3106262528534462
VDJdb,CASSYRSTDTQYF,GLUTEN,Celiac disease,-1.4556697274123378
VDJdb,CASSYSANTEAFF,RV1518,M. tuberculosis,-1.4207265910763414
VDJdb,CASSYSDGNTEAFF,IE62,VZV,-2.536012765722607
VDJdb,CASSYSDRGNSPLHF,Nucleocapsid,COVID-19 / SARS-CoV-2 / SARS-CoV,1.6773708628099977
VDJdb,CASSYSGDTEAFF,PGT,Human (Homo sapiens),-1.1326857804086563
VDJdb,CASSYSGDTGELFF,CTAG1B,Cancer/Self antigen,-2.1181839072295725
VDJdb,CASSYSGGAGELFF,CTAG1B,Cancer/Self antigen,-3.162623035407579
VDJdb,CASSYSGGNEQFF,PGT,Human (Homo sapiens),-1.3721872769634746
VDJdb,CASSYSGGPDTQYF,PGT,Human (Homo sapiens),-4.036605167126401
VDJdb,CASSYSGGPGELFF,CTAG1B,Cancer/Self antigen,-2.234349597817327
VDJdb,CASSYSGGTGELFF,CTAG1B,Cancer/Self antigen,-0.781399558194905
VDJdb,CASSYSGGYEQYF,MLANA,Cancer/Self antigen,-1.3744437787200037
VDJdb,CASSYSGNQPQHF,NP,Influenza,0.2841320182374042
VDJdb,CASSYSGPNTEAFF,MLANA,Cancer/Self antigen,-1.2238373158728264
VDJdb,CASSYSGRTGELFF,CTAG1B,Cancer/Self antigen,1.2431403177757514
VDJdb,CASSYSGSGELFF,ebna4,EBV,-4.061887087916185
VDJdb,CASSYSGSGELFF,EBNA3A,EBV,-4.061887087916185
VDJdb,CASSYSGSTGELFF,CTAG1B,Cancer/Self antigen,-1.137047847716027
VDJdb,CASSYSGTEAFF,MLANA,Cancer/Self antigen,-1.6386309281114877
VDJdb,CASSYSGTGGTEAFF,IE1,Cytomegalovirus (CMV),-1.7385526596338137
VDJdb,CASSYSGYTGELFF,CTAG1B,Cancer/Self antigen,-1.522269754692743
VDJdb,CASSYSKNTEAFF,Gag,HIV / Human immunodeficiency virus (HIV),1.0971461719098898
VDJdb,CASSYSLGQPQHF,Spike,COVID-19 / SARS-CoV-2 / SARS-CoV,-2.901668491680772
VDJdb,CASSYSNQPQHF,INS,T1D,0.7993903206933943
VDJdb,CASSYSPNTEAFF,PGT,Human (Homo sapiens),1.012096431319245
VDJdb,CASSYSQGAYEQYF,M,COVID-19 / SARS-CoV-2 / SARS-CoV,-2.092849674768173
VDJdb,CASSYSQGQPQHF,PGT,Human (Homo sapiens),-1.2288749679721032
VDJdb,CASSYSRTDTQYF,POL,Hepatitis C virus (HCV),1.488499264735757
VDJdb,CASSYSRYEQYF,EBNA1,EBV,-1.139886003172239
VDJdb,CASSYSSGGADTQYF,M1,Influenza,-6.420025105716714
VDJdb,CASSYSSGNTEAFF,LMP2,EBV,-1.1811865541815023
VDJdb,CASSYSSGSYEQYF,BZLF1,EBV,-2.3467687515305315
VDJdb,CASSYSSGYEQYF,BMLF1,EBV,-1.9856441947803405
VDJdb,CASSYSSSQPQHF,LMP2,EBV,-1.7511332844004115
VDJdb,CASSYSTANTEAFF,IE1,Cytomegalovirus (CMV),-1.1266829941497498
VDJdb,CASSYSTGVGYTF,M,COVID-19 / SARS-CoV-2 / SARS-CoV,-3.668807554097088
VDJdb,CASSYSTGYEQYF,MLANA,Cancer/Self antigen,-1.070001532001755
VDJdb,CASSYSTSGNTIYF,M1,Influenza,-3.017293994588534
VDJdb,CASSYSYEQYF,M1,Influenza,0.8246952951148564
VDJdb,CASSYSYEQYF,VP6,RotavirusA,0.8246952951148564
VDJdb,CASSYSYEQYF,GPC,LCMV,0.8246952951148564
VDJdb,CASSYSYGYTF,EBNA3B,EBV,0.5129517973637931
VDJdb,CASSYTGDTGELFF,CTAG1B,Cancer/Self antigen,-1.7668174075228773
VDJdb,CASSYTGGTGELFF,CTAG1B,Cancer/Self antigen,-2.621391186383515
VDJdb,CASSYTGTGELFF,INS,T1D,-0.7631449088380139
VDJdb,CASSYVGNTGELFF,CTAG1B,Cancer/Self antigen,-3.6071104816474224
VDJdb,CASSYVRNTEAFF,GFAP,Human (Homo sapiens),-1.7025098023502432
VDJdb,CASSYYNEQFF,ebna4,EBV,0.9131751125640174
VDJdb,CASSYYRNTEAFF,Nucleocapsid,COVID-19 / SARS-CoV-2 / SARS-CoV,-2.2652291804073195
VDJdb,CASTDRAYGYTF,PGT,Human (Homo sapiens),-1.9005849928086231
VDJdb,CASTDTDTQYF,MMP9,Human (Homo sapiens),1.5026256363610582
VDJdb,CASTGGNTEAFF,BZLF1,EBV,-2.2036015832699336
VDJdb,CASTGGYEQYF,PA,Influenza,-1.5188427331361116
VDJdb,CASTGTGAYEQYF,SEMA3B,Mouse (Mus musculus),-2.2027233222624663
VDJdb,CASTGTGGYEQYF,SEMA3B,Mouse (Mus musculus),1.1028619105756516
VDJdb,CASTLGGGQPQHF,MLANA,Cancer/Self antigen,2.328722904384639
VDJdb,CASTLGNTEAFF,M1,Influenza,-5.269830618658608
VDJdb,CASTLSGGTEAFF,PGT,Human (Homo sapiens),1.319183945671229
VDJdb,CASTNTDTQYF,G6PC2,T1D,-0.7945324594177827
VDJdb,CASTPGNTIYF,PGT,Human (Homo sapiens),-1.6432611141486164
VDJdb,CASTPGQGGSPLHF,MLANA,Cancer/Self antigen,1.2421781149214062
VDJdb,CASTPTGGGYGYTF,PLA2G6,Human (Homo sapiens),1.1222385816863674
VDJdb,CASTPTGGYEQYF,SEMA3B,Mouse (Mus musculus),0.8418962839957935
VDJdb,CASTQGGYGYTF,NP,Influenza,1.2035445481999
VDJdb,CASTRTGAYEQYF,SEMA3B,Mouse (Mus musculus),2.12496862424874
VDJdb,CASTRTGGYEQYF,SEMA3B,Mouse (Mus musculus),1.2259363235128218
VDJdb,CASTSGSYEQYF,GAD2,T1D,-1.87555925452327
VDJdb,CASTTGYNSPLHF,MLANA,Cancer/Self antigen,2.223054845120217
VDJdb,CASTTYNEQFF,Nucleocapsid,COVID-19 / SARS-CoV-2 / SARS-CoV,1.731498114310987
VDJdb,CASWGGTEAFF,G6PC2,T1D,-5.292928076413787
VDJdb,CATGGSGNTIYF,SLC30A8,T1D,2.4090370802051333
VDJdb,CATGNTGELFF,Nucleocapsid,COVID-19 / SARS-CoV-2 / SARS-CoV,-2.7029798223364523
VDJdb,CATGTGDSNQPQHF,IE1,Cytomegalovirus (CMV),-2.271181208853487
VDJdb,CATGTGGTGELFF,IE1,Cytomegalovirus (CMV),-1.265625481969905
VDJdb,CATRGPNTGELFF,Spike,COVID-19 / SARS-CoV-2 / SARS-CoV,4.364486246564182
VDJdb,CATRSTDTQYF,BRLF1,EBV,1.5850574547974836
VDJdb,CATSDGYEQYF,EBNA3B,EBV,-2.3793555430100137
VDJdb,CATSDLAGGTDTQYF,PGT,Human (Homo sapiens),-1.8217185724907767
VDJdb,CATSDLRGGYTF,RV1734C,M. tuberculosis,-1.637375492224597
VDJdb,CATSDLTDTQYF,BRLF1,EBV,0.7020038406529135
VDJdb,CATSDPGNEQFF,PLA2G6,Human (Homo sapiens),-1.0400732632905068
VDJdb,CATSDPGNEQFF,IE1,Cytomegalovirus (CMV),-1.0400732632905068
VDJdb,CATSPGGTEAFF,Orf1ab,COVID-19 / SARS-CoV-2 / SARS-CoV,-2.4811449627171656
VDJdb,CATSTGDSNQPQHF,M1,Influenza,-1.3221899757171474
VDJdb,CATSTGDSNQPQHF,BMLF1,EBV,-1.3221899757171474
VDJdb,CATSTGDSNQPQHF,ebna4,EBV,-1.3221899757171474
VDJdb,CATSTGDSNQPQHF,EBNA3A,EBV,-1.3221899757171474
VDJdb,CAWSDSSNQPQHF,IE1,Cytomegalovirus (CMV),1.948482531220849
VDJdb,CAWSGSSYEQYF,GAD2,T1D,0.5654793192152191
VDJdb,CAWSPRGTEAFF,Spike,COVID-19 / SARS-CoV-2 / SARS-CoV,-1.2290953208450963
VDJdb,CAWSRGNTEAFF,P3A,CoxsackievirusB,-1.842251833602508
VDJdb,CAWSVGGNEQFF,VP3,RotavirusA,-2.6885100732700224
VDJdb,CAWSVGSYGYTF,M1,Influenza,-1.6638920873593852
VDJdb,CAWSVGTGELFF,PGT,Human (Homo sapiens),-3.9011395407426086
VDJdb,CAWSVGVGQPQHF,PGT,Human (Homo sapiens),-1.8104376214804088
VDJdb,CSAGGGGTEAFF,PGT,Human (Homo sapiens),-1.4545717438025956
VDJdb,CSAGGNTEAFF,GFAP,Human (Homo sapiens),-2.01361011476067
VDJdb,CSAGQGETQYF,GLUTEN,Celiac disease,2.033585829864589
VDJdb,CSAGQGPYEQYF,M1,Influenza,1.292632329988268
VDJdb,CSAGQGPYEQYF,ebna4,EBV,1.292632329988268
VDJdb,CSALSGNTIYF,EBNA3A,EBV,1.1868364226149497
VDJdb,CSAPGQGSTEAFF,HEXON,AdV,-2.786877725344268
VDJdb,CSAPGQGTDTQYF,HEXON,AdV,-1.5356742498807183
VDJdb,CSAPGQGTYEQYF,HEXON,AdV,0.7400841183962692
VDJdb,CSARAPNTGELFF,NP,Influenza,-3.23966925090629
VDJdb,CSARAPNTGELFF,G6PC2,T1D,-3.23966925090629
VDJdb,CSARDEGYEQYF,P3A,CoxsackievirusB,-4.09849312261535
VDJdb,CSARDNEQFF,Nucleocapsid,COVID-19 / SARS-CoV-2 / SARS-CoV,-1.6216778273614063
VDJdb,CSARDNYGYTF,IE1,Cytomegalovirus (CMV),-1.5565408293199678
VDJdb,CSARDRDRAYEQYF,Spike,COVID-19 / SARS-CoV-2 / SARS-CoV,-2.002104081053292
VDJdb,CSARDRGLYEQYF,PGT,Human (Homo sapiens),-2.587798508032104
VDJdb,CSARDRGTDTQYF,NS4B,Hepatitis C virus (HCV),1.4947969282169762
VDJdb,CSARDRSSYNEQFF,Nucleocapsid,COVID-19 / SARS-CoV-2 / SARS-CoV,-1.8027645600193445
VDJdb,CSARDRTGNGYTF,M1,Influenza,-2.795642567763734
VDJdb,CSARDRTSGTYEQYF,Orf1ab,COVID-19 / SARS-CoV-2 / SARS-CoV,2.139576108409912
VDJdb,CSARDRVNQPQHF,PGT,Human (Homo sapiens),-1.1218984671118863
VDJdb,CSARDSSYEQYF,RV1518,M. tuberculosis,-2.7158951258859
VDJdb,CSAREGGSNQPQHF,IE1,Cytomegalovirus (CMV),-0.6994678050851251
VDJdb,CSAREGNQPQHF,MLANA,Cancer/Self antigen,-0.6856781925642901
VDJdb,CSARENTGELFF,EBNA3A,EBV,1.3664586535482992
VDJdb,CSARGGGNTGELFF,ebna4,EBV,3.3283320116963653
VDJdb,CSARGGNSYEQYF,ADH,Human (Homo sapiens),-1.3798332868665215
VDJdb,CSARGLAGDTQYF,Spike,COVID-19 / SARS-CoV-2 / SARS-CoV,1.7237562388980687
VDJdb,CSARGLAGYNEQFF,Gag,HIV / Human immunodeficiency virus (HIV),-2.7579709642396626
VDJdb,CSARGTGAYEQYF,Spike,COVID-19 / SARS-CoV-2 / SARS-CoV,-2.85727466364981
VDJdb,CSARRTGQETQYF,GP160,HIV / Human immunodeficiency virus (HIV),3.664265151694443
VDJdb,CSARTGGDTGELFF,RV1518,M. tuberculosis,-7.642382978392531
VDJdb,CSARTGNEQFF,PGT,Human (Homo sapiens),-0.9502325250934166
VDJdb,CSARTGNTIYF,BZLF1,EBV,-1.0712229522642729
VDJdb,CSASAGNQPQHF,MLANA,Cancer/Self antigen,-1.5233008101080472
VDJdb,CSASGGSSYNEQFF,IE1,Cytomegalovirus (CMV),-2.66019662451126
VDJdb,CSASRDEQFF,NS4B,Hepatitis C virus (HCV),-1.3433331036749263
VDJdb,CSASRDSYEQYF,LMP1,EBV,-0.8515242250515784
VDJdb,CSASSGSYEQYF,M1,Influenza,-1.4939732245037851
VDJdb,CSATDSYEQYF,GP160,HIV / Human immunodeficiency virus (HIV),-1.370205382746765
VDJdb,CSVAGNTEAFF,PGT,Human (Homo sapiens),-2.1086262859253138
VDJdb,CSVAGNTEAFF,BZLF1,EBV,-2.1086262859253138
VDJdb,CSVAGTGNTEAFF,ebna4,EBV,-3.1136099770173247
VDJdb,CSVEGGMNTEAFF,IE1,Cytomegalovirus (CMV),-3.5081675354611
VDJdb,CSVGGNTEAFF,BZLF1,EBV,-1.0990458939381424
VDJdb,CSVGNEQFF,Nucleocapsid,COVID-19 / SARS-CoV-2 / SARS-CoV,1.2204517829240351
VDJdb,CSVGTAYGYTF,BZLF1,EBV,-0.9735182011043748
VDJdb,CSVGTGDYEQYF,M1,Influenza,-3.507753974947675
VDJdb,CSVGTGDYEQYF,IE1,Cytomegalovirus (CMV),-3.507753974947675
VDJdb,CSVGTGGTNEKLFF,Vpr,HIV / Human immunodeficiency virus (HIV),3.068030540890774
VDJdb,CSVGTGGTNEKLFF,MLANA,Cancer/Self antigen,3.068030540890774
VDJdb,CSVGTGGTNEKLFF,BRLF1,EBV,3.068030540890774
VDJdb,CSVVGNYGYTF,ebna4,EBV,-3.3545430180998075
VDJdb,CSVVGNYGYTF,EBNA3A,EBV,-3.3545430180998075
VDJdb,NTEAFF,LMP2,EBV,-0.9886330800333716
VDJdb,NTEAFF,M1,Influenza,-0.9886330800333716
VDJdb,NTEAFF,BMLF1,EBV,-0.9886330800333716
VDJdb,NTEAFF,PGT,Human (Homo sapiens),-0.9886330800333716
VDJdb,NTEAFF,NS4B,Yellow fever virus,-0.9886330800333716
VDJdb,NTEAFF,G6PC2,T1D,-0.9886330800333716
VDJdb,NTEAFF,pp65,Cytomegalovirus (CMV),-0.9886330800333716
VDJdb,NTEAFF,EBNA3A,EBV,-0.9886330800333716
VDJdb,NTEAFF,BZLF1,EBV,-0.9886330800333716
VDJdb,NTEAFF,CLK3,Human (Homo sapiens),-0.9886330800333716
VDJdb,NTEAFF,Gag,HIV / Human immunodeficiency virus (HIV),-0.9886330800333716
VDJdb,NTEAFF,RV1518,M. tuberculosis,-0.9886330800333716
VDJdb,NYGYTF,NP,Influenza,-1.8133847560225496
VDJdb,NYGYTF,EBNA3A,EBV,-1.8133847560225496
VDJdb,NYGYTF,LMP2,EBV,-1.8133847560225496
VDJdb,NYGYTF,Gag,HIV / Human immunodeficiency virus (HIV),-1.8133847560225496
VDJdb,NYGYTF,pp65,Cytomegalovirus (CMV),-1.8133847560225496
VDJdb,NYGYTF,TAX,HTLV-1,-1.8133847560225496
VDJdb,NYGYTF,RV1518,M. tuberculosis,-1.8133847560225496
VDJdb,QETQYF,MLANA,Cancer/Self antigen,-3.5424048102742214
VDJdb,QETQYF,Nef,HIV / Human immunodeficiency virus (HIV),-3.5424048102742214
VDJdb,QETQYF,Gag,HIV / Human immunodeficiency virus (HIV),-3.5424048102742214
VDJdb,QETQYF,GLIADIN,TriticumAestivum,-3.5424048102742214
VDJdb,QETQYF,pp65,Cytomegalovirus (CMV),-3.5424048102742214
VDJdb,QETQYF,RV1518,M. tuberculosis,-3.5424048102742214
VDJdb,QETQYF,TAT,SIV,-3.5424048102742214
VDJdb,SGNTIYF,Gag,HIV / Human immunodeficiency virus (HIV),-2.466733141619451
VDJdb,SGNTIYF,BZLF1,EBV,-2.466733141619451
VDJdb,SGNTIYF,INS,T1D,-2.466733141619451
VDJdb,SGNTIYF,VP6,RotavirusA,-2.466733141619451
VDJdb,SGNTIYF,IE1,Cytomegalovirus (CMV),-2.466733141619451
VDJdb,SGNTIYF,RV1734C,M. tuberculosis,-2.466733141619451
VDJdb,SNQPQHF,MLANA,Cancer/Self antigen,-1.8256242956092903
VDJdb,SNQPQHF,ACTN4,Human (Homo sapiens),-1.8256242956092903
VDJdb,SNQPQHF,M1,Influenza,-1.8256242956092903
VDJdb,SNQPQHF,BMLF1,EBV,-1.8256242956092903
VDJdb,SNQPQHF,Gag,HIV / Human immunodeficiency virus (HIV),-1.8256242956092903
VDJdb,SNQPQHF,PGT,Human (Homo sapiens),-1.8256242956092903
VDJdb,SNQPQHF,pp65,Cytomegalovirus (CMV),-1.8256242956092903
VDJdb,SNQPQHF,BZLF1,EBV,-1.8256242956092903
VDJdb,SNQPQHF,IAPP,T1D,-1.8256242956092903
VDJdb,SNQPQHF,RV1734C,M. tuberculosis,-1.8256242956092903
VDJdb,SNQPQHF,BRLF1,EBV,-1.8256242956092903
VDJdb,SYEQYF,Nucleocapsid,COVID-19 / SARS-CoV-2 / SARS-CoV,1.5391157554986157
VDJdb,SYEQYF,Gag,HIV / Human immunodeficiency virus (HIV),1.5391157554986157
VDJdb,SYEQYF,BZLF1,EBV,1.5391157554986157
VDJdb,SYEQYF,Nef,HIV / Human immunodeficiency virus (HIV),1.5391157554986157
VDJdb,SYEQYF,EBNA3A,EBV,1.5391157554986157
VDJdb,SYEQYF,M1,Influenza,1.5391157554986157
VDJdb,SYEQYF,BMLF1,EBV,1.5391157554986157
VDJdb,SYEQYF,SLC30A8,T1D,1.5391157554986157
VDJdb,SYEQYF,pp65,Cytomegalovirus (CMV),1.5391157554986157
VDJdb,SYEQYF,HA,Influenza,1.5391157554986157
VDJdb,SYEQYF,RV1518,M. tuberculosis,1.5391157554986157
VDJdb,SYEQYF,POL,Hepatitis C virus (HCV),1.5391157554986157
VDJdb,SYEQYF,BRLF1,EBV,1.5391157554986157
VDJdb,SYEQYF,GAG,SIV,1.5391157554986157
McPAS,CAIGTGDSNQPQHF,CTAG1B,Cancer/Self antigen,1.3771303540021234
McPAS,CAISDRDTGELFF,,M. tuberculosis,-8.629461708094057
McPAS,CAISDSTDTQYF,,M. tuberculosis,-0.9718207413622608
McPAS,CAISDSYGYTF,,M. tuberculosis,-1.5925317235711869
McPAS,CAISEAYEQYF,,M. tuberculosis,-2.8491174492826645
McPAS,CAISEGGYGYTF,,M. tuberculosis,1.3752273438701712
McPAS,CAISESNEQFF,,M. tuberculosis,-1.0940738450310317
McPAS,CAISESNTGELFF,,M. tuberculosis,-2.5966041885868507
McPAS,CAISGSSYEQYF,,Psoriatic arthritis,1.7230908090967332
McPAS,CAISGTGSSYEQYF,,M. tuberculosis,1.6506037508068667
McPAS,CAISPSNQPQHF,,M. tuberculosis,2.480405374657882
McPAS,CAISTGDSNQPQHF,BZLF1,EBV,-1.0617726379713148
McPAS,CASAGDTGELFF,,M. tuberculosis,1.7536760523525965
McPAS,CASARGLNTEAFF,,M. tuberculosis,-1.973248779397672
McPAS,CASGDEQYF,,Tick-borne encephalitis,-2.8381602829764203
McPAS,CASGDYEQYF,,T1D,-1.1709975975655005
McPAS,CASGDYEQYF,,M. tuberculosis,-1.1709975975655005
McPAS,CASGEQYF,NP,Influenza,-3.018009422105832
McPAS,CASGGLSTDTQYF,M1,Influenza,-1.49476409674587
McPAS,CASGGPYEQYF,NP,Influenza,-0.8066755353720739
McPAS,CASGGQGNSPLHF,NP,Influenza,0.9578312099406424
McPAS,CASGGQGYEQYF,,M. tuberculosis,1.7531132416590558
McPAS,CASGGQNTEAFF,,M. tuberculosis,-1.8284819439523368
McPAS,CASGGRDTEAFF,,M. tuberculosis,-1.313223701391566
McPAS,CASGGRYNEQFF,,M. tuberculosis,4.936815182013644
McPAS,CASGGTTDTQYF,,M. tuberculosis,3.5061672871213303
McPAS,CASGGVNQPQHF,,Narcolepsy,-1.8410995627675009
McPAS,CASGGYEQYF,,T1D,-3.008552511769164
McPAS,CASGLDQPQHF,,M. tuberculosis,-2.2864137140572054
McPAS,CASGLDTQYF,SEC24AP5L,Neoantigen,1.2656002103754371
McPAS,CASGLQETQYF,,M. tuberculosis,1.7960328869886963
McPAS,CASGLVGTEAFF,,M. tuberculosis,-4.379789918215646
McPAS,CASGPTDTQYF,,M. tuberculosis,-1.261179651840921
McPAS,CASGQAYEQYF,,Rheumatoid Arthritis (RA),1.5306567528746613
McPAS,CASGQGAGEQYF,M1,Influenza,-2.716756376230213
McPAS,CASGQPQHF,,Allergy,-2.1188187804733007
McPAS,CASGRGQETQYF,,M. tuberculosis,1.54031186938034
McPAS,CASGRGYEQYF,,M. tuberculosis,1.899597947583367
McPAS,CASGSGSTDTQYF,,M. tuberculosis,2.2511607835575327
McPAS,CASGSSTDTQYF,,M. tuberculosis,0.9377648234607628
McPAS,CASGSYEQYF,DHX33LLAM4I,Neoantigen,-0.8158100051526131
McPAS,CASGTGDSNQPQHF,,Rheumatoid Arthritis (RA),1.3804314334932857
McPAS,CASGTGFYEQYF,,M. tuberculosis,-1.7733374544341096
McPAS,CASGTGGSGANVLTF,,Allergy,-2.585484412574441
McPAS,CASGTQETQYF,,M. tuberculosis,1.1561038787914053
McPAS,CASGTSGGNEQFF,NP,Influenza,-1.3322694674988624
McPAS,CASGWGTEAFF,NP,Influenza,-3.647403399298359
McPAS,CASIGGNTEAFF,,Celiac disease,-4.671221667454238
McPAS,CASIGNEQFF,NP,Influenza,-1.0215897578826758
McPAS,CASKAGANVLTF,,Cervical cancer,-1.1997048424448216
McPAS,CASKAGANVLTF,,Cervical carcinoma,-1.1997048424448216
McPAS,CASKGETQYF,,Clear cell renal carcinoma,-1.2513522099278598
McPAS,CASKGTGDQPQHF,,M. tuberculosis,2.6242974536597785
McPAS,CASKMNTEAFF,,M. tuberculosis,-1.0817997048290895
McPAS,CASKRDSYNEQFF,,M. tuberculosis,3.32348103573612
McPAS,CASKSNTEAFF,CD47GLTV6F,Neoantigen,-2.029187829538839
McPAS,CASNGGSYEQYF,MLANA,Cancer/Self antigen,1.1407226428480004
McPAS,CASNPGQGNQPQHF,GAD2,T1D,2.7408746661033
McPAS,CASNQPQHF,CMVMLN,Neoantigen,-0.8946253183407693
McPAS,CASNRDSQETQYF,,M. tuberculosis,0.9689042450860554
McPAS,CASNRGSGANVLTF,,M. tuberculosis,-2.2005427309035674
McPAS,CASNRGYNEQFF,NSDHLA9V,Neoantigen,2.093125480600002
McPAS,CASNRNTEAFF,,M. tuberculosis,-2.5180150702615656
McPAS,CASNRQGGTEAFF,,M. tuberculosis,2.355578061664368
McPAS,CASQRNTEAFF,,M. tuberculosis,-4.519971377510146
McPAS,CASRAADTQYF,,M. tuberculosis,1.1404322843190806
McPAS,CASRAGGRTDTQYF,,M. tuberculosis,2.205346460817616
McPAS,CASRASNTGELFF,NP,Influenza,2.4462665142237823
McPAS,CASRDRDNSPLHF,,M. tuberculosis,0.5706937761688226
McPAS,CASRDRDYGYTF,,M. tuberculosis,-0.7858166682998975
McPAS,CASRDRGDTEAFF,,M. tuberculosis,-1.2591155293703715
McPAS,CASRDRGNTEAFF,NP,Influenza,0.5983559242885772
McPAS,CASRDRYYEQYF,NP,Influenza,1.3123849081227918
McPAS,CASRDSLNYGYTF,,Multiple sclerosis (MS),-3.6135463022438814
McPAS,CASRDSLYGYTF,,COVID-19 / SARS-CoV-2 / SARS-CoV,1.49295281664027
McPAS,CASRDSNQPQHF,,M. tuberculosis,0.9245181033416924
McPAS,CASRDSSGANVLTF,,M. tuberculosis,1.5822678555751186
McPAS,CASRDSSYEQYF,,M. tuberculosis,-0.5341292231387834
McPAS,CASREGGNQPQHF,,COVID-19 / SARS-CoV-2 / SARS-CoV,1.2176131922597828
McPAS,CASREGGQETQYF,NP,Influenza,1.4987440801950878
McPAS,CASREGSYNEQFF,NP,Influenza,-1.4456065475364477
McPAS,CASREGTYEQYF,,M. tuberculosis,2.208205640876574
McPAS,CASRENTGELFF,NP,Influenza,0.8880748826881936
McPAS,CASREQGMNTEAFF,VN1R5MIIS7Y,Neoantigen,-2.2260278405910627
McPAS,CASRETGLNQPQHF,UL29/28,Cytomegalovirus (CMV),2.356757616089105
McPAS,CASRETGNQPQHF,,COVID-19 / SARS-CoV-2 / SARS-CoV,1.498292848181272
McPAS,CASRETSTDTQYF,IE1,Cytomegalovirus (CMV),-1.1596658634342498
McPAS,CASRETYEQYF,NP,Influenza,0.9779058901994514
McPAS,CASRGANQPQHF,,Rheumatoid Arthritis (RA),-0.8042862426502472
McPAS,CASRGDYGYTF,M1,Influenza,-1.6919840245502047
McPAS,CASRGEGNTEAFF,NP,Influenza,0.839611777825379
McPAS,CASRGEGYGYTF,CTAG1B,Cancer/Self antigen,-1.884209733012324
McPAS,CASRGGGSPLHF,M1,Influenza,1.369768781193753
McPAS,CASRGGGTEAFF,NP,Influenza,-1.8240212155106807
McPAS,CASRGGNTEAFF,,M. tuberculosis,-0.5547431075579465
McPAS,CASRGGQLNTEAFF,,Psoriatic arthritis,0.9110906965614912
McPAS,CASRGLAGEQYF,NP,Influenza,-1.920328859490672
McPAS,CASRGLAKNIQYF,,M. tuberculosis,-1.3438737780980352
McPAS,CASRGLGGYTF,NP,Influenza,-3.252775265155248
McPAS,CASRGPYNEQFF,FNDC3BL3M,Neoantigen,0.6368440543130405
McPAS,CASRGQGASYGYTF,,M. tuberculosis,3.70862756687308
McPAS,CASRGQGDTEAFF,NP,Influenza,0.3139610201589951
McPAS,CASRGQGDTEAFF,,M. tuberculosis,0.3139610201589951
McPAS,CASRGQGGNQPQHF,,M. tuberculosis,0.9222733778965364
McPAS,CASRGQGNQPQHF,,Colorectal cancer,1.1024769495799511
McPAS,CASRGQGTGELFF,,M. tuberculosis,2.1434789258481244
McPAS,CASRGQLNTGELFF,,M. tuberculosis,2.211068041254411
McPAS,CASRGQTNYGYTF,,M. tuberculosis,-0.7689127331536876
McPAS,CASRGRSSYEQYF,M1,Influenza,-1.8114195349586075
McPAS,CASRGRYNEQFF,,M. tuberculosis,-1.0117352137982087
McPAS,CASRGSGELFF,BMLF1,EBV,1.0689916607082033
McPAS,CASRGSGNEQFF,EPHA2,Cancer/Self antigen,-1.5970519246790094
McPAS,CASRGSGSYNEQFF,,Toxic epidermal necrolysis,1.6070424674647257
McPAS,CASRGSLNQPQHF,M1,Influenza,4.317051987333947
McPAS,CASRGSYTEAFF,,M. tuberculosis,-2.152774988543115
McPAS,CASRGTGGAYEQYF,,M. tuberculosis,2.4440587258182687
McPAS,CASRGTGGNEQFF,LTAG,Cancer/Self antigen,1.864789254893279
McPAS,CASRGTGGQPQHF,,Celiac disease,1.2185588819035704
McPAS,CASRGTGNQPQHF,,M. tuberculosis,1.3806231904352848
McPAS,CASRGTGRNEQFF,,COVID-19 / SARS-CoV-2 / SARS-CoV,1.8038468696118857
McPAS,CASRGTRNTEAFF,,M. tuberculosis,1.617698011415916
McPAS,CASRGTVQETQYF,,M. tuberculosis,2.646664396195624
McPAS,CASRIDSNQPQHF,M1,Influenza,-1.586257028255916
McPAS,CASRIQETQYF,NP,Influenza,0.9126761885845516
McPAS,CASRISYEQYF,,Colorectal cancer,-2.041521174312368
McPAS,CASRITGELFF,,M. tuberculosis,-0.8618353136982272
McPAS,CASRKDRNTEAFF,,Psoriatic arthritis,2.321403217827498
McPAS,CASRLAGETQYF,,Colorectal cancer,2.436009666975003
McPAS,CASRLAGSYEQYF,,M. tuberculosis,-0.5889188014825274
McPAS,CASRLDRSSGNTIYF,,M. tuberculosis,-1.597268527342485
McPAS,CASRLGGANVLTF,,M. tuberculosis,1.595654758323719
McPAS,CASRLGGLNTEAFF,,M. tuberculosis,-1.1990109801128457
McPAS,CASRLGNQPQHF,,M. tuberculosis,-0.7416502661095951
McPAS,CASRLGQGGQPQHF,,M. tuberculosis,2.710319413885544
McPAS,CASRLNTEAFF,,M. tuberculosis,0.3445195678733077
McPAS,CASRLRNEQFF,NP,Influenza,-2.0378000729023453
McPAS,CASRLYYEQYF,,M. tuberculosis,-2.7192840941995406
McPAS,CASRPDRANTEAFF,,M. tuberculosis,1.4324761333298417
McPAS,CASRPDRGGNQPQHF,,Rheumatoid Arthritis (RA),3.208531768618297
McPAS,CASRPGGANEKLFF,,M. tuberculosis,3.516061568412227
McPAS,CASRPGGGGYTF,PMEL,Cancer/Self antigen,3.6351049373606057
McPAS,CASRPGGGNQPQHF,,M. tuberculosis,1.335350739986239
McPAS,CASRPGGGSYNEQFF,ITIH6RLG,Neoantigen,2.9071671798299192
McPAS,CASRPGGGTGELFF,,M. tuberculosis,0.9166089316401604
McPAS,CASRPGGNTEAFF,,M. tuberculosis,-2.032988897056209
McPAS,CASRPGNTGELFF,NP,Influenza,-1.1780272826773135
McPAS,CASRPGQGDYGYTF,,M. tuberculosis,1.6897972769889795
McPAS,CASRPGQGGYEQYF,Gag,HIV / Human immunodeficiency virus (HIV),1.3629172907371667
McPAS,CASRPGQGSYEQYF,,M. tuberculosis,-0.4144248562793924
McPAS,CASRPGQGYEQYF,YFV17D,Yellow fever virus,0.97584734839966
McPAS,CASRPQGSYEQYF,NP,Influenza,1.0327827711195998
McPAS,CASRPSLNTEAFF,,M. tuberculosis,-2.197883675867741
McPAS,CASRPSTDTQYF,,M. tuberculosis,1.9206514080477224
McPAS,CASRPTGAYGYTF,,M. tuberculosis,2.174476509853904
McPAS,CASRPTGVNYGYTF,,M. tuberculosis,1.8040740795110168
McPAS,CASRPTGYGYTF,,M. tuberculosis,2.0975012072037167
McPAS,CASRQGGNTEAFF,,M. tuberculosis,-1.5115041142235297
McPAS,CASRQGLNTEAFF,,M. tuberculosis,-0.3868677310806458
McPAS,CASRQGRYGYTF,,M. tuberculosis,-1.539461849950137
McPAS,CASRQGYEQYF,NP,Influenza,-1.1876203371373233
McPAS,CASRQYYGYTF,,T1D,-3.194958394459372
McPAS,CASRRDRDTEAFF,,M. tuberculosis,-0.7813192638546725
McPAS,CASRRDRGQETQYF,NP,Influenza,1.7561477147429407
McPAS,CASRREGNTEAFF,,M. tuberculosis,-1.026175050819628
McPAS,CASRRENYGYTF,,M. tuberculosis,1.496409647590773
McPAS,CASRREVNTEAFF,,M. tuberculosis,1.6136341671489265
McPAS,CASRRGAGEKLFF,,M. tuberculosis,2.1290941811604047
McPAS,CASRRGSNQPQHF,,M. tuberculosis,0.7091930220052783
McPAS,CASRRGTYEQYF,,M. tuberculosis,1.0430316820756025
McPAS,CASRRLAAYNEQFF,NP,Influenza,4.044267715697966
McPAS,CASRRLAGDTGELFF,,M. tuberculosis,1.0572177420229778
McPAS,CASRRLAGTYEQYF,,Allergy,-0.9663330841560952
McPAS,CASRRLAGTYEQYF,,M. tuberculosis,-0.9663330841560952
McPAS,CASRRQATNEKLFF,HTR1F10,Neoantigen,1.12821931575019
McPAS,CASRRQGGTEAFF,LTAG,Cancer/Self antigen,1.5921725561615605
McPAS,CASRRQGGYGYTF,,M. tuberculosis,2.759403591190598
McPAS,CASRRQGNQPQHF,,M. tuberculosis,-0.5919960995425778
McPAS,CASRRQGSTGELFF,,M. tuberculosis,1.292207121366766
McPAS,CASRRQGVYEQYF,,M. tuberculosis,-0.9790022634549688
McPAS,CASRRQQETQYF,,M. tuberculosis,4.257526125772758
McPAS,CASRRSNTEAFF,,M. tuberculosis,-2.728716401006137
McPAS,CASRRSTDTQYF,,M. tuberculosis,1.3944762175511247
McPAS,CASRRTGAEAFF,,M. tuberculosis,-4.498663903500038
McPAS,CASRRTGGETQYF,LTAG,Cancer/Self antigen,-1.0671341017204874
McPAS,CASRRTGRNQPQHF,NP,Influenza,1.7805773624374983
McPAS,CASRRTSSYEQYF,,M. tuberculosis,1.1685800568212037
McPAS,CASRSDQPQHF,,M. tuberculosis,-4.378568442915498
McPAS,CASRSGAEAFF,M1,Influenza,-2.207088879066092
McPAS,CASRSGAGNTIYF,,M. tuberculosis,-1.3757576366498472
McPAS,CASRSGNQPQHF,pp65,Cytomegalovirus (CMV),0.682256167085082
McPAS,CASRSGTGVYEQYF,,M. tuberculosis,2.648425573507565
McPAS,CASRSSYEQYF,,M. tuberculosis,-0.5991772010912843
McPAS,CASRTDSYEQYF,,M. tuberculosis,0.7449883307077784
McPAS,CASRTGGEETQYF,Gag,HIV / Human immunodeficiency virus (HIV),-1.240712094646701
McPAS,CASRTGGSSYEQYF,,M. tuberculosis,-1.2127271629214813
McPAS,CASRTGHTEAFF,GAD2,T1D,-1.0987083744690844
McPAS,CASRTGNTEAFF,,Celiac disease,-0.9211619802806098
McPAS,CASRTGPDTQYF,,Toxic epidermal necrolysis,-2.578045788622259
McPAS,CASRTGRTEAFF,M1,Influenza,-1.1913390068618817
McPAS,CASRTGSNQPQHF,,M. tuberculosis,1.4242488430754272
McPAS,CASRTGTGGSPLHF,,M. tuberculosis,3.202989004433182
McPAS,CASRTQETQYF,,M. tuberculosis,-0.6817349994633557
McPAS,CASRTSGEETQYF,Gag,HIV / Human immunodeficiency virus (HIV),-0.7366162443776921
McPAS,CASRTSGRYEQYF,,M. tuberculosis,2.3379810920588
McPAS,CASRTVNSPLHF,M1,Influenza,-1.0351824121431037
McPAS,CASRVNTGELFF,,M. tuberculosis,1.5398349357853025
McPAS,CASSAAGNQPQHF,YFV17D,Yellow fever virus,1.0424685536663945
McPAS,CASSAANTGELFF,M1,Influenza,-1.6397810754260678
McPAS,CASSADRDTGELFF,,M. tuberculosis,-3.763417505050516
McPAS,CASSADRLNTEAFF,,M. tuberculosis,1.626455519891079
McPAS,CASSAETQYF,,T1D,-1.2799878484461549
McPAS,CASSAGAGGYTF,,M. tuberculosis,-4.871621912149152
McPAS,CASSAGAYEQYF,IE1,Cytomegalovirus (CMV),-1.1099989846637452
McPAS,CASSAGDTEAFF,CD47GLTV6F,Neoantigen,-1.8155342506480752
McPAS,CASSAGDTGELFF,,M. tuberculosis,-5.24837197493202
McPAS,CASSAGENTEAFF,,M. tuberculosis,-2.63327750079447
McPAS,CASSAGGADTQYF,,Graft Vs Host Disease,-1.713397975327875
McPAS,CASSAGGAGNTIYF,,M. tuberculosis,2.3328176302627424
McPAS,CASSAGGANTGELFF,,M. tuberculosis,-1.7479975312320617
McPAS,CASSAGGDTEAFF,NSDHLA9V,Neoantigen,-2.7994405396313105
McPAS,CASSAGGELFF,,M. tuberculosis,-3.7598230423327608
McPAS,CASSAGGGNTIYF,,M. tuberculosis,-0.7922483326341011
McPAS,CASSAGGNTIYF,TRPV4FMIA6T,Neoantigen,-1.3405152541100214
McPAS,CASSAGGSYEQYF,IE1,Cytomegalovirus (CMV),-1.4773680441546326
McPAS,CASSAGGTDTQYF,,Calcified Aortic Stenosis disease,-1.1609914981922296
McPAS,CASSAGGTDTQYF,,M. tuberculosis,-1.1609914981922296
McPAS,CASSAGGTEAFF,OR5M3KMV,Neoantigen,-1.6604633967138875
McPAS,CASSAGGTYNEQFF,,M. tuberculosis,-1.6261352493908894
McPAS,CASSAGLAASTDTQYF,IE1,Cytomegalovirus (CMV),2.188221091177185
McPAS,CASSAGNTGELFF,,M. tuberculosis,-1.8288609752089269
McPAS,CASSAGNTIYF,,T1D,-0.7451314972195715
McPAS,CASSAGPQETQYF,,M. tuberculosis,-0.8706762736580307
McPAS,CASSAGQGADTQYF,,M. tuberculosis,1.147025630598392
McPAS,CASSAGQGGEKLFF,,M. tuberculosis,2.0683231240996087
McPAS,CASSAGQGSYEQYF,,M. tuberculosis,-1.4827856903074086
McPAS,CASSAGQGYEQYF,YFV17D,Yellow fever virus,-0.678000146828936
McPAS,CASSAGQGYEQYF,ATP6AP1KLGG3W,Neoantigen,-0.678000146828936
McPAS,CASSAGRNTEAFF,,M. tuberculosis,-0.5650094917988553
McPAS,CASSAGRTDTQYF,,M. tuberculosis,-0.5976326788611743
McPAS,CASSAGSEAFF,,T1D,-2.967686467139655
McPAS,CASSAGSYGYTF,M1,Influenza,-0.8577108898110352
McPAS,CASSAGTANYGYTF,,Multiple sclerosis (MS),0.6688315320202026
McPAS,CASSAGTAYNEQFF,UL29/28,Cytomegalovirus (CMV),0.7952225084055078
McPAS,CASSAGTGAYEQYF,YFV17D,Yellow fever virus,-3.2708688043686327
McPAS,CASSAGTGDYEQYF,INS,T1D,-4.074538741355167
McPAS,CASSAGTGGYEQYF,BMLF1,EBV,-1.4644403567153303
McPAS,CASSAGTGTDTQYF,,M. tuberculosis,0.995135717207067
McPAS,CASSAGTGVETQYF,,M. tuberculosis,3.1447754527556424
McPAS,CASSAGTGYNEQFF,NP,Influenza,-1.6034586524688006
McPAS,CASSAGTVSYEQYF,YFV17D,Yellow fever virus,1.398888932019302
McPAS,CASSAGVGETQYF,,M. tuberculosis,1.5286831168763464
McPAS,CASSALAGGYNEQFF,M1,Influenza,-1.196612912266195
McPAS,CASSALAGGYNEQFF,KIF20BYTSS6L,Neoantigen,-1.196612912266195
McPAS,CASSALAGSSYNEQFF,pp65,Cytomegalovirus (CMV),-2.7839904727532963
McPAS,CASSALAGTDTQYF,,M. tuberculosis,-1.449569345263821
McPAS,CASSALENTEAFF,,M. tuberculosis,-2.4363744402660314
McPAS,CASSANRDQPQHF,,M. tuberculosis,1.309152856399478
McPAS,CASSANYEQYF,GAD2,T1D,-0.9172834376430852
McPAS,CASSAPGQGNEKLFF,OR5M3KMV,Neoantigen,1.9327740473502264
McPAS,CASSAPRETQYF,Nef,HIV / Human immunodeficiency virus (HIV),-1.075959353091748
McPAS,CASSAPRETQYF,IE1,Cytomegalovirus (CMV),-1.075959353091748
McPAS,CASSAQGAYGYTF,YFV17D,Yellow fever virus,1.2924243339216903
McPAS,CASSAQGGNTEAFF,,Alzheimer's disease,1.9694481284710408
McPAS,CASSAQGNSNQPQHF,NP,Influenza,2.2222887962850693
McPAS,CASSAQGNTIYF,,M. tuberculosis,2.2193900858344526
McPAS,CASSAQGPYGYTF,NP,Influenza,1.7808228544800593
McPAS,CASSAQGSNQPQHF,,M. tuberculosis,0.712366516493725
McPAS,CASSAQGTGELFF,,M. tuberculosis,2.180981916989285
McPAS,CASSARDSPYEQYF,,M. tuberculosis,-2.496827115961435
McPAS,CASSARGGTDTQYF,NP,Influenza,-4.984687425257696
McPAS,CASSARRGNTEAFF,EPHA2,Cancer/Self antigen,2.582059382196299
McPAS,CASSARSTDTQYF,M1,Influenza,-0.8720666117083151
McPAS,CASSARSTGELFF,M1,Influenza,1.3731441055174312
McPAS,CASSARSTGELFF,MATRIXPROTEIN(M1),Neoantigen,1.3731441055174312
McPAS,CASSASGDTGELFF,M1,Influenza,-7.617256612683541
McPAS,CASSASGEQFF,,M. tuberculosis,-4.564985321868839
McPAS,CASSASGGAGNEQFF,M1,Influenza,-1.7003152406234237
McPAS,CASSASGGSYNEQFF,NP,Influenza,-1.0144275818914616
McPAS,CASSASGGYNEQFF,,M. tuberculosis,-1.54587136078505
McPAS,CASSASNSNQPQHF,,M. tuberculosis,2.538334115842844
McPAS,CASSASSGSTDTQYF,,M. tuberculosis,-4.299064749224152
McPAS,CASSASYEQYF,,Alzheimer's disease,0.4946826542443619
McPAS,CASSATGGSYNEQFF,NP,Influenza,-1.396028307956243
McPAS,CASSATGGTDTQYF,,T1D,0.9541270300624756
McPAS,CASSATGSSYNSPLHF,,M. tuberculosis,-1.233582512451183
McPAS,CASSATGSTNEKLFF,,M. tuberculosis,-1.835170145246375
McPAS,CASSATGTGGYEQYF,YFV17D,Yellow fever virus,-1.483218056325018
McPAS,CASSATGTVNTEAFF,ITIH6RLG,Neoantigen,-1.5808957255530385
McPAS,CASSATSGGQETQYF,,M. tuberculosis,1.4150268406162163
McPAS,CASSATSGGTDTQYF,,M. tuberculosis,-2.059256884120597
McPAS,CASSAVGGNQPQHF,,M. tuberculosis,2.527950518042537
McPAS,CASSAYNEQFF,YFV17D,Yellow fever virus,1.2605250228234253
McPAS,CASSAYYGYTF,,M. tuberculosis,1.0024429138466917
McPAS,CASSDAGNTIYF,,M. tuberculosis,-1.6802036134250349
McPAS,CASSDASTDTQYF,,M. tuberculosis,-1.889999790783781
McPAS,CASSDGDTGELFF,,M. tuberculosis,-7.254957051187549
McPAS,CASSDGEQYF,PB1,Influenza,-3.121259245443288
McPAS,CASSDGFYEQYF,PB1,Influenza,-2.6528855718165336
McPAS,CASSDGGAYNEQFF,,M. tuberculosis,-7.632087084093031
McPAS,CASSDGGDTGELFF,,M. tuberculosis,-7.576854828441087
McPAS,CASSDGGSPLHF,NP,Influenza,1.738724090522076
McPAS,CASSDGGSSYNEQFF,,M. tuberculosis,-0.8234884575524547
McPAS,CASSDGGYEQYF,,T1D,-0.9030763253567552
McPAS,CASSDGNEQFF,LCP1NLFPL,Neoantigen,-5.485832423602691
McPAS,CASSDGQPQHF,M1,Influenza,-2.678197522869083
McPAS,CASSDGSTDTQYF,,M. tuberculosis,-3.3558032562159736
McPAS,CASSDGTGELFF,,M. tuberculosis,-2.5520153994567525
McPAS,CASSDGTGGADTQYF,,M. tuberculosis,-6.443520464435348
McPAS,CASSDGTGGTDTQYF,,M. tuberculosis,-8.247110757027059
McPAS,CASSDGTQYF,NP,Influenza,0.8271701838813427
McPAS,CASSDGTSGGTDTQYF,,M. tuberculosis,-5.681540634536479
McPAS,CASSDGTSGNEQFF,,M. tuberculosis,-7.051398765221043
McPAS,CASSDGTSSYNEQFF,,M. tuberculosis,-2.598004818769316
McPAS,CASSDLAGGTDTQYF,YFV17D,Yellow fever virus,-2.9219827005132424
McPAS,CASSDLYEQYF,,T1D,0.4229419185609816
McPAS,CASSDNQETQYF,,M. tuberculosis,-2.5244514454271245
McPAS,CASSDNSGANVLTF,,M. tuberculosis,-8.509515788591356
McPAS,CASSDNSYNEQFF,,M. tuberculosis,-6.162854550534592
McPAS,CASSDNYEQYF,WT1,Cancer/Self antigen,-1.2250970884384205
McPAS,CASSDPQPQHF,,M. tuberculosis,-3.535484893352532
McPAS,CASSDPTGELFF,pp65,Cytomegalovirus (CMV),-1.5753100896573238
McPAS,CASSDQGGTDTQYF,,M. tuberculosis,-3.1639750102591777
McPAS,CASSDRADYGYTF,,M. tuberculosis,3.2143783433614934
McPAS,CASSDRANEQFF,IE1,Cytomegalovirus (CMV),1.2713452722729133
McPAS,CASSDRANTEAFF,M1,Influenza,-1.627634297904731
McPAS,CASSDRDNNEQFF,,M. tuberculosis,-10.94038586815852
McPAS,CASSDRDNSPLHF,,M. tuberculosis,-6.257310520041395
McPAS,CASSDRDSYGYTF,,M. tuberculosis,-1.6266410282592334
McPAS,CASSDRDTGELFF,,M. tuberculosis,-5.265426770262904
McPAS,CASSDREGETQYF,,M. tuberculosis,2.975187868320164
McPAS,CASSDRETDTQYF,,M. tuberculosis,-8.124082760819844
McPAS,CASSDRGEQYF,NP,Influenza,-1.7389900093671788
McPAS,CASSDRGHTGELFF,,M. tuberculosis,-4.184735365925812
McPAS,CASSDRGLSNQPQHF,,T1D,2.320137680498773
McPAS,CASSDRGNQPQHF,,M. tuberculosis,-0.3318859848263414
McPAS,CASSDRGNTEAFF,,M. tuberculosis,1.20354335997427
McPAS,CASSDRGNTGELFF,,M. tuberculosis,-1.176218114492462
McPAS,CASSDRGRNQPQHF,,M. tuberculosis,0.7986617900904266
McPAS,CASSDRGSNYGYTF,,M. tuberculosis,1.2019428259735032
McPAS,CASSDRGSTDTQYF,NP,Influenza,-1.838143108389863
McPAS,CASSDRGTDTQYF,,M. tuberculosis,-2.718871818666898
McPAS,CASSDRGYNEQFF,,M. tuberculosis,-2.223453653260405
McPAS,CASSDRNQPQHF,,M. tuberculosis,0.5494488965906428
McPAS,CASSDRNTEAFF,,M. tuberculosis,-0.5537667091165646
McPAS,CASSDRPNYGYTF,,M. tuberculosis,-0.7978720768116901
McPAS,CASSDRSSYEQYF,M1,Influenza,-0.8242973852462127
McPAS,CASSDRTDTQYF,,M. tuberculosis,-0.7746621130159917
McPAS,CASSDRYEQYF,NP,Influenza,1.7148621972543825
McPAS,CASSDSAGGTDTQYF,,M. tuberculosis,-7.9693812264749795
McPAS,CASSDSAGGYNEQFF,,M. tuberculosis,-9.88686287296979
McPAS,CASSDSANTGELFF,,M. tuberculosis,1.930365569222353
McPAS,CASSDSATDTQYF,,M. tuberculosis,-5.8434957617998045
McPAS,CASSDSGATNEKLFF,,M. tuberculosis,3.1466128310996124
McPAS,CASSDSGDTGELFF,,M. tuberculosis,-8.023284429277892
McPAS,CASSDSGGADTQYF,,M. tuberculosis,-6.963190228828688
McPAS,CASSDSGGGYNEQFF,,M. tuberculosis,-6.308812887967168
McPAS,CASSDSGGSYNEQFF,,M. tuberculosis,-5.18947557983606
McPAS,CASSDSGNSPLHF,,M. tuberculosis,-4.553467152734424
McPAS,CASSDSGQNTGELFF,,M. tuberculosis,-12.05329378305505
McPAS,CASSDSGSTDTQYF,,M. tuberculosis,-3.7063746028425366
McPAS,CASSDSGYEQYF,PB1,Influenza,-0.865159544798725
McPAS,CASSDSGYGYTF,,M. tuberculosis,0.5013415232186194
McPAS,CASSDSPTGELFF,,M. tuberculosis,-6.74113259269264
McPAS,CASSDSRGTEAFF,YFV17D,Yellow fever virus,-1.2302054132366096
McPAS,CASSDSSDTGELFF,,M. tuberculosis,-11.630489162998884
McPAS,CASSDSSGANVLTF,,Celiac disease,-3.313465177620761
McPAS,CASSDSSGANVLTF,,M. tuberculosis,-3.313465177620761
McPAS,CASSDSSGGADTQYF,,M. tuberculosis,-8.11485348716082
McPAS,CASSDSSGGANEQFF,,M. tuberculosis,-8.262795479042351
McPAS,CASSDSSGGATDTQYF,,M. tuberculosis,-9.09541254029605
McPAS,CASSDSSGGSTDTQYF,,M. tuberculosis,-8.704540806100853
McPAS,CASSDSSGGTDTQYF,,M. tuberculosis,-7.269251049216171
McPAS,CASSDSSGSYNEQFF,,M. tuberculosis,-8.118115372084196
McPAS,CASSDSSTDTQYF,,M. tuberculosis,-4.45292986959252
McPAS,CASSDSTDTQYF,,M. tuberculosis,-1.2274019084741488
McPAS,CASSDSTGTDTQYF,,M. tuberculosis,-7.394130839621496
McPAS,CASSDSTSGGADTQYF,,Colorectal cancer,-8.293964539946982
McPAS,CASSDSTSGGDTQYF,,M. tuberculosis,-9.216021335015604
McPAS,CASSDSTSGGNEQFF,,M. tuberculosis,-7.765433431544681
McPAS,CASSDSTSGGTDTQYF,,M. tuberculosis,-6.288644209790162
McPAS,CASSDSYEQYF,YFV17D,Yellow fever virus,0.1615249973667327
McPAS,CASSDSYEQYF,MLANA,Cancer/Self antigen,0.1615249973667327
McPAS,CASSDSYEQYF,,M. tuberculosis,0.1615249973667327
McPAS,CASSDTDTQYF,CDKN2A,Cancer/Self antigen,0.4123679377131506
McPAS,CASSDTGRNQPQHF,,M. tuberculosis,2.398419925971334
McPAS,CASSDTSGGANEQFF,,M. tuberculosis,-8.09710635981681
McPAS,CASSDTTNEKLFF,,M. tuberculosis,-3.399746385074872
McPAS,CASSDYEQYF,,M. tuberculosis,-0.2650535213495472
McPAS,CASSDYNEQFF,,HTLV-1,0.5886039906677286
McPAS,CASSDYSNQPQHF,MLANA,Cancer/Self antigen,-0.7546444320430267
McPAS,CASSDYSNQPQHF,MLANA,Cancer/Self antigen,-0.7546444320430267
McPAS,CASSEAASYEQYF,UL29/28,Cytomegalovirus (CMV),-4.641796360511817
McPAS,CASSEAAYEQYF,,M. tuberculosis,-1.7100768581744457
McPAS,CASSEAGDNSPLHF,,M. tuberculosis,-3.078910891121195
McPAS,CASSEAGETQYF,,M. tuberculosis,1.3335365401701365
McPAS,CASSEAGGNQPQHF,,M. tuberculosis,-0.8265587193396
McPAS,CASSEAGGPYEQYF,GAD2,T1D,-0.6929909488744751
McPAS,CASSEAGGTDTQYF,,M. tuberculosis,-3.9432218001721697
McPAS,CASSEAGSGANVLTF,,M. tuberculosis,-4.796693460150284
McPAS,CASSEAGTGGTEAFF,,M. tuberculosis,-5.496408120188953
McPAS,CASSEAGTQYF,,M. tuberculosis,-1.3779310302524697
McPAS,CASSEALYEQYF,YFV17D,Yellow fever virus,-0.9935034727316756
McPAS,CASSEANEKLFF,MLANA,Cancer/Self antigen,1.7334526577778204
McPAS,CASSEANYGYTF,,M. tuberculosis,1.034474070069701
McPAS,CASSEARGNSPLHF,pp65,Cytomegalovirus (CMV),1.2624761010128789
McPAS,CASSEASGGADTQYF,GAD2,T1D,-6.439362153086531
McPAS,CASSEASGGADTQYF,,M. tuberculosis,-6.439362153086531
McPAS,CASSEASGGYNEQFF,,M. tuberculosis,-4.506314667733362
McPAS,CASSEASSGNTIYF,,M. tuberculosis,0.674711469122889
McPAS,CASSEDGGYGYTF,,M. tuberculosis,-2.7866823366797613
McPAS,CASSEDGMNTEAFF,LMP2,EBV,4.055748601748396
McPAS,CASSEDRDTEAFF,Gag,HIV / Human immunodeficiency virus (HIV),-1.490052969304147
McPAS,CASSEDRGNSPLHF,SEC24A,Neoantigen,1.2775322131436182
McPAS,CASSEDRGNTEAFF,,M. tuberculosis,-2.682289323439268
McPAS,CASSEDRGSPLHF,,M. tuberculosis,2.9887344559350306
McPAS,CASSEDRNTGELFF,LTAG,Cancer/Self antigen,1.7629640956729655
McPAS,CASSEDSSGANVLTF,,M. tuberculosis,-7.137527535235916
McPAS,CASSEDSYEQYF,,M. tuberculosis,-2.581073781603
McPAS,CASSEEAGGTDTQYF,,M. tuberculosis,-6.373445679213962
McPAS,CASSEENQPQHF,,M. tuberculosis,-2.455919428083666
McPAS,CASSEERGGTDTQYF,,M. tuberculosis,-8.065358624325276
McPAS,CASSEEYNEQFF,M1,Influenza,-2.848963939445042
McPAS,CASSEFETQYF,,Cancer/Self antigen,1.1326934462539735
McPAS,CASSEGAGANVLTF,,M. tuberculosis,-4.025595545733458
McPAS,CASSEGAGNQPQHF,,M. tuberculosis,-1.0717574796464833
McPAS,CASSEGAGNTIYF,,Cancer/Self antigen,-1.9354064039715728
McPAS,CASSEGASNQPQHF,,M. tuberculosis,-0.9243336289388682
McPAS,CASSEGAYEQYF,P24KK10,HIV / Human immunodeficiency virus (HIV),-1.5873264312115842
McPAS,CASSEGDQPQHF,,M. tuberculosis,-1.39313259149819
McPAS,CASSEGEGQPQHF,,M. tuberculosis,3.097967912338825
McPAS,CASSEGETGELFF,,M. tuberculosis,-8.220715767182417
McPAS,CASSEGETQYF,,M. tuberculosis,0.2276237338674495
McPAS,CASSEGGEQYF,PA,Influenza,-0.9884554652466502
McPAS,CASSEGGGATDTQYF,,M. tuberculosis,-7.315782922411655
McPAS,CASSEGGGYEQYF,,M. tuberculosis,-1.3491833206185486
McPAS,CASSEGGLTEAFF,,M. tuberculosis,-2.093729742509259
McPAS,CASSEGGNQPQHF,NP,Influenza,-0.7150993628178564
McPAS,CASSEGGPYEQYF,PB1,Influenza,-1.976606867227073
McPAS,CASSEGGRGTEAFF,,M. tuberculosis,1.1960866336989122
McPAS,CASSEGGSGNQPQHF,,M. tuberculosis,1.0197939858556384
McPAS,CASSEGGSHGYTF,,M. tuberculosis,-4.7193068440160335
McPAS,CASSEGGYEQYF,,M. tuberculosis,0.504758941774696
McPAS,CASSEGGYGYTF,,HTLV-1,0.3834855033620099
McPAS,CASSEGGYTEAFF,GNL3LR4C,Neoantigen,-1.3608040384510658
McPAS,CASSEGHSGANVLTF,,M. tuberculosis,-6.451559832500678
McPAS,CASSEGITDTQYF,,M. tuberculosis,-2.056393296487065
McPAS,CASSEGLAGAYEQYF,IE1,Cytomegalovirus (CMV),-2.580606689948397
McPAS,CASSEGLAGSNEQFF,,M. tuberculosis,-5.100538809268693
McPAS,CASSEGLAGVNEQFF,,M. tuberculosis,1.5336045876707254
McPAS,CASSEGLATDTQYF,,M. tuberculosis,-2.07026579156294
McPAS,CASSEGLNQPQHF,,M. tuberculosis,1.3344491899539626
McPAS,CASSEGNEQFF,,M. tuberculosis,-3.9833999574739023
McPAS,CASSEGNTGELFF,,M. tuberculosis,-3.1594517379632747
McPAS,CASSEGPNSPLHF,,M. tuberculosis,-1.5695650147603697
McPAS,CASSEGQGADTQYF,,M. tuberculosis,-6.003679693951462
McPAS,CASSEGQGAEKLFF,,M. tuberculosis,-6.446782559014608
McPAS,CASSEGQGATDTQYF,,M. tuberculosis,-4.774552931825024
McPAS,CASSEGQGGETQYF,,Allergy,3.450021329941123
McPAS,CASSEGQGPSYEQYF,M1,Influenza,-3.1474861799734613
McPAS,CASSEGQGYEQYF,TETANUSTOXIN,Systemic Lupus Erythematosus (SLE),0.5433442553120232
McPAS,CASSEGQGYEQYF,TEAD1VLEL8F,Neoantigen,0.5433442553120232
McPAS,CASSEGQNTEAFF,NSDHLILT,Neoantigen,-0.3646566681429841
McPAS,CASSEGREQYF,PA,Influenza,-1.2895432384209131
McPAS,CASSEGRETQYF,CDK4,Cancer/Self antigen,1.7393646773444855
McPAS,CASSEGSEAFF,VN1R2LMLL3F,Neoantigen,-2.8900094026688974
McPAS,CASSEGSGANVLTF,INS,T1D,-2.0807403585715187
McPAS,CASSEGSGNTIYF,,M. tuberculosis,1.577386494464066
McPAS,CASSEGTDTQYF,GAD2,T1D,-1.211355782192196
McPAS,CASSEGTGDTGELFF,,M. tuberculosis,-6.6492823511184085
McPAS,CASSEGTGELFF,,M. tuberculosis,-3.851192037874844
McPAS,CASSEGTGGNSPLHF,,M. tuberculosis,-2.813579978199631
McPAS,CASSEGTGGSPLHF,,M. tuberculosis,-5.521015318433776
McPAS,CASSEGTGGSYEQYF,,M. tuberculosis,-7.713991900295607
McPAS,CASSEGTSGGNEQFF,,M. tuberculosis,-4.288994894203254
McPAS,CASSEGTSGTDTQYF,,M. tuberculosis,-5.882388153527058
McPAS,CASSEGYEQYF,WT1,Cancer/Self antigen,0.3308927555891702
McPAS,CASSEGYEQYF,,M. tuberculosis,0.3308927555891702
McPAS,CASSEGYGYTF,,T1D,1.0910090741247462
McPAS,CASSEIENTEAFF,,M. tuberculosis,-2.5843776447109463
McPAS,CASSELAGADTQYF,,M. tuberculosis,-5.804616291692065
McPAS,CASSELAGGPDTQYF,,M. tuberculosis,-5.733904547372521
McPAS,CASSELAGGPYNEQFF,,M. tuberculosis,2.0552470589446314
McPAS,CASSELAGGQETQYF,,Colorectal cancer,-4.803276967988708
McPAS,CASSELAGGQETQYF,,M. tuberculosis,-4.803276967988708
McPAS,CASSELAGGSTDTQYF,,M. tuberculosis,-2.14801976153256
McPAS,CASSELAGTDTQYF,,M. tuberculosis,-2.6973524374793585
McPAS,CASSELENTEAFF,,M. tuberculosis,0.6775905439534033
McPAS,CASSELYEQYF,,M. tuberculosis,1.262748045711516
McPAS,CASSEMGSNQPQHF,,M. tuberculosis,-1.6869699775938116
McPAS,CASSENTGELFF,TEAD1(SVL),Neoantigen,-0.4384149761938818
McPAS,CASSENTGELFF,pp65,Cytomegalovirus (CMV),-0.4384149761938818
McPAS,CASSENTGELFF,,M. tuberculosis,-0.4384149761938818
McPAS,CASSENYEQYF,,M. tuberculosis,-0.6482548830529885
McPAS,CASSEQGANTGELFF,,M. tuberculosis,-1.3547804847391198
McPAS,CASSEQGDTGELFF,,M. tuberculosis,-2.590277386550188
McPAS,CASSEQGGNTEAFF,,M. tuberculosis,1.094778543423566
McPAS,CASSEQGRETQYF,,M. tuberculosis,2.2338639829250178
McPAS,CASSEQGRNQPQHF,,M. tuberculosis,2.176855804933904
McPAS,CASSEQGSEAFF,UL29/28,Cytomegalovirus (CMV),-1.478213598419322
McPAS,CASSEQGSYEQYF,,M. tuberculosis,-1.2902379067658134
McPAS,CASSEQGYEQYF,,M. tuberculosis,1.751102865197231
McPAS,CASSEQMNTEAFF,,M. tuberculosis,2.048174183114195
McPAS,CASSERETQYF,,M. tuberculosis,1.5366860826670812
McPAS,CASSERGGSYNEQFF,,M. tuberculosis,-4.698290183307792
McPAS,CASSERGHQETQYF,,Alzheimer's disease,1.951382413637745
McPAS,CASSERGNEQFF,,M. tuberculosis,-1.1334236135692053
McPAS,CASSERGNTGELFF,,M. tuberculosis,-1.8117377798402423
McPAS,CASSERGSTDTQYF,,M. tuberculosis,-2.716776567794852
McPAS,CASSESDSNQPQHF,,M. tuberculosis,-1.5122055322459342
McPAS,CASSESGDGYTF,,M. tuberculosis,-2.1751740912742235
McPAS,CASSESGGADTQYF,,M. tuberculosis,-4.9372889143300345
McPAS,CASSESGGELFF,,M. tuberculosis,-1.5597950928518531
McPAS,CASSESGGSYNEQFF,,M. tuberculosis,-2.6351626264658625
McPAS,CASSESGQGYEQYF,,M. tuberculosis,-3.1450703237522792
McPAS,CASSESGSSYEQYF,,M. tuberculosis,-1.3969636590333478
McPAS,CASSESGTGGYEQYF,,M. tuberculosis,-4.021272787803365
McPAS,CASSESPGNSNQPQHF,,Alzheimer's disease,6.868653307973171
McPAS,CASSESPGYGYTF,YFV17D,Yellow fever virus,-2.268414003442649
McPAS,CASSESSGANVLTF,,Psoriatic arthritis,-1.8625672193935443
McPAS,CASSESSYNEQFF,,M. tuberculosis,-1.6414415483211928
McPAS,CASSETGGAYNEQFF,,COVID-19 / SARS-CoV-2 / SARS-CoV,-1.1478785842914805
McPAS,CASSETGGGNQPQHF,,M. tuberculosis,0.7378461583464538
McPAS,CASSETGGGQPQHF,,M. tuberculosis,0.834429295109601
McPAS,CASSETGGTYEQYF,Nef,HIV / Human immunodeficiency virus (HIV),-3.821090306845883
McPAS,CASSETGQPQHF,YFV17D,Yellow fever virus,1.883558152076584
McPAS,CASSETGVGGYTF,M1,Influenza,3.952769940730785
McPAS,CASSETRDTQYF,,M. tuberculosis,-1.3539135247786822
McPAS,CASSETSGGADTQYF,,M. tuberculosis,-6.413693388334369
McPAS,CASSETSGGANEQFF,,M. tuberculosis,-7.631855599981968
McPAS,CASSETSGGTDTQYF,,M. tuberculosis,-5.182811696526644
McPAS,CASSETSGGYNEQFF,,Celiac disease,-2.290460188752572
McPAS,CASSETSGSTDTQYF,,M. tuberculosis,-5.363743268579405
McPAS,CASSETSGTYNEQFF,,M. tuberculosis,-1.2545063987818748
McPAS,CASSETTEAFF,,M. tuberculosis,2.836066384550582
McPAS,CASSEVENTEAFF,,M. tuberculosis,1.133071810764575
McPAS,CASSEVGDNSPLHF,,M. tuberculosis,-3.0363019235633915
McPAS,CASSEVHEQYF,,M. tuberculosis,-1.7678056559721913
McPAS,CASSEVRGTEAFF,,HTLV-1,-0.9584128560139517
McPAS,CASSEVYEQYF,,M. tuberculosis,-0.4632331846630164
McPAS,CASSEVYTEAFF,,M. tuberculosis,1.610405237101177
McPAS,CASSEWDTEAFF,LCP1NLF,Neoantigen,-1.660123995125121
McPAS,CASSEWDTQYF,,M. tuberculosis,1.5445055109072323
McPAS,CASSEWGGSNQPQHF,NP,Influenza,-2.880004202543334
McPAS,CASSEYEQYF,PA,Influenza,-1.230916365963337
McPAS,CASSEYGGSNQPQHF,NP,Influenza,-3.783577663473263
McPAS,CASSEYNEQFF,,M. tuberculosis,1.2880091549851
McPAS,CASSEYNTEAFF,,M. tuberculosis,-5.201470078967496
McPAS,CASSFADSNQPQHF,,M. tuberculosis,1.9475274426145923
McPAS,CASSFAGASYEQYF,INS,T1D,-0.9050865327229446
McPAS,CASSFAGQNTEAFF,,M. tuberculosis,4.116617177174081
McPAS,CASSFARNTEAFF,,M. tuberculosis,-0.5929828831090365
McPAS,CASSFASGGYNEQFF,TRPV4YLLA9T,Neoantigen,-2.220594295477175
McPAS,CASSFASTDTQYF,NISO4,Nickel contact dermatitis,-1.014658739177757
McPAS,CASSFDGETQYF,,Celiac disease,-1.4016156725174365
McPAS,CASSFDGTDTQYF,,M. tuberculosis,5.429841095888911
McPAS,CASSFDRATNEKLFF,,M. tuberculosis,-1.4453806246500365
McPAS,CASSFDREETQYF,,M. tuberculosis,-1.0694690050976938
McPAS,CASSFDRGNTEAFF,,M. tuberculosis,0.7788089787126666
McPAS,CASSFDRNQPQHF,,Clear cell renal carcinoma,1.9623715472161367
McPAS,CASSFDSNTEAFF,,M. tuberculosis,1.5307723283187888
McPAS,CASSFDSSGANVLTF,,T1D,0.8984370421835732
McPAS,CASSFDSYEQYF,PB1,Influenza,-1.3361673477538698
McPAS,CASSFDSYEQYF,NP,Influenza,-1.3361673477538698
McPAS,CASSFDSYGYTF,,Narcolepsy,-0.5624017334744074
McPAS,CASSFDTQYF,NP,Influenza,-1.3020560602222138
McPAS,CASSFEGNYGYTF,,M. tuberculosis,0.7062478995352728
McPAS,CASSFEGQETQYF,HCVKLV,Hepatitis C virus (HCV),1.1681877526464133
McPAS,CASSFETEAFF,NP,Influenza,-1.0796819818153351
McPAS,CASSFFGQPQHF,NP,Influenza,1.152520692446438
McPAS,CASSFFPGELFF,C3ORF58LMV,Neoantigen,-1.5023611656389677
McPAS,CASSFGAEQFF,PA,Influenza,-6.304576428062136
McPAS,CASSFGAGTYEQYF,,M. tuberculosis,-7.251208526291867
McPAS,CASSFGANTGELFF,WDR46,Neoantigen,1.9411450103681496
McPAS,CASSFGASYGYTF,YFV17D,Yellow fever virus,-2.936758383233724
McPAS,CASSFGATGELFF,,M. tuberculosis,1.2924738766293538
McPAS,CASSFGDEQYF,PA,Influenza,-2.43356258029207
McPAS,CASSFGDSYEQYF,YFV17D,Yellow fever virus,-2.506907176664999
McPAS,CASSFGDTQYF,PA,Influenza,0.2495699107873102
McPAS,CASSFGDTQYF,IE1,Cytomegalovirus (CMV),0.2495699107873102
McPAS,CASSFGESYGYTF,,M. tuberculosis,-1.4058465470089812
McPAS,CASSFGGDSYEQYF,,M. tuberculosis,-1.8284835054295163
McPAS,CASSFGGFYEQYF,BMLF1,EBV,-1.7029340481808737
McPAS,CASSFGGGGQPQHF,MLANA,Cancer/Self antigen,-1.5591547643886214
McPAS,CASSFGGGGYGYTF,,Celiac disease,-1.2190319692855631
McPAS,CASSFGGGTYEQYF,DQ2AII,Celiac disease,-1.9747809639646148
McPAS,CASSFGGITDTQYF,pp65,Cytomegalovirus (CMV),2.760353432784647
McPAS,CASSFGGLGQPQHF,MLANA,Cancer/Self antigen,1.9143779352389072
McPAS,CASSFGGLSYEQYF,pp65,Cytomegalovirus (CMV),-3.546091911853388
McPAS,CASSFGGLYGYTF,OR5M3KMVT8N,Neoantigen,-3.9583471669017416
McPAS,CASSFGGNEQYF,BMLF1,EBV,-2.667012732315739
McPAS,CASSFGGNTEAFF,,Psoriatic arthritis,1.281882258689715
McPAS,CASSFGGPNEKLFF,,Toxic epidermal necrolysis,-0.7537606714822318
McPAS,CASSFGGSSYEQYF,FNDC3B,Neoantigen,0.3039227023738884
McPAS,CASSFGGSSYNEQFF,NP,Influenza,0.5185808322146723
McPAS,CASSFGGSTGELFF,NP,Influenza,2.95502924038264
McPAS,CASSFGGSYEQYF,,Allergy,-0.6107188785568821
McPAS,CASSFGGSYNSPLHF,PA,Influenza,-0.6801270527351705
McPAS,CASSFGGTEAFF,NP,Influenza,0.3444919319667693
McPAS,CASSFGGTNTGELFF,GAD2,T1D,1.0504215213842547
McPAS,CASSFGGTQYF,M1,Influenza,0.9915548294089144
McPAS,CASSFGGVTGELFF,,M. tuberculosis,-0.925486590723342
McPAS,CASSFGGWETQYF,,Multiple sclerosis (MS),1.4148945412057734
McPAS,CASSFGGYEQYF,HCVKLV,Hepatitis C virus (HCV),-0.3207826063357599
McPAS,CASSFGINYGYTF,NP,Influenza,-2.745255245814488
McPAS,CASSFGLADYNEQFF,,M. tuberculosis,-1.6723737431370642
McPAS,CASSFGLAYEQYF,,M. tuberculosis,-3.589983975832769
McPAS,CASSFGPGEKLFF,,M. tuberculosis,2.158707260900336
McPAS,CASSFGPGETQYF,,M. tuberculosis,-0.7481668825394928
McPAS,CASSFGPGYEQYF,FNDC3BVVLL3M,Neoantigen,-5.846218890968597
McPAS,CASSFGPNTGELFF,,M. tuberculosis,0.8547721445409577
McPAS,CASSFGPSYGYTF,FNDC3BVVLL3M,Neoantigen,-2.4546956520016425
McPAS,CASSFGPYGYTF,FNDC3B,Neoantigen,-0.9736733458601928
McPAS,CASSFGQETQYF,,T1D,1.5234129810026424
McPAS,CASSFGQGAETQYF,M1,Influenza,3.238873502927215
McPAS,CASSFGQGGYEQYF,M1,Influenza,-1.3992934990006494
McPAS,CASSFGQGNQPQHF,pp65,Cytomegalovirus (CMV),0.4946368866137791
McPAS,CASSFGQGPYEQYF,,M. tuberculosis,0.4889201626422051
McPAS,CASSFGQGQPQHF,MLANA,Cancer/Self antigen,1.7912037405501988
McPAS,CASSFGQGYEQYF,GLRA1LIF,Neoantigen,-0.4005636461582356
McPAS,CASSFGQGYEQYF,GNL3LR4C,Neoantigen,-0.4005636461582356
McPAS,CASSFGQNYEQYF,ATP6AP1KLGG3W,Neoantigen,-2.9648028228770893
McPAS,CASSFGQTYGYTF,,M. tuberculosis,-2.807201441657348
McPAS,CASSFGRENTEAFF,,Celiac disease,-0.7269487471962549
McPAS,CASSFGREQYF,NP,Influenza,-3.0276929623843083
McPAS,CASSFGREQYF,PB1,Influenza,-3.0276929623843083
McPAS,CASSFGRGDTQYF,,M. tuberculosis,-2.497894813314611
McPAS,CASSFGRGSYEQYF,M1,Influenza,-2.2179099652295453
McPAS,CASSFGRNTGELFF,,M. tuberculosis,1.411952950456905
McPAS,CASSFGRSYEQYF,NP,Influenza,-1.0770549888175716
McPAS,CASSFGSGNTIYF,TRPV4FMI,Neoantigen,0.6589511203232232
McPAS,CASSFGSNYEQYF,,M. tuberculosis,-1.9807308986814824
McPAS,CASSFGSSYEQYF,,M. tuberculosis,-1.185700165385228
McPAS,CASSFGSTDTQYF,M1,Influenza,0.3702358182846328
McPAS,CASSFGSTGELFF,NP,Influenza,0.5288495968302654
McPAS,CASSFGSYGYTF,,M. tuberculosis,1.015933371390036
McPAS,CASSFGSYNEQFF,NP,Influenza,-0.767925074346758
McPAS,CASSFGTDQPQHF,,Carcinoma,-2.8012479721279435
McPAS,CASSFGTEAFF,,Celiac disease,-0.7574940923443086
McPAS,CASSFGTGELFF,NP,Influenza,0.351499340081882
McPAS,CASSFGTGGYEQYF,FAM58A3,Neoantigen,-1.3234640439102012
McPAS,CASSFGTGSSPLHF,,M. tuberculosis,-1.7148182640193814
McPAS,CASSFGTGYQPQHF,pp65,Cytomegalovirus (CMV),-1.558691183526232
McPAS,CASSFGTSNTGELFF,,M. tuberculosis,-1.7492466151962738
McPAS,CASSFGTTYEQYF,GAD2,T1D,-3.136235780747856
McPAS,CASSFGVEQYF,PA,Influenza,-3.6834344260745455
McPAS,CASSFGVGQPQHF,VN1R2LMLL3F,Neoantigen,-1.035109699762939
McPAS,CASSFGVNTGELFF,NP,Influenza,1.4735792006565371
McPAS,CASSFGVSYEQYF,NUCLEARPROTEINOFVESICULARSTOMATITISINDIANAVIRUS,Vesicular stomatitis virus,-2.8517651050691515
McPAS,CASSFGVYEQYF,M1,Influenza,-1.3791397590390473
McPAS,CASSFINEQFF,,IgG4-related disease,-0.5666066468596064
McPAS,CASSFITDTQYF,NP,Influenza,-1.613115760343312
McPAS,CASSFKDTQYF,,M. tuberculosis,0.9033817038412256
McPAS,CASSFKGADTQYF,pp65,Cytomegalovirus (CMV),4.237594471766258
McPAS,CASSFLAGDTQYF,,M. tuberculosis,1.5087843931704976
McPAS,CASSFLGADTQYF,NP,Influenza,1.0037364695201223
McPAS,CASSFLGDEQFF,GNL3LR4C,Neoantigen,-1.8452536458586104
McPAS,CASSFLGDTQYF,MLANA,Cancer/Self antigen,0.6406246362354828
McPAS,CASSFLGSNQPQHF,,Melanoma,-1.317482747238251
McPAS,CASSFLPNTGELFF,,M. tuberculosis,2.1913870835346625
McPAS,CASSFLQETQYF,NP,Influenza,-0.6918905745685965
McPAS,CASSFLSSYNEQFF,KAT6AKLS,Neoantigen,-3.0941474333570995
McPAS,CASSFLSTDTQYF,,M. tuberculosis,-0.54763069151403
McPAS,CASSFLTNYGYTF,NP,Influenza,-3.387209999630578
McPAS,CASSFMETQYF,MLL2L8H,Neoantigen,1.0512772451387584
McPAS,CASSFNRNTEAFF,,M. tuberculosis,1.8298584914188845
McPAS,CASSFNTEAFF,TRPV4YLLA9T,Neoantigen,-0.5234485652799215
McPAS,CASSFNYGYTF,,M. tuberculosis,0.6987817415635957
McPAS,CASSFNYNEQFF,BCL2L1,Cancer/Self antigen,0.7315834142205785
McPAS,CASSFPGDYGYTF,,M. tuberculosis,-3.715337202346036
McPAS,CASSFPGGGTDTQYF,,M. tuberculosis,0.852611126533963
McPAS,CASSFPGGQETQYF,,M. tuberculosis,-1.029036139627188
McPAS,CASSFPGGYEQYF,NP,Influenza,-2.344293657165672
McPAS,CASSFPGQAYEQYF,NP,Influenza,-1.7679962260211497
McPAS,CASSFPNQPQHF,YFV17D,Yellow fever virus,-1.0110562171755046
McPAS,CASSFPPYNEQFF,BMLF1,EBV,1.10831926784966
McPAS,CASSFQETQYF,,Clear cell renal carcinoma,1.7018320442440038
McPAS,CASSFQETQYF,,Ulcerative Colitis,1.7018320442440038
McPAS,CASSFQGATNEKLFF,,M. tuberculosis,0.6522356919785248
McPAS,CASSFQGGDTEAFF,,M. tuberculosis,1.578069662559987
McPAS,CASSFQGGNYGYTF,LMP2,EBV,-0.9656177386736238
McPAS,CASSFQGGNYGYTF,LMP1,EBV,-0.9656177386736238
McPAS,CASSFQGLGQPQHF,MLANA,Cancer/Self antigen,-1.279215391564796
McPAS,CASSFQGNTGELFF,PORF1,Hepatitis E virus infection (cHEV),2.2702450609405616
McPAS,CASSFQGSSYEQYF,,M. tuberculosis,-1.0874005710884689
McPAS,CASSFQGSYGYTF,,Breast Cancer,-1.2023919563260177
McPAS,CASSFQRGGGETQYF,,M. tuberculosis,6.952035768627463
McPAS,CASSFQRGGQETQYF,,M. tuberculosis,3.7227303744191262
McPAS,CASSFRANEKLFF,,M. tuberculosis,-1.7562105576436045
McPAS,CASSFRDGSYEQYF,,M. tuberculosis,-2.550468427039797
McPAS,CASSFRDSSYEQYF,MLL2L8H,Neoantigen,-0.46695315204333
McPAS,CASSFRDTDTQYF,,M. tuberculosis,1.3029547129978751
McPAS,CASSFREAYEQYF,NP,Influenza,-4.6366224315015785
McPAS,CASSFRESYEQYF,MLANA,Cancer/Self antigen,1.5297610606944252
McPAS,CASSFRGEAFF,PGM5,Neoantigen,-1.8341542772780213
McPAS,CASSFRGEAFF,,M. tuberculosis,-1.8341542772780213
McPAS,CASSFRGGGEKLFF,LTAG,Cancer/Self antigen,3.617797037268642
McPAS,CASSFRGGNTEAFF,GAD2,T1D,-1.7221886137622957
McPAS,CASSFRGGNTEAFF,,M. tuberculosis,-1.7221886137622957
McPAS,CASSFRGGSYEQYF,,M. tuberculosis,-0.7774101228579203
McPAS,CASSFRGNTGELFF,CDC37L1FLSP6L,Neoantigen,1.250591794093594
McPAS,CASSFRGQPQHF,NP,Influenza,-1.2807486886336044
McPAS,CASSFRGTSYEQYF,NP,Influenza,-0.7090241952632278
McPAS,CASSFRNEQFF,NP,Influenza,-0.3740273511233424
McPAS,CASSFRQGANTGELFF,NP,Influenza,1.5859877031826937
McPAS,CASSFRQGSSYEQYF,,M. tuberculosis,-2.10599256548571
McPAS,CASSFRQNNSPLHF,,M. tuberculosis,-1.3276847567190728
McPAS,CASSFRRNTEAFF,pp65,Cytomegalovirus (CMV),0.6388088175598081
McPAS,CASSFRSQETQYF,M1,Influenza,0.8046650054068941
McPAS,CASSFRSSYEQYF,M1,Influenza,-1.940587077381679
McPAS,CASSFRSTDTQYF,GLIAA2,Celiac disease,1.05749090603708
McPAS,CASSFRSTDTQYF,M1,Influenza,1.05749090603708
McPAS,CASSFRSTDTQYF,DQ2AII,Celiac disease,1.05749090603708
McPAS,CASSFRTGGSYEQYF,pp65,Cytomegalovirus (CMV),-2.067902702545127
McPAS,CASSFRTTDTQYF,,Celiac disease,-3.750521962521654
McPAS,CASSFRTYEQYF,,M. tuberculosis,-4.366161673082681
McPAS,CASSFRVSTDTQYF,,M. tuberculosis,-2.8874193984769514
McPAS,CASSFSATGELFF,SNX24,Neoantigen,-2.534583726428497
McPAS,CASSFSGAYEQYF,,M. tuberculosis,1.872892040215699
McPAS,CASSFSGDNSPLHF,,M. tuberculosis,1.2927468256404588
McPAS,CASSFSGDTEAFF,M1,Influenza,0.4893423135957606
McPAS,CASSFSGDTGELFF,pp65,Cytomegalovirus (CMV),-1.3700374000642843
McPAS,CASSFSGGADTQYF,,M. tuberculosis,0.6120384575624555
McPAS,CASSFSGGEQFF,,M. tuberculosis,0.9982269548665968
McPAS,CASSFSGGEQYF,,M. tuberculosis,-1.0929482229839342
McPAS,CASSFSGGSYNEQFF,UL29/28,Cytomegalovirus (CMV),0.998104081804984
McPAS,CASSFSGNTGELFF,,M. tuberculosis,0.9479901809709192
McPAS,CASSFSGPTEAFF,,M. tuberculosis,-1.7141010846445337
McPAS,CASSFSGPTYEQYF,,M. tuberculosis,-2.56493530513938
McPAS,CASSFSGQNTEAFF,M1,Influenza,1.1617455120616076
McPAS,CASSFSGRTDTQYF,NP,Influenza,0.7957299433166056
McPAS,CASSFSGSADTQYF,,Allergy,1.98758890544308
McPAS,CASSFSGSDTQYF,,Toxic epidermal necrolysis,0.8847845397434239
McPAS,CASSFSGTANTEAFF,M1,Influenza,1.6184973158697105
McPAS,CASSFSGTAYGYTF,NP,Influenza,-2.420245924583709
McPAS,CASSFSPSSYNEQFF,M1,Influenza,-2.2386579164547338
McPAS,CASSFSPSTDTQYF,,M. tuberculosis,-1.673782461126148
McPAS,CASSFSSGSSYEQYF,,Alzheimer's disease,-1.138877135961021
McPAS,CASSFSSSYNEQFF,M1,Influenza,-0.7691442610360962
McPAS,CASSFSSTDTQYF,M1,Influenza,0.2525740548842572
McPAS,CASSFSTDTQYF,,M. tuberculosis,1.5731027113333045
McPAS,CASSFSYEQYF,PA,Influenza,1.256608569191015
McPAS,CASSFSYEQYF,,Celiac disease,1.256608569191015
McPAS,CASSFSYEQYF,,M. tuberculosis,1.256608569191015
McPAS,CASSFTANTEAFF,,M. tuberculosis,1.285201168895209
McPAS,CASSFTANYGYTF,,M. tuberculosis,-1.922459724801067
McPAS,CASSFTDTQYF,,M. tuberculosis,1.613707414598092
McPAS,CASSFTEAFF,,M. tuberculosis,-3.25705858801558
McPAS,CASSFTGNTEAFF,NP,Influenza,0.8917521203268312
McPAS,CASSFTGPGELFF,M1,Influenza,-1.1239411444556595
McPAS,CASSFTSGDTQYF,MLANA,Cancer/Self antigen,2.4984985556002743
McPAS,CASSFTSGGYNEQFF,IE1,Cytomegalovirus (CMV),0.6586281615746719
McPAS,CASSFTSGTYEQYF,,M. tuberculosis,-1.5781389131052
McPAS,CASSFVGDTQYF,EPHA2,Cancer/Self antigen,-1.3951757444283786
McPAS,CASSFVGNTEAFF,,M. tuberculosis,-1.4670475087501953
McPAS,CASSFVGSYEQYF,NUCLEARPROTEINOFVESICULARSTOMATITISINDIANAVIRUS,Vesicular stomatitis virus,-2.249371432545751
McPAS,CASSFVNTGELFF,CD1LLG,Neoantigen,0.5094999346423896
McPAS,CASSFWGADTQYF,YFV17D,Yellow fever virus,1.6600408508944189
McPAS,CASSFYGETQYF,NP,Influenza,2.6293599823208047
McPAS,CASSFYNSPLHF,,T1D,-0.9988956178379806
McPAS,CASSFYSNQPQHF,M1,Influenza,-0.6315319117377182
McPAS,CASSGASGYNEQFF,,M. tuberculosis,-4.249836959859843
McPAS,CASSGDGETQYF,NP,Influenza,-1.5753729819507971
McPAS,CASSGDGMNTEAFF,LMP2,EBV,2.409446711378946
McPAS,CASSGDRDEQYF,PB1,Influenza,-1.0046814818266163
McPAS,CASSGDSNEQFF,GAD2,T1D,-3.0021564864651094
McPAS,CASSGDSNQPQHF,,M. tuberculosis,0.7233030462088703
McPAS,CASSGDSYGYTF,,M. tuberculosis,-1.384653069579291
McPAS,CASSGDTDTQYF,NP,Influenza,-0.6104104405404159
McPAS,CASSGDYEQYF,,M. tuberculosis,-0.9862969615548414
McPAS,CASSGESYNEQFF,,M. tuberculosis,1.1862373440320746
McPAS,CASSGETEAFF,,M. tuberculosis,-1.4345548050899608
McPAS,CASSGFNEQFF,,M. tuberculosis,0.9296710275630726
McPAS,CASSGFSNQPQHF,HTR1F9V1M,Neoantigen,-1.1955418304043977
McPAS,CASSGGAEQYF,PA,Influenza,-4.11844347842724
McPAS,CASSGGAYEQYF,HPV_E6_E7,Cancer/Self antigen,-1.2932828073096432
McPAS,CASSGGDEQFF,,M. tuberculosis,-2.1176025949693886
McPAS,CASSGGDTGELFF,,M. tuberculosis,-4.383322032658965
McPAS,CASSGGGAEAFF,NSDHL,Neoantigen,-2.878196951120949
McPAS,CASSGGGEQYF,PA,Influenza,-1.870318262032548
McPAS,CASSGGGEQYF,PA,Influenza,-1.870318262032548
McPAS,CASSGGGGQETQYF,,M. tuberculosis,2.2012912832140774
McPAS,CASSGGHTEAFF,,M. tuberculosis,-4.452046863363648
McPAS,CASSGGLAGTYEQYF,NP,Influenza,1.7631311819002606
McPAS,CASSGGLEQYF,UL29/28,Cytomegalovirus (CMV),-2.0454375539606744
McPAS,CASSGGNEQYF,,Multiple sclerosis (MS),-2.693638899800717
McPAS,CASSGGNEQYF,PA,Influenza,-2.693638899800717
McPAS,CASSGGQAYEQYF,YFV17D,Yellow fever virus,-2.1298813433874124
McPAS,CASSGGQGAGETQYF,,M. tuberculosis,4.265742566150917
McPAS,CASSGGQPNEKLFF,,M. tuberculosis,1.6747101272345182
McPAS,CASSGGRNQPQHF,M1,Influenza,1.846866604711484
McPAS,CASSGGSEQYF,PA,Influenza,-1.5276398325426428
McPAS,CASSGGSGANVLTF,,M. tuberculosis,-0.4163387571919601
McPAS,CASSGGSGNTIYF,,M. tuberculosis,1.0649199115288632
McPAS,CASSGGSSYEQYF,,M. tuberculosis,-1.89490602371012
McPAS,CASSGGTADTQYF,YFV17D,Yellow fever virus,-1.58772831385533
McPAS,CASSGGTANTGELFF,,M. tuberculosis,2.278514231608002
McPAS,CASSGGTGAYEQYF,YFV17D,Yellow fever virus,-0.8401021221152961
McPAS,CASSGGTGELFF,,M. tuberculosis,-2.115296732263215
McPAS,CASSGGTGYEQYF,TR10BP,Neoantigen,-1.957607066702272
McPAS,CASSGGTMNTEAFF,,M. tuberculosis,2.1328665143499435
McPAS,CASSGGTSGAYEQYF,YFV17D,Yellow fever virus,-3.848965772151682
McPAS,CASSGGYEQYF,YFV17D,Yellow fever virus,0.1727947874995935
McPAS,CASSGGYGYTF,,M. tuberculosis,-0.2574363870918175
McPAS,CASSGGYTGELFF,,M. tuberculosis,0.8581205376547304
McPAS,CASSGHLNTEAFF,,M. tuberculosis,-1.0576582038777338
McPAS,CASSGLAAYEQYF,,M. tuberculosis,-2.033079271240904
McPAS,CASSGLAGEDTQYF,UL29/28,Cytomegalovirus (CMV),3.0929427001669856
McPAS,CASSGLAGGPDTQYF,,M. tuberculosis,-5.909214774790039
McPAS,CASSGLAGGQETQYF,,M. tuberculosis,-2.4166246219752154
McPAS,CASSGLAGGTDTQYF,,M. tuberculosis,-1.409908028352351
McPAS,CASSGLAGPTDTQYF,,M. tuberculosis,1.703306713529075
McPAS,CASSGLAGTGELFF,,M. tuberculosis,0.9375715638941892
McPAS,CASSGLAGVTGELFF,CTAG1B,Cancer/Self antigen,5.492684165520275
McPAS,CASSGLANEQFF,,M. tuberculosis,-3.5272087965431447
McPAS,CASSGNRGTEAFF,,M. tuberculosis,1.0054277616120983
McPAS,CASSGQGAYEQYF,YFV17D,Yellow fever virus,1.6635910351854748
McPAS,CASSGQGAYGYTF,YFV17D,Yellow fever virus,-0.7878186965911474
McPAS,CASSGQGEKLFF,,Celiac disease,-0.5780624547337794
McPAS,CASSGQGGNTEAFF,,M. tuberculosis,2.272080074202376
McPAS,CASSGQGGNYGYTF,LMP2,EBV,1.974568267236628
McPAS,CASSGQGGTEAFF,M1,Influenza,1.4834088942290171
McPAS,CASSGQGGTYEQYF,NP,Influenza,1.858786950281361
McPAS,CASSGQGGYEQYF,YFV17D,Yellow fever virus,1.1954482424199195
McPAS,CASSGQGRNTIYF,,M. tuberculosis,1.8350155098919592
McPAS,CASSGQGTDTQYF,GANABS5F,Neoantigen,1.1863878226420042
McPAS,CASSGQGTDTQYF,,M. tuberculosis,1.1863878226420042
McPAS,CASSGQGTEAFF,,M. tuberculosis,-1.3021503164276136
McPAS,CASSGQLNTEAFF,,M. tuberculosis,1.476045841046026
McPAS,CASSGQNTGELFF,,M. tuberculosis,1.179937740030971
McPAS,CASSGRATDTQYF,M1,Influenza,-1.587974099476634
McPAS,CASSGRATGELFF,M1,Influenza,-3.450480192047545
McPAS,CASSGRQGSYEQYF,DHX33LLAK5T,Neoantigen,-1.9004473416898773
McPAS,CASSGRQGSYEQYF,,M. tuberculosis,-1.9004473416898773
McPAS,CASSGRSGANVLTF,CTAG1B,Cancer/Self antigen,-0.9834051313862698
McPAS,CASSGRSTDTQYF,M1,Influenza,-1.3280813826016915
McPAS,CASSGRSTDTQYF,ETNK2,Neoantigen,-1.3280813826016915
McPAS,CASSGSDTQYF,M1,Influenza,-2.4311086754859232
McPAS,CASSGSGASTDTQYF,OR5M3KMVT8N,Neoantigen,-2.1737934631867817
McPAS,CASSGSGGADTQYF,,M. tuberculosis,-2.855529673928688
McPAS,CASSGSGSSYNEQFF,NP,Influenza,-0.8017103048833244
McPAS,CASSGSSYNSPLHF,,M. tuberculosis,0.5611765921794735
McPAS,CASSGSYEQYF,NP,Influenza,0.2195425870836127
McPAS,CASSGTANTGELFF,NP,Influenza,1.5217878454712517
McPAS,CASSGTATDTQYF,,M. tuberculosis,-2.305208177411771
McPAS,CASSGTGATEAFF,NP,Influenza,-0.8328473652736315
McPAS,CASSGTGDNSPLHF,,M. tuberculosis,-1.970382884243329
McPAS,CASSGTGFSYEQYF,,M. tuberculosis,1.5371261936807752
McPAS,CASSGTGGAETQYF,,Allergy,1.2478402080905195
McPAS,CASSGTGGNEQFF,,M. tuberculosis,-0.910154029964886
McPAS,CASSGTGGSYEQYF,,M. tuberculosis,0.4111878738475467
McPAS,CASSGTGGTEAFF,,M. tuberculosis,0.8988607451259315
McPAS,CASSGTGGYNEQFF,,M. tuberculosis,-2.0582036789785736
McPAS,CASSGTGNSNQPQHF,,M. tuberculosis,1.691278306695427
McPAS,CASSGTGSNSPLHF,,M. tuberculosis,1.10570637164779
McPAS,CASSGTGSTEAFF,,M. tuberculosis,-1.168204387518884
McPAS,CASSGTGVSPLHF,YFV17D,Yellow fever virus,-3.263225091919125
McPAS,CASSGTGYQPQHF,,M. tuberculosis,2.804541164276812
McPAS,CASSGTPNSPLHF,,M. tuberculosis,2.70264381335298
McPAS,CASSGTPTYEQYF,,M. tuberculosis,-1.7753955539836817
McPAS,CASSGTSGANVLTF,,M. tuberculosis,-1.1785223805314229
McPAS,CASSGTSGGNEQFF,,M. tuberculosis,-2.920842127490084
McPAS,CASSGTSGGTDTQYF,,M. tuberculosis,-2.950505955724574
McPAS,CASSGTSGGYNEQFF,,M. tuberculosis,-2.2019060537607147
McPAS,CASSGTSGNYEQYF,MLANA,Cancer/Self antigen,1.344999900708162
McPAS,CASSGTSGSYEQFF,,M. tuberculosis,0.8697554024602532
McPAS,CASSGTSTGELFF,,M. tuberculosis,-2.795199982830144
McPAS,CASSGVGDTEAFF,,M. tuberculosis,-1.5434970993689543
McPAS,CASSGVYEQYF,,M. tuberculosis,-1.949202254377584
McPAS,CASSGYEQYF,,M. tuberculosis,-1.5101869751726107
McPAS,CASSGYQETQYF,NP,Influenza,0.8558270019233684
McPAS,CASSGYQETQYF,,M. tuberculosis,0.8558270019233684
McPAS,CASSHDSSGANVLTF,,M. tuberculosis,-2.4867310990302216
McPAS,CASSHGAEAFF,M1,Influenza,-4.573103459310277
McPAS,CASSHGGSSYNEQFF,,M. tuberculosis,1.460185053672777
McPAS,CASSHGQGAYEQYF,YFV17D,Yellow fever virus,-1.3134568834701073
McPAS,CASSHGQGDGYTF,,M. tuberculosis,2.0940822996384783
McPAS,CASSHGRDTEAFF,,M. tuberculosis,2.3025988939667106
McPAS,CASSHGSYEQYF,NP,Influenza,-0.5853442662149333
McPAS,CASSHGTANTEAFF,,M. tuberculosis,-1.0525029012922582
McPAS,CASSHNEQFF,NP,Influenza,-1.911004739048164
McPAS,CASSHQGSYEQYF,NP,Influenza,-1.432313422363999
McPAS,CASSHRDGTYEQYF,NP,Influenza,-4.596243865935824
McPAS,CASSHRDSGNTIYF,pp65,Cytomegalovirus (CMV),-1.4778162542383098
McPAS,CASSHRETQYF,,M. tuberculosis,-0.646625266991587
McPAS,CASSHRGSGNTIYF,GFAPNLA,Neoantigen,1.0666872232426017
McPAS,CASSHRGYEQYF,YFV17D,Yellow fever virus,0.851089735765926
McPAS,CASSHTENTEAFF,,M. tuberculosis,-2.7602157671824177
McPAS,CASSHTGNYGYTF,,M. tuberculosis,-2.6394178127992123
McPAS,CASSIAGGNEQFF,,T1D,-4.865554197631703
McPAS,CASSIAGGSYEQYF,,M. tuberculosis,-2.0073207547502867
McPAS,CASSIAGNNEQFF,,M. tuberculosis,-4.9615635543605965
McPAS,CASSIAGSSYNEQFF,,M. tuberculosis,-1.1499891298276808
McPAS,CASSIDRGDYGYTF,,M. tuberculosis,1.1143225682818283
McPAS,CASSIDRGYGYTF,,HTLV-1,0.8296820589406515
McPAS,CASSIDSNQPQHF,M1,Influenza,0.550988911597044
McPAS,CASSIFSNQPQHF,M1,Influenza,1.505097939371959
McPAS,CASSIGASTDTQYF,,T1D,3.209817706717377
McPAS,CASSIGAYGYTF,M1,Influenza,-3.8932164357261545
McPAS,CASSIGDEQYF,PA,Influenza,-2.6527058615586383
McPAS,CASSIGDEQYF,PB1,Influenza,-2.6527058615586383
McPAS,CASSIGDSYEQYF,PB1,Influenza,-4.924662173719058
McPAS,CASSIGDYEQYF,ITIH6RLG,Neoantigen,-2.046913325353455
McPAS,CASSIGDYEQYF,,M. tuberculosis,-2.046913325353455
McPAS,CASSIGGEQYF,PA,Influenza,-3.296590628862152
McPAS,CASSIGGSSYNEQFF,,M. tuberculosis,-1.470962456564894
McPAS,CASSIGGYGYTF,SEC24AFLY,Neoantigen,-0.5866951066710534
McPAS,CASSIGIYGYTF,M1,Influenza,-4.603089993005536
McPAS,CASSIGLAGYNEQFF,,M. tuberculosis,-2.783065867328952
McPAS,CASSIGLNQPQHF,HCVL2I,Neoantigen,1.5622618134116522
McPAS,CASSIGLNTEAFF,OR2T1FLNF5L,Neoantigen,-2.0107669329152147
McPAS,CASSIGLYGYTF,M1,Influenza,-3.6820122472444767
McPAS,CASSIGNEQYF,PA,Influenza,-3.71678162276902
McPAS,CASSIGPNYGYTF,SEC24AFLY,Neoantigen,-3.836172081817785
McPAS,CASSIGQGADTQYF,,M. tuberculosis,-3.407494097824152
McPAS,CASSIGQGGYEQYF,NP,Influenza,0.6923352564139545
McPAS,CASSIGQGLYGYTF,IE1,Cytomegalovirus (CMV),-1.2700973368802075
McPAS,CASSIGQGPYEQYF,CDK4,Cancer/Self antigen,0.5131651719956277
McPAS,CASSIGQNTGELFF,,M. tuberculosis,1.9333970982523
McPAS,CASSIGQVNTGELFF,,M. tuberculosis,5.325220598147505
McPAS,CASSIGQYNSPLHF,PB1,Influenza,-2.116644856295096
McPAS,CASSIGSEQYF,PA,Influenza,-2.36542499235452
McPAS,CASSIGSEQYF,PB1,Influenza,-2.36542499235452
McPAS,CASSIGSSGNTIYF,,M. tuberculosis,0.5830080830630923
McPAS,CASSIGSYGYTF,,T1D,-2.973559942783509
McPAS,CASSIGSYGYTF,M1,Influenza,-2.973559942783509
McPAS,CASSIGTASTDTQYF,pp65,Cytomegalovirus (CMV),1.2893973500654932
McPAS,CASSIGTDTQYF,,Alzheimer's disease,-0.5536651856641902
McPAS,CASSIGTGGYEQYF,,T1D,-2.143771356729277
McPAS,CASSIGTGSYEQYF,,T1D,-4.037670135269923
McPAS,CASSIGTYGYTF,M1,Influenza,-2.777014165470181
McPAS,CASSIGVYGYTF,M1,Influenza,-3.6814863176108754
McPAS,CASSIGVYNEQFF,,M. tuberculosis,-1.4504883736621972
McPAS,CASSIGYEQFF,M1,Influenza,-3.6536410554845262
McPAS,CASSIGYYGYTF,M1,Influenza,-5.749923402312119
McPAS,CASSIISTDTQYF,M1,Influenza,1.3586067003840037
McPAS,CASSILGSYNEQFF,EPHA2,Cancer/Self antigen,2.012821932159677
McPAS,CASSILSNQPQHF,M1,Influenza,-1.5103388526428985
McPAS,CASSIPYNEQFF,IE1,Cytomegalovirus (CMV),-4.486348632564077
McPAS,CASSIQETQYF,,M. tuberculosis,0.7519697885280724
McPAS,CASSIQGNSNQPQHF,ITIH6RLG,Neoantigen,2.407054601379057
McPAS,CASSIQSTDTQYF,M1,Influenza,2.683836488400894
McPAS,CASSIRAAYEQYF,M1,Influenza,-6.071814200823582
McPAS,CASSIRAQETQYF,M1,Influenza,-4.298221522345656
McPAS,CASSIRASYEQYF,M1,Influenza,-2.6709731744591467
McPAS,CASSIRDTDTQYF,DQ2AII,Celiac disease,2.946444576709878
McPAS,CASSIRGGTEAFF,,M. tuberculosis,-1.3234949697676597
McPAS,CASSIRGSYEQYF,M1,Influenza,0.8887542378718358
McPAS,CASSIRPSYEQYF,M1,Influenza,-1.4333000033491987
McPAS,CASSIRQGGTGELFF,,M. tuberculosis,3.642153534368309
McPAS,CASSIRSAYEQYF,M1,Influenza,-3.335188824703122
McPAS,CASSIRSGYEQYF,M1,Influenza,-4.058968629821351
McPAS,CASSIRSNQPQHF,M1,Influenza,-0.6415659130516287
McPAS,CASSIRSNTEAFF,M1,Influenza,-1.947558760462008
McPAS,CASSIRSQETQYF,M1,Influenza,-2.012864255076124
McPAS,CASSIRSSYEQYF,M1,Influenza,1.4066494386838515
McPAS,CASSIRSSYEQYF,ivgil,Influenza,1.4066494386838515
McPAS,CASSIRSTDTQYF,M1,Influenza,-1.5729775615351214
McPAS,CASSIRSTDTQYF,NP,Influenza,-1.5729775615351214
McPAS,CASSIRSTDTQYF,DQ2AII,Celiac disease,-1.5729775615351214
McPAS,CASSIRSTGELFF,M1,Influenza,-2.627699312335356
McPAS,CASSIRTDTQYF,DQ2AII,Celiac disease,2.3871721089784863
McPAS,CASSIRTGGYEQYF,,T1D,-1.0283338069713603
McPAS,CASSISGGSYEQYF,ITIH6RLG,Neoantigen,-2.6264353886179537
McPAS,CASSISGGYEQYF,,T1D,-1.5261234434638469
McPAS,CASSISGTGELFF,,M. tuberculosis,-2.0916211169575343
McPAS,CASSISNTGELFF,,T1D,-0.5837561260813314
McPAS,CASSISSGSYNEQFF,M1,Influenza,0.8703766944496628
McPAS,CASSISSTGELFF,M1,Influenza,-2.2376779302059564
McPAS,CASSISTEAFF,SREBF1YLQL6M,Neoantigen,-2.830313185510482
McPAS,CASSITANTEAFF,,M. tuberculosis,-0.6987877594844991
McPAS,CASSITGGTDTQYF,,M. tuberculosis,-1.8091306070323487
McPAS,CASSIVGNTEAFF,BRLF1,EBV,-1.777685391160548
McPAS,CASSIVGTGELFF,,M. tuberculosis,-4.026377519552334
McPAS,CASSIYSNQPQHF,M1,Influenza,-1.245021987842958
McPAS,CASSKGDTEAFF,NP,Influenza,-1.6624199608899406
McPAS,CASSKGQGSYEQYF,NP,Influenza,2.164719299111004
McPAS,CASSKGTANYGYTF,,Alzheimer's disease,2.7891353096838176
McPAS,CASSKQGSSYNEQFF,NP,Influenza,1.1122640261124377
McPAS,CASSKRSTDTQYF,M1,Influenza,-2.1525140157830904
McPAS,CASSKSSYEQYF,M1,Influenza,-0.6975012838633021
McPAS,CASSLAAASGNTIYF,,M. tuberculosis,4.535852836620178
McPAS,CASSLAAEAFF,,Celiac disease,-2.6603910661473984
McPAS,CASSLAAGGGETQYF,MRGPRFRLW,Neoantigen,1.271232016294292
McPAS,CASSLAAGYEQYF,,M. tuberculosis,-1.084492843196724
McPAS,CASSLAASNQPQHF,M1,Influenza,-1.5870116545425006
McPAS,CASSLADTQYF,,M. tuberculosis,1.3462090149925126
McPAS,CASSLADYGYTF,,M. tuberculosis,0.4103920463342357
McPAS,CASSLAEGNTEAFF,,M. tuberculosis,-1.45844557994432
McPAS,CASSLAEQETQYF,NP,Influenza,0.7740896070103124
McPAS,CASSLAGADGYTF,NP,Influenza,0.9815733274744444
McPAS,CASSLAGADNEQFF,NSDHLILTA9V,Neoantigen,-1.6511731396169402
McPAS,CASSLAGAGNEQFF,NP,Influenza,1.0663757197169677
McPAS,CASSLAGAPYEQYF,,M. tuberculosis,-1.0086545831630178
McPAS,CASSLAGARETQYF,NP,Influenza,1.5864923024540072
McPAS,CASSLAGARNQPQHF,,M. tuberculosis,-2.250246520048427
McPAS,CASSLAGATEAFF,,M. tuberculosis,0.344757601370215
McPAS,CASSLAGDTEAFF,,M. tuberculosis,0.8016638791059304
McPAS,CASSLAGEVNEQFF,M1,Influenza,-3.608972904968289
McPAS,CASSLAGFGQPQHF,pp50,Cytomegalovirus (CMV),-1.487386965589601
McPAS,CASSLAGFTDTQYF,,M. tuberculosis,0.5794354633326423
McPAS,CASSLAGGDGYTF,NP,Influenza,-0.7026456881442686
McPAS,CASSLAGGDNSPLHF,,Melanoma,-1.0017084671874783
McPAS,CASSLAGGDSYEQYF,Gag,HIV / Human immunodeficiency virus (HIV),-1.4017355574059054
McPAS,CASSLAGGEQYF,MLANA,Cancer/Self antigen,-0.5741614731179141
McPAS,CASSLAGGETQYF,NP,Influenza,1.875109922124784
McPAS,CASSLAGGGGTDTQYF,NP,Influenza,2.201289526326596
McPAS,CASSLAGGGNEQFF,,M. tuberculosis,-0.8877350943652683
McPAS,CASSLAGGGTDTQYF,,M. tuberculosis,1.1811237869797326
McPAS,CASSLAGGGTEAFF,,M. tuberculosis,0.5810799093906648
McPAS,CASSLAGGGYEQYF,NP,Influenza,-0.3337852966307889
McPAS,CASSLAGGPTDTQYF,,Colorectal cancer,1.2610102125728644
McPAS,CASSLAGGPYEQYF,NP,Influenza,1.16796854888632
McPAS,CASSLAGGPYEQYF,,M. tuberculosis,1.16796854888632
McPAS,CASSLAGGSGNTIYF,,M. tuberculosis,1.127333995862278
McPAS,CASSLAGGSNQPQHF,M1,Influenza,0.6778418806647251
McPAS,CASSLAGGSYNEQFF,,M. tuberculosis,1.7212757874159048
McPAS,CASSLAGGSYNSPLHF,EBNA3B,EBV,0.8455184253260661
McPAS,CASSLAGGTDTQYF,,M. tuberculosis,1.4360994755357854
McPAS,CASSLAGGTEAFF,TRPV3LLLA8V,Neoantigen,1.312342088300655
McPAS,CASSLAGGTEAFF,,Parkinson disease,1.312342088300655
McPAS,CASSLAGGTEAFF,,M. tuberculosis,1.312342088300655
McPAS,CASSLAGGYNEQFF,,Alzheimer's disease,1.3301860387593183
McPAS,CASSLAGGYTEAFF,,Alzheimer's disease,0.352827657472923
McPAS,CASSLAGHNEQFF,NP,Influenza,-1.1839654456940694
McPAS,CASSLAGIETQYF,,M. tuberculosis,2.9216191325535434
McPAS,CASSLAGIGNTIYF,,M. tuberculosis,-1.304559937263456
McPAS,CASSLAGLSYNEQFF,,M. tuberculosis,0.7405043868721597
McPAS,CASSLAGLTDTQYF,,M. tuberculosis,-0.5877115792386741
McPAS,CASSLAGNNEQFF,,M. tuberculosis,1.158160809782827
McPAS,CASSLAGNTEAFF,NP,Influenza,1.5372925129648527
McPAS,CASSLAGNYGYTF,M1,Influenza,1.5464715359330363
McPAS,CASSLAGPNTGELFF,,M. tuberculosis,1.442386999619831
McPAS,CASSLAGPYNEQFF,,Toxic epidermal necrolysis,1.1500804889814678
McPAS,CASSLAGQGGYGYTF,,M. tuberculosis,2.6974969497061188
McPAS,CASSLAGQGNGYTF,VIF407,HIV / Human immunodeficiency virus (HIV),-0.868392346501989
McPAS,CASSLAGQGNYEQYF,pp65,Cytomegalovirus (CMV),1.961142971849133
McPAS,CASSLAGQGRSPLHF,,M. tuberculosis,-1.6470529769909357
McPAS,CASSLAGQGSYNEQFF,,COVID-19 / SARS-CoV-2 / SARS-CoV,3.4829740396061784
McPAS,CASSLAGSGANVLTF,,Allergy,1.3385777207327547
McPAS,CASSLAGSHYGYTF,,Rheumatoid Arthritis (RA),1.8354229012879264
McPAS,CASSLAGSLNTEAFF,,M. tuberculosis,0.5321447592255969
McPAS,CASSLAGSNYEQYF,NP,Influenza,-3.0534704651258138
McPAS,CASSLAGSPDTQYF,,M. tuberculosis,2.076908395863189
McPAS,CASSLAGSPLHF,,M. tuberculosis,-0.9045913852419464
McPAS,CASSLAGSQETQYF,,M. tuberculosis,1.2630560253903012
McPAS,CASSLAGSSSYEQYF,MLANA,Cancer/Self antigen,-0.8956481444882568
McPAS,CASSLAGSSYEQYF,,M. tuberculosis,0.8701428919569775
McPAS,CASSLAGSTDTQYF,,Allergy,1.5356443079735276
McPAS,CASSLAGSYEQYF,NP,Influenza,1.4168588554108323
McPAS,CASSLAGTDNQPQHF,IE1,Cytomegalovirus (CMV),1.4080909934496697
McPAS,CASSLAGTDTQYF,pp65,Cytomegalovirus (CMV),1.777855345625001
McPAS,CASSLAGTDTQYF,,M. tuberculosis,1.777855345625001
McPAS,CASSLAGTEKLFF,,M. tuberculosis,0.849318505878433
McPAS,CASSLAGTETQYF,,M. tuberculosis,1.1919443175563251
McPAS,CASSLAGTGELFF,,M. tuberculosis,0.8275496830833037
McPAS,CASSLAGTGGNGYTF,NP,Influenza,2.5588760130111203
McPAS,CASSLAGTGGTDTQYF,,M. tuberculosis,2.5315959754989086
McPAS,CASSLAGTGLYEQYF,NP,Influenza,2.6976081638045613
McPAS,CASSLAGTGNEKLFF,,M. tuberculosis,1.497822827835014
McPAS,CASSLAGTGTDTQYF,,M. tuberculosis,2.429165243069696
McPAS,CASSLAGTGYGYTF,,Toxic epidermal necrolysis,-1.2548764970151374
McPAS,CASSLAGTMNTEAFF,,M. tuberculosis,-1.0047836769157557
McPAS,CASSLAGTSGETQYF,,T1D,1.3812231896107816
McPAS,CASSLAGTVNTEAFF,,M. tuberculosis,-0.6780086626236661
McPAS,CASSLAGTYEQYF,NP,Influenza,0.3106703675615298
McPAS,CASSLAGVEKLFF,,M. tuberculosis,2.0067039991255298
McPAS,CASSLAGVETQYF,,M. tuberculosis,1.3760819498975
McPAS,CASSLAGVGEQFF,M1,Influenza,0.9913217199337258
McPAS,CASSLAGVGGYTF,,Multiple sclerosis (MS),2.157461726525431
McPAS,CASSLAGVGQETQYF,,Allergy,-1.6663320299397064
McPAS,CASSLAGVQPQHF,DQ2AII,Celiac disease,-0.7808491954048182
McPAS,CASSLAGWNTGELFF,,M. tuberculosis,1.3824910086559097
McPAS,CASSLAGYGNTIYF,,M. tuberculosis,2.839552195202541
McPAS,CASSLAGYGYTF,,M. tuberculosis,1.0939239541294157
McPAS,CASSLAGYSGANVLTF,,M. tuberculosis,-2.308948216954714
McPAS,CASSLAISGNTIYF,,M. tuberculosis,-0.7243786862648898
McPAS,CASSLALAAYEQYF,NP,Influenza,-1.365383453753612
McPAS,CASSLALAGTDTQYF,M1,Influenza,2.4655703227809043
McPAS,CASSLALAGTGELFF,,M. tuberculosis,2.2812549954441
McPAS,CASSLALGEQYF,,M. tuberculosis,0.5900873287529886
McPAS,CASSLALNTEAFF,,M. tuberculosis,0.3556509716536226
McPAS,CASSLALQETQYF,GAD2,T1D,1.1240290757686138
McPAS,CASSLAMNTEAFF,,M. tuberculosis,-0.2758990328896795
McPAS,CASSLANNSPLHF,,M. tuberculosis,0.8900512345182072
McPAS,CASSLANSGANVLTF,,T1D,3.1278121026034285
McPAS,CASSLANTEAFF,,M. tuberculosis,0.3542874373351902
McPAS,CASSLAPGSTDTQYF,,M. tuberculosis,-0.8880555486682077
McPAS,CASSLAPGYEQYF,NP,Influenza,-0.8067395205100476
McPAS,CASSLAPNNEQFF,,M. tuberculosis,-1.3335335055007875
McPAS,CASSLAPSDTQYF,pp65,Cytomegalovirus (CMV),-1.501485414686047
McPAS,CASSLAQGAETQYF,BERYLLIUMSULFATE,Allergy,3.2083363215338765
McPAS,CASSLAQGDTGELFF,,M. tuberculosis,2.2817405894079603
McPAS,CASSLAQGGETQYF,BERYLLIUMSULFATE,Allergy,2.9736198770499853
McPAS,CASSLAQGRTEAFF,IE1,Cytomegalovirus (CMV),-1.3559414812746633
McPAS,CASSLAQGYEQYF,NP,Influenza,0.5525498869068441
McPAS,CASSLAQTNTEAFF,,M. tuberculosis,1.7101181828643126
McPAS,CASSLARDEQYF,NP,Influenza,-3.333581873376412
McPAS,CASSLARDGYTF,M1,Influenza,-2.6527932821458413
McPAS,CASSLARDTQYF,NP,Influenza,1.3391824992072512
McPAS,CASSLARGNEQFF,,Alzheimer's disease,-0.7293190881403264
McPAS,CASSLARGSYNEQFF,,M. tuberculosis,1.151834514096043
McPAS,CASSLARGTQYF,,Multiple sclerosis (MS),1.3816234109508692
McPAS,CASSLARNEQYF,NP,Influenza,2.1531830010760094
McPAS,CASSLASEQYF,KAT6AKLS,Neoantigen,-0.6644264147548649
McPAS,CASSLASETQYF,,Allergy,1.9318473600362425
McPAS,CASSLASGGATDTQYF,,M. tuberculosis,1.5310610936298663
McPAS,CASSLASGNEQFF,TTLL12KLP,Neoantigen,-1.7961393721267696
McPAS,CASSLASGQETQYF,INS,T1D,1.70988423002221
McPAS,CASSLASGVNEQFF,NP,Influenza,3.959548299055236
McPAS,CASSLASSGNTIYF,INS,T1D,0.9155792803320488
McPAS,CASSLASSPLHF,,M. tuberculosis,-2.18261174039189
McPAS,CASSLASTDTQYF,NP,Influenza,0.461037875117998
McPAS,CASSLASYEQYF,,Allergy,0.6390793159141452
McPAS,CASSLATEAFF,pp65,Cytomegalovirus (CMV),-0.6711867647409069
McPAS,CASSLATEQFF,PGM5H5Y,Neoantigen,1.4332511177716103
McPAS,CASSLATGTGELFF,,M. tuberculosis,1.2710767670097043
McPAS,CASSLATVYEQYF,NP,Influenza,-2.638952101309556
McPAS,CASSLAVGNQPQHF,,M. tuberculosis,-0.7810641222716558
McPAS,CASSLAYEQFF,M1,Influenza,0.9151331473672778
McPAS,CASSLAYEQYF,,T1D,1.6947412768318462
McPAS,CASSLAYEQYF,PGM5,Neoantigen,1.6947412768318462
McPAS,CASSLAYSGANVLTF,EPHA2,Cancer/Self antigen,-2.311264346433737
McPAS,CASSLAYSYEQYF,GP100YLE,Neoantigen,-1.4910204612513485
McPAS,CASSLAYSYEQYF,,M. tuberculosis,-1.4910204612513485
McPAS,CASSLAYTDTQYF,,Clear cell renal carcinoma,0.9011127036610886
McPAS,CASSLDAGSYGYTF,,M. tuberculosis,1.4844642170919866
McPAS,CASSLDAGYGYTF,,M. tuberculosis,1.5530043319134903
McPAS,CASSLDANTEAFF,,M. tuberculosis,0.4633811483086694
McPAS,CASSLDDSPLHF,,Colorectal cancer,1.339927833289264
McPAS,CASSLDDTEAFF,,M. tuberculosis,-3.411593195857739
McPAS,CASSLDGAGGYTF,,M. tuberculosis,1.7666065624658702
McPAS,CASSLDGDSYEQYF,,M. tuberculosis,-1.4375864420470803
McPAS,CASSLDGDTQYF,,M. tuberculosis,0.730070693709929
McPAS,CASSLDGDYGYTF,INS,T1D,1.6086983906285015
McPAS,CASSLDGGGTDTQYF,INS,T1D,1.8887066870667653
McPAS,CASSLDGGLYEQYF,,M. tuberculosis,-3.4950364895809347
McPAS,CASSLDGGRNTEAFF,,M. tuberculosis,1.0275971818949494
McPAS,CASSLDGGTGNTIYF,INS,T1D,2.041916095833704
McPAS,CASSLDGLTDTQYF,,M. tuberculosis,-2.358994705428004
McPAS,CASSLDGNTEAFF,UL29/28,Cytomegalovirus (CMV),1.2588488103233542
McPAS,CASSLDGNTEAFF,,M. tuberculosis,1.2588488103233542
McPAS,CASSLDGNTGELFF,,M. tuberculosis,2.1455140008484643
McPAS,CASSLDGQPQHF,,M. tuberculosis,0.5041957792165284
McPAS,CASSLDGSGNTIYF,,M. tuberculosis,1.5198515867543736
McPAS,CASSLDGSSNQPQHF,NP,Influenza,-0.6540745997566245
McPAS,CASSLDGSTDTQYF,,Clear cell renal carcinoma,-0.623967589619734
McPAS,CASSLDGSYEQYF,,HTLV-1,-0.4554182699837908
McPAS,CASSLDGTGTEAFF,,M. tuberculosis,3.880821488045775
McPAS,CASSLDGVTDTQYF,,M. tuberculosis,-3.125674791494162
McPAS,CASSLDGVTEAFF,,M. tuberculosis,1.2196841602749942
McPAS,CASSLDHNSPLHF,,M. tuberculosis,-1.1403652797918775
McPAS,CASSLDLNSPLHF,,M. tuberculosis,1.722864646593441
McPAS,CASSLDLNTEAFF,,M. tuberculosis,1.077228953642818
McPAS,CASSLDNMNTEAFF,,M. tuberculosis,1.4775805246569966
McPAS,CASSLDNQPQHF,NP,Influenza,0.5644953280960193
McPAS,CASSLDNQPQHF,,Celiac disease,0.5644953280960193
McPAS,CASSLDNTYEQYF,NP,Influenza,1.4214542983469052
McPAS,CASSLDPDQPQHF,pp65,Cytomegalovirus (CMV),-0.9312706242739636
McPAS,CASSLDPGANYGYTF,,M. tuberculosis,2.036863935471221
McPAS,CASSLDPGEQYF,PB1,Influenza,-2.759376526757908
McPAS,CASSLDPGGNSPLHF,,M. tuberculosis,2.545604895396223
McPAS,CASSLDPGNTIYF,,M. tuberculosis,0.4113686511291322
McPAS,CASSLDPGPNTEAFF,,M. tuberculosis,1.2290088307875244
McPAS,CASSLDPGSGYTF,,M. tuberculosis,3.1706466720226465
McPAS,CASSLDPGSYNEQFF,,M. tuberculosis,0.9408024086656704
McPAS,CASSLDPRGTEAFF,,M. tuberculosis,-1.5913900468740594
McPAS,CASSLDPSQPQHF,NP,Influenza,2.406823878811141
McPAS,CASSLDPYEQYF,NP,Influenza,-2.1271131927680207
McPAS,CASSLDQGTYNEQFF,NP,Influenza,5.366039703289594
McPAS,CASSLDQSTDTQYF,,M. tuberculosis,3.305160842213532
McPAS,CASSLDRDYGYTF,M1,Influenza,0.7725061029640857
McPAS,CASSLDRENTGELFF,,M. tuberculosis,-0.9487076748924528
McPAS,CASSLDRFNEQFF,GAD2,T1D,1.993759792573917
McPAS,CASSLDRGDTEAFF,,M. tuberculosis,0.4306154276570847
McPAS,CASSLDRGELFF,NP,Influenza,-0.7867957542931431
McPAS,CASSLDRGEQYF,PA,Influenza,0.5683306798911434
McPAS,CASSLDRGEQYF,PA,Influenza,0.5683306798911434
McPAS,CASSLDRGGGYTF,,M. tuberculosis,0.5106539917439579
McPAS,CASSLDRGGNQPQHF,,M. tuberculosis,0.4430128687177646
McPAS,CASSLDRGGTDTQYF,,M. tuberculosis,0.982331628011086
McPAS,CASSLDRGGTEAFF,IE1,Cytomegalovirus (CMV),0.7726127312283769
McPAS,CASSLDRGGYTF,,M. tuberculosis,0.6738433629884291
McPAS,CASSLDRGNEQFF,,M. tuberculosis,-0.3237642363957175
McPAS,CASSLDRGNQPQHF,,M. tuberculosis,0.6278096806020979
McPAS,CASSLDRGQPQHF,,M. tuberculosis,0.974592432544578
McPAS,CASSLDRGRNEQFF,,M. tuberculosis,0.7473682031876235
McPAS,CASSLDRGRNQPQHF,,M. tuberculosis,0.7276411737042648
McPAS,CASSLDRGSYEQYF,,M. tuberculosis,0.1983321953951584
McPAS,CASSLDRGTYEQYF,NP,Influenza,-0.8202241683656143
McPAS,CASSLDRGYGYTF,,Celiac disease,0.9988552199235716
McPAS,CASSLDRGYTEAFF,,M. tuberculosis,-0.8020996833577317
McPAS,CASSLDRHEQYF,,M. tuberculosis,0.825836567481241
McPAS,CASSLDRLYGYTF,,M. tuberculosis,-0.4724815185479064
McPAS,CASSLDRNQETQYF,,M. tuberculosis,4.471920432479853
McPAS,CASSLDRNSYEQYF,,M. tuberculosis,1.869015997029373
McPAS,CASSLDRRNTEAFF,,M. tuberculosis,0.695084674908246
McPAS,CASSLDRVEQYF,NP,Influenza,-2.076197268636006
McPAS,CASSLDRVGTDTQYF,,T1D,0.8155618146626767
McPAS,CASSLDRVGTEAFF,,M. tuberculosis,-0.4148096398428893
McPAS,CASSLDRVRGYTF,,M. tuberculosis,1.269858150821178
McPAS,CASSLDRYTEAFF,,M. tuberculosis,1.708722509100541
McPAS,CASSLDSDQPQHF,,M. tuberculosis,1.046004529854074
McPAS,CASSLDSDTQYF,GAD2,T1D,0.91029873250131
McPAS,CASSLDSGNTIYF,,M. tuberculosis,0.873892087319341
McPAS,CASSLDSLYGYTF,,M. tuberculosis,-1.448342928851043
McPAS,CASSLDSNQPQHF,FLAGELLIN,Inflammatory bowel disease (IBD) ,1.90472895364282
McPAS,CASSLDSQETQYF,,M. tuberculosis,1.3310466200656417
McPAS,CASSLDSSGNTIYF,,M. tuberculosis,0.9122364961551612
McPAS,CASSLDSSSYNEQFF,,M. tuberculosis,1.0514056686347657
McPAS,CASSLDSSTEAFF,,M. tuberculosis,-2.497180957906056
McPAS,CASSLDSVNQPQHF,,M. tuberculosis,-1.429210188621976
McPAS,CASSLDSYEQYF,P24KK10,HIV / Human immunodeficiency virus (HIV),1.4067090421383943
McPAS,CASSLDSYNEQFF,NP,Influenza,1.018285008328795
McPAS,CASSLDSYTQYF,NP,Influenza,2.640082873221039
McPAS,CASSLDTDTQYF,CTAG1B,Cancer/Self antigen,1.0956363028605889
McPAS,CASSLDTETQYF,,M. tuberculosis,2.492643426771932
McPAS,CASSLDTGNYGYTF,,M. tuberculosis,2.071983628869236
McPAS,CASSLDWGYEQYF,PB1,Influenza,-2.328804143047229
McPAS,CASSLDYNEQFF,GNL3LR4C,Neoantigen,-0.3755711947746192
McPAS,CASSLDYTEAFF,pp65,Cytomegalovirus (CMV),0.7174308468186926
McPAS,CASSLEAGDQPQHF,NP,Influenza,-1.2389949452489195
McPAS,CASSLEAGGPNEQFF,,M. tuberculosis,-0.974565387049509
McPAS,CASSLEAGYGYTF,,M. tuberculosis,0.4765863048066801
McPAS,CASSLEASGANVLTF,,M. tuberculosis,1.971696636818268
McPAS,CASSLEASGGYEQYF,,Clear cell renal carcinoma,-4.071659761395472
McPAS,CASSLEASSYNSPLHF,INS,T1D,-1.436686189700168
McPAS,CASSLEEGSYEQYF,,Parkinson disease,1.4694808700753073
McPAS,CASSLEETQYF,,Celiac disease,1.7636981603234032
McPAS,CASSLEETQYF,FLAGELLIN,Inflammatory bowel disease (IBD) ,1.7636981603234032
McPAS,CASSLEGAADTQYF,NP,Influenza,0.7871301864385397
McPAS,CASSLEGAANYGYTF,,M. tuberculosis,1.3484049769063913
McPAS,CASSLEGADQPQHF,,Psoriatic arthritis,-0.9685527099618962
McPAS,CASSLEGAKNIQYF,,M. tuberculosis,-0.5203927831781547
McPAS,CASSLEGANYGYTF,M1,Influenza,0.5170200588683138
McPAS,CASSLEGARETQYF,,M. tuberculosis,0.8944831956720767
McPAS,CASSLEGASYEQYF,,T1D,0.8977315588120968
McPAS,CASSLEGDQPQHF,NP,Influenza,0.8926174245508388
McPAS,CASSLEGEKLFF,PHKA2LLSSF,Neoantigen,0.314938748672454
McPAS,CASSLEGEQYF,HCVKLV,Hepatitis C virus (HCV),0.5164764130846689
McPAS,CASSLEGETQYF,M1,Influenza,0.7203683177757685
McPAS,CASSLEGFQETQYF,,M. tuberculosis,-2.2400132735345366
McPAS,CASSLEGGGEQFF,UL29/28,Cytomegalovirus (CMV),1.307130284895356
McPAS,CASSLEGGGYEQYF,NP,Influenza,-0.7676065093157985
McPAS,CASSLEGGNTEAFF,,M. tuberculosis,0.3939074382083687
McPAS,CASSLEGGPYGYTF,,M. tuberculosis,1.4883008773254065
McPAS,CASSLEGGTEAFF,,M. tuberculosis,0.6059628329463163
McPAS,CASSLEGGTQYF,,M. tuberculosis,2.3034425099127263
McPAS,CASSLEGGYNEQFF,,M. tuberculosis,-0.4984174164453852
McPAS,CASSLEGHYEQYF,,M. tuberculosis,-3.785091415888911
McPAS,CASSLEGLYNEQFF,NP,Influenza,0.9248370377200358
McPAS,CASSLEGNYGYTF,,M. tuberculosis,0.7356724055303967
McPAS,CASSLEGPLNTEAFF,,M. tuberculosis,-1.581199621085867
McPAS,CASSLEGQASSYEQYF,MLANA,Cancer/Self antigen,2.4587340951250205
McPAS,CASSLEGQASSYEQYF,NP,Influenza,2.4587340951250205
McPAS,CASSLEGQASSYEQYF,LMP2,EBV,2.4587340951250205
McPAS,CASSLEGQGDQPQHF,NP,Influenza,-1.4252910137176151
McPAS,CASSLEGQGNEKLFF,,M. tuberculosis,1.9947821298230213
McPAS,CASSLEGRDTDTQYF,,M. tuberculosis,2.1495038157482824
McPAS,CASSLEGRGYTF,DQ2AII,Celiac disease,0.928394277343662
McPAS,CASSLEGRNTEAFF,NP,Influenza,1.4648035914185735
McPAS,CASSLEGRPYGYTF,,M. tuberculosis,4.311194864678713
McPAS,CASSLEGSTDTQYF,NP,Influenza,2.127463783538621
McPAS,CASSLEGTDTQYF,,Celiac disease,1.2606874431863069
McPAS,CASSLEGTDTQYF,,M. tuberculosis,1.2606874431863069
McPAS,CASSLEGTYEQYF,,M. tuberculosis,-0.4691331794915518
McPAS,CASSLEGVQPQHF,NP,Influenza,0.4781373589268808
McPAS,CASSLEGVSTDTQYF,,M. tuberculosis,1.2617838266515229
McPAS,CASSLEGYGYTF,pp65,Cytomegalovirus (CMV),1.2434375465734893
McPAS,CASSLEGYTEAFF,,M. tuberculosis,0.5277833163260589
McPAS,CASSLEIQETQYF,NP,Influenza,-0.973072923623868
McPAS,CASSLELAGNEQFF,NP,Influenza,-1.5490357669107286
McPAS,CASSLELATDTQYF,,M. tuberculosis,2.657600304379293
McPAS,CASSLELNTGELFF,,M. tuberculosis,1.9508298475759045
McPAS,CASSLELSGANVLTF,DQ2AII,Celiac disease,1.6877687676390796
McPAS,CASSLENSPLHF,,M. tuberculosis,0.529363634573645
McPAS,CASSLEPDQPQHF,,M. tuberculosis,1.4467836947143589
McPAS,CASSLEPEETQYF,,M. tuberculosis,3.3991903727748323
McPAS,CASSLEPGANTEAFF,,M. tuberculosis,-1.7873305490041482
McPAS,CASSLEPGNYGYTF,,M. tuberculosis,-0.7296984067563311
McPAS,CASSLEPGTEAFF,,M. tuberculosis,-0.9194805974627344
McPAS,CASSLEPQNTEAFF,,M. tuberculosis,-1.1121450994629534
McPAS,CASSLEPSSYEQYF,,M. tuberculosis,1.0399276946476328
McPAS,CASSLEQAGNTIYF,,M. tuberculosis,2.7987152548417646
McPAS,CASSLEQGNEQFF,,M. tuberculosis,-2.115572660306001
McPAS,CASSLEQGNTEAFF,NP,Influenza,0.5914312927171662
McPAS,CASSLEQNQPQHF,,M. tuberculosis,2.3556095215637285
McPAS,CASSLERDGYTF,INS,T1D,-1.1961901943108142
McPAS,CASSLERETQYF,INS,T1D,-0.2908529280853583
McPAS,CASSLERGGNEQFF,,M. tuberculosis,-1.1078835092177752
McPAS,CASSLERGTEAFF,,M. tuberculosis,0.6917520386240582
McPAS,CASSLERTDTQYF,,M. tuberculosis,1.803603474876976
McPAS,CASSLESAGELFF,,M. tuberculosis,1.406566426062628
McPAS,CASSLESDTQYF,,M. tuberculosis,0.669790441885174
McPAS,CASSLESEKLFF,,M. tuberculosis,-2.114641237038009
McPAS,CASSLESGELFF,UL29/28,Cytomegalovirus (CMV),0.9076098258345184
McPAS,CASSLESGSYNEQFF,,HTLV-1,1.6228255381228558
McPAS,CASSLESGTGELFF,NP,Influenza,2.878137264564956
McPAS,CASSLETGTEAFF,,Narcolepsy,-1.0046437971373812
McPAS,CASSLETQYF,INS,T1D,0.2845890496302895
McPAS,CASSLETTDTQYF,,M. tuberculosis,2.0657542281282324
McPAS,CASSLEVGQETQYF,M1,Influenza,-0.9759194600930408
McPAS,CASSLEWGQPQHF,,M. tuberculosis,-1.924705168817848
McPAS,CASSLEYEQFF,,M. tuberculosis,1.1570664217470503
McPAS,CASSLFGADTQYF,NP,Influenza,2.2826438211433127
McPAS,CASSLFGEQYF,PA,Influenza,-0.4944214406698181
McPAS,CASSLFGGNTEAFF,NP,Influenza,0.5696789720426289
McPAS,CASSLFGGRETQYF,,M. tuberculosis,1.51660561574294
McPAS,CASSLFGGSSYEQYF,,M. tuberculosis,-2.454180324229517
McPAS,CASSLFNQPQHF,,M. tuberculosis,1.5083433319804755
McPAS,CASSLFQGQETQYF,,M. tuberculosis,2.814155757998772
McPAS,CASSLFSGANVLTF,,M. tuberculosis,0.782700538368855
McPAS,CASSLFSNQPQHF,UL29/28,Cytomegalovirus (CMV),0.6468694392435815
McPAS,CASSLGADQPQHF,VIF407,HIV / Human immunodeficiency virus (HIV),1.248438308198083
McPAS,CASSLGAEQFF,PA,Influenza,-2.996545758054052
McPAS,CASSLGAEQYF,MRM1,Neoantigen,-2.700788287736493
McPAS,CASSLGAGDNEQFF,,M. tuberculosis,-2.237096494622965
McPAS,CASSLGAGDTGELFF,,M. tuberculosis,0.8949888355358168
McPAS,CASSLGAGGGEQYF,,M. tuberculosis,3.3130806875726178
McPAS,CASSLGAGGGETQYF,,Narcolepsy,1.4413925255325268
McPAS,CASSLGAGGNQPQHF,,M. tuberculosis,0.6258983093518451
McPAS,CASSLGAGGTDTQYF,NP,Influenza,0.2822648123689634
McPAS,CASSLGAGGTEAFF,,M. tuberculosis,-0.4750501237420476
McPAS,CASSLGAGQETQYF,,M. tuberculosis,1.4695434945684238
McPAS,CASSLGAGSGANVLTF,,M. tuberculosis,-0.8827676960116916
McPAS,CASSLGAGSTDTQYF,INS,T1D,0.7825134540001121
McPAS,CASSLGAGSYEQYF,INTS1VLLL3F,Neoantigen,0.3072828325276805
McPAS,CASSLGAGTYEQYF,,M. tuberculosis,-0.4955958346321226
McPAS,CASSLGAGVNEQFF,NP,Influenza,-1.0736090411246084
McPAS,CASSLGAGVQETQYF,,M. tuberculosis,3.391867214739261
McPAS,CASSLGASGAYEQYF,NP,Influenza,0.9643807614958552
McPAS,CASSLGASGGETQYF,,M. tuberculosis,1.822054532912523
McPAS,CASSLGASNQPQHF,,M. tuberculosis,-1.4557069808508984
McPAS,CASSLGASSYNEQFF,NP,Influenza,0.3858694823996503
McPAS,CASSLGASYEQYF,,Allergy,-0.5114146943162847
McPAS,CASSLGASYEQYF,,M. tuberculosis,-0.5114146943162847
McPAS,CASSLGASYGYTF,,M. tuberculosis,-1.4276999081457995
McPAS,CASSLGASYNEQFF,,M. tuberculosis,-0.7985817149735654
McPAS,CASSLGAYNSPLHF,YFV17D,Yellow fever virus,-0.8372567464570339
McPAS,CASSLGDAGELFF,,M. tuberculosis,-1.504931844215256
McPAS,CASSLGDEQFF,,M. tuberculosis,-1.3006128762367006
McPAS,CASSLGDEQYF,PA,Influenza,-0.4812717430166059
McPAS,CASSLGDGNQPQHF,,M. tuberculosis,0.7757816408071159
McPAS,CASSLGDLSYEQYF,,M. tuberculosis,-2.4938052867372646
McPAS,CASSLGDNTEAFF,NP,Influenza,-0.8531121681316437
McPAS,CASSLGDNYEQYF,MLANA,Cancer/Self antigen,-0.9307974852404304
McPAS,CASSLGDNYNEQFF,pp65,Cytomegalovirus (CMV),-1.0348816632930693
McPAS,CASSLGDQPQHF,,Breast Cancer,0.7047081407143172
McPAS,CASSLGDSEQYF,,M. tuberculosis,-3.4746711643854464
McPAS,CASSLGDSSYEQYF,pp65,Cytomegalovirus (CMV),-0.9016135719335914
McPAS,CASSLGDSYNEQFF,,M. tuberculosis,0.5782091921888112
McPAS,CASSLGDTNQPQHF,UL29/28,Cytomegalovirus (CMV),-1.2787515159969065
McPAS,CASSLGDTQYF,INS,T1D,1.6394393580236115
McPAS,CASSLGDTQYF,,Celiac disease,1.6394393580236115
McPAS,CASSLGEAFF,NP,Influenza,-3.7463883111657057
McPAS,CASSLGEAYGYTF,,M. tuberculosis,-1.3385185201704854
McPAS,CASSLGEDYEQYF,GNL3LR4C,Neoantigen,-1.4392327885029497
McPAS,CASSLGEFYGYTF,NP,Influenza,2.205426341691927
McPAS,CASSLGEGTEAFF,NP,Influenza,-0.3918208853162806
McPAS,CASSLGENIQYF,pp65,Cytomegalovirus (CMV),1.2287460054542856
McPAS,CASSLGETQYF,,Allergy,2.055213647520372
McPAS,CASSLGETQYF,NP,Influenza,2.055213647520372
McPAS,CASSLGETQYF,,M. tuberculosis,2.055213647520372
McPAS,CASSLGFGTGELFF,,M. tuberculosis,-1.9996238036084737
McPAS,CASSLGFSGANVLTF,UL29/28,Cytomegalovirus (CMV),1.5038805840488576
McPAS,CASSLGFSSYEQYF,SNRNUCLEARPROTEIN(NUCLEARPROTEIN(NP))70,Systemic Lupus Erythematosus (SLE),-2.7988090432856643
McPAS,CASSLGFSYEQYF,,Rheumatoid Arthritis (RA),-1.854075212228505
McPAS,CASSLGGANVLTF,NP,Influenza,0.4745456148361759
McPAS,CASSLGGANVLTF,LTAG,Cancer/Self antigen,0.4745456148361759
McPAS,CASSLGGAPYNEQFF,YFV17D,Yellow fever virus,-2.475861995115633
McPAS,CASSLGGAQETQYF,pp65,Cytomegalovirus (CMV),2.798004150584474
McPAS,CASSLGGASEQYF,,M. tuberculosis,-3.5135244126309093
McPAS,CASSLGGASGANVLTF,,M. tuberculosis,1.2862565768209129
McPAS,CASSLGGASYEQYF,YFV17D,Yellow fever virus,1.0642687807830715
McPAS,CASSLGGATEAFF,,M. tuberculosis,-1.4247657172666952
McPAS,CASSLGGAYEQYF,,Multiple sclerosis (MS),0.4578793490984081
McPAS,CASSLGGDEQYF,LCP1NLF,Neoantigen,-1.809835216079121
McPAS,CASSLGGDGYTF,,M. tuberculosis,-1.1035362965199615
McPAS,CASSLGGDSPLHF,NP,Influenza,1.0057298455569803
McPAS,CASSLGGDTDTQYF,,M. tuberculosis,0.7121030235595672
McPAS,CASSLGGDTQYF,,M. tuberculosis,0.8750379864977059
McPAS,CASSLGGDTYEQYF,,M. tuberculosis,0.8002333184120786
McPAS,CASSLGGEAFF,,Celiac disease,-0.3006200712738659
McPAS,CASSLGGEQFF,NP,Influenza,0.9885116165941382
McPAS,CASSLGGEQYF,PA,Influenza,0.8588377002228291
McPAS,CASSLGGEQYF,PA,Influenza,0.8588377002228291
McPAS,CASSLGGGAEAFF,NP,Influenza,-1.5632890349095323
McPAS,CASSLGGGAKNIQYF,,M. tuberculosis,1.0027242208391791
McPAS,CASSLGGGDTEAFF,,M. tuberculosis,-0.5442833520004607
McPAS,CASSLGGGEQYF,,Carcinoma,-0.4719824216280982
McPAS,CASSLGGGGEAFF,,M. tuberculosis,-1.6333958769720605
McPAS,CASSLGGGGGDTQYF,,M. tuberculosis,2.7084160426813764
McPAS,CASSLGGGGYEQYF,NP,Influenza,0.5529998098608225
McPAS,CASSLGGGNQPQHF,INS,T1D,1.880433322992797
McPAS,CASSLGGGNTEAFF,NP,Influenza,1.2228053293543937
McPAS,CASSLGGGPTYEQYF,pp65,Cytomegalovirus (CMV),0.7512302368117588
McPAS,CASSLGGGPYGYTF,,M. tuberculosis,-1.049901012587302
McPAS,CASSLGGGQPQHF,,M. tuberculosis,0.6954400200068759
McPAS,CASSLGGGSSTDTQYF,NP,Influenza,-1.6541067295763177
McPAS,CASSLGGGSSYEQYF,,Allergy,0.2883288252095483
McPAS,CASSLGGGSYEQYF,,West Nile virus,0.968627450878633
McPAS,CASSLGGGSYEQYF,NP,Influenza,0.968627450878633
McPAS,CASSLGGGSYEQYF,,Celiac disease,0.968627450878633
McPAS,CASSLGGGTDTQYF,,M. tuberculosis,1.651503276726802
McPAS,CASSLGGGVTDTQYF,,M. tuberculosis,-2.078395285346485
McPAS,CASSLGGHEQYF,NP,Influenza,-2.138463606518111
McPAS,CASSLGGLGDTQYF,HSV2VP22,Herpes simplex virus 2 (HSV2),-1.351671475820233
McPAS,CASSLGGLGEKLFF,,M. tuberculosis,0.6719601865791198
McPAS,CASSLGGLGNSPLHF,,M. tuberculosis,-1.1970641303416616
McPAS,CASSLGGLGQPQHF,MLANA,Cancer/Self antigen,0.891894136666069
McPAS,CASSLGGLPYEQYF,,M. tuberculosis,-1.5529107359062095
McPAS,CASSLGGLTDTQYF,FNDC3B,Neoantigen,-0.4451997366060812
McPAS,CASSLGGLTDTQYF,,M. tuberculosis,-0.4451997366060812
McPAS,CASSLGGNEQFF,,Celiac disease,1.1220754448708885
McPAS,CASSLGGNEQFF,,M. tuberculosis,1.1220754448708885
McPAS,CASSLGGNNEQFF,NP,Influenza,0.8490185364172446
McPAS,CASSLGGNQPQHF,,Colorectal cancer,1.944345839427535
McPAS,CASSLGGNQPQHF,NP,Influenza,1.944345839427535
McPAS,CASSLGGNQPQHF,,Celiac disease,1.944345839427535
McPAS,CASSLGGNQPQHF,,T1D,1.944345839427535
McPAS,CASSLGGNQPQHF,FLAGELLIN,Inflammatory bowel disease (IBD) ,1.944345839427535
McPAS,CASSLGGNQPQHF,,M. tuberculosis,1.944345839427535
McPAS,CASSLGGNTEAFF,,Celiac disease,2.004141801433326
McPAS,CASSLGGNTGELFF,,Ulcerative Colitis,1.667323461488753
McPAS,CASSLGGNTGELFF,MLANA,Cancer/Self antigen,1.667323461488753
McPAS,CASSLGGNYEQYF,NP,Influenza,-0.6286329987652503
McPAS,CASSLGGPNTEAFF,,M. tuberculosis,0.4856085461197454
McPAS,CASSLGGPNYGYTF,,Cancer/Self antigen,-1.219814209304268
McPAS,CASSLGGQETQYF,,M. tuberculosis,1.570186496447075
McPAS,CASSLGGQGAGETQYF,NP,Influenza,3.358851892391749
McPAS,CASSLGGQGAYEQYF,YFV17D,Yellow fever virus,1.4256351839168726
McPAS,CASSLGGQGRNEQFF,,M. tuberculosis,2.05126492189137
McPAS,CASSLGGQPQHF,,Graft Vs Host Disease,0.7077812792242139
McPAS,CASSLGGQSSYEQYF,IE1,Cytomegalovirus (CMV),0.8496824566582821
McPAS,CASSLGGRATEAFF,,M. tuberculosis,1.5703960764035283
McPAS,CASSLGGRDGYTF,,Colorectal cancer,-0.5248727757929996
McPAS,CASSLGGRDTEAFF,,M. tuberculosis,-0.4278535046407948
McPAS,CASSLGGRETQYF,,M. tuberculosis,1.5079071486872493
McPAS,CASSLGGRNQPQHF,GAD2,T1D,-0.4666233710033303
McPAS,CASSLGGRRYEQYF,CDK4,Cancer/Self antigen,-2.537865367386702
McPAS,CASSLGGRVETQYF,,M. tuberculosis,1.880821488045774
McPAS,CASSLGGRVNEQFF,,M. tuberculosis,-2.607779174672844
McPAS,CASSLGGSAKNIQYF,,M. tuberculosis,-1.9068594471484093
McPAS,CASSLGGSGEKLFF,,M. tuberculosis,1.4524884752401437
McPAS,CASSLGGSGELFF,,M. tuberculosis,0.2693646764853092
McPAS,CASSLGGSGYEQYF,NP,Influenza,-0.4860126022157501
McPAS,CASSLGGSNYEQYF,MLANA,Cancer/Self antigen,1.402941502836681
McPAS,CASSLGGSPGELFF,pp65,Cytomegalovirus (CMV),2.515679121221729
McPAS,CASSLGGSSNQPQHF,,T1D,0.5891108198800115
McPAS,CASSLGGSSYEQYF,,Colorectal cancer,1.6200267779109532
McPAS,CASSLGGSSYEQYF,,M. tuberculosis,1.6200267779109532
McPAS,CASSLGGSTDTQYF,NP,Influenza,1.7917942128971047
McPAS,CASSLGGSTDTQYF,DQ2AII,Celiac disease,1.7917942128971047
McPAS,CASSLGGSTYEQYF,,M. tuberculosis,-0.517565657079036
McPAS,CASSLGGSYEQYF,NP,Influenza,1.4922756521658425
McPAS,CASSLGGSYEQYF,,T1D,1.4922756521658425
McPAS,CASSLGGSYNEQFF,,M. tuberculosis,1.508822203070737
McPAS,CASSLGGTDTQYF,,M. tuberculosis,1.6766998389028098
McPAS,CASSLGGTEAFF,NP,Influenza,1.781230850131964
McPAS,CASSLGGTEAFF,,Celiac disease,1.781230850131964
McPAS,CASSLGGTEAFF,,T1D,1.781230850131964
McPAS,CASSLGGTEAFF,OR5M3KMV,Neoantigen,1.781230850131964
McPAS,CASSLGGTETQYF,NP,Influenza,0.9695898563761276
McPAS,CASSLGGTGELFF,,Celiac disease,1.4050215068343084
McPAS,CASSLGGTYNEQFF,,M. tuberculosis,-0.2641704255227758
McPAS,CASSLGGVADTQYF,,M. tuberculosis,1.6108841884042733
McPAS,CASSLGGVAYEQYF,,Toxic epidermal necrolysis,-2.836141451453136
McPAS,CASSLGGVDQPQHF,,M. tuberculosis,1.3423171886316028
McPAS,CASSLGGVEQYF,,M. tuberculosis,-1.000827648606074
McPAS,CASSLGGVETQYF,,M. tuberculosis,0.6818957636797227
McPAS,CASSLGGVNTGELFF,,M. tuberculosis,1.728966619675704
McPAS,CASSLGGVNYGYTF,,M. tuberculosis,-0.8549496638298424
McPAS,CASSLGGVRETQYF,,M. tuberculosis,-0.8862221654729774
McPAS,CASSLGGWETQYF,,M. tuberculosis,0.896594262372542
McPAS,CASSLGGYEQYF,LMP2,EBV,1.7684535943866897
McPAS,CASSLGGYEQYF,PA,Influenza,1.7684535943866897
McPAS,CASSLGGYEQYF,NP,Influenza,1.7684535943866897
McPAS,CASSLGGYEQYF,,T1D,1.7684535943866897
McPAS,CASSLGGYTF,,M. tuberculosis,-2.457045239905569
McPAS,CASSLGGYTF,,COVID-19 / SARS-CoV-2 / SARS-CoV,-2.457045239905569
McPAS,CASSLGHLTGELFF,,M. tuberculosis,-1.7585082371088645
McPAS,CASSLGISYEQYF,GNL3LR4C,Neoantigen,-1.1382450706694869
McPAS,CASSLGIYGYTF,M1,Influenza,-1.4468583002636843
McPAS,CASSLGLADNTGELFF,,M. tuberculosis,-1.7712052378087475
McPAS,CASSLGLAGANEQFF,EPHA2,Cancer/Self antigen,0.6197084190849574
McPAS,CASSLGLAGEQYF,,M. tuberculosis,0.3454772952501801
McPAS,CASSLGLAGGPGEQFF,pp65,Cytomegalovirus (CMV),1.3821466512312783
McPAS,CASSLGLAGGQETQYF,NP,Influenza,2.0338286688157243
McPAS,CASSLGLAGGRTGELFF,,M. tuberculosis,1.0070173994745275
McPAS,CASSLGLAGIDTQYF,,M. tuberculosis,2.430692896708724
McPAS,CASSLGLAGLNTGELFF,,M. tuberculosis,1.2937659883733903
McPAS,CASSLGLAGTYEQYF,,M. tuberculosis,1.2433739359043392
McPAS,CASSLGLAGVNEQFF,,M. tuberculosis,0.7890047071016426
McPAS,CASSLGLALYNEQFF,,M. tuberculosis,0.6576486321239158
McPAS,CASSLGLAQETQYF,,M. tuberculosis,1.2742526508647742
McPAS,CASSLGLASYEQYF,,Clear cell renal carcinoma,0.4570932932658581
McPAS,CASSLGLGNTGELFF,,M. tuberculosis,1.2857033768807438
McPAS,CASSLGLGQPQHF,MLANA,Cancer/Self antigen,-0.4775426227620122
McPAS,CASSLGLGTGELFF,M1,Influenza,0.5827220446149652
McPAS,CASSLGLNSPLHF,,M. tuberculosis,-0.6818683201996459
McPAS,CASSLGLRDTEAFF,,M. tuberculosis,-1.1766011091535034
McPAS,CASSLGLSEQFF,NP,Influenza,3.857287738843415
McPAS,CASSLGLSEQYF,NP,Influenza,-3.3042178820329653
McPAS,CASSLGLTNEKLFF,,M. tuberculosis,1.6482104956563426
McPAS,CASSLGLWETQYF,,M. tuberculosis,2.0941835441318384
McPAS,CASSLGLYEQYF,,T1D,-0.3767432447983473
McPAS,CASSLGLYNEQFF,,M. tuberculosis,0.8594711932050934
McPAS,CASSLGMNTGELFF,,M. tuberculosis,3.6068146003028825
McPAS,CASSLGNEQYF,PA,Influenza,-1.6688675153229682
McPAS,CASSLGNTEAFF,SEC24A,Neoantigen,1.69252380570249
McPAS,CASSLGNTGELFF,UL29/28,Cytomegalovirus (CMV),1.379790364359533
McPAS,CASSLGNTIYF,,M. tuberculosis,0.5705056828500235
McPAS,CASSLGPADTQYF,,M. tuberculosis,1.77950443797546
McPAS,CASSLGPAGNTIYF,,M. tuberculosis,0.875212413590211
McPAS,CASSLGPATYEQYF,pp65,Cytomegalovirus (CMV),-1.7449344615126674
McPAS,CASSLGPAYNEQFF,CMVMLN,Neoantigen,-1.278932272040505
McPAS,CASSLGPDSNQPQHF,,M. tuberculosis,-1.673343696925825
McPAS,CASSLGPGDTQYF,,M. tuberculosis,1.1809427049463035
McPAS,CASSLGPGELFF,,M. tuberculosis,0.4674911344646756
McPAS,CASSLGPGNQPQHF,,M. tuberculosis,-1.0013157229731044
McPAS,CASSLGPGRTEAFF,,M. tuberculosis,-1.812998198821412
McPAS,CASSLGPGSYGYTF,PORF1,Hepatitis E virus infection (cHEV),-1.7889168176915775
McPAS,CASSLGPIQETQYF,,Colorectal cancer,-1.5409437194662396
McPAS,CASSLGPLGYTF,,M. tuberculosis,2.2292211619262563
McPAS,CASSLGPNSPLHF,HAUS3ILNT7A,Neoantigen,0.5978754375199488
McPAS,CASSLGPPQETQYF,,M. tuberculosis,3.28719765753038
McPAS,CASSLGPRDTQYF,,M. tuberculosis,1.2158479804434663
McPAS,CASSLGPRyEQYF,VIF407,HIV / Human immunodeficiency virus (HIV),0.6534212502465807
McPAS,CASSLGPSGNTIYF,pp65,Cytomegalovirus (CMV),0.4299282941987263
McPAS,CASSLGPSGNTIYF,,M. tuberculosis,0.4299282941987263
McPAS,CASSLGPSSNQPQHF,,M. tuberculosis,-1.005608308479684
McPAS,CASSLGPSSYEQYF,NP,Influenza,0.9478170325102012
McPAS,CASSLGPSTDTQYF,,M. tuberculosis,1.323285387564339
McPAS,CASSLGPYEQYF,NP,Influenza,0.9048266689790536
McPAS,CASSLGPYNEQFF,,M. tuberculosis,0.2383307148444756
McPAS,CASSLGPYTDTQYF,IE1,Cytomegalovirus (CMV),-2.075245017638238
McPAS,CASSLGQAGETQYF,BERYLLIUMSULFATE,Allergy,1.109180905754628
McPAS,CASSLGQAYEQYF,EBNA6,EBV,0.2626008104831027
McPAS,CASSLGQAYEQYF,,Rheumatoid Arthritis (RA),0.2626008104831027
McPAS,CASSLGQAYEQYF,,Toxic epidermal necrolysis,0.2626008104831027
McPAS,CASSLGQDNYGYTF,,M. tuberculosis,0.8184459470929177
McPAS,CASSLGQDSYEQYF,pp65,Cytomegalovirus (CMV),-1.2535100277161573
McPAS,CASSLGQDTDTQYF,M1,Influenza,0.7641367822206873
McPAS,CASSLGQEQETQYF,INS,T1D,-1.2759286772663567
McPAS,CASSLGQGADEQYF,,M. tuberculosis,-2.475517243017208
McPAS,CASSLGQGAGYGYTF,,M. tuberculosis,-0.5610152645951844
McPAS,CASSLGQGAKNIQYF,,M. tuberculosis,-0.8619412410485636
McPAS,CASSLGQGANIQYF,,Breast Cancer,-1.136724568535656
McPAS,CASSLGQGANYGYTF,,M. tuberculosis,0.4223342201613287
McPAS,CASSLGQGARDTQYF,,M. tuberculosis,2.0499314561461155
McPAS,CASSLGQGAYEQYF,,T1D,1.4351660702072353
McPAS,CASSLGQGDNEQFF,NP,Influenza,-1.3414361136331032
McPAS,CASSLGQGDQPQHF,MLANA,Cancer/Self antigen,0.2282764050765129
McPAS,CASSLGQGFSPLHF,LTAG,Cancer/Self antigen,-0.9554092983961724
McPAS,CASSLGQGGETQYF,BERYLLIUMSULFATE,Allergy,1.3232028436027012
McPAS,CASSLGQGGSYEQYF,pp50,Cytomegalovirus (CMV),1.09035241153684
McPAS,CASSLGQGGSYEQYF,NP,Influenza,1.09035241153684
McPAS,CASSLGQGHSPLHF,,M. tuberculosis,-1.2849539033351172
McPAS,CASSLGQGLSYEQYF,TYRYMD,Neoantigen,-1.6507534401858166
McPAS,CASSLGQGNTEAFF,NP,Influenza,1.7453188530560624
McPAS,CASSLGQGNTEAFF,,M. tuberculosis,1.7453188530560624
McPAS,CASSLGQGNTGELFF,,M. tuberculosis,1.7696906138684962
McPAS,CASSLGQGQPQHF,MLANA,Cancer/Self antigen,0.4622810758787837
McPAS,CASSLGQGRAYEQYF,,M. tuberculosis,-0.9229032147618328
McPAS,CASSLGQGRDEQYF,PB1,Influenza,-1.8079012071717024
McPAS,CASSLGQGRDTQYF,,Allergy,1.1056246056648606
McPAS,CASSLGQGRETQYF,M1,Influenza,1.9198891128543407
McPAS,CASSLGQGRSGANVLTF,,M. tuberculosis,3.81117474268906
McPAS,CASSLGQGSEKLFF,,M. tuberculosis,0.4501774806883718
McPAS,CASSLGQGTDTQYF,NP,Influenza,1.052785389486782
McPAS,CASSLGQGTDTQYF,,M. tuberculosis,1.052785389486782
McPAS,CASSLGQGTYEQYF,ST6GALNAC2LLFY6H,Neoantigen,0.4299177667255433
McPAS,CASSLGQGVNGYTF,,M. tuberculosis,-0.9926957941936092
McPAS,CASSLGQGWETQYF,BAIAP3ILN,Neoantigen,1.3832486740593013
McPAS,CASSLGQGYNEQFF,APBB2VQYL7F,Neoantigen,0.4446610587828947
McPAS,CASSLGQGYYGYTF,NP,Influenza,-0.6955098739609504
McPAS,CASSLGQIQETQYF,,M. tuberculosis,1.6492470443761031
McPAS,CASSLGQIYGYTF,,Psoriatic Arthritis,0.450863883840889
McPAS,CASSLGQKETQYF,,Calcified Aortic Stenosis disease,1.5859835688861017
McPAS,CASSLGQKNTEAFF,IE1,Cytomegalovirus (CMV),0.2666696751702731
McPAS,CASSLGQNNEQFF,,M. tuberculosis,2.3043014079509114
McPAS,CASSLGQNTEAFF,,Celiac disease,1.9815242211325308
McPAS,CASSLGQNTEAFF,,M. tuberculosis,1.9815242211325308
McPAS,CASSLGQPSTDTQYF,DQ2AII,Celiac disease,2.543345132538733
McPAS,CASSLGQPTNEKLFF,,M. tuberculosis,1.1693742339870097
McPAS,CASSLGQPYNEQFF,,M. tuberculosis,-2.412437748954321
McPAS,CASSLGQSANYGYTF,M1,Influenza,3.0706764862737006
McPAS,CASSLGQSYEQYF,,M. tuberculosis,0.9717221974093072
McPAS,CASSLGQVGYTF,,Psoriatic arthritis,-1.832406570527576
McPAS,CASSLGQVTGELFF,,M. tuberculosis,3.6830678252265634
McPAS,CASSLGQVYGYTF,,M. tuberculosis,1.0234003930510107
McPAS,CASSLGQYEQYF,,T1D,0.7641393310013096
McPAS,CASSLGRASYEQYF,,M. tuberculosis,0.692514163047091
McPAS,CASSLGRDGYTF,,Clear cell renal carcinoma,0.2427832696725279
McPAS,CASSLGREGEQYF,,M. tuberculosis,1.9754534323800856
McPAS,CASSLGRENTEAFF,,Celiac disease,0.6173344747796207
McPAS,CASSLGRETQYF,NP,Influenza,1.3280100112407354
McPAS,CASSLGRETQYF,IE1,Cytomegalovirus (CMV),1.3280100112407354
McPAS,CASSLGRGEQYF,,M. tuberculosis,-0.9905618775001058
McPAS,CASSLGRGGPDTQYF,,M. tuberculosis,-1.6362211619407971
McPAS,CASSLGRGGSYEQYF,,Toxic epidermal necrolysis,-3.0326776878751334
McPAS,CASSLGRGIYEQYF,,M. tuberculosis,-3.111588712373567
McPAS,CASSLGRGLEAFF,,M. tuberculosis,1.931002830787731
McPAS,CASSLGRGNEQFF,NP,Influenza,-0.617459733009255
McPAS,CASSLGRGQPQHF,,Multiple sclerosis (MS),-0.3330283840643531
McPAS,CASSLGRGTGELFF,NP,Influenza,0.5303654854562803
McPAS,CASSLGRGYEQYF,,M. tuberculosis,0.2208284759008833
McPAS,CASSLGRGYGYTF,LTAG,Cancer/Self antigen,0.2561686670873299
McPAS,CASSLGRINEQFF,M1,Influenza,-1.020776315827426
McPAS,CASSLGRNYGYTF,,Celiac disease,1.3155102036428183
McPAS,CASSLGRSSYEQYF,OR14C36FMLV6L,Neoantigen,0.4260647673746477
McPAS,CASSLGRTGTEAFF,pp65,Cytomegalovirus (CMV),1.10677319967496
McPAS,CASSLGRVSYEQYF,,M. tuberculosis,-1.1828722134682597
McPAS,CASSLGRYEQYF,,Psoriatic arthritis,-0.3158934416633479
McPAS,CASSLGRYNEQFF,,M. tuberculosis,0.5392762937787533
McPAS,CASSLGSATGELFF,NP,Influenza,2.014229538625264
McPAS,CASSLGSDEQFF,,M. tuberculosis,1.0031008289316798
McPAS,CASSLGSEQYF,PA,Influenza,-1.1411852569967584
McPAS,CASSLGSGLQETQYF,,M. tuberculosis,-1.370634881898595
McPAS,CASSLGSGLYNEQFF,NP,Influenza,2.093877642091488
McPAS,CASSLGSGNYGYTF,EBNA3B,EBV,0.8074643807247365
McPAS,CASSLGSGTQYF,HCVKLV,Hepatitis C virus (HCV),-1.4382617526472816
McPAS,CASSLGSLETQYF,,M. tuberculosis,2.459406005889917
McPAS,CASSLGSPGELFF,NP,Influenza,-1.2562331003570062
McPAS,CASSLGSRGTDTQYF,,M. tuberculosis,2.395571150713858
McPAS,CASSLGSRNEQFF,,M. tuberculosis,-1.1523100529533536
McPAS,CASSLGSSGNTIYF,,M. tuberculosis,1.1198641528838065
McPAS,CASSLGSSPLHF,pp65,Cytomegalovirus (CMV),-2.4200113237756216
McPAS,CASSLGSSYEQYF,PMEL,Cancer/Self antigen,1.0593682876857429
McPAS,CASSLGSSYEQYF,,M. tuberculosis,1.0593682876857429
McPAS,CASSLGSSYNEQFF,,Parkinson disease,0.2568611214293573
McPAS,CASSLGSTSYEQYF,NP,Influenza,2.811363857969923
McPAS,CASSLGTAYEQYF,,M. tuberculosis,0.3965990708067713
McPAS,CASSLGTDEKLFF,,M. tuberculosis,-2.140575883074179
McPAS,CASSLGTDEQYF,PA,Influenza,-0.562604427648179
McPAS,CASSLGTDSNQPQHF,,M. tuberculosis,0.8076756002446637
McPAS,CASSLGTDTEAFF,,M. tuberculosis,-0.7673484119226798
McPAS,CASSLGTDTQYF,,Celiac disease,1.6711926618706388
McPAS,CASSLGTDTQYF,,T1D,1.6711926618706388
McPAS,CASSLGTDYEQYF,NP,Influenza,-0.9048362688591832
McPAS,CASSLGTEAFF,NP,Influenza,1.5148991173804451
McPAS,CASSLGTEAFF,,T1D,1.5148991173804451
McPAS,CASSLGTGDTQYF,INS,T1D,0.916447396987183
McPAS,CASSLGTGEQYF,BMLF1,EBV,-1.3194776860776485
McPAS,CASSLGTGEQYF,NP,Influenza,-1.3194776860776485
McPAS,CASSLGTGGFYEQYF,,M. tuberculosis,0.7142343806990469
McPAS,CASSLGTGGGEQYF,,M. tuberculosis,-0.564683340558846
McPAS,CASSLGTGGNQPQHF,NP,Influenza,0.7658298282485774
McPAS,CASSLGTGGVYEQYF,,COVID-19 / SARS-CoV-2 / SARS-CoV,-1.180984030901747
McPAS,CASSLGTGGWETQYF,pp50,Cytomegalovirus (CMV),2.8353983063280097
McPAS,CASSLGTGGWETQYF,NP,Influenza,2.8353983063280097
McPAS,CASSLGTGGYNEQFF,,M. tuberculosis,0.5692824649953795
McPAS,CASSLGTGHNEQFF,M1,Influenza,1.1982929883504811
McPAS,CASSLGTGLETQYF,NP,Influenza,1.135824082791742
McPAS,CASSLGTGLYGYTF,M1,Influenza,0.5706789882561405
McPAS,CASSLGTGNNEQFF,BZLF1,Alzheimer's disease,0.6680458588863247
McPAS,CASSLGTGNQPQHF,,M. tuberculosis,1.0621903267451558
McPAS,CASSLGTGNTDTQYF,,M. tuberculosis,1.9017103001334104
McPAS,CASSLGTGPYNEQFF,M1,Influenza,-0.9989456336615136
McPAS,CASSLGTGRGQPQHF,,M. tuberculosis,-1.387608643789632
McPAS,CASSLGTGRNEQFF,,M. tuberculosis,-2.417982278431219
McPAS,CASSLGTGSSYEQYF,,T1D,-0.602935708038642
McPAS,CASSLGTGTETQYF,,M. tuberculosis,1.385348746635056
McPAS,CASSLGTGVEKLFF,,Celiac disease,-1.0130655214231763
McPAS,CASSLGTGVYEQYF,NP,Influenza,-0.364910761452146
McPAS,CASSLGTLNEQFF,MLL2,Neoantigen,-0.5790647316574586
McPAS,CASSLGTQYF,LTAG,Cancer/Self antigen,-1.5710818318588635
McPAS,CASSLGTSGSYEQYF,NP,Influenza,0.7209935047670586
McPAS,CASSLGTSNQPQHF,,M. tuberculosis,0.3211983644718276
McPAS,CASSLGTSSGNTIYF,,M. tuberculosis,-1.6507054049095853
McPAS,CASSLGTSSTDTQYF,RYR3VLNE6K,Neoantigen,-1.3770450417691928
McPAS,CASSLGTSYEQYF,M1,Influenza,-0.5341528563619522
McPAS,CASSLGTTYEQYF,NP,Influenza,-0.6007703493377493
McPAS,CASSLGTVYEQYF,,M. tuberculosis,-0.6117701604878483
McPAS,CASSLGTYEKLFF,,M. tuberculosis,1.5072704794872802
McPAS,CASSLGTYGYTF,,Parkinson disease,-0.438243540489918
McPAS,CASSLGVDEQFF,pp50,Cytomegalovirus (CMV),-1.829490565710532
McPAS,CASSLGVETQYF,,M. tuberculosis,0.8850433406257908
McPAS,CASSLGVGADTQYF,NP,Influenza,2.4202525426352826
McPAS,CASSLGVGDTQYF,NUCLEARPROTEINOFVESICULARSTOMATITISINDIANAVIRUS,Vesicular stomatitis virus,1.2714563270878787
McPAS,CASSLGVGETQYF,,M. tuberculosis,0.4480136707351694
McPAS,CASSLGVGGETQYF,NP,Influenza,1.2007356298537144
McPAS,CASSLGVGGETQYF,,M. tuberculosis,1.2007356298537144
McPAS,CASSLGVGGYEQYF,NP,Influenza,-1.2213998293324346
McPAS,CASSLGVGQPQHF,MLANA,Cancer/Self antigen,-0.5681968346044408
McPAS,CASSLGVGSSYEQYF,,M. tuberculosis,-1.3585626478640376
McPAS,CASSLGVGTEAFF,M1,Influenza,-0.7444659942353463
McPAS,CASSLGVGTEAFF,MLANA,Cancer/Self antigen,-0.7444659942353463
McPAS,CASSLGVGVYGYTF,,M. tuberculosis,-1.382265848479614
McPAS,CASSLGVNNEQFF,,M. tuberculosis,1.7610778851060591
McPAS,CASSLGVNQPQHF,NP,Influenza,0.2051274336328806
McPAS,CASSLGVWETQYF,,M. tuberculosis,2.065730321324852
McPAS,CASSLGVYEQYF,,Cancer/Self antigen,0.3064888596813065
McPAS,CASSLGWGDEQYF,,T1D,-2.722905459007944
McPAS,CASSLGWGMNTEAFF,,M. tuberculosis,-1.66715902502406
McPAS,CASSLGWGYEQYF,CMVMLN,Neoantigen,-3.190059717600866
McPAS,CASSLGWNTGELFF,,M. tuberculosis,1.0846689733984751
McPAS,CASSLGWTEAFF,,M. tuberculosis,-0.6159144197890153
McPAS,CASSLGYEQYF,NP,Influenza,1.998090684332615
McPAS,CASSLGYEQYF,,Celiac disease,1.998090684332615
McPAS,CASSLGYEQYF,,T1D,1.998090684332615
McPAS,CASSLGYEQYF,,M. tuberculosis,1.998090684332615
McPAS,CASSLGYGTEAFF,NP,Influenza,-1.1288798120469328
McPAS,CASSLGYNEQFF,,M. tuberculosis,0.6910631808138359
McPAS,CASSLGYTEAFF,,Parkinson disease,0.2007605051942767
McPAS,CASSLHMNTEAFF,,M. tuberculosis,0.7934969022680098
McPAS,CASSLIAETQYF,,M. tuberculosis,-1.3352964008928616
McPAS,CASSLIAGGNNEQFF,M1,Influenza,-0.9252407815389336
McPAS,CASSLIDTGELFF,TRIM16RMA,Neoantigen,-0.6276276264793271
McPAS,CASSLIGGADTQYF,NP,Influenza,-3.44674361940902
McPAS,CASSLIGNTGELFF,,M. tuberculosis,0.7371309860626627
McPAS,CASSLIGSSTDTQYF,NP,Influenza,4.460966515179843
McPAS,CASSLIGTDTQYF,,M. tuberculosis,-0.4317131291639841
McPAS,CASSLIGTEAFF,,M. tuberculosis,-1.1036247516238085
McPAS,CASSLIKNTEAFF,,M. tuberculosis,-1.747313395156387
McPAS,CASSLINSPLHF,,M. tuberculosis,0.5133473205436085
McPAS,CASSLINTEAFF,NP,Influenza,-0.8682440792197132
McPAS,CASSLIREKLFF,,M. tuberculosis,-1.8384457828928955
McPAS,CASSLIRGSYEQYF,ETNK1,Neoantigen,-3.1461748282237
McPAS,CASSLKAGGTDTQYF,,M. tuberculosis,1.4391650807624086
McPAS,CASSLKGANVLTF,,M. tuberculosis,0.9516802378524902
McPAS,CASSLKGGTDTQYF,,M. tuberculosis,-0.4518523458233009
McPAS,CASSLKGGTEAFF,,M. tuberculosis,0.4833040486329655
McPAS,CASSLKGNTEAFF,YFV17D,Yellow fever virus,0.8983158713029192
McPAS,CASSLKLNTEAFF,YFV17D,Yellow fever virus,1.0747161307061384
McPAS,CASSLKNSPLHF,,Melanoma,1.3465595254194218
McPAS,CASSLKSSGNTIYF,,M. tuberculosis,-1.110947270748519
McPAS,CASSLLAASTDTQYF,,M. tuberculosis,-0.414452104053507
McPAS,CASSLLAATYNEQFF,BZLF1,EBV,-3.9354160532519487
McPAS,CASSLLADYNEQFF,NP,Influenza,-2.1981144512437334
McPAS,CASSLLAGAYNEQFF,,M. tuberculosis,0.8841984837333775
McPAS,CASSLLAGDNEQFF,,T1D,0.4792825310703695
McPAS,CASSLLAGDTQYF,,Lymphoma,-1.1440736530929705
McPAS,CASSLLAGETQYF,pp65,Cytomegalovirus (CMV),0.6022391549847363
McPAS,CASSLLAGGGETQYF,,M. tuberculosis,0.612029685284818
McPAS,CASSLLAGGGNEQFF,,M. tuberculosis,0.794337767690183
McPAS,CASSLLAGGPSTDTQYF,,Clear cell renal carcinoma,1.99206726380372
McPAS,CASSLLAGGTDTQYF,NP,Influenza,0.4930956488112862
McPAS,CASSLLAGIYNEQFF,,M. tuberculosis,-1.0613951902164889
McPAS,CASSLLAGPYNEQFF,M1,Influenza,0.6735776630614564
McPAS,CASSLLAGSTDTQYF,,M. tuberculosis,0.2644843856613548
McPAS,CASSLLAGTDTQYF,,M. tuberculosis,-0.4194620498252857
McPAS,CASSLLAGVYNEQFF,,M. tuberculosis,-0.3315487704060886
McPAS,CASSLLAYNEQFF,,M. tuberculosis,-0.7107257877928649
McPAS,CASSLLDSSYNEQFF,,M. tuberculosis,1.9314050869941868
McPAS,CASSLLEETQYF,,Narcolepsy,-0.745083758527871
McPAS,CASSLLGANSPLHF,,Psoriatic arthritis,1.4601469985888405
McPAS,CASSLLGEQFF,,M. tuberculosis,-0.915681600639962
McPAS,CASSLLGGAYEQYF,NP,Influenza,1.2070403346125351
McPAS,CASSLLGGGNEKLFF,,M. tuberculosis,1.88424919957672
McPAS,CASSLLGGGTGELFF,,M. tuberculosis,1.032692994252031
McPAS,CASSLLGGTDTQYF,,M. tuberculosis,-0.8604596845254916
McPAS,CASSLLGGYEQYF,SNRNUCLEARPROTEIN(NUCLEARPROTEIN(NP))70,Systemic Lupus Erythematosus (SLE),-0.4455016454746628
McPAS,CASSLLGNTEAFF,DRIPMLY,Neoantigen,0.5325236682311797
McPAS,CASSLLGQAYEQYF,,Psoriatic arthritis,-2.138296616059633
McPAS,CASSLLGQGTYEQYF,,M. tuberculosis,-1.4806082289699134
McPAS,CASSLLGSGETQYF,NP,Influenza,-1.585441487873462
McPAS,CASSLLGSMNTEAFF,,M. tuberculosis,-2.404056529735711
McPAS,CASSLLGSNQPQHF,pp65,Cytomegalovirus (CMV),-0.6041335333774703
McPAS,CASSLLGTGELFF,,M. tuberculosis,0.8405424733478492
McPAS,CASSLLGTGGYEQYF,INS,T1D,-1.830791344101024
McPAS,CASSLLGVGEKLFF,M1,Influenza,2.204304621708639
McPAS,CASSLLGVSYEQYF,PB1,Influenza,-4.734030375647599
McPAS,CASSLLLNTEAFF,,M. tuberculosis,0.4414184677503259
McPAS,CASSLLNTEAFF,NP,Influenza,0.7927753189736665
McPAS,CASSLLPGTGELFF,pp65,Cytomegalovirus (CMV),-2.536402524036273
McPAS,CASSLLPNTGELFF,UL29/28,Cytomegalovirus (CMV),-0.8249170929797874
McPAS,CASSLLQGGYGYTF,,M. tuberculosis,-1.124141792544954
McPAS,CASSLLQGTEAFF,M1,Influenza,-1.361650115728748
McPAS,CASSLLRTGELFF,,M. tuberculosis,-0.682263744619644
McPAS,CASSLLSGANVLTF,,M. tuberculosis,-0.2278440216112887
McPAS,CASSLLSYNEQFF,,M. tuberculosis,-1.4719295379228154
McPAS,CASSLLTGNTEAFF,NP,Influenza,0.4432104770264866
McPAS,CASSLLTGTDTQYF,,M. tuberculosis,-1.4238947611043011
McPAS,CASSLMADTQYF,M1,Influenza,0.969674893857455
McPAS,CASSLMAGGQETQYF,,M. tuberculosis,3.963787455919817
McPAS,CASSLMGAEAFF,LCP1NLF,Neoantigen,-3.906328682046869
McPAS,CASSLMGAGNTIYF,,M. tuberculosis,0.9768939319570094
McPAS,CASSLMGGGTDTQYF,,M. tuberculosis,2.1556937884519027
McPAS,CASSLMGNTEAFF,,M. tuberculosis,0.9354756021550296
McPAS,CASSLMSQPQHF,,M. tuberculosis,2.5860349208527778
McPAS,CASSLNAGNTEAFF,IE1,Cytomegalovirus (CMV),1.8275632707786325
McPAS,CASSLNGGSSYNEQFF,M1,Influenza,-4.111521046357181
McPAS,CASSLNLDTQYF,,M. tuberculosis,-2.524064319750172
McPAS,CASSLNMNTEAFF,TRPC1MLLQ5H,Neoantigen,0.718406556402092
McPAS,CASSLNPGQPQHF,,M. tuberculosis,-1.4666129630836502
McPAS,CASSLNPNQPQHF,,M. tuberculosis,-1.528517563860068
McPAS,CASSLNRDNYGYTF,,M. tuberculosis,0.8300844012315872
McPAS,CASSLNREETQYF,,Celiac disease,2.721645665233505
McPAS,CASSLNRGDGYTF,,M. tuberculosis,1.0503580469944231
McPAS,CASSLNRGEQFF,,M. tuberculosis,1.498493519269516
McPAS,CASSLNRGGTDTQYF,,Rheumatoid Arthritis (RA),1.3965131588177528
McPAS,CASSLNRGRETQYF,,M. tuberculosis,2.7720204528305654
McPAS,CASSLNRNTEAFF,,M. tuberculosis,1.3672245266071268
McPAS,CASSLNRQPQHF,,M. tuberculosis,-1.7660280543857465
McPAS,CASSLNSGANVLTF,,M. tuberculosis,2.1329016713790057
McPAS,CASSLNSGTDTQYF,IE1,Cytomegalovirus (CMV),1.8507461400070977
McPAS,CASSLNSNQPQHF,,M. tuberculosis,1.072863462633137
McPAS,CASSLNSNTGELFF,,M. tuberculosis,2.852313516599593
McPAS,CASSLNTEAFF,SREBF1YLQL6M,Neoantigen,1.7570236521875155
McPAS,CASSLNTEAFF,,M. tuberculosis,1.7570236521875155
McPAS,CASSLNTGELFF,,M. tuberculosis,1.7785122730930485
McPAS,CASSLNWGTEAFF,NP,Influenza,-1.3953440307332756
McPAS,CASSLNYGYTF,,M. tuberculosis,1.591047760982269
McPAS,CASSLPDTQYF,TAX,HTLV-1,-1.6258822199154794
McPAS,CASSLPGDEQFF,NP,Influenza,-3.738332596754205
McPAS,CASSLPGGPYEQYF,NP,Influenza,0.9503989739117348
McPAS,CASSLPGQGDGYTF,,M. tuberculosis,-5.21670679110607
McPAS,CASSLPGSSGNTIYF,,M. tuberculosis,-1.6823982273492648
McPAS,CASSLPLTDTQYF,NP,Influenza,-3.3577138283720864
McPAS,CASSLPPQETQYF,NP,Influenza,-1.806223874261069
McPAS,CASSLPQGNTGELFF,,M. tuberculosis,1.953136195715444
McPAS,CASSLPQGNYGYTF,,M. tuberculosis,-0.6909795758244325
McPAS,CASSLPRGGYTF,,M. tuberculosis,1.2904365202595418
McPAS,CASSLPSSYEQYF,,Psoriatic arthritis,-0.8640499665986725
McPAS,CASSLPYQPQHF,,T1D,0.7402887669618657
McPAS,CASSLQDSYEQYF,,M. tuberculosis,-1.3920907897575447
McPAS,CASSLQDTGELFF,,HTLV-1,1.329067302451186
McPAS,CASSLQETQYF,FLAGELLIN,Inflammatory bowel disease (IBD) ,1.9757374177220923
McPAS,CASSLQGAGANVLTF,,M. tuberculosis,2.0482422968170075
McPAS,CASSLQGALETQYF,,M. tuberculosis,4.766544212120964
McPAS,CASSLQGAQETQYF,,M. tuberculosis,1.989836053100433
McPAS,CASSLQGASEKLFF,,M. tuberculosis,3.9259106906432057
McPAS,CASSLQGASTEAFF,,M. tuberculosis,1.3763226726325604
McPAS,CASSLQGATDTQYF,,M. tuberculosis,1.7524373490340874
McPAS,CASSLQGDTGELFF,,M. tuberculosis,0.7305473339448495
McPAS,CASSLQGGGEAFF,,M. tuberculosis,-2.654188030807976
McPAS,CASSLQGGGGYTF,OR9Q2FLF,Neoantigen,1.7403474418344431
McPAS,CASSLQGGNEQFF,LMP2,EBV,1.7246418376804613
McPAS,CASSLQGGNQPQHF,,M. tuberculosis,1.5587801584620953
McPAS,CASSLQGGNYGYTF,LMP2,EBV,1.185123323765449
McPAS,CASSLQGGSEAFF,,M. tuberculosis,1.5772854665245744
McPAS,CASSLQGGSYNEQFF,,M. tuberculosis,2.612291718908472
McPAS,CASSLQGGTDTQYF,,M. tuberculosis,1.541239924306591
McPAS,CASSLQGGYEQYF,INS,T1D,0.627453846791543
McPAS,CASSLQGINTEAFF,NP,Influenza,0.4550328266571071
McPAS,CASSLQGLGQPQHF,MLANA,Cancer/Self antigen,0.7284863122822968
McPAS,CASSLQGNYGYTF,M1,Influenza,1.3825238974630438
McPAS,CASSLQGPNQPQHF,NP,Influenza,0.4629206438723476
McPAS,CASSLQGQETQYF,,M. tuberculosis,1.2461550678405566
McPAS,CASSLQGRGYEQYF,,M. tuberculosis,-2.814433383762728
McPAS,CASSLQGSGANVLTF,,M. tuberculosis,1.0342043730450792
McPAS,CASSLQGSGTEAFF,,M. tuberculosis,-0.8853297943629078
McPAS,CASSLQGSLNTEAFF,,M. tuberculosis,4.567070466922154
McPAS,CASSLQGSSYNSPLHF,,M. tuberculosis,0.73873864887896
McPAS,CASSLQGSYEQYF,FNDC3BL3M,Neoantigen,0.8927622936843093
McPAS,CASSLQGTEAFF,,M. tuberculosis,0.5875351714742743
McPAS,CASSLQGTGGYTF,INS,T1D,1.4410671532538533
McPAS,CASSLQGTQPQHF,UL29/28,Cytomegalovirus (CMV),0.9301086063427864
McPAS,CASSLQGTSNQPQHF,pp65,Cytomegalovirus (CMV),0.6600746440403278
McPAS,CASSLQGWNTEAFF,,M. tuberculosis,0.5170826593069202
McPAS,CASSLQPDTQYF,,M. tuberculosis,-1.3578384760496318
McPAS,CASSLQQNTGELFF,,M. tuberculosis,4.787959635457384
McPAS,CASSLQSNQPQHF,,M. tuberculosis,1.1732432225688625
McPAS,CASSLQSNTEAFF,,M. tuberculosis,2.179872672078135
McPAS,CASSLQVQETQYF,,M. tuberculosis,2.610433783717021
McPAS,CASSLQVTDTQYF,NP,Influenza,-0.8196172088591656
McPAS,CASSLRAADTQYF,,M. tuberculosis,1.566534794009442
McPAS,CASSLRADEQFF,,M. tuberculosis,-4.307411989512564
McPAS,CASSLRANYGYTF,,M. tuberculosis,0.8810119673558953
McPAS,CASSLRATDTQYF,DQ2AII,Celiac disease,1.1670315493748835
McPAS,CASSLRATGELFF,,M. tuberculosis,1.5514628003323163
McPAS,CASSLRATYEQYF,NP,Influenza,-2.2481925900999764
McPAS,CASSLRDGTEAFF,,M. tuberculosis,-0.4799611602221624
McPAS,CASSLRDNEQFF,,M. tuberculosis,-0.4270954089426364
McPAS,CASSLRDRDTGELFF,,M. tuberculosis,-1.4008032713624217
McPAS,CASSLRDRTYEQYF,,M. tuberculosis,-2.1520399576328813
McPAS,CASSLRDSGNTIYF,,M. tuberculosis,0.6941041931032333
McPAS,CASSLRDSSYEQYF,,T1D,-0.916380711932926
McPAS,CASSLRDTQYF,,M. tuberculosis,1.2329229019837098
McPAS,CASSLREAGELFF,SEC24A,Neoantigen,3.742380361461116
McPAS,CASSLREGGELFF,,M. tuberculosis,-1.5653249813658996
McPAS,CASSLREGTGELFF,,M. tuberculosis,0.7495953423828946
McPAS,CASSLRENYGYTF,,Toxic epidermal necrolysis,-0.4677176373536522
McPAS,CASSLRESYNEQFF,NP,Influenza,0.8715320580731459
McPAS,CASSLRETQYF,FLAGELLIN,Inflammatory bowel disease (IBD) ,1.7452076096022435
McPAS,CASSLRFTDTQYF,DQ2AII,Celiac disease,0.9704618877414533
McPAS,CASSLRGAGEKLFF,LTAG,Cancer/Self antigen,-0.9352241931547168
McPAS,CASSLRGDTEAFF,,M. tuberculosis,0.2183904626675878
McPAS,CASSLRGFSTDTQYF,NP,Influenza,3.293686580929653
McPAS,CASSLRGGANTEAFF,NP,Influenza,-1.553976785915438
McPAS,CASSLRGGDEKLFF,,M. tuberculosis,1.289359943865996
McPAS,CASSLRGGGEKLFF,LTAG,Cancer/Self antigen,2.0382266954801582
McPAS,CASSLRGGNTDTQYF,P24KK10,HIV / Human immunodeficiency virus (HIV),2.879762977975763
McPAS,CASSLRGHSYEQYF,NP,Influenza,-2.7686294061304606
McPAS,CASSLRGNTEAFF,,Celiac disease,1.2042446403475149
McPAS,CASSLRGNTEAFF,,M. tuberculosis,1.2042446403475149
McPAS,CASSLRGQGGYGYTF,,M. tuberculosis,4.805349789932567
McPAS,CASSLRGSGNTIYF,GAD2,T1D,0.6825946794084624
McPAS,CASSLRGSGQPQHF,,M. tuberculosis,-2.6083960046331014
McPAS,CASSLRGSGYEQYF,,M. tuberculosis,-1.518190591156174
McPAS,CASSLRGTAYEQYF,,M. tuberculosis,-3.3840922027774747
McPAS,CASSLRGTGSYEQYF,OR9Q2FLF,Neoantigen,1.357842418756691
McPAS,CASSLRGVTDTQYF,,M. tuberculosis,-0.89177127350823
McPAS,CASSLRGYEQYF,NP,Influenza,0.8088405601113432
McPAS,CASSLRLAGANEQFF,,M. tuberculosis,-2.5147823946110432
McPAS,CASSLRLAGELFF,,M. tuberculosis,-1.262547759508847
McPAS,CASSLRLAGGYEQYF,NISO4,Nickel contact dermatitis,-0.7619698115585044
McPAS,CASSLRLAGSTDTQYF,,M. tuberculosis,1.3598884764716168
McPAS,CASSLRLEQFF,,M. tuberculosis,-1.5709326848444884
McPAS,CASSLRLNQPQHF,UL29/28,Cytomegalovirus (CMV),-1.073947218062754
McPAS,CASSLRNQPQHF,NP,Influenza,0.8414092381326335
McPAS,CASSLRNTDTQYF,,M. tuberculosis,-0.847975094530865
McPAS,CASSLRNTEAFF,,M. tuberculosis,0.8850751198997009
McPAS,CASSLRNTGELFF,,M. tuberculosis,0.6757752919486062
McPAS,CASSLRPEETQYF,,M. tuberculosis,-1.0458889200029011
McPAS,CASSLRQGANTEAFF,,M. tuberculosis,-0.92222778929782
McPAS,CASSLRQGAYNEQFF,,M. tuberculosis,1.0610159280001723
McPAS,CASSLRQGDGYTF,,M. tuberculosis,1.3126416865132642
McPAS,CASSLRQGGNTEAFF,,M. tuberculosis,1.077094774957279
McPAS,CASSLRQGGTDTQYF,,T1D,2.468789564027831
McPAS,CASSLRQGGTGELFF,,M. tuberculosis,2.2627940898661487
McPAS,CASSLRQGTDTQYF,NP,Influenza,1.1788485307564571
McPAS,CASSLRQGVYGYTF,,M. tuberculosis,1.7471875514727977
McPAS,CASSLRQKETQYF,,Cervical intraepithelial neoplasia,1.230880999590606
McPAS,CASSLRQPNEKLFF,,M. tuberculosis,1.2544930341369365
McPAS,CASSLRREQYF,,M. tuberculosis,0.6761582615602614
McPAS,CASSLRRGQETQYF,,M. tuberculosis,1.320016586473045
McPAS,CASSLRRGRTDTQYF,,M. tuberculosis,5.017528886017168
McPAS,CASSLRSAYEQYF,M1,Influenza,-3.1130529067567294
McPAS,CASSLRSGDTQYF,DQ2AII,Celiac disease,1.6373293408934853
McPAS,CASSLRSNTEAFF,M1,Influenza,-1.475344755745145
McPAS,CASSLRSSYEQYF,M1,Influenza,-1.0962133328240429
McPAS,CASSLRSSYEQYF,FAM58A2,Neoantigen,-1.0962133328240429
McPAS,CASSLRSTDTQYF,GLIAA2,Celiac disease,0.8164272411447044
McPAS,CASSLRSTDTQYF,M1,Influenza,0.8164272411447044
McPAS,CASSLRSTDTQYF,DQ2AII,Celiac disease,0.8164272411447044
McPAS,CASSLRTANTEAFF,,M. tuberculosis,-0.3857361629753806
McPAS,CASSLRTENTEAFF,,M. tuberculosis,-1.196737931366806
McPAS,CASSLRTGETQYF,,M. tuberculosis,0.7809093679010978
McPAS,CASSLRTGGSPLHF,,M. tuberculosis,-1.2255938547694505
McPAS,CASSLRTGRNTEAFF,,M. tuberculosis,-0.5732042478280183
McPAS,CASSLRTSTDTQYF,,M. tuberculosis,-0.6088614755440582
McPAS,CASSLRTVTDTQYF,,M. tuberculosis,-0.9298348873140296
McPAS,CASSLRVGETQYF,,M. tuberculosis,0.9746192074098056
McPAS,CASSLRVSYNEQFF,M1,Influenza,2.9822113080453487
McPAS,CASSLRYTDTQYF,DQ2AII,Celiac disease,-3.0753189557648466
McPAS,CASSLSAYEQYF,NP,Influenza,-0.5046289299936261
McPAS,CASSLSDTQYF,M1,Influenza,0.6685010364518841
McPAS,CASSLSENYGYTF,,M. tuberculosis,-1.46897433385233
McPAS,CASSLSFGTEAFF,MLANA,Cancer/Self antigen,-4.52491996481135
McPAS,CASSLSGAAEAFF,,M. tuberculosis,-1.25310571504833
McPAS,CASSLSGAGTDTQYF,,M. tuberculosis,2.34191521432306
McPAS,CASSLSGAYNEQFF,,Alzheimer's disease,-0.8003120286074263
McPAS,CASSLSGDEQYF,YFV17D,Yellow fever virus,-2.410873101933576
McPAS,CASSLSGDSNQPQHF,,M. tuberculosis,-0.5774943977743155
McPAS,CASSLSGEYGYTF,,M. tuberculosis,-1.4206192366122208
McPAS,CASSLSGFEQYF,PA,Influenza,-1.3348595237124674
McPAS,CASSLSGFGNTIYF,C3ORF58LMV,Neoantigen,-1.6337589794624483
McPAS,CASSLSGGDSPLHF,,M. tuberculosis,0.9018286023566552
McPAS,CASSLSGGFYEQYF,MLANA,Cancer/Self antigen,-1.7069383731842138
McPAS,CASSLSGGGEAFF,pp65,Cytomegalovirus (CMV),-1.482677551957696
McPAS,CASSLSGGLEQYF,,M. tuberculosis,-1.781396033194877
McPAS,CASSLSGGNYEQYF,,M. tuberculosis,-0.4940659942393304
McPAS,CASSLSGGPQHF,VN1R2LMLL3F,Neoantigen,-0.8106769653632431
McPAS,CASSLSGGPYNEQFF,,M. tuberculosis,0.8751619762139667
McPAS,CASSLSGGRNEQFF,,M. tuberculosis,-1.558027386143337
McPAS,CASSLSGGRTEAFF,,M. tuberculosis,1.0116389257227745
McPAS,CASSLSGGSGYTF,,M. tuberculosis,-1.7793552234590675
McPAS,CASSLSGGSYNEQFF,,M. tuberculosis,1.4230990953698752
McPAS,CASSLSGGTDTQYF,NP,Influenza,1.7230734337870175
McPAS,CASSLSGLYNEQFF,IE1,Cytomegalovirus (CMV),-2.2867308392220003
McPAS,CASSLSGMNTEAFF,,M. tuberculosis,0.7519574783671727
McPAS,CASSLSGNEQYF,NP,Influenza,-0.9168574377690772
McPAS,CASSLSGPYNEQFF,NP,Influenza,-0.3881351997597727
McPAS,CASSLSGQETQYF,,M. tuberculosis,1.05976129762303
McPAS,CASSLSGQGYGYTF,,M. tuberculosis,1.171134639887608
McPAS,CASSLSGQSYNEQFF,,M. tuberculosis,3.084761176947604
McPAS,CASSLSGRQPQHF,FLAGELLIN,Inflammatory bowel disease (IBD) ,-4.009340464226337
McPAS,CASSLSGSSYEQYF,M1,Influenza,0.4240252937569244
McPAS,CASSLSGSSYEQYF,YFV17D,Yellow fever virus,0.4240252937569244
McPAS,CASSLSGSSYNEQFF,,M. tuberculosis,1.5342203245713557
McPAS,CASSLSGSSYNSPLHF,,M. tuberculosis,-0.4180788516748133
McPAS,CASSLSGSTDTQYF,NP,Influenza,0.8754839570398442
McPAS,CASSLSGSTDTQYF,,M. tuberculosis,0.8754839570398442
McPAS,CASSLSGSYEQYF,NP,Influenza,0.7151004946590495
McPAS,CASSLSGTAYGYTF,NP,Influenza,-0.9819753361610049
McPAS,CASSLSGTGIYEQYF,,M. tuberculosis,-1.3138489919867054
McPAS,CASSLSGTGNTEAFF,BMLF1,EBV,-0.6056106787173353
McPAS,CASSLSGTGYNEQFF,,M. tuberculosis,1.2712647760860576
McPAS,CASSLSGTNEQFF,,IgG4-related disease,-2.278591773968366
McPAS,CASSLSGYEQYF,PA,Influenza,1.1487240281262403
McPAS,CASSLSGYEQYF,PA,Influenza,1.1487240281262403
McPAS,CASSLSHSGANVLTF,GAD2,T1D,2.023176229087078
McPAS,CASSLSITDTQYF,,M. tuberculosis,-1.7335949106783626
McPAS,CASSLSLGEQYF,,M. tuberculosis,1.0698885574073826
McPAS,CASSLSLGNYGYTF,,M. tuberculosis,-2.6652297245059
McPAS,CASSLSLSYEQYF,,M. tuberculosis,-1.094544973853043
McPAS,CASSLSNEKLFF,,M. tuberculosis,-0.9903014596067192
McPAS,CASSLSNQPQHF,,Parkinson disease,1.126944862733727
McPAS,CASSLSNTGELFF,,M. tuberculosis,0.9351774576057034
McPAS,CASSLSNYEQYF,NP,Influenza,-0.6013547588676382
McPAS,CASSLSPGSSYNEQFF,,Parkinson disease,-2.347797747611988
McPAS,CASSLSPGYEQYF,NP,Influenza,-1.2734812964641864
McPAS,CASSLSPNEQFF,NP,Influenza,-2.661321937267342
McPAS,CASSLSPTDTQYF,OR5M3KMV,Neoantigen,0.7814429895272507
McPAS,CASSLSPVNTEAFF,,M. tuberculosis,-1.2953051114164342
McPAS,CASSLSQGAYEQYF,NP,Influenza,1.038771849439592
McPAS,CASSLSQGGGYTF,,M. tuberculosis,-0.961307068782752
McPAS,CASSLSQGNEQFF,,M. tuberculosis,1.775566490890744
McPAS,CASSLSRGGNTIYF,UL29/28,Cytomegalovirus (CMV),0.7771002811227994
McPAS,CASSLSRGPYNEQFF,BMLF1,EBV,-1.1412487239301878
McPAS,CASSLSRNTEAFF,NP,Influenza,0.6603290023283099
McPAS,CASSLSRPDTQYF,NP,Influenza,-1.7904026287506296
McPAS,CASSLSRTGNYGYTF,,M. tuberculosis,1.5975487159075703
McPAS,CASSLSSANYGYTF,pp65,Cytomegalovirus (CMV),-1.0048551259417948
McPAS,CASSLSSGGAYEQYF,,M. tuberculosis,-1.0470499981191237
McPAS,CASSLSSGGHNEQFF,,M. tuberculosis,2.123712966015664
McPAS,CASSLSSGGRETQYF,,M. tuberculosis,2.6193216156642185
McPAS,CASSLSSGPYNEQFF,FNDC3B,Neoantigen,-2.522469744902053
McPAS,CASSLSSGSSYEQYF,,M. tuberculosis,0.5809721499449715
McPAS,CASSLSSGTYEQYF,,M. tuberculosis,-1.0067244024440307
McPAS,CASSLSSNEQFF,,M. tuberculosis,-2.3371362148685586
McPAS,CASSLSSYNEQFF,M1,Influenza,0.3133328277866052
McPAS,CASSLSSYTEAFF,,M. tuberculosis,-1.9929599046250737
McPAS,CASSLSTDTQYF,,Colorectal cancer,1.819337539501404
McPAS,CASSLSTGANTEAFF,,M. tuberculosis,-2.675669151146809
McPAS,CASSLSTGGYEQYF,,T1D,0.9881503678713076
McPAS,CASSLSTGNYGYTF,,M. tuberculosis,0.6134724755871029
McPAS,CASSLSTGVNTEAFF,,M. tuberculosis,-1.7824967065654524
McPAS,CASSLSVYEQYF,NP,Influenza,0.6104814545686428
McPAS,CASSLSWGYEQYF,M1,Influenza,-1.5611579716547084
McPAS,CASSLSYEQYF,NP,Influenza,1.921733219144274
McPAS,CASSLSYEQYF,PIGNFLTP7H,Neoantigen,1.921733219144274
McPAS,CASSLSYEQYF,,M. tuberculosis,1.921733219144274
McPAS,CASSLTAANTGELFF,,M. tuberculosis,1.7217790909867792
McPAS,CASSLTADTEAFF,,M. tuberculosis,1.5705389564763863
McPAS,CASSLTANYGYTF,,M. tuberculosis,0.2844231232802005
McPAS,CASSLTASSYEQYF,,M. tuberculosis,-1.4365916435902246
McPAS,CASSLTDEQYF,PA,Influenza,-1.1058894998106674
McPAS,CASSLTDGNTIYF,,M. tuberculosis,1.6779596899400802
McPAS,CASSLTDSYEQYF,PB1,Influenza,-1.913495534991978
McPAS,CASSLTDSYEQYF,BMLF1,EBV,-1.913495534991978
McPAS,CASSLTDTEAFF,NP,Influenza,-1.0444779762409226
McPAS,CASSLTDTQYF,,Allergy,1.763520970449541
McPAS,CASSLTDTQYF,,Breast Cancer,1.763520970449541
McPAS,CASSLTDTQYF,,Colorectal cancer,1.763520970449541
McPAS,CASSLTDTQYF,NP,Influenza,1.763520970449541
McPAS,CASSLTENTEAFF,,Celiac disease,1.1621170133443108
McPAS,CASSLTGADTQYF,,M. tuberculosis,0.8869625275688275
McPAS,CASSLTGAGTDTQYF,BMLF1,EBV,0.6227239027910464
McPAS,CASSLTGATDTQYF,KCNB2LLA,Neoantigen,0.9134077003813144
McPAS,CASSLTGELFF,,M. tuberculosis,1.198657525071391
McPAS,CASSLTGEQFF,,M. tuberculosis,-2.711741038889025
McPAS,CASSLTGEQYF,PA,Influenza,-0.7129539406236544
McPAS,CASSLTGFNEQFF,,M. tuberculosis,-1.5500534886384512
McPAS,CASSLTGGAGTEAFF,NP,Influenza,-0.9780635842727308
McPAS,CASSLTGGDGYTF,,M. tuberculosis,-1.00493327886654
McPAS,CASSLTGGDTEAFF,NP,Influenza,-0.4223498880786822
McPAS,CASSLTGGGNSPLHF,,M. tuberculosis,0.7426677389777473
McPAS,CASSLTGGGQETQYF,,M. tuberculosis,-0.6759538472183524
McPAS,CASSLTGGGTEAFF,,M. tuberculosis,0.5064593136231481
McPAS,CASSLTGGNIQYF,,M. tuberculosis,3.362014767531268
McPAS,CASSLTGGNTEAFF,NP,Influenza,1.2393867683363142
McPAS,CASSLTGGNYGYTF,,M. tuberculosis,0.5905075110577286
McPAS,CASSLTGGRNQPQHF,,M. tuberculosis,1.6687751134379454
McPAS,CASSLTGGTDTQYF,,M. tuberculosis,0.7514782109811342
McPAS,CASSLTGGYEQYF,pp50,Cytomegalovirus (CMV),0.7825212433430334
McPAS,CASSLTGGYEQYF,NP,Influenza,0.7825212433430334
McPAS,CASSLTGGYGYTF,,M. tuberculosis,1.050595631516701
McPAS,CASSLTGLNEQFF,NP,Influenza,1.9197245108204908
McPAS,CASSLTGNEQFF,,Alzheimer's disease,-0.574702743325752
McPAS,CASSLTGNTEAFF,,M. tuberculosis,1.83239199712108
McPAS,CASSLTGNYGYTF,,Clear cell renal carcinoma,1.5657532744140714
McPAS,CASSLTGNYGYTF,,M. tuberculosis,1.5657532744140714
McPAS,CASSLTGPNTEAFF,,M. tuberculosis,-0.9454926889469418
McPAS,CASSLTGSAEAFF,HTR1F9V1M,Neoantigen,-2.979277796255351
McPAS,CASSLTGSEQYF,MRM1T6P,Neoantigen,-0.6269531839203222
McPAS,CASSLTGSGANVLTF,,Clear cell renal carcinoma,0.7713611718522776
McPAS,CASSLTGSGNQPQHF,,M. tuberculosis,0.9224634081747096
McPAS,CASSLTGSGTGELFF,NP,Influenza,2.266275686063438
McPAS,CASSLTGSNQPQHF,,M. tuberculosis,0.661686841576928
McPAS,CASSLTGSPYEQYF,M1,Influenza,-4.685955738406967
McPAS,CASSLTGSQPQHF,,M. tuberculosis,-0.9348745116093146
McPAS,CASSLTGTEETQYF,IE1,Cytomegalovirus (CMV),0.8997458015248434
McPAS,CASSLTGTGEKLFF,NP,Influenza,1.5457996497513935
McPAS,CASSLTGTGTYEQYF,NP,Influenza,-0.8955954948863906
McPAS,CASSLTGTNTEAFF,,IgG4-related disease,-0.6755339279047531
McPAS,CASSLTGTNTGELFF,,M. tuberculosis,1.80383149224654
McPAS,CASSLTGVAKNIQYF,,M. tuberculosis,-2.054259535891274
McPAS,CASSLTGVDGYTF,SEC24AP5L,Neoantigen,-2.751386517209199
McPAS,CASSLTLQETQYF,IE1,Cytomegalovirus (CMV),1.3252539458397985
McPAS,CASSLTNEKLFF,,M. tuberculosis,-0.6765030174230614
McPAS,CASSLTNTEAFF,,M. tuberculosis,-0.1650200042133611
McPAS,CASSLTQGNTGELFF,,M. tuberculosis,-1.1779883811520762
McPAS,CASSLTRGTDTQYF,,M. tuberculosis,0.5230078708930378
McPAS,CASSLTRTDTQYF,,M. tuberculosis,-1.144132536951875
McPAS,CASSLTRYEQYF,NP,Influenza,1.1222711661475635
McPAS,CASSLTSGATGELFF,,M. tuberculosis,2.307451502252491
McPAS,CASSLTSGDTQYF,,Alzheimer's disease,1.1160439984522088
McPAS,CASSLTSGDYNEQFF,,M. tuberculosis,-1.2968240954177008
McPAS,CASSLTSGGARDTQYF,,COVID-19 / SARS-CoV-2 / SARS-CoV,2.155334746354644
McPAS,CASSLTSGGQETQYF,INS,T1D,0.2840527136577526
McPAS,CASSLTSGGTDTQYF,,Clear cell renal carcinoma,0.6423998385257033
McPAS,CASSLTSGNEQFF,M1,Influenza,-0.7356638175833511
McPAS,CASSLTSGNEQFF,UL29/28,Cytomegalovirus (CMV),-0.7356638175833511
McPAS,CASSLTSGNQETQYF,,M. tuberculosis,2.0280527449313315
McPAS,CASSLTSGTDTQYF,,Multiple sclerosis (MS),0.3835611595000299
McPAS,CASSLTSGYEQYF,,Rheumatoid Arthritis (RA),-0.579557994344314
McPAS,CASSLTSGYEQYF,,Psoriatic arthritis,-0.579557994344314
McPAS,CASSLTTGANVLTF,NP,Influenza,2.3717302547201986
McPAS,CASSLTTGGNQPQHF,,M. tuberculosis,1.4712836883883762
McPAS,CASSLTTGVNTEAFF,,M. tuberculosis,1.9099431377596257
McPAS,CASSLTTSGSYNEQFF,,Toxic epidermal necrolysis,2.1633242370581107
McPAS,CASSLTVTDTQYF,,Celiac disease,-0.8240174660919751
McPAS,CASSLTVYNEQFF,PIGNFLTP7H,Neoantigen,-1.877067058644974
McPAS,CASSLTWDTEAFF,,Celiac disease,2.041405512849711
McPAS,CASSLTYEQYF,,T1D,1.092167332532035
McPAS,CASSLTYEQYF,,M. tuberculosis,1.092167332532035
McPAS,CASSLTYSNQPQHF,,Celiac disease,-1.3854757163878384
McPAS,CASSLVADTDTQYF,,M. tuberculosis,1.3853628526539388
McPAS,CASSLVAGATDTQYF,M1,Influenza,0.6781380541391792
McPAS,CASSLVAGGGDTQYF,,M. tuberculosis,2.444278700043957
McPAS,CASSLVAGGGETQYF,M1,Influenza,1.727001604650523
McPAS,CASSLVAGGPGEQYF,,COVID-19 / SARS-CoV-2 / SARS-CoV,-1.8331866269226649
McPAS,CASSLVAGGRYEQYF,,M. tuberculosis,4.198392396798345
McPAS,CASSLVAGGSYEQYF,,M. tuberculosis,0.5044614243077964
McPAS,CASSLVAGLNTEAFF,,M. tuberculosis,0.7079715018312127
McPAS,CASSLVAGPYNEQFF,NP,Influenza,-0.5538510520403996
McPAS,CASSLVAYNEQFF,,M. tuberculosis,-2.5651879099975665
McPAS,CASSLVDSYNSPLHF,,M. tuberculosis,1.8516365390672749
McPAS,CASSLVDYNEQFF,,M. tuberculosis,1.7367625961791449
McPAS,CASSLVEGPYEQYF,,M. tuberculosis,1.3711302239751535
McPAS,CASSLVENTEAFF,NP,Influenza,0.3612512867022599
McPAS,CASSLVGAEAFF,PHKA2LLSSF,Neoantigen,-1.214685519012853
McPAS,CASSLVGASYNEQFF,,M. tuberculosis,0.6449034515281463
McPAS,CASSLVGGAKNIQYF,,M. tuberculosis,-2.3990636039102875
McPAS,CASSLVGGLTEAFF,,M. tuberculosis,2.272127106009288
McPAS,CASSLVGGNSPLHF,,M. tuberculosis,0.9462110353354384
McPAS,CASSLVGGRYGYTF,pp65,Cytomegalovirus (CMV),-2.503525423294808
McPAS,CASSLVGGSGNTIYF,INS,T1D,1.5352561484583782
McPAS,CASSLVGGSSYNEQFF,,M. tuberculosis,0.6359582168465978
McPAS,CASSLVGGSTEAFF,,M. tuberculosis,-0.8437749478585631
McPAS,CASSLVGGYTEAFF,,M. tuberculosis,-1.577648810330866
McPAS,CASSLVGLAGQETQYF,IE1,Cytomegalovirus (CMV),1.2203938786522457
McPAS,CASSLVGNEQFF,NP,Influenza,0.6687928688488107
McPAS,CASSLVGRTEAFF,IE1,Cytomegalovirus (CMV),0.3947015507224692
McPAS,CASSLVGSGTDTQYF,,M. tuberculosis,-1.1853298625559083
McPAS,CASSLVGSTDTQYF,,M. tuberculosis,-0.3291385042446735
McPAS,CASSLVGSYEQYF,NP,Influenza,0.8687906577978559
McPAS,CASSLVGTDTQYF,,M. tuberculosis,0.9936817921614254
McPAS,CASSLVGTEAFF,IE1,Cytomegalovirus (CMV),0.8267338818065281
McPAS,CASSLVGTGELFF,M1,Influenza,0.5854812741300853
McPAS,CASSLVGTSSYEQYF,NP,Influenza,-1.216432432774562
McPAS,CASSLVGTTDTQYF,,M. tuberculosis,-1.0083453859249865
McPAS,CASSLVGVNTEAFF,,M. tuberculosis,-0.9242335908054268
McPAS,CASSLVGWETQYF,DQ2AII,Celiac disease,0.7071542260785459
McPAS,CASSLVGYGYTF,,M. tuberculosis,0.615721526779459
McPAS,CASSLVGYTEAFF,,M. tuberculosis,1.1491010913787885
McPAS,CASSLVLAGDNEQFF,,M. tuberculosis,-0.9630124394668204
McPAS,CASSLVLAGGGEQFF,,M. tuberculosis,-1.654763084198449
McPAS,CASSLVLNNEQFF,,M. tuberculosis,1.4256728728837964
McPAS,CASSLVLNTEAFF,,Celiac disease,0.3955690437448843
McPAS,CASSLVLYEQYF,NP,Influenza,-1.552348909619388
McPAS,CASSLVMNTEAFF,,M. tuberculosis,-0.3452120059933223
McPAS,CASSLVNNEQFF,,M. tuberculosis,-1.4289825488326464
McPAS,CASSLVNTEAFF,NP,Influenza,0.8309625526386478
McPAS,CASSLVNTEAFF,TP53,Cancer/Self antigen,0.8309625526386478
McPAS,CASSLVPGGQETQYF,,M. tuberculosis,2.1773727668084124
McPAS,CASSLVPGGTEAFF,,M. tuberculosis,-1.195681282239272
McPAS,CASSLVPSGTDTQYF,NP,Influenza,1.857431137725011
McPAS,CASSLVPTDTQYF,,Multiple sclerosis (MS),0.6453121777955738
McPAS,CASSLVQDTEAFF,,M. tuberculosis,0.7155857236732984
McPAS,CASSLVQGAGQPQHF,,M. tuberculosis,-2.090245161614076
McPAS,CASSLVQGEQYF,,M. tuberculosis,1.549534047989758
McPAS,CASSLVQGNTEAFF,pp65,Cytomegalovirus (CMV),0.875369114906651
McPAS,CASSLVQGYEQYF,NP,Influenza,1.612151249882156
McPAS,CASSLVRAGELFF,,M. tuberculosis,1.8766527015907049
McPAS,CASSLVRGAGNTIYF,,M. tuberculosis,-1.2288212209551328
McPAS,CASSLVRGNEQFF,,M. tuberculosis,0.6265569969254678
McPAS,CASSLVRGTDTQYF,,M. tuberculosis,-0.4739868971879767
McPAS,CASSLVSDTQYF,,M. tuberculosis,1.0982040576714929
McPAS,CASSLVSENTEAFF,,M. tuberculosis,-1.0174756442228716
McPAS,CASSLVSGAEAFF,,M. tuberculosis,-4.29251418371544
McPAS,CASSLVSGDTQYF,NP,Influenza,-1.0694694821371864
McPAS,CASSLVSGPYEQYF,,M. tuberculosis,-1.1395471946347489
McPAS,CASSLVSNQPQHF,,M. tuberculosis,0.5728612020872433
McPAS,CASSLVSYGYTF,,M. tuberculosis,1.640487278740025
McPAS,CASSLVTEAFF,,Celiac disease,-0.3685637641238679
McPAS,CASSLVTGTDTQYF,,M. tuberculosis,1.5986390525845475
McPAS,CASSLVTGTGNTIYF,,M. tuberculosis,-1.4630841093543625
McPAS,CASSLVTSSYEQYF,NP,Influenza,-1.3199010523932313
McPAS,CASSLVTYNEQFF,,M. tuberculosis,-1.571354794692175
McPAS,CASSLVVGEKLFF,,M. tuberculosis,0.946886574891496
McPAS,CASSLWAGETQYF,GNL3LR4C,Neoantigen,1.6634014297949884
McPAS,CASSLWANTGELFF,,M. tuberculosis,-1.5534064950654844
McPAS,CASSLWASSYEQYF,NP,Influenza,3.1507444588903613
McPAS,CASSLWGAGELFF,G6PC2,T1D,-0.9258210462469147
McPAS,CASSLWGDEQYF,,M. tuberculosis,-3.3106414908168214
McPAS,CASSLWGEQYF,,M. tuberculosis,0.6990320844090838
McPAS,CASSLWGGTEAFF,M1,Influenza,-1.3643078660690742
McPAS,CASSLWGQPQHF,,M. tuberculosis,-1.59839401594549
McPAS,CASSLWVNTEAFF,,M. tuberculosis,-0.6257450979107291
McPAS,CASSLYATNEKLFF,,M. tuberculosis,-1.680315834634023
McPAS,CASSLYGSTDTQYF,,M. tuberculosis,-0.8543192975746509
McPAS,CASSLYNQETQYF,,M. tuberculosis,2.324799980168049
McPAS,CASSLYQETQYF,,M. tuberculosis,0.4953797178278544
McPAS,CASSLYRGEKLFF,M1,Influenza,-1.1490337856578714
McPAS,CASSLYRGTEAFF,,Parkinson disease,-0.5672580266702142
McPAS,CASSLYRQETQYF,pp65,Cytomegalovirus (CMV),2.530131542503831
McPAS,CASSLYSNQPQHF,M1,Influenza,0.8950270810497951
McPAS,CASSLYSNQPQHF,,M. tuberculosis,0.8950270810497951
McPAS,CASSLYTGELFF,,Toxic epidermal necrolysis,0.6550042545781787
McPAS,CASSLYYNEQFF,,M. tuberculosis,-1.695636710747008
McPAS,CASSMAGSSYEQYF,TBX3GMGT8M,Neoantigen,-6.963817592627159
McPAS,CASSMGQGGETQYF,BERYLLIUMSULFATE,Allergy,3.952874294109881
McPAS,CASSMGQGTYEQYF,M1,Influenza,-2.525562939495376
McPAS,CASSMGSYGYTF,M1,Influenza,-4.620978888541455
McPAS,CASSMGTDTQYF,PB1,Influenza,-2.1424556232945964
McPAS,CASSMRSSYEQYF,M1,Influenza,-4.29812063678923
McPAS,CASSMRSTDTQYF,M1,Influenza,-1.4504906247591132
McPAS,CASSMRSTDTQYF,MATRIXPROTEIN(M1),Neoantigen,-1.4504906247591132
McPAS,CASSMRSTGELFF,M1,Influenza,-2.161050935842372
McPAS,CASSNGPYEQYF,,Psoriatic arthritis,-2.974013739947371
McPAS,CASSNGRNTEAFF,,Psoriatic arthritis,-2.4610014894941434
McPAS,CASSNPGNTIYF,,M. tuberculosis,-2.1742919917690493
McPAS,CASSNQETQYF,GANABS5F,Neoantigen,1.5071009452426436
McPAS,CASSNQGTEAFF,,M. tuberculosis,-3.1400957696121665
McPAS,CASSNRGRNTEAFF,,M. tuberculosis,-1.666983803037596
McPAS,CASSNSYEQYF,MLANA,Cancer/Self antigen,-0.2350089448018615
McPAS,CASSNTGGTEAFF,,M. tuberculosis,-0.6634176251433422
McPAS,CASSPAAAYEQYF,EBNA3A,EBV,1.5075236801788927
McPAS,CASSPAGAYGYTF,YFV17D,Yellow fever virus,-0.5021106512091417
McPAS,CASSPAGGAYNEQFF,NP,Influenza,1.3725962162103935
McPAS,CASSPAGGHEQYF,NP,Influenza,-1.5375158136633376
McPAS,CASSPAGGYTEAFF,,M. tuberculosis,-4.777105963865726
McPAS,CASSPAGIQETQYF,,T1D,2.334437208191966
McPAS,CASSPAGSGNTIYF,,M. tuberculosis,0.4326470935877936
McPAS,CASSPAGSNYGYTF,SEC24A,Neoantigen,-0.9473483528162296
McPAS,CASSPAGSYNEQFF,,M. tuberculosis,1.031154155507441
McPAS,CASSPAGTAYEQYF,NP,Influenza,-4.138419629871267
McPAS,CASSPAGTDYGYTF,CHD8KLN,Neoantigen,2.427080306965849
McPAS,CASSPAGTNYGYTF,,M. tuberculosis,0.9882802978342088
McPAS,CASSPAGTSGYNEQFF,NP,Influenza,1.0362327130276716
McPAS,CASSPAGVEQYF,NP,Influenza,-1.2883181626656834
McPAS,CASSPAGVSYEQYF,YFV17D,Yellow fever virus,-1.9209622588072104
McPAS,CASSPAGVYNEQFF,,M. tuberculosis,2.4603017436503625
McPAS,CASSPAHEQYF,,M. tuberculosis,-1.0805214539762198
McPAS,CASSPATGGYGYTF,NP,Influenza,-1.7247030345381704
McPAS,CASSPAYEQYF,NP,Influenza,0.7630631364072876
McPAS,CASSPDFQETQYF,NP,Influenza,1.2556182471719035
McPAS,CASSPDGGNTEAFF,,M. tuberculosis,-1.3363075844476615
McPAS,CASSPDGGSYNEQFF,NP,Influenza,2.00618361678718
McPAS,CASSPDGNYGYTF,,M. tuberculosis,1.774892327503002
McPAS,CASSPDLSSGNTIYF,UL29/28,Cytomegalovirus (CMV),3.877082068968391
McPAS,CASSPDPYEQYF,MRM1,Neoantigen,-0.759512577366139
McPAS,CASSPDRAGELFF,,M. tuberculosis,1.4000336926348351
McPAS,CASSPDRDYGYTF,,M. tuberculosis,1.2499117453710311
McPAS,CASSPDREETQYF,GAD2,T1D,0.470152086059448
McPAS,CASSPDRFYEQYF,TRIM58YMVV3F,Neoantigen,0.6318433862275775
McPAS,CASSPDRGAYEQYF,,M. tuberculosis,-1.3248397028902494
McPAS,CASSPDRGEQYF,PA,Influenza,0.5842720749563116
McPAS,CASSPDRGLYGYTF,NP,Influenza,-0.6247161706196797
McPAS,CASSPDRGNTEAFF,,M. tuberculosis,0.5941262057771094
McPAS,CASSPDRGRTGELFF,,T1D,-0.6920824272577351
McPAS,CASSPDRIYGYTF,,M. tuberculosis,-0.6707335757482179
McPAS,CASSPDRLSNQPQHF,,M. tuberculosis,2.237212536230408
McPAS,CASSPDRNQPQHF,,M. tuberculosis,1.419175471055754
McPAS,CASSPDRNYEQYF,,M. tuberculosis,-1.0766078442661158
McPAS,CASSPDRRYGYTF,,M. tuberculosis,-0.9000962116478183
McPAS,CASSPDRSEQYF,,M. tuberculosis,-2.3001837233274207
McPAS,CASSPDRVADTQYF,,Cervical intraepithelial neoplasia,1.7258666304382615
McPAS,CASSPDRVDYGYTF,,M. tuberculosis,1.7282418345069148
McPAS,CASSPDRVGEQYF,,M. tuberculosis,1.8152392324309223
McPAS,CASSPDRVYEQYF,,M. tuberculosis,-0.9613253057720816
McPAS,CASSPDRYSYEQYF,NP,Influenza,2.046422300321118
McPAS,CASSPDRYTEAFF,NP,Influenza,0.7022894586847424
McPAS,CASSPDSGELFF,,M. tuberculosis,1.4365855997560182
McPAS,CASSPDSGEQYF,,M. tuberculosis,-1.159609471478929
McPAS,CASSPDSGTDTQYF,,M. tuberculosis,1.3586064357565006
McPAS,CASSPDSPYEQYF,NP,Influenza,-2.0302918865579738
McPAS,CASSPDSYEQYF,,Cancer/Self antigen,0.7144098070329514
McPAS,CASSPDSYNQPQHF,M1,Influenza,-1.0236251242941612
McPAS,CASSPDTGELFF,NP,Influenza,0.4903135150466897
McPAS,CASSPDTMNTEAFF,,M. tuberculosis,-0.7580495833919867
McPAS,CASSPDTSYEQYF,pp65,Cytomegalovirus (CMV),-0.7653933310981489
McPAS,CASSPDVGNTIYF,IE1,Cytomegalovirus (CMV),-5.931843627002342
McPAS,CASSPEGAEAFF,,M. tuberculosis,-2.6806963556960914
McPAS,CASSPEGNTEAFF,,M. tuberculosis,-1.2138361618340583
McPAS,CASSPEGRETQYF,,T1D,-1.032838232191847
McPAS,CASSPEQETQYF,NP,Influenza,1.2239558177206686
McPAS,CASSPETGEAFF,,Alzheimer's disease,-3.668095933362027
McPAS,CASSPFGANVLTF,M1,Influenza,1.552939011951754
McPAS,CASSPGANEQFF,GAD2,T1D,-1.147724254750364
McPAS,CASSPGANNEQFF,NP,Influenza,1.0925010770524883
McPAS,CASSPGASDTQYF,,M. tuberculosis,4.156972529333139
McPAS,CASSPGAVYEQYF,NP,Influenza,-1.916138132363796
McPAS,CASSPGAYGYTF,,M. tuberculosis,0.8474629227090906
McPAS,CASSPGDEQFF,NP,Influenza,-1.8510083775695323
McPAS,CASSPGDEQYF,,M. tuberculosis,-1.623493809084274
McPAS,CASSPGDGNTEAFF,,M. tuberculosis,-2.949583702475421
McPAS,CASSPGDGTEAFF,GNL3LR4C,Neoantigen,-2.468449040321403
McPAS,CASSPGDSYEQYF,PB1,Influenza,-1.397778994057978
McPAS,CASSPGEAYEQYF,,HTLV-1,1.0519220364330653
McPAS,CASSPGEGNTIYF,,M. tuberculosis,-1.9511391558789084
McPAS,CASSPGESYEQYF,IE1,Cytomegalovirus (CMV),-2.591657155928947
McPAS,CASSPGGDEQFF,,M. tuberculosis,-0.8012212700033253
McPAS,CASSPGGDTDTQYF,,M. tuberculosis,-1.6829430144591386
McPAS,CASSPGGDTQYF,,T1D,1.1077171499195138
McPAS,CASSPGGDTQYF,,M. tuberculosis,1.1077171499195138
McPAS,CASSPGGEETQYF,,M. tuberculosis,-0.6121356074465379
McPAS,CASSPGGETQYF,,M. tuberculosis,1.433276697605871
McPAS,CASSPGGFQETQYF,NP,Influenza,1.318918619619908
McPAS,CASSPGGFSGNTIYF,,M. tuberculosis,-0.8822345120994981
McPAS,CASSPGGGELFF,OR5M3KMVT8N,Neoantigen,-2.5034519327625926
McPAS,CASSPGGGGYTF,BMLF1,EBV,-0.3335323328462347
McPAS,CASSPGGGLQETQYF,,M. tuberculosis,1.4502358138995344
McPAS,CASSPGGGNQPQHF,,Psoriatic arthritis,1.5692856507508872
McPAS,CASSPGGGPTDTQYF,NP,Influenza,5.001955978066947
McPAS,CASSPGGGYEQYF,GNL3LR4C,Neoantigen,-0.496393879170821
McPAS,CASSPGGGYNEQFF,NP,Influenza,0.7640628509164891
McPAS,CASSPGGLEAFF,NP,Influenza,-2.8998534794928754
McPAS,CASSPGGNQPQHF,NP,Influenza,1.5100216033705869
McPAS,CASSPGGPTGELFF,,M. tuberculosis,2.7929285834115065
McPAS,CASSPGGRDTQYF,,M. tuberculosis,0.980818004257254
McPAS,CASSPGGREQYF,NP,Influenza,-1.5250590600364031
McPAS,CASSPGGRGNQPQHF,,M. tuberculosis,1.868034034176739
McPAS,CASSPGGRNQPQHF,,M. tuberculosis,0.8824172367861713
McPAS,CASSPGGRTDTQYF,,M. tuberculosis,1.867558291859587
McPAS,CASSPGGSGNTIYF,,M. tuberculosis,1.3505335763841848
McPAS,CASSPGGSGYGYTF,,M. tuberculosis,-1.5094982720792034
McPAS,CASSPGGSYNEQFF,,M. tuberculosis,0.8384675185370434
McPAS,CASSPGGTEAFF,MLANA,Cancer/Self antigen,0.745606559899787
McPAS,CASSPGGTEAFF,,M. tuberculosis,0.745606559899787
McPAS,CASSPGGTNEKLFF,GLRA1LIF,Neoantigen,2.139180489858865
McPAS,CASSPGGWGYTF,,M. tuberculosis,-1.883939548906174
McPAS,CASSPGGYEQYF,,Colorectal cancer,0.9893591231983002
McPAS,CASSPGGYGYTF,,M. tuberculosis,0.5933160463746485
McPAS,CASSPGGYNEQFF,,M. tuberculosis,-0.5206158589581463
McPAS,CASSPGGYYGYTF,PHKA2LLSSF,Neoantigen,0.3409156524319098
McPAS,CASSPGISYEQYF,,M. tuberculosis,-0.9705637635696188
McPAS,CASSPGLAADTQYF,,M. tuberculosis,1.4701118826839084
McPAS,CASSPGLAEYNEQFF,,Celiac disease,0.9543262760049518
McPAS,CASSPGLAEYNEQFF,,M. tuberculosis,0.9543262760049518
McPAS,CASSPGLAGEQFF,NP,Influenza,0.3782644619438453
McPAS,CASSPGLAGGPDTQYF,,M. tuberculosis,-0.8439185333988619
McPAS,CASSPGLAGNTDTQYF,,M. tuberculosis,0.8779711084216035
McPAS,CASSPGLAGRDTQYF,,M. tuberculosis,-2.261269686300781
McPAS,CASSPGLAGTDTQYF,,M. tuberculosis,0.920478416976246
McPAS,CASSPGLAGTTGELFF,,M. tuberculosis,3.0921745240087986
McPAS,CASSPGLAGVGEQFF,,M. tuberculosis,1.9484761589877009
McPAS,CASSPGLAGVYEQYF,NP,Influenza,0.3615239989892732
McPAS,CASSPGLANTDTQYF,NP,Influenza,1.7734216623733206
McPAS,CASSPGLATDTQYF,,M. tuberculosis,0.8413019558832966
McPAS,CASSPGLAVSYEQYF,,M. tuberculosis,-0.5175284841186084
McPAS,CASSPGLAYEQYF,YFV17D,Yellow fever virus,-0.6062354811119406
McPAS,CASSPGLDTQYF,PB1,Influenza,1.7949161746805555
McPAS,CASSPGLDYEQYF,CMVMLN,Neoantigen,-1.6674637742242957
McPAS,CASSPGLGADTQYF,,M. tuberculosis,-2.8482801317658435
McPAS,CASSPGLGTYEQYF,YFV17D,Yellow fever virus,-2.453041847308901
McPAS,CASSPGLGTYEQYF,,M. tuberculosis,-2.453041847308901
McPAS,CASSPGLNEQFF,,Narcolepsy,0.5322099273293192
McPAS,CASSPGLPYEQYF,,Allergy,-1.8081217193003205
McPAS,CASSPGLTEAFF,NP,Influenza,-0.5322480640038654
McPAS,CASSPGMNTEAFF,,M. tuberculosis,0.4107654837593703
McPAS,CASSPGNYGYTF,,M. tuberculosis,0.5415718918458265
McPAS,CASSPGPAYEQYF,,M. tuberculosis,-3.239199970663821
McPAS,CASSPGPLYEQYF,NP,Influenza,-2.400693619214848
McPAS,CASSPGPNQPQHF,,M. tuberculosis,0.9422856119858808
McPAS,CASSPGPSSYEQYF,NP,Influenza,-0.4808461915510544
McPAS,CASSPGPTGELFF,pp50,Cytomegalovirus (CMV),-1.035639089985687
McPAS,CASSPGPTSYEQYF,YFV17D,Yellow fever virus,2.1643139764688866
McPAS,CASSPGPYEQYF,AGLGLI,Neoantigen,0.4438720383936229
McPAS,CASSPGPYEQYF,,Psoriatic arthritis,0.4438720383936229
McPAS,CASSPGQDTDTQYF,NP,Influenza,0.9937804547313436
McPAS,CASSPGQDTQYF,,M. tuberculosis,0.9872705723322576
McPAS,CASSPGQDYEQYF,PA,Influenza,-1.463347501434944
McPAS,CASSPGQENEKLFF,,M. tuberculosis,-1.1315243804462582
McPAS,CASSPGQEQYF,PB1,Influenza,-3.3643123864071023
McPAS,CASSPGQEYGYTF,,M. tuberculosis,1.9527859343288665
McPAS,CASSPGQGANYGYTF,,M. tuberculosis,0.8944845948405855
McPAS,CASSPGQGETQYF,NP,Influenza,1.7307253509930782
McPAS,CASSPGQGGETQYF,,Rheumatoid Arthritis (RA),1.735995194923046
McPAS,CASSPGQGGGYTF,,M. tuberculosis,1.3800872490679077
McPAS,CASSPGQGGTQYF,,M. tuberculosis,2.591409675678465
McPAS,CASSPGQGHGYTF,,M. tuberculosis,-0.6093759781487057
McPAS,CASSPGQGHTEAFF,,M. tuberculosis,0.7825026719895274
McPAS,CASSPGQGLEAFF,,M. tuberculosis,2.4181638610928795
McPAS,CASSPGQGNTEAFF,,M. tuberculosis,1.5189316833365605
McPAS,CASSPGQGPGELFF,,M. tuberculosis,-0.8093534136625009
McPAS,CASSPGQGPGNTIYF,,M. tuberculosis,2.122737427072572
McPAS,CASSPGQGPYEQYF,YFV17D,Yellow fever virus,0.7911451340830119
McPAS,CASSPGQGRDEQFF,NP,Influenza,0.907142420012598
McPAS,CASSPGQGRSYGYTF,,Toxic epidermal necrolysis,1.3451357925535945
McPAS,CASSPGQGSPLHF,MLANA,Cancer/Self antigen,0.8363589658947392
McPAS,CASSPGQGSSGNTIYF,,M. tuberculosis,0.8600667723561499
McPAS,CASSPGQGSTDTQYF,NP,Influenza,0.7378379423482607
McPAS,CASSPGQGTGYTF,,M. tuberculosis,-1.7460780152170106
McPAS,CASSPGQGVDTQYF,NP,Influenza,-1.1259246241424008
McPAS,CASSPGQGVETQYF,,M. tuberculosis,1.8427591331198685
McPAS,CASSPGQGYEQYF,PB1,Influenza,1.3159688321853285
McPAS,CASSPGQGYEQYF,ATP6AP1KLGG3W,Neoantigen,1.3159688321853285
McPAS,CASSPGQGYEQYF,OR1G1FLF,Neoantigen,1.3159688321853285
McPAS,CASSPGQLGNTIYF,P24KK10,HIV / Human immunodeficiency virus (HIV),-1.3613608619625728
McPAS,CASSPGQQYGYTF,,M. tuberculosis,-1.4356921394535385
McPAS,CASSPGQSSTDTQYF,,M. tuberculosis,-1.0652690226551211
McPAS,CASSPGQSSYNEQFF,,M. tuberculosis,0.8454941647682515
McPAS,CASSPGQTGANVLTF,,M. tuberculosis,3.636047085344946
McPAS,CASSPGQTYEQYF,PB1,Influenza,0.6792568519504137
McPAS,CASSPGQVATNEKLFF,,M. tuberculosis,2.850140186177699
McPAS,CASSPGQVSYEQYF,YFV17D,Yellow fever virus,2.044766491260886
McPAS,CASSPGRATEAFF,,M. tuberculosis,-2.087469309945179
McPAS,CASSPGRDYEQYF,M1,Influenza,-1.028952637842898
McPAS,CASSPGREQYF,GAD2,T1D,-0.8633893630375075
McPAS,CASSPGREQYF,,M. tuberculosis,-0.8633893630375075
McPAS,CASSPGRGEQYF,,M. tuberculosis,1.7355692838894865
McPAS,CASSPGRGNTEAFF,,M. tuberculosis,0.4153266985589654
McPAS,CASSPGRGYTF,,M. tuberculosis,-0.4503131606364487
McPAS,CASSPGRLQETQYF,,M. tuberculosis,-1.1837117900582437
McPAS,CASSPGRNEQFF,,M. tuberculosis,0.9202455659790092
McPAS,CASSPGRSEQYF,,M. tuberculosis,-3.300950931472454
McPAS,CASSPGRTQYF,SEC24AP5L,Neoantigen,-1.487229155303739
McPAS,CASSPGRYNEQFF,,M. tuberculosis,-0.3113936881046517
McPAS,CASSPGSANYGYTF,,M. tuberculosis,1.1137955236421109
McPAS,CASSPGSTDTQYF,NP,Influenza,1.4478950120369785
McPAS,CASSPGSYGYTF,,Rheumatoid Arthritis (RA),0.4498535042299103
McPAS,CASSPGSYNEQFF,,M. tuberculosis,-0.1887187917200806
McPAS,CASSPGSYNSPLHF,,M. tuberculosis,-1.0705408065535884
McPAS,CASSPGTALNTEAFF,NP,Influenza,-0.8956939632215547
McPAS,CASSPGTASNQPQHF,IE1,Cytomegalovirus (CMV),-0.5582729603908466
McPAS,CASSPGTAYEQYF,YFV17D,Yellow fever virus,0.5269310157745803
McPAS,CASSPGTAYEQYF,ATP6AP1KLGG3W,Neoantigen,0.5269310157745803
McPAS,CASSPGTDTQYF,pp50,Cytomegalovirus (CMV),1.2309983551382429
McPAS,CASSPGTDTQYF,BMLF1,EBV,1.2309983551382429
McPAS,CASSPGTDTQYF,NP,Influenza,1.2309983551382429
McPAS,CASSPGTENTEAFF,,M. tuberculosis,-0.3736370139025248
McPAS,CASSPGTGAYEQYF,YFV17D,Yellow fever virus,0.1531507608711459
McPAS,CASSPGTGAYGYTF,,Rheumatoid Arthritis (RA),-0.441754963333278
McPAS,CASSPGTGDYEQYF,,M. tuberculosis,-0.9143545135314548
McPAS,CASSPGTGEGYEQYF,,Multiple sclerosis (MS),1.9220575360852925
McPAS,CASSPGTGFYEQYF,,Rheumatoid Arthritis (RA),-2.4251622073070505
McPAS,CASSPGTGGGYGYTF,,M. tuberculosis,0.6386159394367632
McPAS,CASSPGTGGPGELFF,,M. tuberculosis,1.4566905459039514
McPAS,CASSPGTGGQPQHF,,M. tuberculosis,0.6893521777052202
McPAS,CASSPGTGGTDTQYF,NP,Influenza,-0.3342038070126518
McPAS,CASSPGTGGTEAFF,,M. tuberculosis,0.3129371564372553
McPAS,CASSPGTGGTYEQYF,YFV17D,Yellow fever virus,-0.8696410732077504
McPAS,CASSPGTGGWETQYF,NP,Influenza,3.468695773178876
McPAS,CASSPGTGGYEQYF,,West Nile virus,0.6986368224144022
McPAS,CASSPGTGGYEQYF,,T1D,0.6986368224144022
McPAS,CASSPGTGGYGYTF,,Multiple sclerosis (MS),1.5353043504682162
McPAS,CASSPGTGGYTEAFF,YFV17D,Yellow fever virus,-2.27770469899586
McPAS,CASSPGTGKNIQYF,P24KK10,HIV / Human immunodeficiency virus (HIV),-1.412563290412574
McPAS,CASSPGTGNTEAFF,,M. tuberculosis,1.3905509425675997
McPAS,CASSPGTGNYGYTF,,M. tuberculosis,1.1559066063759382
McPAS,CASSPGTGRDTQYF,NP,Influenza,1.4324881273710457
McPAS,CASSPGTGSYEQYF,NP,Influenza,0.7334789536428187
McPAS,CASSPGTGTYNEQFF,BMLF1,EBV,1.1764655054471715
McPAS,CASSPGTGVEQYF,NUCLEARPROTEINOFVESICULARSTOMATITISINDIANAVIRUS,Vesicular stomatitis virus,-0.729765254178414
McPAS,CASSPGTGYEQYF,ATP6AP1KLGG3W,Neoantigen,0.2986481480540712
McPAS,CASSPGTISYEQYF,OR6F1VLNT8M,Neoantigen,-0.9415550095221688
McPAS,CASSPGTPNTEAFF,IE1,Cytomegalovirus (CMV),0.7704890997868463
McPAS,CASSPGTRGTDTQYF,,M. tuberculosis,2.940140335934505
McPAS,CASSPGTSDTGELFF,,M. tuberculosis,-4.321696940705605
McPAS,CASSPGTSDYEQYF,,M. tuberculosis,-1.9151950446843031
McPAS,CASSPGTSGAYEQYF,YFV17D,Yellow fever virus,-0.418685354012178
McPAS,CASSPGTSGSTDTQYF,,M. tuberculosis,1.1741806492291476
McPAS,CASSPGTSGTNEQFF,,M. tuberculosis,-2.680162732539852
McPAS,CASSPGTSNEQYF,NP,Influenza,-1.2907498503876726
McPAS,CASSPGTSTYEQYF,Gag,HIV / Human immunodeficiency virus (HIV),1.9114540812855805
McPAS,CASSPGTSYEQYF,GANABALY,Diabetes type 2,0.2063639288192984
McPAS,CASSPGTSYEQYF,,M. tuberculosis,0.2063639288192984
McPAS,CASSPGTTTNEKLFF,RYR3VLN,Neoantigen,1.1826351425041537
McPAS,CASSPGTTYEQYF,PB1,Influenza,-1.015215867864523
McPAS,CASSPGTVAYEQYF,YFV17D,Yellow fever virus,0.9463413960102104
McPAS,CASSPGTVYGYTF,,Allergy,-0.226002520409718
McPAS,CASSPGTYEQYF,NP,Influenza,0.1917146890924638
McPAS,CASSPGVNTEAFF,,M. tuberculosis,0.4619443859385425
McPAS,CASSPGVSYEQYF,,M. tuberculosis,-1.1061228162686865
McPAS,CASSPGWNTEAFF,IE1,Cytomegalovirus (CMV),-1.175635524300219
McPAS,CASSPGYSNQPQHF,,M. tuberculosis,-0.9910646987359092
McPAS,CASSPGYTGELFF,,Psoriatic arthritis,0.8217214370103347
McPAS,CASSPHTDTQYF,,M. tuberculosis,0.9802203584553256
McPAS,CASSPHTEAFF,OR9Q2SIDS1F,Neoantigen,0.7403905921095147
McPAS,CASSPIAGANTGELFF,,M. tuberculosis,4.140690804902672
McPAS,CASSPISNQPQHF,NP,Influenza,-1.5396912242578806
McPAS,CASSPITNTGELFF,OR5M3KMV,Neoantigen,2.364282374892165
McPAS,CASSPKDTQYF,M1,Influenza,1.8628184960241685
McPAS,CASSPLAGAQETQYF,,M. tuberculosis,1.7973905501855068
McPAS,CASSPLAGETQYF,,M. tuberculosis,2.025175980456688
McPAS,CASSPLAGQETQYF,,M. tuberculosis,-1.1995175330450136
McPAS,CASSPLANEKLFF,,M. tuberculosis,1.5522455349640731
McPAS,CASSPLASSYNEQFF,,M. tuberculosis,-0.7760099221698025
McPAS,CASSPLDSMNTEAFF,,M. tuberculosis,-1.7727765270778129
McPAS,CASSPLDSSYEQYF,,M. tuberculosis,-1.3514733819092952
McPAS,CASSPLEGNYGYTF,,M. tuberculosis,1.5444316379595984
McPAS,CASSPLGDTEAFF,,M. tuberculosis,0.8877795085882586
McPAS,CASSPLGGGTEAFF,,Celiac disease,-1.2965799499418738
McPAS,CASSPLGGSSYEQYF,NP,Influenza,-1.497896225476343
McPAS,CASSPLGGYEQYF,,M. tuberculosis,-0.7026606306273374
McPAS,CASSPLGNQPQHF,,T1D,-0.7843023805191953
McPAS,CASSPLGPEAFF,NP,Influenza,1.5146941878956044
McPAS,CASSPLGQMNTEAFF,,M. tuberculosis,-1.0747598107327048
McPAS,CASSPLGRNTGELFF,,M. tuberculosis,1.6190552023304994
McPAS,CASSPLGYNEQFF,,M. tuberculosis,-0.6414654642858993
McPAS,CASSPLLNTEAFF,,M. tuberculosis,-1.038041817962128
McPAS,CASSPLQGNTEAFF,,M. tuberculosis,1.3477948652828688
McPAS,CASSPLRENTEAFF,,Celiac disease,-0.883627522335427
McPAS,CASSPLRETQYF,,M. tuberculosis,1.0157080138132626
McPAS,CASSPLRTDTQYF,,M. tuberculosis,0.8631768474058972
McPAS,CASSPLSGNEQFF,NP,Influenza,1.3131337774313634
McPAS,CASSPLSNEKLFF,,M. tuberculosis,-1.076789183669232
McPAS,CASSPLSTDTQYF,NP,Influenza,0.621724878815852
McPAS,CASSPLTDTQYF,BMLF1,EBV,1.2671666981870695
McPAS,CASSPLTGTDTQYF,,T1D,-1.1213323200838443
McPAS,CASSPLTSSYEQYF,NP,Influenza,-1.549278249744705
McPAS,CASSPLVDTQYF,,M. tuberculosis,0.7410393131093052
McPAS,CASSPLVGTEAFF,,M. tuberculosis,1.114251556776947
McPAS,CASSPLYGYTF,pp65,Cytomegalovirus (CMV),1.3138362864978768
McPAS,CASSPMGGSNQPQHF,,M. tuberculosis,1.9175979436693773
McPAS,CASSPMNEQFF,YFV17D,Yellow fever virus,1.7705881779964026
McPAS,CASSPNNEQFF,,M. tuberculosis,-0.3390168727767848
McPAS,CASSPNRSGNTIYF,DQ2AII,Celiac disease,-1.2968926575685065
McPAS,CASSPNTDTQYF,,Rheumatoid Arthritis (RA),1.2906157157170244
McPAS,CASSPNTDTQYF,,M. tuberculosis,1.2906157157170244
McPAS,CASSPNTEAFF,pp65,Cytomegalovirus (CMV),0.3196751968459821
McPAS,CASSPPGATGNTIYF,,M. tuberculosis,5.105940474428758
McPAS,CASSPPGDTEAFF,,Parkinson disease,0.5373344498795664
McPAS,CASSPPGEKLFF,,M. tuberculosis,0.3980970720698339
McPAS,CASSPPGETQYF,,Alzheimer's disease,1.0989862401729216
McPAS,CASSPPGGGEKLFF,IE1,Cytomegalovirus (CMV),-1.319238997796805
McPAS,CASSPPGGNEQFF,NP,Influenza,0.4418473727261134
McPAS,CASSPPGGSNEKLFF,,M. tuberculosis,3.7188847300349313
McPAS,CASSPPGGSYNEQFF,NP,Influenza,1.1372200521210236
McPAS,CASSPPGLGEQYF,,T1D,1.6023107412427948
McPAS,CASSPPGLPYEQYF,DQ2AII,Celiac disease,-0.4223225262030855
McPAS,CASSPPGQGIYEQYF,,M. tuberculosis,-1.428853826499601
McPAS,CASSPPGQNYEQYF,NP,Influenza,2.170498440194135
McPAS,CASSPPGSGNQPQHF,,Rheumatoid Arthritis (RA),2.06286000708248
McPAS,CASSPPGSSYNEQFF,,M. tuberculosis,1.0198920868766672
McPAS,CASSPPGTVSYEQYF,,M. tuberculosis,3.116853152564118
McPAS,CASSPPGTYNEQFF,VN1R2LMLL3F,Neoantigen,-1.1577719061028335
McPAS,CASSPPLSYEQYF,,T1D,-3.032209100277069
McPAS,CASSPPPGSYEQYF,UL29/28,Cytomegalovirus (CMV),-1.889229972045624
McPAS,CASSPPRGGTEAFF,,M. tuberculosis,0.9420644480591092
McPAS,CASSPPRGTDTQYF,,M. tuberculosis,-0.7332557823621234
McPAS,CASSPPRGTGELFF,,M. tuberculosis,1.5726523532827938
McPAS,CASSPPRSYEQYF,NP,Influenza,-1.997488033647328
McPAS,CASSPPSGADTQYF,,Allergy,-1.1475984844955351
McPAS,CASSPPSGADTQYF,,M. tuberculosis,-1.1475984844955351
McPAS,CASSPPSQETQYF,,Cancer/Self antigen,0.7505693542652061
McPAS,CASSPPSSYEQYF,,M. tuberculosis,0.9624355347992928
McPAS,CASSPPSTDTQYF,NP,Influenza,1.3747295424322674
McPAS,CASSPPTGDTQYF,,M. tuberculosis,3.9750434062845055
McPAS,CASSPPTGGNTGELFF,,M. tuberculosis,5.84436315471244
McPAS,CASSPPTNTGELFF,NP,Influenza,2.2949840114983
McPAS,CASSPPVQETQYF,IE1,Cytomegalovirus (CMV),-0.7288062600677867
McPAS,CASSPQETQYF,FLAGELLIN,Inflammatory bowel disease (IBD) ,1.7641073920685488
McPAS,CASSPQGAEAFF,,M. tuberculosis,-1.1736736362522104
McPAS,CASSPQGAHEQYF,,M. tuberculosis,-1.0218654090899548
McPAS,CASSPQGATEAFF,,M. tuberculosis,0.3951312001835757
McPAS,CASSPQGAYGYTF,YFV17D,Yellow fever virus,0.7792156044822705
McPAS,CASSPQGDTGELFF,,M. tuberculosis,-1.3720410168503077
McPAS,CASSPQGETQYF,,M. tuberculosis,1.6401189894485193
McPAS,CASSPQGFSYEQYF,YFV17D,Yellow fever virus,-0.8180864161184545
McPAS,CASSPQGGGYGYTF,LMP2,EBV,1.6455906751329905
McPAS,CASSPQGGNYGYTF,LMP2,EBV,0.3276749537440096
McPAS,CASSPQGINTEAFF,NP,Influenza,1.239318434738998
McPAS,CASSPQGLGQPQHF,MLANA,Cancer/Self antigen,-1.825479223831051
McPAS,CASSPQGTGELFF,,M. tuberculosis,1.4886680366418337
McPAS,CASSPQGVEAFF,,M. tuberculosis,-1.9567992604822544
McPAS,CASSPQGVGTEAFF,,M. tuberculosis,0.6130954371008425
McPAS,CASSPQLTGELFF,,M. tuberculosis,3.2237899078757484
McPAS,CASSPQPDTQYF,,M. tuberculosis,2.1978683367285785
McPAS,CASSPQQGGTEAFF,,M. tuberculosis,1.3114519594339642
McPAS,CASSPQVNTEAFF,,M. tuberculosis,0.2510545891580164
McPAS,CASSPQVNYGYTF,,M. tuberculosis,0.771688208193937
McPAS,CASSPRAGGSYEQYF,NP,Influenza,2.174386516232772
McPAS,CASSPRAGGTEAFF,,M. tuberculosis,1.3050803838285612
McPAS,CASSPRALNTGELFF,,M. tuberculosis,2.3798595398343307
McPAS,CASSPRAYNEQFF,NSDHL,Neoantigen,0.7794636406895175
McPAS,CASSPRDFSYEQYF,,Allergy,-1.1098841416497884
McPAS,CASSPRDGQETQYF,M1,Influenza,-1.3272763824608318
McPAS,CASSPRDGSSYNEQFF,,T1D,1.985210414707966
McPAS,CASSPRDGSYEQYF,pp65,Cytomegalovirus (CMV),-0.6702062661956636
McPAS,CASSPRDRGYEQYF,,Psoriatic arthritis,-0.5070768984353133
McPAS,CASSPRDRNTEAFF,,M. tuberculosis,-0.7280661855549614
McPAS,CASSPRDRVHEQYF,ERBB2,Neoantigen,-1.4592405890714013
McPAS,CASSPRDSNQPQHF,,M. tuberculosis,-0.4558375298316947
McPAS,CASSPRDSSGNTIYF,,Parkinson disease,-0.7743277426169004
McPAS,CASSPRDSTDTQYF,NP,Influenza,-0.8452357514266488
McPAS,CASSPREGYEQYF,NP,Influenza,-2.377614807582566
McPAS,CASSPRGDSGNTIYF,,M. tuberculosis,2.5001087160713205
McPAS,CASSPRGGAYEQYF,,M. tuberculosis,0.9242565953398534
McPAS,CASSPRGGAYNEQFF,NP,Influenza,1.5678422179180889
McPAS,CASSPRGGGTDTQYF,,M. tuberculosis,0.8720855804985098
McPAS,CASSPRGGSNQPQHF,,M. tuberculosis,0.7224082347974107
McPAS,CASSPRGGSYNEQFF,,pollen allergen,0.5404336084705922
McPAS,CASSPRGGVYEQYF,,M. tuberculosis,-2.365306139617516
McPAS,CASSPRGGYGYTF,,M. tuberculosis,1.0822577350814266
McPAS,CASSPRGLSNQPQHF,,M. tuberculosis,-2.040293969815288
McPAS,CASSPRGNNSPLHF,,T1D,-1.5626869388524112
McPAS,CASSPRGNSNQPQHF,,M. tuberculosis,1.1166199837507595
McPAS,CASSPRGREQFF,,M. tuberculosis,-0.8591865712491521
McPAS,CASSPRGSGETQYF,NP,Influenza,0.7232796643482647
McPAS,CASSPRGTTDTQYF,,M. tuberculosis,-1.977767192256016
McPAS,CASSPRGVGTEAFF,BAIAP3ILNV6I,Neoantigen,-1.1452281337498555
McPAS,CASSPRHLNTEAFF,,M. tuberculosis,-2.8322733101090667
McPAS,CASSPRLAGEETQYF,,M. tuberculosis,0.6741562904583304
McPAS,CASSPRLAGGDEQFF,,M. tuberculosis,-0.716783168742334
McPAS,CASSPRLAGGEQYF,,M. tuberculosis,-2.268198342925501
McPAS,CASSPRLAGQETQYF,,M. tuberculosis,2.348067709582804
McPAS,CASSPRLAVYNEQFF,,M. tuberculosis,1.7106693755884237
McPAS,CASSPRLDTQYF,,M. tuberculosis,-0.6927775536604219
McPAS,CASSPRLGDTQYF,,M. tuberculosis,1.7387175708644116
McPAS,CASSPRLGSYEQYF,NP,Influenza,-1.2952222107645714
McPAS,CASSPRLTGELFF,,M. tuberculosis,0.9513426143340032
McPAS,CASSPRNEQFF,,M. tuberculosis,1.810519034176272
McPAS,CASSPRPGNYGYTF,,M. tuberculosis,-2.298143742400489
McPAS,CASSPRPTDTQYF,,M. tuberculosis,1.797564806368499
McPAS,CASSPRQAQETQYF,,M. tuberculosis,1.1560250971517632
McPAS,CASSPRQATNEKLFF,,Toxic epidermal necrolysis,0.7820190282029931
McPAS,CASSPRQGAGETQYF,NP,Influenza,1.6376843985442495
McPAS,CASSPRQGPNTEAFF,,M. tuberculosis,-0.9616834460879132
McPAS,CASSPRQGPSYEQYF,,Rheumatoid Arthritis (RA),-1.4131236150681468
McPAS,CASSPRQGYYGYTF,,M. tuberculosis,-0.9852353400751954
McPAS,CASSPRRGGTDTQYF,,M. tuberculosis,2.514749216042795
McPAS,CASSPRRNEQFF,,M. tuberculosis,-1.1975227699645812
McPAS,CASSPRSADTQYF,M1,Influenza,-2.3432274470472416
McPAS,CASSPRSAYEQYF,M1,Influenza,1.2580375886914648
McPAS,CASSPRSGETQYF,M1,Influenza,0.846453849347522
McPAS,CASSPRSGNEQFF,M1,Influenza,1.2974700375667425
McPAS,CASSPRSSYNEQFF,,M. tuberculosis,-0.7387665957997774
McPAS,CASSPRSTDTQYF,M1,Influenza,0.6524873507898818
McPAS,CASSPRSTDTQYF,ivgil,Influenza,0.6524873507898818
McPAS,CASSPRTDGYTF,NP,Influenza,0.58609207060707
McPAS,CASSPRTDSYNEQFF,,M. tuberculosis,1.724324667689292
McPAS,CASSPRTDTQYF,,M. tuberculosis,1.0676537877652
McPAS,CASSPRTGANYGYTF,NP,Influenza,-0.4685727063958986
McPAS,CASSPRTGGHEQYF,RV3875,M. tuberculosis,-1.1316602754960234
McPAS,CASSPRTGGSNQPQHF,,HTLV-1,0.9879628491232691
McPAS,CASSPRTGGTGELFF,IE1,Cytomegalovirus (CMV),1.686710401023713
McPAS,CASSPRTGGTYEQYF,,M. tuberculosis,1.8222785428920247
McPAS,CASSPRTGLYEQYF,,M. tuberculosis,-0.7084887515774373
McPAS,CASSPRTGPGNTIYF,,M. tuberculosis,0.9814098588251692
McPAS,CASSPRTGQNSPLHF,NP,Influenza,2.377179955121272
McPAS,CASSPRTGSNEKLFF,,M. tuberculosis,2.0460566428362355
McPAS,CASSPRTGVEKLFF,,M. tuberculosis,2.3498387681192425
McPAS,CASSPRTGYEQYF,,Breast Cancer,-1.6736016197379326
McPAS,CASSPRTSGLTDTQYF,NP,Influenza,4.576975399767443
McPAS,CASSPRTSGNEQFF,NP,Influenza,0.6797451921809616
McPAS,CASSPRTSGNEQFF,,M. tuberculosis,0.6797451921809616
McPAS,CASSPRTSGPYNEQFF,M1,Influenza,1.1944920050334695
McPAS,CASSPRTSGRADTQYF,,M. tuberculosis,-1.8598007816523936
McPAS,CASSPRTSGSADTQYF,,M. tuberculosis,2.683599719399916
McPAS,CASSPRTSGSDEQFF,,T1D,2.6038234139223286
McPAS,CASSPRTSGSDTQYF,NP,Influenza,-2.4086870713699406
McPAS,CASSPRTSGYYEQYF,NP,Influenza,2.1489679639918786
McPAS,CASSPRTSTDTQYF,,Multiple sclerosis (MS),1.4860610372163934
McPAS,CASSPRTTSYEQYF,,M. tuberculosis,1.1133558750355304
McPAS,CASSPRTVNYGYTF,,M. tuberculosis,-2.080891900788492
McPAS,CASSPRTVTYEQYF,,M. tuberculosis,1.924388283233732
McPAS,CASSPRVTDTQYF,,M. tuberculosis,1.1006070137385344
McPAS,CASSPSDEQFF,,Psoriatic arthritis,-1.8625506121307844
McPAS,CASSPSGANVLTF,BMLF1,EBV,1.423402368813207
McPAS,CASSPSGANVLTF,pp65,Cytomegalovirus (CMV),1.423402368813207
McPAS,CASSPSGANVLTF,,M. tuberculosis,1.423402368813207
McPAS,CASSPSGASYEQYF,,M. tuberculosis,-1.4152824055005628
McPAS,CASSPSGATDTQYF,,M. tuberculosis,-0.7588526619536093
McPAS,CASSPSGAYGYTF,,M. tuberculosis,-0.7723106773331854
McPAS,CASSPSGGADTQYF,,M. tuberculosis,0.6147694494212211
McPAS,CASSPSGGAYGYTF,YFV17D,Yellow fever virus,-2.474640580642384
McPAS,CASSPSGGEQYF,NP,Influenza,-1.010010186111225
McPAS,CASSPSGGEQYF,GAD2,T1D,-1.010010186111225
McPAS,CASSPSGGSYGYTF,GNL3LR4C,Neoantigen,2.249709035945437
McPAS,CASSPSGGTDTQYF,,M. tuberculosis,0.7136932313847244
McPAS,CASSPSGGVYGYTF,ATP6AP1KLGG3W,Neoantigen,3.452757414768416
McPAS,CASSPSGQAYEQYF,,M. tuberculosis,-1.6613571666724138
McPAS,CASSPSGSSYNEQFF,,M. tuberculosis,1.171572392234947
McPAS,CASSPSNTGELFF,,M. tuberculosis,0.69427967263532
McPAS,CASSPSQETQYF,,M. tuberculosis,0.983371840198779
McPAS,CASSPSQGPYEQYF,,M. tuberculosis,0.904391924807562
McPAS,CASSPSQGYGYTF,ATP6AP1KLGG3W,Neoantigen,2.4511724101853445
McPAS,CASSPSRGNQPQHF,,M. tuberculosis,0.8306725565525925
McPAS,CASSPSSGGYEQYF,NP,Influenza,1.92791117134742
McPAS,CASSPSSGTEAFF,,Alzheimer's disease,-3.5393753450175907
McPAS,CASSPSSSYNEQFF,,M. tuberculosis,-0.4736475932906522
McPAS,CASSPSSTDTQYF,,M. tuberculosis,-0.2601748783454427
McPAS,CASSPSTDTQYF,,M. tuberculosis,1.803016067904704
McPAS,CASSPSTGYGYTF,GNL3LR4C,Neoantigen,-0.8220587056085551
McPAS,CASSPSYEQYF,,T1D,1.652008114988072
McPAS,CASSPSYNEQFF,,M. tuberculosis,0.5823876304001286
McPAS,CASSPTAGGYEQYF,,M. tuberculosis,1.1095969408474562
McPAS,CASSPTDSNQPQHF,,M. tuberculosis,0.5638980018189924
McPAS,CASSPTDYNEQFF,,M. tuberculosis,-4.937295694244506
McPAS,CASSPTENTEAFF,,M. tuberculosis,-1.3767257978889913
McPAS,CASSPTGANTGELFF,,M. tuberculosis,1.3457073784557163
McPAS,CASSPTGARNQPQHF,,M. tuberculosis,-3.6614775689990062
McPAS,CASSPTGDQPQHF,,M. tuberculosis,1.476851784609876
McPAS,CASSPTGEETQYF,,Multiple sclerosis (MS),0.5393228973035695
McPAS,CASSPTGELFF,,Psoriatic arthritis,-0.5462748041799365
McPAS,CASSPTGGIYEQYF,,Multiple sclerosis (MS),1.1943510746086663
McPAS,CASSPTGGLETQYF,M1,Influenza,-0.9814963421606672
McPAS,CASSPTGGNTEAFF,M1,Influenza,1.3044334159939286
McPAS,CASSPTGGNTGELFF,NP,Influenza,1.6324358405765809
McPAS,CASSPTGGNYGYTF,,Psoriatic arthritis,1.6381531196629897
McPAS,CASSPTGGPETQYF,,M. tuberculosis,2.382082800865418
McPAS,CASSPTGGRGQPQHF,,M. tuberculosis,-2.988354777329416
McPAS,CASSPTGGSSYEQYF,NP,Influenza,-1.1704887220932645
McPAS,CASSPTGGSYEQYF,,M. tuberculosis,0.7451170561811398
McPAS,CASSPTGGYGYTF,,HTLV-1,1.0376273094760684
McPAS,CASSPTGIGYTF,,M. tuberculosis,-0.9689247895101012
McPAS,CASSPTGITEAFF,pp65,Cytomegalovirus (CMV),-0.8579837141499873
McPAS,CASSPTGLGQPQHF,MLANA,Cancer/Self antigen,-1.7102240375848037
McPAS,CASSPTGNEQFF,WDR46FLTT3I,Neoantigen,-1.2507647438361738
McPAS,CASSPTGNSNQPQHF,,T1D,1.08480388206935
McPAS,CASSPTGQDYGYTF,,M. tuberculosis,3.2102531671382586
McPAS,CASSPTGRSYEQYF,NP,Influenza,0.7670744819076554
McPAS,CASSPTGSGEKLFF,pp65,Cytomegalovirus (CMV),-1.597292799371839
McPAS,CASSPTGSGELFF,,Celiac disease,-1.6179549257079646
McPAS,CASSPTGSPYEQYF,,M. tuberculosis,-1.4056453960626598
McPAS,CASSPTGSYGYTF,HAUS3ILNT7A,Neoantigen,0.9055405964484416
McPAS,CASSPTGTEAFF,,Alzheimer's disease,-2.449213354049489
McPAS,CASSPTGTGYNEQFF,IVPAFMY,Neoantigen,-1.4140775248263262
McPAS,CASSPTGTNTGELFF,,M. tuberculosis,1.7275225012488886
McPAS,CASSPTGTSGYEQYF,NP,Influenza,1.2588015967997954
McPAS,CASSPTGTSTDTQYF,,M. tuberculosis,-1.5616447235194315
McPAS,CASSPTGVEQYF,INS,T1D,-1.4419325590817629
McPAS,CASSPTGVTDTQYF,,M. tuberculosis,0.7175866172164436
McPAS,CASSPTGYYEQYF,,M. tuberculosis,-2.151081933402949
McPAS,CASSPTRGTEAFF,,M. tuberculosis,-0.4583157222338285
McPAS,CASSPTSGGYEQYF,CHD8KLN,Neoantigen,-0.81258052407422
McPAS,CASSPTSGGYNEQFF,,M. tuberculosis,0.6614070543418986
McPAS,CASSPTSGRADTQYF,NP,Influenza,-0.916413298929426
McPAS,CASSPTSGSTDTQYF,,M. tuberculosis,-0.4541793449271349
McPAS,CASSPTSGSTGELFF,,M. tuberculosis,1.1091726553907266
McPAS,CASSPTSGSYNEQFF,,M. tuberculosis,1.2043808960837508
McPAS,CASSPTSGTDTQYF,NP,Influenza,1.2440639603139625
McPAS,CASSPTSGTYNEQFF,,M. tuberculosis,1.2882289011008423
McPAS,CASSPTSSGANVLTF,,M. tuberculosis,2.4394431350016363
McPAS,CASSPTTGNQPQHF,,M. tuberculosis,1.4032037526598675
McPAS,CASSPTTGVNTEAFF,,M. tuberculosis,-1.238710705315452
McPAS,CASSPTTNYGYTF,,M. tuberculosis,-0.981433551891442
McPAS,CASSPTTYGYTF,P24KK10,HIV / Human immunodeficiency virus (HIV),-1.6586397605266372
McPAS,CASSPTVTDTQYF,,M. tuberculosis,-1.5172316736887683
McPAS,CASSPTVYEQYF,,M. tuberculosis,-0.9175493810179598
McPAS,CASSPVGDTQYF,OR10A3ILIV6F,Neoantigen,1.0049935963148862
McPAS,CASSPVGGDTEAFF,EPHA2,Cancer/Self antigen,-2.5045120634787112
McPAS,CASSPVGGGYTF,IE1,Cytomegalovirus (CMV),-0.6943981609645677
McPAS,CASSPVGNEQFF,,M. tuberculosis,0.5844113221381051
McPAS,CASSPVGYEQYF,GANABALYS5F,Neoantigen,-0.7455942935829611
McPAS,CASSPWGGEQYF,NP,Influenza,-1.1067827870680804
McPAS,CASSPWGQPQHF,,M. tuberculosis,-1.3009214894153898
McPAS,CASSPWGTDTQYF,,M. tuberculosis,1.6326935014709267
McPAS,CASSPWSGELFF,pp65,Cytomegalovirus (CMV),-1.8006906215000398
McPAS,CASSPWTSGAYEQYF,,M. tuberculosis,-3.984297295138117
McPAS,CASSPWTSGDNEQFF,,M. tuberculosis,-1.9529957033957035
McPAS,CASSPWTVNTEAFF,,M. tuberculosis,-1.9363881474101203
McPAS,CASSPYEQYF,PA,Influenza,-1.4201970736653464
McPAS,CASSPYGNTIYF,ZDHHC7SLLP7L,Neoantigen,1.8730270702001024
McPAS,CASSPYQETQYF,,Colorectal cancer,1.2943005921726385
McPAS,CASSPYSGANVLTF,TRIM58YMVV3F,Neoantigen,0.9547045914864252
McPAS,CASSPYSNQPQHF,GNL3LR4C,Neoantigen,-0.2236866796577079
McPAS,CASSPYSSYNEQFF,,M. tuberculosis,-1.988982554349474
McPAS,CASSQAAGYEQYF,,T1D,-2.8724739321253905
McPAS,CASSQADTQYF,,M. tuberculosis,0.7017630666017747
McPAS,CASSQAGAEAFF,,M. tuberculosis,-1.9046503875568728
McPAS,CASSQAGAYEQYF,YFV17D,Yellow fever virus,-1.1189428344606205
McPAS,CASSQAGDSYEQYF,PA,Influenza,-3.2156275845777818
McPAS,CASSQAGELFF,NP,Influenza,0.9470507441337546
McPAS,CASSQAGEQYF,KCNB2LLAP6T,Neoantigen,0.4665246970802056
McPAS,CASSQAGGLYEQYF,,M. tuberculosis,-1.2082579664403743
McPAS,CASSQAGGNTGELFF,,M. tuberculosis,-0.7962158892957972
McPAS,CASSQAGGPTDTQYF,,M. tuberculosis,-6.084970585915992
McPAS,CASSQAGGRTGELFF,,M. tuberculosis,1.130490522141824
McPAS,CASSQAGGYEQYF,GNL3LR4C,Neoantigen,-0.7400123522192826
McPAS,CASSQAGNTIYF,,M. tuberculosis,0.8709362137149022
McPAS,CASSQAGSNYGYTF,NP,Influenza,-2.1771030896407235
McPAS,CASSQAGTNTEAFF,,M. tuberculosis,-1.2356497252448704
McPAS,CASSQAGVEQYF,ebna,EBV,0.9565469598251988
McPAS,CASSQAGVGQPQHF,MLANA,Cancer/Self antigen,-2.340676745860818
McPAS,CASSQARGTGELFF,,M. tuberculosis,2.240949073164732
McPAS,CASSQARTDTQYF,,T1D,1.0168614361882526
McPAS,CASSQATGELFF,,M. tuberculosis,1.0826619433062226
McPAS,CASSQATGYEQYF,ATP6AP1KLGG3W,Neoantigen,-1.4436160262163331
McPAS,CASSQAYEQYF,,M. tuberculosis,1.237063592567053
McPAS,CASSQDASGANVLTF,,M. tuberculosis,0.9837450166515322
McPAS,CASSQDEGYEQYF,SEC24AFLYP5L,Neoantigen,-3.1476576224727424
McPAS,CASSQDGAGANVLTF,,M. tuberculosis,-2.860257725193049
McPAS,CASSQDGGGSYNEQFF,,M. tuberculosis,-4.178692858887706
McPAS,CASSQDGGGYEQYF,,M. tuberculosis,-1.1315471637604522
McPAS,CASSQDGGSGANVLTF,,M. tuberculosis,-6.379188963587447
McPAS,CASSQDGLAGETQYF,,M. tuberculosis,1.5887360155373096
McPAS,CASSQDGMNTEAFF,LMP2,EBV,1.8880144441442168
McPAS,CASSQDGTSGANVLTF,,M. tuberculosis,-5.945670016987602
McPAS,CASSQDGYGYTF,NP,Influenza,0.6660251687288308
McPAS,CASSQDLAGGPDTQYF,,M. tuberculosis,-6.714351561948048
McPAS,CASSQDLDQPQHF,,M. tuberculosis,0.8290338997897746
McPAS,CASSQDLDTEAFF,,M. tuberculosis,-2.0161893381831457
McPAS,CASSQDLGEQYF,NP,Influenza,-3.1404990635803207
McPAS,CASSQDLGSGANVLTF,,M. tuberculosis,-5.196973834724572
McPAS,CASSQDLGTGNTIYF,SLC16A7AMAP6L,Neoantigen,1.6934530142943205
McPAS,CASSQDLNEQYF,OR6F1VLNT8M,Neoantigen,-2.1304177641197937
McPAS,CASSQDLSSGNTIYF,UL29/28,Cytomegalovirus (CMV),-1.8731521299750968
McPAS,CASSQDNNEQFF,DHX33LLA,Neoantigen,-3.300784463037697
McPAS,CASSQDPANTEAFF,,M. tuberculosis,-1.208720581107376
McPAS,CASSQDPGDGYTF,,M. tuberculosis,-0.9662804593076328
McPAS,CASSQDPGDTQYF,,M. tuberculosis,-1.2944489340538916
McPAS,CASSQDPGGTDTQYF,,T1D,1.204220151625575
McPAS,CASSQDPGSNQPQHF,OR14C36FMLV6L,Neoantigen,-2.343301276041664
McPAS,CASSQDPGYEQYF,M1,Influenza,-2.217882877693573
McPAS,CASSQDPVNTEAFF,IE1,Cytomegalovirus (CMV),-2.630858891637937
McPAS,CASSQDQGGYTF,,M. tuberculosis,1.8247727626071168
McPAS,CASSQDQNTEAFF,MRM1,Neoantigen,0.7159204537269387
McPAS,CASSQDRAAGNTIYF,,M. tuberculosis,-1.7376987113221278
McPAS,CASSQDRAGANVLTF,,M. tuberculosis,0.9925691844149228
McPAS,CASSQDRDQPQHF,,M. tuberculosis,1.5156045713474422
McPAS,CASSQDRGETQYF,,M. tuberculosis,0.6643368142047045
McPAS,CASSQDRGGEQYF,NP,Influenza,1.080539657308143
McPAS,CASSQDRGGPDTQYF,,M. tuberculosis,-6.564603151962665
McPAS,CASSQDRGGQETQYF,,M. tuberculosis,-5.059557503740622
McPAS,CASSQDRGGSYEQYF,,M. tuberculosis,-5.12905340758395
McPAS,CASSQDRGNEQFF,WDR46T3I,Neoantigen,-1.611492577690409
McPAS,CASSQDRGREQYF,,M. tuberculosis,1.1074748088063353
McPAS,CASSQDRGRQPQHF,,M. tuberculosis,0.7384404857263205
McPAS,CASSQDRGSQPQHF,,Multiple sclerosis (MS),-2.1682399537344272
McPAS,CASSQDRGSYEQYF,,M. tuberculosis,-1.4669948117684732
McPAS,CASSQDRGYEQYF,,T1D,-0.5539823820131711
McPAS,CASSQDRLDTQYF,NP,Influenza,1.2591053455232522
McPAS,CASSQDRNQPQHF,,M. tuberculosis,1.2295375038739715
McPAS,CASSQDRREAFF,,M. tuberculosis,-1.8948461322929684
McPAS,CASSQDRREQYF,M1,Influenza,-1.0605550565012245
McPAS,CASSQDRRETQYF,,M. tuberculosis,-0.7786756816417907
McPAS,CASSQDRRSYEQYF,NP,Influenza,-1.301952340547841
McPAS,CASSQDRRSYGYTF,,M. tuberculosis,-1.3450904272540467
McPAS,CASSQDRSYEQYF,INS,T1D,-1.898237263871693
McPAS,CASSQDRTGGNTIYF,,M. tuberculosis,2.58353544365063
McPAS,CASSQDRTSGNTIYF,VIF407,HIV / Human immunodeficiency virus (HIV),-3.0409192877120126
McPAS,CASSQDRTYEQYF,,M. tuberculosis,-2.300088900023068
McPAS,CASSQDRVDTQYF,NP,Influenza,0.5456180728181509
McPAS,CASSQDRVDTQYF,,M. tuberculosis,0.5456180728181509
McPAS,CASSQDRVSGNTIYF,,M. tuberculosis,1.4804128312159412
McPAS,CASSQDRVSYNEQFF,NP,Influenza,-1.9186834596009723
McPAS,CASSQDSSGANVLTF,,M. tuberculosis,-2.713919491478424
McPAS,CASSQDSSYEQYF,,T1D,-2.756420139663136
McPAS,CASSQDSSYEQYF,,Cancer/Self antigen,-2.756420139663136
McPAS,CASSQDSTDTQYF,NP,Influenza,-0.660060733432011
McPAS,CASSQDSYEQYF,pp65,Cytomegalovirus (CMV),-0.7737049104287059
McPAS,CASSQDTGYEQYF,SEC24AP5L,Neoantigen,-3.6814891797399913
McPAS,CASSQDTGYGYTF,NP,Influenza,1.6717032671680945
McPAS,CASSQDVGSGNTIYF,UL29/28,Cytomegalovirus (CMV),-3.276863378093094
McPAS,CASSQDVSGANVLTF,,M. tuberculosis,-1.9092449369361928
McPAS,CASSQDWDTQYF,NP,Influenza,-2.2717166171633694
McPAS,CASSQDWGGYEQYF,,T1D,-1.1093700849332513
McPAS,CASSQDWGNEQFF,MRM19,Neoantigen,-3.116980214539711
McPAS,CASSQDWGNTIYF,,M. tuberculosis,2.5460388793501214
McPAS,CASSQDWSYEQYF,MLANA,Cancer/Self antigen,-4.2497601733057575
McPAS,CASSQDYNEQFF,NP,Influenza,-2.304786352479631
McPAS,CASSQDYNEQFF,,T1D,-2.304786352479631
McPAS,CASSQEAGGPDTQYF,,M. tuberculosis,-7.367916815251659
McPAS,CASSQEASGGYNEQFF,,M. tuberculosis,-2.1221252919513645
McPAS,CASSQEDRAGNTIYF,,Clear cell renal carcinoma,2.159447516647089
McPAS,CASSQEDRNYGYTF,,M. tuberculosis,-3.960902958674384
McPAS,CASSQEDTQYF,,T1D,0.481039801143728
McPAS,CASSQEGEQYF,,M. tuberculosis,-1.6589338636361826
McPAS,CASSQEGGNTIYF,,M. tuberculosis,-1.015436223701914
McPAS,CASSQEGLTEAFF,NP,Influenza,-5.316447377879852
McPAS,CASSQEGLYNEQFF,,M. tuberculosis,1.5295365078409358
McPAS,CASSQEGMNTEAFF,,M. tuberculosis,-1.0943203448094372
McPAS,CASSQEGQGSYNEQFF,,M. tuberculosis,-3.5500027194392745
McPAS,CASSQEGSNTEAFF,NP,Influenza,-3.607136396526149
McPAS,CASSQEGWDEQFF,NP,Influenza,11.95321579574808
McPAS,CASSQEGYEQYF,NP,Influenza,-1.1371030293103723
McPAS,CASSQEGYTEAFF,,M. tuberculosis,-0.7546797559434909
McPAS,CASSQERGDTQYF,,M. tuberculosis,-1.2242594858753648
McPAS,CASSQERGGQETQYF,,M. tuberculosis,-5.93288412231745
McPAS,CASSQERGGSYNEQFF,,M. tuberculosis,-3.8924259217035457
McPAS,CASSQETGNTIYF,,M. tuberculosis,-0.9790279171239402
McPAS,CASSQETQYF,,Celiac disease,1.4427699333884676
McPAS,CASSQETSGGYEQYF,,M. tuberculosis,-5.487796935131781
McPAS,CASSQETSGSYEQYF,,M. tuberculosis,-6.124425294560879
McPAS,CASSQEVAYEQYF,YFV17D,Yellow fever virus,-4.814800794900114
McPAS,CASSQEVGYEQYF,PA,Influenza,-4.24785654514886
McPAS,CASSQEVSYGYTF,,M. tuberculosis,-2.898179038749295
McPAS,CASSQGAAYEQYF,YFV17D,Yellow fever virus,-2.639456649082319
McPAS,CASSQGAGELFF,BMLF1,EBV,-0.6981571575864854
McPAS,CASSQGAGGNTEAFF,,M. tuberculosis,1.7439248102697729
McPAS,CASSQGALGYTF,SMARCD3,Neoantigen,-3.8794777571111134
McPAS,CASSQGARNTEAFF,,M. tuberculosis,-0.8489477812899869
McPAS,CASSQGASDTQYF,BMLF1,EBV,3.383878686630222
McPAS,CASSQGATEAFF,,M. tuberculosis,-1.9905376318618253
McPAS,CASSQGAYGYTF,M1,Influenza,-0.6181956209186749
McPAS,CASSQGDEQYF,PA,Influenza,-2.256008425227518
McPAS,CASSQGDTQYF,PA,Influenza,0.2346851342928396
McPAS,CASSQGEGTEAFF,M1,Influenza,-0.9107654319173004
McPAS,CASSQGEGYEQYF,ATP6AP1KLGG3W,Neoantigen,-2.0598281906284948
McPAS,CASSQGFYGYTF,M1,Influenza,1.4720318356593602
McPAS,CASSQGGANYGYTF,,M. tuberculosis,-0.710775323896021
McPAS,CASSQGGAYGYTF,NP,Influenza,1.6223319985745923
McPAS,CASSQGGEKLFF,NP,Influenza,0.5089396652648716
McPAS,CASSQGGGDTQYF,MUC1,Cancer/Self antigen,-0.6624960172559136
McPAS,CASSQGGGDTQYF,HEMOGLOBLINLIKEPROTEINHBO,Cancer/Self antigen,-0.6624960172559136
McPAS,CASSQGGGGTDTQYF,GANAB,Neoantigen,0.6764791756770909
McPAS,CASSQGGGGTDTQYF,,M. tuberculosis,0.6764791756770909
McPAS,CASSQGGGRTGELFF,pp65,Cytomegalovirus (CMV),2.450736234244309
McPAS,CASSQGGGTEAFF,YFV17D,Yellow fever virus,-0.286778257235917
McPAS,CASSQGGGYTF,,M. tuberculosis,0.5433915465647978
McPAS,CASSQGGLAKNIQYF,,M. tuberculosis,1.412523023475114
McPAS,CASSQGGLGQPQHF,MLANA,Cancer/Self antigen,1.150035152298896
McPAS,CASSQGGNSYEQYF,,Allergy,1.0684366033715538
McPAS,CASSQGGQGYEQYF,M1,Influenza,-1.2689365270858497
McPAS,CASSQGGRETQYF,,M. tuberculosis,0.970602804311787
McPAS,CASSQGGSDTQYF,NP,Influenza,-1.902535930377793
McPAS,CASSQGGTEAFF,NP,Influenza,-0.1335560815303195
McPAS,CASSQGGTSSYNEQFF,,M. tuberculosis,-4.398111127488276
McPAS,CASSQGGVGQPQHF,MLANA,Cancer/Self antigen,2.0634523068527604
McPAS,CASSQGGVTGELFF,,Psoriatic arthritis,-1.481305711298754
McPAS,CASSQGGWETQYF,,M. tuberculosis,-1.2103429802571055
McPAS,CASSQGGYGYTF,YFV17D,Yellow fever virus,0.8957217702186436
McPAS,CASSQGGYQETQYF,,M. tuberculosis,1.8176096256794203
McPAS,CASSQGHSGNTIYF,,M. tuberculosis,1.1578994931480602
McPAS,CASSQGIYEQYF,,M. tuberculosis,-0.6488589709177628
McPAS,CASSQGKETQYF,,M. tuberculosis,1.1210282224320178
McPAS,CASSQGKTEAFF,,T1D,-1.8119971195731748
McPAS,CASSQGLADTQYF,,M. tuberculosis,1.1199314692446078
McPAS,CASSQGLAGANEQFF,BMLF1,EBV,-2.0936870881010754
McPAS,CASSQGLAGANEQFF,GAD2,T1D,-2.0936870881010754
McPAS,CASSQGLAGGPDTQYF,,M. tuberculosis,-5.214710359274296
McPAS,CASSQGLAGGPSTDTQYF,,M. tuberculosis,-6.8227477480436285
McPAS,CASSQGLAGTTDTQYF,NP,Influenza,-3.141167558110545
McPAS,CASSQGLAGTYEQYF,,Psoriatic arthritis,0.6025221953419906
McPAS,CASSQGLAGVQETQYF,DQ2AI,Celiac disease,-1.2650307118436834
McPAS,CASSQGLASYEQYF,NP,Influenza,0.7081468389334684
McPAS,CASSQGLEQYF,,M. tuberculosis,-2.340295520612597
McPAS,CASSQGLGDTQYF,,M. tuberculosis,-1.3589154983807463
McPAS,CASSQGLGQPQHF,,M. tuberculosis,1.551983861103028
McPAS,CASSQGLGSYEQYF,NP,Influenza,-1.9336709001393968
McPAS,CASSQGLLNTEAFF,,M. tuberculosis,0.6774493231339584
McPAS,CASSQGLNQPQHF,,M. tuberculosis,0.6681685997694334
McPAS,CASSQGLNTEAFF,,Celiac disease,1.0011944613999229
McPAS,CASSQGLNTEAFF,,M. tuberculosis,1.0011944613999229
McPAS,CASSQGLNTGELFF,,M. tuberculosis,-0.5769507904427132
McPAS,CASSQGLSGNTIYF,,M. tuberculosis,0.4586173463527645
McPAS,CASSQGLSYEQYF,CMVMLN,Neoantigen,-1.219580066962913
McPAS,CASSQGMNTEAFF,,M. tuberculosis,1.0128760344192749
McPAS,CASSQGNEQFF,M1,Influenza,-1.7506119554480906
McPAS,CASSQGNNQPQHF,,M. tuberculosis,2.672903077193068
McPAS,CASSQGPGNTEAFF,,M. tuberculosis,-1.9430072436042936
McPAS,CASSQGPNYEQYF,ATP6AP1KLGG3W,Neoantigen,1.1714367535142411
McPAS,CASSQGPSTDTQYF,NP,Influenza,0.795052905475314
McPAS,CASSQGPSTGELFF,,M. tuberculosis,3.018298653863118
McPAS,CASSQGQANEKLFF,YFV17D,Yellow fever virus,1.3385303712531158
McPAS,CASSQGQAYEQYF,,Celiac disease,-0.5407025525386695
McPAS,CASSQGQGADTQYF,,M. tuberculosis,0.7812675322138976
McPAS,CASSQGQGAGTGELFF,,M. tuberculosis,-2.573648857288422
McPAS,CASSQGQGGNQPQHF,,M. tuberculosis,-0.3592420300638332
McPAS,CASSQGQGHEQYF,,M. tuberculosis,-1.388285061045718
McPAS,CASSQGQGNQPQHF,,M. tuberculosis,0.4691240997500252
McPAS,CASSQGQGVTDTQYF,,M. tuberculosis,-1.829545231524234
McPAS,CASSQGQGYEQYF,CMVMLN,Neoantigen,-0.4515091131628568
McPAS,CASSQGQGYYEQYF,M1,Influenza,-1.7600500823419414
McPAS,CASSQGQLNQPQHF,YFV17D,Yellow fever virus,1.1448444775767004
McPAS,CASSQGQLTDTQYF,MLANA,Cancer/Self antigen,4.063240377690842
McPAS,CASSQGRDGYTF,NP,Influenza,-2.3321415373552328
McPAS,CASSQGREQYF,PA,Influenza,-1.0342019170393222
McPAS,CASSQGRGDTEAFF,NP,Influenza,-1.002965764412723
McPAS,CASSQGRGRNTEAFF,NP,Influenza,-2.418894079650269
McPAS,CASSQGRGSYNEQFF,,M. tuberculosis,1.5689117209519865
McPAS,CASSQGRNTEAFF,,M. tuberculosis,0.5369538968207086
McPAS,CASSQGRQETQYF,M1,Influenza,2.157513476891105
McPAS,CASSQGRVTEAFF,,M. tuberculosis,-0.6541065016492771
McPAS,CASSQGSGANVLTF,GANAB,Neoantigen,1.2367594758382383
McPAS,CASSQGSGNEQFF,NP,Influenza,-2.34707929559434
McPAS,CASSQGSGQPQHF,,Allergy,-0.9307993715030528
McPAS,CASSQGSGQPQHF,MLANA,Cancer/Self antigen,-0.9307993715030528
McPAS,CASSQGSGSGNTIYF,Gag,HIV / Human immunodeficiency virus (HIV),-2.93894663982504
McPAS,CASSQGSGSYEQYF,NP,Influenza,-2.7772187222176625
McPAS,CASSQGSTNEKLFF,,M. tuberculosis,0.5519085505047648
McPAS,CASSQGSTNYGYTF,,T1D,1.096227330099103
McPAS,CASSQGSYGYTF,M1,Influenza,0.3566841855920545
McPAS,CASSQGSYGYTF,,T1D,0.3566841855920545
McPAS,CASSQGTGGADTQYF,,M. tuberculosis,-5.045310816736107
McPAS,CASSQGTGGYEQYF,,T1D,-0.8306681565705456
McPAS,CASSQGTGGYGYTF,NP,Influenza,1.4266142630566736
McPAS,CASSQGTGNTEAFF,NP,Influenza,-0.4638216957977492
McPAS,CASSQGTGRGYTF,,M. tuberculosis,1.681036458288803
McPAS,CASSQGTGRNSPLHF,,M. tuberculosis,1.2171563966886048
McPAS,CASSQGTSGNEQFF,YFV17D,Yellow fever virus,1.090718310304284
McPAS,CASSQGTSGSYEQYF,NP,Influenza,-1.808005011771648
McPAS,CASSQGTSGTDTQYF,SEC24AFLYP5L,Neoantigen,0.6115436852792997
McPAS,CASSQGVNQPQHF,NP,Influenza,0.5089404809404092
McPAS,CASSQGVNSPLHF,,M. tuberculosis,-1.0815819037966596
McPAS,CASSQGVNTGELFF,NP,Influenza,-0.9171009727878584
McPAS,CASSQGVNTGELFF,,Cancer/Self antigen,-0.9171009727878584
McPAS,CASSQGWGEKLFF,,M. tuberculosis,1.9015979730261807
McPAS,CASSQGYEQYF,PLXNB1VLF,Neoantigen,1.4401783000480468
McPAS,CASSQGYEQYF,,M. tuberculosis,1.4401783000480468
McPAS,CASSQLAGAYNEQFF,,Toxic epidermal necrolysis,0.7464900260934988
McPAS,CASSQLAGVYNEQFF,,Psoriatic arthritis,-0.6076358294491876
McPAS,CASSQLGGNTEAFF,NP,Influenza,1.8309990506459728
McPAS,CASSQLGNEQFF,YFV17D,Yellow fever virus,-0.7523285289211374
McPAS,CASSQLGNQPQHF,,Psoriatic Arthritis,1.24380875554597
McPAS,CASSQLNEQYF,,M. tuberculosis,1.8704466825874024
McPAS,CASSQLRDTQYF,,M. tuberculosis,2.853761592451574
McPAS,CASSQNYGYTF,,M. tuberculosis,0.7491194974206221
McPAS,CASSQPGNEQFF,,M. tuberculosis,-4.360678587029229
McPAS,CASSQPGQGNSPLHF,,M. tuberculosis,1.2571743098170387
McPAS,CASSQPGQGTYEQYF,,M. tuberculosis,-0.8412455280455702
McPAS,CASSQPNTGELFF,,M. tuberculosis,-1.3010640414901296
McPAS,CASSQQANTEAFF,,M. tuberculosis,1.971969265763324
McPAS,CASSQQGAGELFF,,M. tuberculosis,2.180040509929456
McPAS,CASSQQGAGETQYF,,M. tuberculosis,4.289442497245895
McPAS,CASSQQGANTGELFF,,M. tuberculosis,1.5526454665848868
McPAS,CASSQQGFGNTIYF,,M. tuberculosis,0.9419185231806622
McPAS,CASSQQGGDTEAFF,,M. tuberculosis,1.3216421606442612
McPAS,CASSQQGSEQYF,GNL3LR4C,Neoantigen,1.2276342815697276
McPAS,CASSQQGSNEKLFF,,M. tuberculosis,1.4009525820674225
McPAS,CASSQRASYEQYF,M1,Influenza,1.4773768639064082
McPAS,CASSQRDSQETQYF,Nef,HIV / Human immunodeficiency virus (HIV),-1.256879250950813
McPAS,CASSQRGAYEQYF,LTAG,Cancer/Self antigen,1.8221305918051072
McPAS,CASSQRGGNTGELFF,,M. tuberculosis,1.2343339958353865
McPAS,CASSQRGSGNTIYF,LTAG,Cancer/Self antigen,0.6706445883363462
McPAS,CASSQRGSSYNEQFF,,M. tuberculosis,1.5503940426024734
McPAS,CASSQRGSYEQYF,LTAG,Cancer/Self antigen,1.074938603129421
McPAS,CASSQRGTDTQYF,,M. tuberculosis,0.9820835172256152
McPAS,CASSQRGTEAFF,,M. tuberculosis,-0.9363677882583876
McPAS,CASSQRNEKLFF,,Psoriatic arthritis,1.2932720553171428
McPAS,CASSQRRGETQYF,,M. tuberculosis,-1.1549893611497342
McPAS,CASSQRSNYGYTF,,M. tuberculosis,1.2908139271334478
McPAS,CASSQRSQETQYF,M1,Influenza,4.02604986239539
McPAS,CASSQRSTDTQYF,M1,Influenza,-0.7290668571815668
McPAS,CASSQRTGNYGYTF,NP,Influenza,-1.4235936713365387
McPAS,CASSQRTGSSYEQYF,NP,Influenza,-3.1715002438270496
McPAS,CASSQSATNEKLFF,,M. tuberculosis,0.7743316523280737
McPAS,CASSQSGADTQYF,,M. tuberculosis,0.8339196603056745
McPAS,CASSQSGANVLTF,,HTLV-1,2.402594589246581
McPAS,CASSQSGGNTEAFF,,M. tuberculosis,1.9207514494017648
McPAS,CASSQSGTEAFF,NP,Influenza,-2.3979495571921703
McPAS,CASSQSGTSTDTQYF,NP,Influenza,-1.2992825939335877
McPAS,CASSQSNEQFF,,M. tuberculosis,-1.0954161178993125
McPAS,CASSQSPGGIQYF,NP,Influenza,3.309354958689178
McPAS,CASSQSPGGTQYF,,Psoriatic Arthritis,3.623220413639285
McPAS,CASSQSRGETQYF,,M. tuberculosis,0.8898098543125044
McPAS,CASSQSRGSGNTIYF,GENOMEPOLYPROTEIN,Hepatitis C virus (HCV),1.3858550765935802
McPAS,CASSQSRYEQYF,PMEL,Cancer/Self antigen,4.320939860306753
McPAS,CASSQSSEAFF,,M. tuberculosis,-2.019420587814956
McPAS,CASSQSSYNEQFF,,M. tuberculosis,0.7070579760732602
McPAS,CASSQTGAGQPQHF,NP,Influenza,2.6354585478498533
McPAS,CASSQTGGEKLFF,,M. tuberculosis,-1.5451959231080203
McPAS,CASSQTGGRNTEAFF,,M. tuberculosis,1.3924269203224515
McPAS,CASSQTGLNTEAFF,M1,Influenza,-0.4681018228271075
McPAS,CASSQTGNSYEQYF,,M. tuberculosis,-1.8298917977296485
McPAS,CASSQTGNTGELFF,,M. tuberculosis,1.1965035825720696
McPAS,CASSQTGSTDTQYF,M1,Influenza,0.4747638347868785
McPAS,CASSQTGSTDTQYF,,M. tuberculosis,0.4747638347868785
McPAS,CASSQTGTGAYEQYF,YFV17D,Yellow fever virus,1.9194900502589696
McPAS,CASSQTGVGQPQHF,MLANA,Cancer/Self antigen,-1.5168019822106165
McPAS,CASSQTGYSNQPQHF,NP,Influenza,-0.7813085495488711
McPAS,CASSQTGYTEAFF,,M. tuberculosis,-0.7588940715467907
McPAS,CASSQTLNTEAFF,NP,Influenza,0.4306741624663561
McPAS,CASSQTMNTEAFF,,M. tuberculosis,-0.7359768714324004
McPAS,CASSQTNEQFF,,M. tuberculosis,-0.8143162291701951
McPAS,CASSQTSGGAYNEQFF,,M. tuberculosis,-4.214032393799037
McPAS,CASSQTSGQETQYF,,Parkinson disease,2.1715990132337755
McPAS,CASSQTVMNTEAFF,pp65,Cytomegalovirus (CMV),-2.112044283533207
McPAS,CASSQTYEQYF,M1,Influenza,1.2043744606992992
McPAS,CASSQVAGANTGELFF,NP,Influenza,0.7884779627102781
McPAS,CASSQVDGYEQYF,,M. tuberculosis,0.8947213741442887
McPAS,CASSQVDTQYF,,M. tuberculosis,1.4071426444660644
McPAS,CASSQVEGYEQYF,GNL3LR4C,Neoantigen,-1.4989084229775524
McPAS,CASSQVEKLFF,,M. tuberculosis,2.1838038086257128
McPAS,CASSQVGGDEQFF,NP,Influenza,-3.1905154018407056
McPAS,CASSQVGSTEAFF,MLANA,Cancer/Self antigen,-2.840828099697745
McPAS,CASSQVGTGNTIYF,,M. tuberculosis,2.377856318971692
McPAS,CASSQVHEQFF,,M. tuberculosis,-1.4131942971165294
McPAS,CASSQVNSNQPQHF,IE1,Cytomegalovirus (CMV),1.913691714016968
McPAS,CASSQVPGSYEQYF,CHD8KLN,Neoantigen,-1.1541652018935609
McPAS,CASSQVPNQPQHF,,M. tuberculosis,-1.6659286324312663
McPAS,CASSQVQGAYEQYF,NP,Influenza,-2.974960865697363
McPAS,CASSQVQGTDTQYF,NP,Influenza,-0.8768921682323837
McPAS,CASSQVSGGSYEQYF,GNL3LR4C,Neoantigen,0.8798922473905763
McPAS,CASSQVSGNTGELFF,,M. tuberculosis,-1.111452725855941
McPAS,CASSQVSSTDTQYF,,M. tuberculosis,-3.549557644651564
McPAS,CASSQVTGYEQYF,GNL3LR4C,Neoantigen,-2.494467327213992
McPAS,CASSQVTNEKLFF,,Psoriatic arthritis,2.3975790801836063
McPAS,CASSQVTSTDTQYF,pp65,Cytomegalovirus (CMV),-1.919377120721864
McPAS,CASSQVVGNQPQHF,,M. tuberculosis,-4.306303260469704
McPAS,CASSQWGETQYF,,M. tuberculosis,1.5159940106332763
McPAS,CASSQYNEQFF,,M. tuberculosis,0.9238193045590504
McPAS,CASSRAENTEAFF,,M. tuberculosis,-0.8954959937293768
McPAS,CASSRAGGSYNEQFF,,M. tuberculosis,1.0084747957226583
McPAS,CASSRAGNYEQYF,,M. tuberculosis,-1.9986198068441383
McPAS,CASSRAYQETQYF,,M. tuberculosis,-0.8193497451874594
McPAS,CASSRDGGNQPQHF,,M. tuberculosis,1.920967944836574
McPAS,CASSRDLSSGNTIYF,,M. tuberculosis,2.2466397334501185
McPAS,CASSRDNTDTQYF,,M. tuberculosis,-0.8064462033228859
McPAS,CASSRDPGTEAFF,,M. tuberculosis,-1.2167067306878758
McPAS,CASSRDRASGNTIYF,GAD2,T1D,-0.6240914920596785
McPAS,CASSRDREDTQYF,,T1D,4.474357015431725
McPAS,CASSRDRGAGNTIYF,,M. tuberculosis,1.8864425029024323
McPAS,CASSRDRGGSYEQYF,,T1D,-1.927171325505868
McPAS,CASSRDRGHYGYTF,,M. tuberculosis,-1.7049251753927632
McPAS,CASSRDRGLYEQYF,NP,Influenza,0.998596008295862
McPAS,CASSRDRGNYGYTF,,Rheumatoid Arthritis (RA),1.43054413489993
McPAS,CASSRDRGTDTQYF,,M. tuberculosis,2.015737357206816
McPAS,CASSRDRGYGYTF,,M. tuberculosis,0.3250417262025156
McPAS,CASSRDRLNTEAFF,GAD2,T1D,0.3537760975478624
McPAS,CASSRDRNEQFF,,M. tuberculosis,-0.9664981257799004
McPAS,CASSRDRSSYEQYF,,M. tuberculosis,1.6386756947641417
McPAS,CASSRDRSYEQYF,NP,Influenza,0.6579266088303155
McPAS,CASSRDSATNEKLFF,,M. tuberculosis,1.367046394708498
McPAS,CASSRDSGANVLTF,,M. tuberculosis,0.6532715447293799
McPAS,CASSRDSNQPQHF,,Psoriatic arthritis,1.5669932890033742
McPAS,CASSRDSNQPQHF,,Narcolepsy,1.5669932890033742
McPAS,CASSRDSSSYNEQFF,,M. tuberculosis,1.0175550026103894
McPAS,CASSRDSSYEQYF,,Colorectal cancer,1.0084743712285584
McPAS,CASSRDSSYEQYF,INS,T1D,1.0084743712285584
McPAS,CASSRDSTGELFF,NP,Influenza,1.4888385870164718
McPAS,CASSRDSVNTEAFF,,M. tuberculosis,1.3002464582332085
McPAS,CASSRDTQYF,HPV_E6_E7,Cancer/Self antigen,-0.9244544750317952
McPAS,CASSREAGANVLTF,,M. tuberculosis,1.9936554398218624
McPAS,CASSREGGNTEAFF,NP,Influenza,2.0898637574614454
McPAS,CASSRESNQPQHF,,M. tuberculosis,1.4584929786432856
McPAS,CASSRETYNEQFF,GAD2,T1D,-1.573525507699137
McPAS,CASSREYGYTF,,M. tuberculosis,0.8057573927793191
McPAS,CASSRGAGETQYF,,M. tuberculosis,2.401273312050848
McPAS,CASSRGEAGELFF,,M. tuberculosis,-2.6757520208689933
McPAS,CASSRGETQYF,NP,Influenza,0.8929499989991728
McPAS,CASSRGFEQYF,,M. tuberculosis,2.085810281368614
McPAS,CASSRGGEETQYF,,M. tuberculosis,-0.7970891393309262
McPAS,CASSRGGETQYF,,M. tuberculosis,0.6419163260920677
McPAS,CASSRGGGNQPQHF,,M. tuberculosis,0.5400770474103691
McPAS,CASSRGGGNTGELFF,,T1D,3.0383910026239667
McPAS,CASSRGGGTEAFF,NSDHLA9V,Neoantigen,-0.7697102359277337
McPAS,CASSRGGHEQYF,GNL3LR4C,Neoantigen,-2.2417750184161287
McPAS,CASSRGGLTDTQYF,ITIH6RLG,Neoantigen,-1.1250088306844388
McPAS,CASSRGGNEQFF,,M. tuberculosis,-0.3546238664562566
McPAS,CASSRGGQPQHF,,M. tuberculosis,-0.4439840253204181
McPAS,CASSRGGTETQYF,,M. tuberculosis,2.9948378672921283
McPAS,CASSRGGWETQYF,,Allergy,-1.2082230913278926
McPAS,CASSRGGWETQYF,,M. tuberculosis,-1.2082230913278926
McPAS,CASSRGLAANTGELFF,M1,Influenza,2.246610800761291
McPAS,CASSRGLAGDEQYF,,M. tuberculosis,-2.4486338856493166
McPAS,CASSRGLAGGNEQFF,,Cancer/Self antigen,0.6913323747852024
McPAS,CASSRGLAGGTGELFF,,M. tuberculosis,2.9280878235604684
McPAS,CASSRGLGETQYF,,Psoriatic arthritis,2.457653042238376
McPAS,CASSRGLGSYEQYF,,T1D,-3.622699631734093
McPAS,CASSRGLNTEAFF,,M. tuberculosis,0.6476238405460599
McPAS,CASSRGLQETQYF,OR2T1FLNF5L,Neoantigen,2.4557545286182187
McPAS,CASSRGNQPQHF,,Alzheimer's disease,0.7214577706772195
McPAS,CASSRGNTIYF,VIF407,HIV / Human immunodeficiency virus (HIV),-0.3397001084413368
McPAS,CASSRGPNQPQHF,,M. tuberculosis,-0.4264408237211161
McPAS,CASSRGPSSYEQYF,NP,Influenza,1.1787189449671662
McPAS,CASSRGPSTDTQYF,,M. tuberculosis,0.6836834566520088
McPAS,CASSRGPYEQYF,,Carcinoma,0.5591719633010441
McPAS,CASSRGQGEQYF,BZLF1,EBV,-0.9893424671840068
McPAS,CASSRGQGGNTEAFF,,M. tuberculosis,1.3765494147058224
McPAS,CASSRGQGVTGELFF,,M. tuberculosis,4.877081236048019
McPAS,CASSRGQLYEQYF,M1,Influenza,-0.920716416996469
McPAS,CASSRGQYNSPLHF,NP,Influenza,1.5008403247995488
McPAS,CASSRGREQYF,PA,Influenza,-0.9570518664207588
McPAS,CASSRGRGSYNEQFF,,pollen allergen,2.2203387475901226
McPAS,CASSRGRNYEQYF,,M. tuberculosis,1.2775833334514657
McPAS,CASSRGSLNTEAFF,,M. tuberculosis,-0.7933263165195017
McPAS,CASSRGTGANYGYTF,,M. tuberculosis,0.8163115424781845
McPAS,CASSRGTGDNSPLHF,NP,Influenza,-2.438579750464865
McPAS,CASSRGTGNYGYTF,,M. tuberculosis,-0.7251429023340181
McPAS,CASSRGTSGTGELFF,,M. tuberculosis,4.704953187777862
McPAS,CASSRGTVNTEAFF,,M. tuberculosis,-0.8875331150451714
McPAS,CASSRGYTGELFF,NP,Influenza,2.694560124486242
McPAS,CASSRISGANVLTF,,M. tuberculosis,1.5013444600341272
McPAS,CASSRLAGVTDTQYF,,M. tuberculosis,-1.2347350374466766
McPAS,CASSRLGGTDTQYF,,M. tuberculosis,-0.930710823196126
McPAS,CASSRLGTEAFF,,M. tuberculosis,0.93772951273603
McPAS,CASSRLVNEQFF,,M. tuberculosis,2.352247645666369
McPAS,CASSRLYNEQFF,NP,Influenza,-1.1110578360666112
McPAS,CASSRQATNEKLFF,,M. tuberculosis,0.8077573399874144
McPAS,CASSRQDQPQHF,,M. tuberculosis,-1.530821277126884
McPAS,CASSRQDYNEQFF,NP,Influenza,4.687916422168602
McPAS,CASSRQEETQYF,,M. tuberculosis,2.278156256175605
McPAS,CASSRQETQYF,,M. tuberculosis,1.2546327643251378
McPAS,CASSRQGAADTQYF,,M. tuberculosis,4.852595751738987
McPAS,CASSRQGADEQFF,GAD2,T1D,3.546244973911535
McPAS,CASSRQGADEQYF,,M. tuberculosis,1.3363094470551538
McPAS,CASSRQGAGEKLFF,,M. tuberculosis,1.9125271927461247
McPAS,CASSRQGDYGYTF,,M. tuberculosis,1.109219764363036
McPAS,CASSRQGGDTEAFF,,M. tuberculosis,2.220301141086164
McPAS,CASSRQGGNTGELFF,,Narcolepsy,3.5167284633304696
McPAS,CASSRQGGNYGYTF,LMP2,EBV,2.1136646253006752
McPAS,CASSRQGGQPQHF,,M. tuberculosis,0.5413445903550743
McPAS,CASSRQGGSYGYTF,LMP2,EBV,-1.654849414830354
McPAS,CASSRQGGYGYTF,YFV17D,Yellow fever virus,0.9330676510590202
McPAS,CASSRQGHQPQHF,,M. tuberculosis,1.1713100611143883
McPAS,CASSRQGPNEKLFF,,M. tuberculosis,2.4206764554015257
McPAS,CASSRQGSTDTQYF,,M. tuberculosis,1.896196104126704
McPAS,CASSRQGSTYEQYF,,M. tuberculosis,1.456687790252997
McPAS,CASSRQSNQPQHF,,M. tuberculosis,0.7772390496416878
McPAS,CASSRQTEAFF,M1,Influenza,-0.6457538355764
McPAS,CASSRRDSNTEAFF,YFV17D,Yellow fever virus,-2.693604128022702
McPAS,CASSRRGSGANVLTF,LTAG,Cancer/Self antigen,2.031425496700132
McPAS,CASSRRGSTDTQYF,,M. tuberculosis,0.68424860434174
McPAS,CASSRRPYEQYF,,Lymphoma,-1.810745360372875
McPAS,CASSRRSTDTQYF,M1,Influenza,1.3591789099363747
McPAS,CASSRRSTGELFF,M1,Influenza,-1.147726408539152
McPAS,CASSRRTGGTEAFF,EPHA2,Cancer/Self antigen,0.5799131281141335
McPAS,CASSRRTGNTGELFF,,M. tuberculosis,1.581031357882349
McPAS,CASSRRYSNQPQHF,,M. tuberculosis,-2.4905812723033907
McPAS,CASSRSATNEKLFF,,M. tuberculosis,1.0997178200504822
McPAS,CASSRSGGSYNEQFF,,M. tuberculosis,1.7779189537721765
McPAS,CASSRSGGTDTQYF,,M. tuberculosis,2.142666959649833
McPAS,CASSRSGNYGYTF,YFV17D,Yellow fever virus,-1.264495174345894
McPAS,CASSRSGSTDTQYF,,M. tuberculosis,1.078968150333134
McPAS,CASSRSNQPQHF,,M. tuberculosis,0.424045641769963
McPAS,CASSRSRGTEAFF,,M. tuberculosis,2.326163589158244
McPAS,CASSRSSYEQYF,,T1D,0.934470143070131
McPAS,CASSRSSYEQYF,,M. tuberculosis,0.934470143070131
McPAS,CASSRSYEQYF,,M. tuberculosis,1.1862703928032392
McPAS,CASSRTATNEKLFF,,M. tuberculosis,1.097805130941381
McPAS,CASSRTENTEAFF,,M. tuberculosis,0.3308973399126181
McPAS,CASSRTESSYEQYF,,M. tuberculosis,-3.405696975354548
McPAS,CASSRTGAGETQYF,NP,Influenza,3.3317864784208377
McPAS,CASSRTGEKLFF,,M. tuberculosis,-0.3006322332289197
McPAS,CASSRTGGADTQYF,,M. tuberculosis,1.859793825002096
McPAS,CASSRTGGAGELFF,,M. tuberculosis,-1.6043443089911045
McPAS,CASSRTGGIYEQYF,,Toxic epidermal necrolysis,0.957754371987726
McPAS,CASSRTGGNTGELFF,,M. tuberculosis,0.9592074093786616
McPAS,CASSRTGGNYGYTF,,M. tuberculosis,1.4699496809402253
McPAS,CASSRTGGQPQHF,,M. tuberculosis,-0.8504819905402257
McPAS,CASSRTGGSNQPQHF,,M. tuberculosis,0.5680601961267284
McPAS,CASSRTGGSYEQYF,,Cancer/Self antigen,1.3012623889070194
McPAS,CASSRTGGTDTQYF,,M. tuberculosis,1.113308863950392
McPAS,CASSRTGGYEQYF,,M. tuberculosis,0.6871879662463297
McPAS,CASSRTGSGEKLFF,,M. tuberculosis,2.960329154366216
McPAS,CASSRTGSNEQFF,,M. tuberculosis,1.3242052733538698
McPAS,CASSRTGTYEQYF,M1,Influenza,0.9748423215271176
McPAS,CASSRTGVGNQPQHF,,M. tuberculosis,1.7619578860463283
McPAS,CASSRTGYYGYTF,,Toxic epidermal necrolysis,-2.882345345649806
McPAS,CASSRTLNTEAFF,NP,Influenza,0.6397466296377188
McPAS,CASSRTMNTEAFF,,M. tuberculosis,-0.4590474802741358
McPAS,CASSRTNEKLFF,,pollen allergen,0.8458752352147304
McPAS,CASSRTSDTQYF,M1,Influenza,0.9269590701218124
McPAS,CASSRTSGDNEQFF,,M. tuberculosis,0.7615180718519791
McPAS,CASSRTSGGSNEQFF,,M. tuberculosis,-1.244084624436617
McPAS,CASSRTSGNTDTQYF,,M. tuberculosis,0.893992951927
McPAS,CASSRTSGTDTQYF,,M. tuberculosis,0.7627851818282816
McPAS,CASSRTSSGNTIYF,,M. tuberculosis,0.8216953855894652
McPAS,CASSRTTTNEKLFF,,M. tuberculosis,2.3872637703892368
McPAS,CASSRTVDYGYTF,,Psoriatic Arthritis,-1.4218768931921018
McPAS,CASSRTVYEQYF,NP,Influenza,-1.3762843732840735
McPAS,CASSRVGYGYTF,,M. tuberculosis,0.7985614772074797
McPAS,CASSSAGGRTDTQYF,NP,Influenza,1.684761301455198
McPAS,CASSSAGGRTGELFF,NP,Influenza,1.3253657164234618
McPAS,CASSSAGRETQYF,,M. tuberculosis,2.9340345091983755
McPAS,CASSSAGSSYEQYF,,Narcolepsy,-2.1919453857878906
McPAS,CASSSAGTEAFF,COL18A1,Neoantigen,-1.1169165789494628
McPAS,CASSSANYGYTF,pp65,Cytomegalovirus (CMV),1.220657865563382
McPAS,CASSSANYGYTF,M1,Influenza,1.220657865563382
McPAS,CASSSAYYGYTF,pp65,Cytomegalovirus (CMV),2.0032867793764697
McPAS,CASSSDGFYGYTF,,M. tuberculosis,-1.27677008320336
McPAS,CASSSDGMNTEAFF,LMP2,EBV,0.5923485430824585
McPAS,CASSSDGTDTQYF,,M. tuberculosis,0.7828716618959226
McPAS,CASSSDGTYEQYF,,M. tuberculosis,-2.1674867168988285
McPAS,CASSSDINYGYTF,SEC24A,Neoantigen,1.294661759892612
McPAS,CASSSDLSSYNEQFF,UL29/28,Cytomegalovirus (CMV),-1.4247576684186427
McPAS,CASSSDPSSYNEQFF,,M. tuberculosis,-1.312746418025481
McPAS,CASSSDPYNEQFF,,M. tuberculosis,-2.37322884288679
McPAS,CASSSDRDQPQHF,,Alzheimer's disease,1.0532586503202923
McPAS,CASSSDREETQYF,,M. tuberculosis,-0.6445153121980144
McPAS,CASSSDRGAFF,,M. tuberculosis,-1.695030147113675
McPAS,CASSSDRGEQFF,HTR1F10,Neoantigen,-1.4234534673521653
McPAS,CASSSDRGGYNEQFF,M1,Influenza,2.0141157355316506
McPAS,CASSSDRNYGYTF,DQ2AII,Celiac disease,0.969679033884984
McPAS,CASSSDRQETQYF,NP,Influenza,2.259286487436024
McPAS,CASSSDSQETQYF,TRPV4FMIA6T,Neoantigen,0.9569505043138048
McPAS,CASSSDSYEQYF,NP,Influenza,0.3234777531820027
McPAS,CASSSDSYEQYF,,T1D,0.3234777531820027
McPAS,CASSSDSYNEQFF,NP,Influenza,0.5722553541808024
McPAS,CASSSDTNYGYTF,,M. tuberculosis,-1.4036192919122286
McPAS,CASSSELNTEAFF,NP,Influenza,0.4769009551883556
McPAS,CASSSFGTDTQYF,M1,Influenza,1.810014518682875
McPAS,CASSSGAAYEQYF,YFV17D,Yellow fever virus,2.1030052072335086
McPAS,CASSSGAGANVLTF,,M. tuberculosis,0.7029282206992196
McPAS,CASSSGANVLTF,,M. tuberculosis,0.6734426687428315
McPAS,CASSSGFSGNTIYF,pp65,Cytomegalovirus (CMV),0.560010944385055
McPAS,CASSSGGEQYF,PA,Influenza,-0.3691130342457874
McPAS,CASSSGGGDTQYF,PB1,Influenza,0.7148818715810986
McPAS,CASSSGGGLNTEAFF,,M. tuberculosis,-1.194618883182732
McPAS,CASSSGGGNQPQHF,,M. tuberculosis,1.2519588626648055
McPAS,CASSSGGGQPQHF,HCVKLV(PE),Hepatitis C virus (HCV),0.6645992361827793
McPAS,CASSSGGRTYEQYF,,M. tuberculosis,-2.3907190671120704
McPAS,CASSSGLAGVYEQYF,,M. tuberculosis,-0.8075212671202108
McPAS,CASSSGLAYNEQFF,,M. tuberculosis,1.753796102679321
McPAS,CASSSGLNSYEQYF,,M. tuberculosis,-1.9378398664342853
McPAS,CASSSGLNTEAFF,,M. tuberculosis,0.2405975015741927
McPAS,CASSSGLTGELFF,,M. tuberculosis,1.053632494827223
McPAS,CASSSGNTGELFF,,M. tuberculosis,-0.4570918390587668
McPAS,CASSSGPADTQYF,,Melanoma,1.586964212306936
McPAS,CASSSGPAYEQYF,YFV17D,Yellow fever virus,-1.3651741282407095
McPAS,CASSSGPSTDTQYF,,M. tuberculosis,1.2012051402926889
McPAS,CASSSGQDNSPLHF,,M. tuberculosis,1.4739140884394502
McPAS,CASSSGQGGTQYF,,M. tuberculosis,3.395367754869765
McPAS,CASSSGQGIYEQYF,,M. tuberculosis,-0.8346054469314118
McPAS,CASSSGQGSQPQHF,,M. tuberculosis,1.1119802672207435
McPAS,CASSSGQGSYNEQFF,,M. tuberculosis,1.4201825587829773
McPAS,CASSSGQGWNTEAFF,,M. tuberculosis,2.3924105973923764
McPAS,CASSSGQGYEQYF,NP,Influenza,0.8673412317428456
McPAS,CASSSGQHNSPLHF,IE1,Cytomegalovirus (CMV),4.235971557496095
McPAS,CASSSGQINEKLFF,,M. tuberculosis,1.7721830143657034
McPAS,CASSSGQLYGYTF,,M. tuberculosis,0.6990017913179948
McPAS,CASSSGQNYGYTF,NP,Influenza,1.2757068256010664
McPAS,CASSSGQPNTEAFF,IE1,Cytomegalovirus (CMV),1.6737866435956363
McPAS,CASSSGQRNSPLHF,IE1,Cytomegalovirus (CMV),1.29253378458144
McPAS,CASSSGQSYEQYF,NP,Influenza,0.2928583009521052
McPAS,CASSSGQTNTGELFF,,M. tuberculosis,1.085459748546313
McPAS,CASSSGREETQYF,,M. tuberculosis,-1.92070656442748
McPAS,CASSSGRGDTQYF,PB1,Influenza,3.166424633689782
McPAS,CASSSGRGGTEAFF,pp65,Cytomegalovirus (CMV),-2.0769989240097817
McPAS,CASSSGRGNTIYF,,Rheumatoid Arthritis (RA),-0.8749020879650686
McPAS,CASSSGRNTEAFF,pp65,Cytomegalovirus (CMV),0.2453258836552191
McPAS,CASSSGRVYEQYF,NP,Influenza,-2.366415701862501
McPAS,CASSSGSFYEQYF,M1,Influenza,1.89530497597715
McPAS,CASSSGSSYNEQFF,M1,Influenza,-0.7470069554599098
McPAS,CASSSGSYEQYF,NP,Influenza,0.1776029161401757
McPAS,CASSSGSYGYTF,M1,Influenza,-0.3197065932292634
McPAS,CASSSGTANEKLFF,,M. tuberculosis,0.5535734268407282
McPAS,CASSSGTASYEQYF,,T1D,-1.213403257328046
McPAS,CASSSGTENEKLFF,,M. tuberculosis,-0.9379962601107692
McPAS,CASSSGTENTGELFF,,M. tuberculosis,-2.223670802016232
McPAS,CASSSGTFYGYTF,pp50,Cytomegalovirus (CMV),-2.669374164100584
McPAS,CASSSGTFYGYTF,NP,Influenza,-2.669374164100584
McPAS,CASSSGTGAYEQYF,FLNAHIA,Neoantigen,-0.5728789908597349
McPAS,CASSSGTGAYEQYF,,M. tuberculosis,-0.5728789908597349
McPAS,CASSSGTGDEKLFF,,M. tuberculosis,1.7100761714369426
McPAS,CASSSGTGDTDTQYF,,T1D,-4.0275450147749385
McPAS,CASSSGTGDTDTQYF,,M. tuberculosis,-4.0275450147749385
McPAS,CASSSGTGELFF,,M. tuberculosis,-1.1612586923049617
McPAS,CASSSGTGLTEAFF,,M. tuberculosis,0.7288741918869887
McPAS,CASSSGTGNNEQFF,,M. tuberculosis,1.949489283087028
McPAS,CASSSGTGNTGELFF,,M. tuberculosis,2.637280194976148
McPAS,CASSSGTGSYEQYF,,M. tuberculosis,0.4823594699580273
McPAS,CASSSGTGYEQYF,GAD2,T1D,-0.6115382974552527
McPAS,CASSSGTNNEQFF,NP,Influenza,-1.0372821144250928
McPAS,CASSSGTPNEQFF,,M. tuberculosis,-4.433762276066323
McPAS,CASSSGTRSTDTQYF,,M. tuberculosis,0.8978246735310766
McPAS,CASSSGTSGETQYF,NP,Influenza,0.6842487794530379
McPAS,CASSSGTSGSSYEQYF,NP,Influenza,-1.986746709514864
McPAS,CASSSGTSGYNEQFF,,M. tuberculosis,0.3347623867377728
McPAS,CASSSGTSSGNTIYF,,M. tuberculosis,1.00970332395935
McPAS,CASSSGTSSYEQYF,,M. tuberculosis,-1.9124144321419467
McPAS,CASSSGTTYEQYF,,Allergy,-1.15222593026457
McPAS,CASSSGTVNSPLHF,,M. tuberculosis,2.9372124654893828
McPAS,CASSSGTVSYEQYF,YFV17D,Yellow fever virus,-0.4212425342069238
McPAS,CASSSGTVSYEQYF,NP,Influenza,-0.4212425342069238
McPAS,CASSSGVSGANVLTF,GENOMEPOLYPROTEIN,Hepatitis C virus (HCV),-2.3887016432966224
McPAS,CASSSGWEQYF,,M. tuberculosis,-2.0183209653178955
McPAS,CASSSGYGYTF,NP,Influenza,0.9413559547529056
McPAS,CASSSGYNEQFF,COL18A1VLLS8F,Neoantigen,0.5066449384087114
McPAS,CASSSGYNEQFF,,M. tuberculosis,0.5066449384087114
McPAS,CASSSIYEQYF,,M. tuberculosis,0.7406778694820578
McPAS,CASSSLAGELFF,pp65,Cytomegalovirus (CMV),-1.052941928706372
McPAS,CASSSLAGSYNEQFF,,M. tuberculosis,-0.8211350990700395
McPAS,CASSSLAGYEQYF,,M. tuberculosis,1.652875743474509
McPAS,CASSSLDRGYGYTF,,M. tuberculosis,-1.857216540237564
McPAS,CASSSLGEQFF,GANABS5F,Neoantigen,-1.1666423247994544
McPAS,CASSSLGGNTEAFF,,M. tuberculosis,-0.6175905823373801
McPAS,CASSSLGGQETQYF,,Allergy,2.3858368574657534
McPAS,CASSSLGGYEQYF,OR14C36FMLV6L,Neoantigen,0.8771667175799657
McPAS,CASSSLGTEAFF,pp50,Cytomegalovirus (CMV),-1.5553488812745169
McPAS,CASSSLGTEAFF,NP,Influenza,-1.5553488812745169
McPAS,CASSSLNSNQPQHF,UL29/28,Cytomegalovirus (CMV),-2.8498730020837995
McPAS,CASSSLTGYGYTF,,M. tuberculosis,-1.4509344524173304
McPAS,CASSSNEKLFF,,M. tuberculosis,-0.2685335885159017
McPAS,CASSSNQPQHF,,M. tuberculosis,0.4778312834094788
McPAS,CASSSNRGGETQYF,,M. tuberculosis,2.4940019149717445
McPAS,CASSSNRGKETQYF,pp65,Cytomegalovirus (CMV),2.684200628137837
McPAS,CASSSNSYNEQFF,,M. tuberculosis,0.8343466704947811
McPAS,CASSSPDSNQPQHF,,M. tuberculosis,1.4441346808927076
McPAS,CASSSPDTQYF,PA,Influenza,0.652709435007983
McPAS,CASSSPGEQYF,PA,Influenza,-0.3904989303525173
McPAS,CASSSPGGETQYF,MLANA,Cancer/Self antigen,0.5248899117109336
McPAS,CASSSPGQAYNEQFF,,Parkinson disease,1.4925338148181604
McPAS,CASSSPGQGNYEQYF,TAX,HTLV-1,-2.018249657424811
McPAS,CASSSPGQGYGYTF,Nef,HIV / Human immunodeficiency virus (HIV),-0.8834985637276278
McPAS,CASSSPGQGYYEQYF,INTS1VLLL3F,Neoantigen,2.4358940061544936
McPAS,CASSSPGSNYGYTF,GAD2,T1D,-1.5143329678764617
McPAS,CASSSPGTDTQYF,,M. tuberculosis,2.453993541294349
McPAS,CASSSPGTGIYEQYF,,M. tuberculosis,1.5466551190064357
McPAS,CASSSPLAGGTDTQYF,,M. tuberculosis,1.9116128794256184
McPAS,CASSSPSGYEQYF,C17ORF75ALSV7A,Neoantigen,-1.6329821475058623
McPAS,CASSSPSYEQYF,,Narcolepsy,-0.931332875443812
McPAS,CASSSPTGLNTEAFF,,M. tuberculosis,1.8507726934895377
McPAS,CASSSQETQYF,,Colorectal cancer,1.782008365407524
McPAS,CASSSQGATDTQYF,,M. tuberculosis,2.0276468544901047
McPAS,CASSSQGAYGYTF,YFV17D,Yellow fever virus,2.04174102827566
McPAS,CASSSQGDYGYTF,INS,T1D,1.435655504693332
McPAS,CASSSQGGGQPQHF,,M. tuberculosis,0.7166231957656806
McPAS,CASSSQGGNYGYTF,LMP2,EBV,1.5639536587931642
McPAS,CASSSQGGNYGYTF,LMP1,EBV,1.5639536587931642
McPAS,CASSSQGGSYGYTF,LMP2,EBV,1.0472312966875723
McPAS,CASSSQGGTDTQYF,,M. tuberculosis,2.712638860533013
McPAS,CASSSQGLEQYF,,M. tuberculosis,2.27760004088346
McPAS,CASSSQGNQPQHF,IE1,Cytomegalovirus (CMV),0.4968275536512381
McPAS,CASSSQGPGELFF,,M. tuberculosis,1.114764645564295
McPAS,CASSSQGSSYNSPLHF,INS,T1D,-1.496701447590036
McPAS,CASSSQQNQPQHF,INS,T1D,3.4072975021136287
McPAS,CASSSQRYNEQFF,,M. tuberculosis,2.265620570437575
McPAS,CASSSQSNQPQHF,M1,Influenza,0.6786783074466909
McPAS,CASSSQYSNQPQHF,,Rheumatoid Arthritis (RA),1.0048679385333874
McPAS,CASSSRASYEQYF,M1,Influenza,-2.3103931919049097
McPAS,CASSSRATGELFF,M1,Influenza,0.4950056062236688
McPAS,CASSSRATYEQYF,,M. tuberculosis,1.5160986557739236
McPAS,CASSSRDRGTDTQYF,,M. tuberculosis,0.4487351354761376
McPAS,CASSSRDRGYEQYF,,Toxic epidermal necrolysis,-0.6153419594025115
McPAS,CASSSRDSYEQYF,,M. tuberculosis,-2.3689206697977423
McPAS,CASSSRGAYEQYF,,M. tuberculosis,-2.5550303870212128
McPAS,CASSSRGGELFF,,M. tuberculosis,-1.0578943987346658
McPAS,CASSSRGGTDTQYF,,M. tuberculosis,0.5406864672871791
McPAS,CASSSRGGTEAFF,,M. tuberculosis,0.2949314741857891
McPAS,CASSSRGLAKNIQYF,,M. tuberculosis,-1.433397096374128
McPAS,CASSSRGTGELFF,,M. tuberculosis,0.4075932615382501
McPAS,CASSSRLAGGTDTQYF,,Allergy,0.8021545123546608
McPAS,CASSSRLAGYNEQFF,NP,Influenza,1.134438058001512
McPAS,CASSSRLEQYF,,M. tuberculosis,1.1408764415734716
McPAS,CASSSRNTGELFF,NP,Influenza,0.930381356108349
McPAS,CASSSRPGELFF,M1,Influenza,0.6619541391409184
McPAS,CASSSRQETQYF,,Rheumatoid Arthritis (RA),0.9328357144879608
McPAS,CASSSRQGANTGELFF,,M. tuberculosis,1.6810183033925363
McPAS,CASSSRQGGTDTQYF,,M. tuberculosis,1.0136475071035624
McPAS,CASSSRQGNQPQHF,,M. tuberculosis,-0.4633680317632405
McPAS,CASSSRSAYEQYF,M1,Influenza,-4.5919747130302255
McPAS,CASSSRSGETQYF,M1,Influenza,1.0495348238524618
McPAS,CASSSRSGYEQYF,M1,Influenza,-2.629594933268359
McPAS,CASSSRSQETQYF,,M. tuberculosis,-1.6492228297500144
McPAS,CASSSRSSYEQYF,MLANA,Cancer/Self antigen,0.4729727217442187
McPAS,CASSSRSSYEQYF,M1,Influenza,0.4729727217442187
McPAS,CASSSRSTDTQYF,M1,Influenza,-0.3250753375320427
McPAS,CASSSRSTGELFF,M1,Influenza,-3.5520637565389364
McPAS,CASSSRTDNSPLHF,,M. tuberculosis,2.746638803899493
McPAS,CASSSRTGDTQYF,YFV17D,Yellow fever virus,2.9416039630735606
McPAS,CASSSRTGGEQYF,M1,Influenza,-1.0848836081094224
McPAS,CASSSRVQETQYF,,M. tuberculosis,-2.439784736963136
McPAS,CASSSRVSTDTQYF,NP,Influenza,3.254175145766701
McPAS,CASSSRYEQYF,CIRCUMSPOROZOITEPROTEIN,Plasmodium berghei,0.8544419553911116
McPAS,CASSSRYEQYF,,M. tuberculosis,0.8544419553911116
McPAS,CASSSSGANVLTF,,M. tuberculosis,1.1813922898958542
McPAS,CASSSSGDYEQYF,,Clear cell renal carcinoma,-2.546212319844977
McPAS,CASSSSGGAGDTQYF,Gag,HIV / Human immunodeficiency virus (HIV),1.834640103033815
McPAS,CASSSSGGASDTQYF,,M. tuberculosis,-2.738159200423671
McPAS,CASSSSGGNTDTQYF,,M. tuberculosis,-1.1016629430863545
McPAS,CASSSSGGSTDTQYF,,M. tuberculosis,0.842698065149076
McPAS,CASSSSGGVNTEAFF,,M. tuberculosis,2.749938920297021
McPAS,CASSSSGRAGELFF,,M. tuberculosis,2.8675661968928017
McPAS,CASSSSGRDTQYF,NP,Influenza,1.055353852944943
McPAS,CASSSSGRYNEQFF,,M. tuberculosis,1.0616162766668549
McPAS,CASSSSGSSYEQYF,,M. tuberculosis,-0.6974476478987458
McPAS,CASSSSGSSYNEQFF,GAD2,T1D,0.7946442755946157
McPAS,CASSSSGTAYGYTF,YFV17D,Yellow fever virus,-1.251190255772821
McPAS,CASSSSGTGAYEQYF,M1,Influenza,0.7682815885270824
McPAS,CASSSSGTPNTEAFF,,M. tuberculosis,1.66945217854081
McPAS,CASSSSGTSGYEQYF,NP,Influenza,-3.9624945696413794
McPAS,CASSSSGYNEQFF,NP,Influenza,-0.8786350639667229
McPAS,CASSSSHEQFF,,Parkinson disease,2.0807906725503096
McPAS,CASSSSNNEQFF,NP,Influenza,-2.496357761888717
McPAS,CASSSSNQPQHF,M1,Influenza,0.8376436466114671
McPAS,CASSSSPQETQYF,INS,T1D,2.6571891192981703
McPAS,CASSSSSDTQYF,,M. tuberculosis,1.8702784264729424
McPAS,CASSSSSGTYNEQFF,,M. tuberculosis,1.2959555237772409
McPAS,CASSSSSSGNTIYF,,M. tuberculosis,1.2694981718132694
McPAS,CASSSSTDTQYF,,T1D,1.5894656302133905
McPAS,CASSSSTDTQYF,FLAGELLIN,Inflammatory bowel disease (IBD) ,1.5894656302133905
McPAS,CASSSSYEQYF,NP,Influenza,1.835978953642818
McPAS,CASSSTAYEQYF,NP,Influenza,-1.0444668167089153
McPAS,CASSSTDQPQHF,,M. tuberculosis,1.0123321745544018
McPAS,CASSSTDSNQPQHF,,M. tuberculosis,-0.666009383533288
McPAS,CASSSTDTQYF,FLAGELLIN,Inflammatory bowel disease (IBD) ,1.675110083706785
McPAS,CASSSTGELFF,,Celiac disease,-0.3378161929475182
McPAS,CASSSTGELFF,pp65,Cytomegalovirus (CMV),-0.3378161929475182
McPAS,CASSSTGETQYF,pp65,Cytomegalovirus (CMV),1.0429608680432514
McPAS,CASSSTGFEQYF,NP,Influenza,0.982821350123988
McPAS,CASSSTGGDYEQYF,NP,Influenza,-2.04367229152951
McPAS,CASSSTGGGETQYF,,Rheumatoid Arthritis (RA),3.19373759989664
McPAS,CASSSTGGNQPQHF,,M. tuberculosis,0.9551797500023176
McPAS,CASSSTGGPYEQYF,,M. tuberculosis,0.9356757025425628
McPAS,CASSSTGGVYGYTF,NP,Influenza,1.314589264144313
McPAS,CASSSTGGYGYTF,,M. tuberculosis,0.8781709661199315
McPAS,CASSSTGIYGYTF,,M. tuberculosis,1.0808590034908567
McPAS,CASSSTGNYGYTF,,M. tuberculosis,0.919118472766178
McPAS,CASSSTGRNQPQHF,,Rheumatoid Arthritis (RA),2.2803895226030093
McPAS,CASSSTGRTDTQYF,INS,T1D,1.6723375402210108
McPAS,CASSSTGSTDTQYF,,M. tuberculosis,-0.4361133123388555
McPAS,CASSSTGSYGYTF,,M. tuberculosis,0.8004328036948348
McPAS,CASSSTGTGVYEQYF,,M. tuberculosis,-0.8840704601258483
McPAS,CASSSTGTTGELFF,,M. tuberculosis,2.0544532127516884
McPAS,CASSSTGTYGYTF,,M. tuberculosis,0.6972091154194977
McPAS,CASSSTIQETQYF,,M. tuberculosis,1.234085229314089
McPAS,CASSSTSGGAGETQYF,,M. tuberculosis,-1.5032055444402528
McPAS,CASSSTSGSYEQYF,NP,Influenza,0.7236090516307535
McPAS,CASSSTSGTDTQYF,,M. tuberculosis,0.6555065785654889
McPAS,CASSSTTANTEAFF,,M. tuberculosis,2.278007170723751
McPAS,CASSSTTGTEAFF,,M. tuberculosis,-1.171902326649764
McPAS,CASSSTVNQPQHF,,M. tuberculosis,0.9589164311313662
McPAS,CASSSTVSYEQYF,,M. tuberculosis,-2.0773685823689503
McPAS,CASSSTVYNEQFF,MLANA,Cancer/Self antigen,-1.4711918395963566
McPAS,CASSSTYEQYF,NP,Influenza,1.0426723360134718
McPAS,CASSSTYGYTF,,M. tuberculosis,0.4688008473591404
McPAS,CASSSVGGSYEQYF,OR14C36FMLV6L,Neoantigen,-2.5430321061513435
McPAS,CASSSVGSYEQYF,,T1D,2.316982961907736
McPAS,CASSSVGTDTQYF,,M. tuberculosis,-0.8653609446263905
McPAS,CASSSVNEQFF,NP,Influenza,0.7202654924722703
McPAS,CASSSWADTQYF,IE1,Cytomegalovirus (CMV),-1.2100769780078062
McPAS,CASSSWGSNQPQHF,,M. tuberculosis,2.0515376572355364
McPAS,CASSSWTGGTEAFF,,M. tuberculosis,1.0695819640088169
McPAS,CASSSWTSGTDTQYF,,M. tuberculosis,0.7725190198479092
McPAS,CASSSWTSGYEQYF,NP,Influenza,-2.156822836983533
McPAS,CASSSYEQYF,PA,Influenza,-0.3451291372191478
McPAS,CASSSYEQYF,PA,Influenza,-0.3451291372191478
McPAS,CASSSYRGTYEQYF,,T1D,-5.045160706320001
McPAS,CASSSYYEQYF,,M. tuberculosis,1.2658419870996251
McPAS,CASSTDRQETQYF,,M. tuberculosis,2.6607611029437903
McPAS,CASSTDRVGNTIYF,,Allergy,1.916812068075238
McPAS,CASSTGANTEAFF,,M. tuberculosis,-0.8676568079045949
McPAS,CASSTGAYGYTF,M1,Influenza,-2.2053845197514206
McPAS,CASSTGDEQYF,PA,Influenza,-2.204151995070664
McPAS,CASSTGDGYGYTF,,M. tuberculosis,-1.5014524234227389
McPAS,CASSTGDTDTQYF,,M. tuberculosis,1.8907537339106533
McPAS,CASSTGEGQPQHF,,M. tuberculosis,-1.684335631912908
McPAS,CASSTGEGYGYTF,,M. tuberculosis,-1.444954604537267
McPAS,CASSTGGAYEQYF,PB1,Influenza,1.1260359013728016
McPAS,CASSTGGDEQYF,PA,Influenza,-1.1149922735803872
McPAS,CASSTGGDTQYF,KAT6AKLS,Neoantigen,0.5914841260777598
McPAS,CASSTGGEQYF,PA,Influenza,-0.7730386689066836
McPAS,CASSTGGGTDTQYF,,M. tuberculosis,1.2466137515029834
McPAS,CASSTGGGTEAFF,,M. tuberculosis,-2.4409257883319824
McPAS,CASSTGGNTEAFF,NSDHLILTA9V,Neoantigen,0.3708589753089736
McPAS,CASSTGGQPQHF,,M. tuberculosis,-0.7812200619109074
McPAS,CASSTGGWTEAFF,,M. tuberculosis,-1.2857839120715593
McPAS,CASSTGGYNSPLHF,,M. tuberculosis,1.3037687787068315
McPAS,CASSTGHPNTEAFF,IE1,Cytomegalovirus (CMV),4.119865870171774
McPAS,CASSTGISYEQYF,OR5M3KMV,Neoantigen,-1.7590862223868533
McPAS,CASSTGLEQYF,,Melanoma,-1.581562344254206
McPAS,CASSTGLTEAFF,NP,Influenza,-1.937147763343297
McPAS,CASSTGLYGYTF,M1,Influenza,-0.8350292485116257
McPAS,CASSTGNEQFF,pp65,Cytomegalovirus (CMV),-4.242224028576088
McPAS,CASSTGNTGELFF,,M. tuberculosis,-0.5333595191438684
McPAS,CASSTGNYGYTF,GANABS5F,Neoantigen,0.5273613569076674
McPAS,CASSTGNYGYTF,HCVKLV,Hepatitis C virus (HCV),0.5273613569076674
McPAS,CASSTGPSYEQYF,,M. tuberculosis,-0.5845087390641441
McPAS,CASSTGQGGDTQYF,CD47GLTV6F,Neoantigen,1.1363332605755727
McPAS,CASSTGQGQPQHF,,M. tuberculosis,1.2604970005704947
McPAS,CASSTGQGTEAFF,,HTLV-1,1.0698555386709532
McPAS,CASSTGQNEKLFF,,Celiac disease,2.306742747907316
McPAS,CASSTGSGANVLTF,,M. tuberculosis,1.5854761017030057
McPAS,CASSTGSGNQPQHF,,M. tuberculosis,-1.3400851494763877
McPAS,CASSTGSSYEQYF,NP,Influenza,-1.7587277420005418
McPAS,CASSTGSYGYTF,M1,Influenza,-0.4689280433366576
McPAS,CASSTGTAAYEQYF,YFV17D,Yellow fever virus,-1.7247402777019136
McPAS,CASSTGTAYGYTF,,M. tuberculosis,-0.4400557578640026
McPAS,CASSTGTAYNSPLHF,,M. tuberculosis,1.501911320544067
McPAS,CASSTGTENSPLHF,,M. tuberculosis,0.8328567338520838
McPAS,CASSTGTGNEKLFF,,M. tuberculosis,2.602519601253321
McPAS,CASSTGTGNTEAFF,,Cancer/Self antigen,-0.7136271452447296
McPAS,CASSTGTGQPQHF,NP,Influenza,0.9172439305780477
McPAS,CASSTGTGSSYEQYF,,T1D,2.1676090948715774
McPAS,CASSTGTSGETQYF,NP,Influenza,3.3522865266726067
McPAS,CASSTGTSTDTQYF,,M. tuberculosis,1.42716815075985
McPAS,CASSTGTTYEQYF,PB1,Influenza,-1.3985598178269916
McPAS,CASSTGTYNEQFF,,Cancer/Self antigen,-0.8150230747080831
McPAS,CASSTGVGETQYF,,M. tuberculosis,0.7563244638186878
McPAS,CASSTGVTEAFF,,M. tuberculosis,-1.83290717560025
McPAS,CASSTLTDTQYF,,M. tuberculosis,0.9096678323839984
McPAS,CASSTNRNTEAFF,,M. tuberculosis,-0.9091749472121132
McPAS,CASSTNTEAFF,M1,Influenza,-1.398756488798273
McPAS,CASSTPGGYGYTF,,M. tuberculosis,1.28700117920798
McPAS,CASSTPGQGAYEQYF,TAX,HTLV-1,-1.3925484538054749
McPAS,CASSTPGTGSYEQYF,INS,T1D,1.9332414497075885
McPAS,CASSTQANTEAFF,,M. tuberculosis,2.648476448220374
McPAS,CASSTQGGNQPQHF,NP,Influenza,1.429018126590048
McPAS,CASSTQGGTEAFF,,M. tuberculosis,0.9088703219531082
McPAS,CASSTQGSQPQHF,M1,Influenza,1.2930578133666413
McPAS,CASSTQNTEAFF,,M. tuberculosis,-2.340644208254081
McPAS,CASSTQYNEQFF,,M. tuberculosis,1.3492258803374422
McPAS,CASSTRDSYNEQFF,,M. tuberculosis,0.998404117347426
McPAS,CASSTRDTQYF,HPV_E6_E7,Cancer/Self antigen,1.4751016349813315
McPAS,CASSTRLAGGTDTQYF,,Allergy,2.3536128003012387
McPAS,CASSTRQGNTEAFF,,M. tuberculosis,0.8437394558920733
McPAS,CASSTRSAYEQYF,M1,Influenza,-3.9761046451931072
McPAS,CASSTRSAYEQYF,MATRIXPROTEIN(M1),Neoantigen,-3.9761046451931072
McPAS,CASSTRSSYEQYF,M1,Influenza,-2.88400548878444
McPAS,CASSTRSSYEQYF,YFV17D,Yellow fever virus,-2.88400548878444
McPAS,CASSTRSTDTQYF,M1,Influenza,-0.8022407936033893
McPAS,CASSTRSTGELFF,M1,Influenza,-3.262922595935853
McPAS,CASSTRTGTYEQYF,,M. tuberculosis,-1.416796573517991
McPAS,CASSTSGGSTDTQYF,,M. tuberculosis,-1.2579769072585787
McPAS,CASSTSGSSTDTQYF,,M. tuberculosis,-3.020918934129148
McPAS,CASSTSGTSTDTQYF,,M. tuberculosis,2.782591081779343
McPAS,CASSTSSGNTIYF,M1,Influenza,-0.7756142869065968
McPAS,CASSTSSTDTQYF,M1,Influenza,-1.949553471177882
McPAS,CASSTTGTGSYEQYF,,M. tuberculosis,-2.065513573492019
McPAS,CASSTTGTYEQYF,HPV_E6_E7,Cancer/Self antigen,2.187336368651098
McPAS,CASSTTNSPLHF,GAD2,T1D,1.827132764300753
McPAS,CASSTTNTEAFF,,M. tuberculosis,-1.259440717941613
McPAS,CASSTTSGNTGELFF,NP,Influenza,4.745919943169916
McPAS,CASSTTVSGNTIYF,LTAG,Cancer/Self antigen,-1.853641322702377
McPAS,CASSTYSTDTQYF,M1,Influenza,2.048408856524872
McPAS,CASSVAGELFF,,M. tuberculosis,-1.280658047133576
McPAS,CASSVAGGAYEQYF,YFV17D,Yellow fever virus,-3.37532246498379
McPAS,CASSVAGGEQYF,,HTLV-1,-1.7261174347869184
McPAS,CASSVAGGPDTQYF,,M. tuberculosis,-2.911623820553062
McPAS,CASSVAGGSGNTIYF,CDC37L1FLSP6L,Neoantigen,-1.5466048323741586
McPAS,CASSVAGGYEQYF,ATP6AP1KLGG3W,Neoantigen,-0.7785159318000765
McPAS,CASSVAGTSTDTQYF,,M. tuberculosis,-0.9286276990660072
McPAS,CASSVAGYEQYF,,M. tuberculosis,-0.990708900724724
McPAS,CASSVAVNYGYTF,,T1D,-3.774473407295742
McPAS,CASSVDGGGTEAFF,NP,Influenza,-4.028356953812956
McPAS,CASSVDNNYGYTF,,M. tuberculosis,-2.9249298749432824
McPAS,CASSVDNTGELFF,,M. tuberculosis,-1.642347959701735
McPAS,CASSVDQETQYF,,M. tuberculosis,1.039861686499806
McPAS,CASSVDRGNTEAFF,,M. tuberculosis,-0.7468215267298473
McPAS,CASSVDRSNQPQHF,,M. tuberculosis,-1.379977561719388
McPAS,CASSVEGAYEQYF,,M. tuberculosis,-2.662423983246589
McPAS,CASSVEGGTQYF,,M. tuberculosis,1.7143585189321318
McPAS,CASSVEGNSPLHF,,M. tuberculosis,0.9585265841915264
McPAS,CASSVEGSSYNEQFF,VN1R2LMLL3F,Neoantigen,0.8165307300602149
McPAS,CASSVEGSTEAFF,PGM5H5Y,Neoantigen,-1.448168758675299
McPAS,CASSVERNTGELFF,,M. tuberculosis,1.5143047949514234
McPAS,CASSVGAGTYEQYF,,M. tuberculosis,-1.590985161939758
McPAS,CASSVGATGELFF,,M. tuberculosis,-1.6805846579002783
McPAS,CASSVGDRGYEQYF,,M. tuberculosis,-3.2195144524631063
McPAS,CASSVGDSPLHF,,M. tuberculosis,-1.377878921718319
McPAS,CASSVGDSYGYTF,,M. tuberculosis,-2.9765475667829104
McPAS,CASSVGEETQYF,,Psoriatic arthritis,0.7193703936431608
McPAS,CASSVGEGTEAFF,GNL3LR4C,Neoantigen,-2.4613722500823285
McPAS,CASSVGGGNQPQHF,,Psoriatic arthritis,-0.9383960463571812
McPAS,CASSVGGGSGANVLTF,,M. tuberculosis,-2.963074582254405
McPAS,CASSVGGGSNQPQHF,ATP6AP1KLGG3W,Neoantigen,-1.9304099352460715
McPAS,CASSVGGGSSYEQYF,NSDHLA9V,Neoantigen,-1.9232651291838208
McPAS,CASSVGGGYEQYF,ATP6AP1KLGG3W,Neoantigen,-1.4390442559977523
McPAS,CASSVGGNQPQHF,,M. tuberculosis,-1.000131781052128
McPAS,CASSVGGQGNYGYTF,,M. tuberculosis,1.5546340283990874
McPAS,CASSVGGQGYEQYF,INS,T1D,-2.176950470050968
McPAS,CASSVGGRDTEAFF,,M. tuberculosis,-1.8176006763628147
McPAS,CASSVGGRNEKLFF,,M. tuberculosis,-1.2162798346732728
McPAS,CASSVGGSGANVLTF,,M. tuberculosis,-0.5981901255076627
McPAS,CASSVGGSNQPQHF,NP,Influenza,-1.0056307476490218
McPAS,CASSVGGSYNSPLHF,,M. tuberculosis,-1.721514065901806
McPAS,CASSVGGVSYNEQFF,YFV17D,Yellow fever virus,0.8263150668274137
McPAS,CASSVGGYNEQFF,,M. tuberculosis,-1.2765550288041356
McPAS,CASSVGLAGEQYF,,M. tuberculosis,-1.031284811298383
McPAS,CASSVGLAGTYEQYF,,M. tuberculosis,-1.555472823681984
McPAS,CASSVGLAGVETQYF,,M. tuberculosis,0.801289355775175
McPAS,CASSVGLAGYEQYF,,M. tuberculosis,-3.6966467716956712
McPAS,CASSVGLAKNIQYF,,T1D,0.7992295910760514
McPAS,CASSVGLAVYNEQFF,,M. tuberculosis,-1.2431881748326346
McPAS,CASSVGNTEAFF,GALCYVVV3L,Neoantigen,-1.2950306402818514
McPAS,CASSVGPQETQYF,BMLF1,EBV,1.4281130004481808
McPAS,CASSVGPYNEQFF,,M. tuberculosis,-1.916463663953892
McPAS,CASSVGQGAGETQYF,,M. tuberculosis,3.324829018342572
McPAS,CASSVGQGGETQYF,,M. tuberculosis,3.816941897434182
McPAS,CASSVGQGKETQYF,,M. tuberculosis,1.4009927871079086
McPAS,CASSVGQGNGYTF,,M. tuberculosis,1.2060166955611558
McPAS,CASSVGQGQETQYF,,M. tuberculosis,2.149163007670996
McPAS,CASSVGQGSYNEQFF,,M. tuberculosis,2.374637297462076
McPAS,CASSVGQGVYGYTF,,M. tuberculosis,-1.3053558110660863
McPAS,CASSVGQYTEAFF,,M. tuberculosis,-1.1058581986405898
McPAS,CASSVGRNTEAFF,,M. tuberculosis,0.2331715981496452
McPAS,CASSVGRQETQYF,,T1D,2.1207408909447825
McPAS,CASSVGSGEQYF,OR5M3KMVT8N,Neoantigen,-2.2749264591123826
McPAS,CASSVGSGTEAFF,M1,Influenza,-1.4330281762108732
McPAS,CASSVGSQETQYF,NSDHLA9V,Neoantigen,1.1930564440398306
McPAS,CASSVGSSNQPQHF,,T1D,-3.28599057231655
McPAS,CASSVGSSYNEQFF,,M. tuberculosis,-0.9976103779530284
McPAS,CASSVGSTEAFF,NSDHLILTA9V,Neoantigen,-4.268487057422631
McPAS,CASSVGSYGYTF,M1,Influenza,-1.8715970602322056
McPAS,CASSVGTDTQYF,,M. tuberculosis,0.5962447663457895
McPAS,CASSVGTGYEQYF,WDR46,Neoantigen,-2.5983062394706766
McPAS,CASSVGTGYEQYF,,M. tuberculosis,-2.5983062394706766
McPAS,CASSVGTNTGELFF,,M. tuberculosis,0.9795171570483744
McPAS,CASSVGTSQETQYF,,M. tuberculosis,1.0817863542676052
McPAS,CASSVGTSTDTQYF,,M. tuberculosis,-1.1921770828947684
McPAS,CASSVGTVNSPLHF,,M. tuberculosis,1.1628545781856467
McPAS,CASSVGTVNTGELFF,,M. tuberculosis,-0.8335704323679216
McPAS,CASSVGTVQETQYF,,M. tuberculosis,1.3335530163527998
McPAS,CASSVGVGSSYEQYF,,M. tuberculosis,1.7411338681475326
McPAS,CASSVGVGSSYNEQFF,,M. tuberculosis,2.166447589865335
McPAS,CASSVGVSYEQYF,NP,Influenza,-2.678478446053328
McPAS,CASSVIYEQYF,CTAG1B,Cancer/Self antigen,1.3859632618876665
McPAS,CASSVLGNQPQHF,IE1,Cytomegalovirus (CMV),1.691954156783762
McPAS,CASSVQGAGETQYF,,M. tuberculosis,2.5095458464871343
McPAS,CASSVQGSGELFF,,M. tuberculosis,-0.6930442336751628
McPAS,CASSVQGSTEAFF,,M. tuberculosis,2.020256690607659
McPAS,CASSVQGTDTQYF,,M. tuberculosis,1.475331219559227
McPAS,CASSVQSTDTQYF,ITIH6RLGG3V,Neoantigen,-1.1966551137357428
McPAS,CASSVRAGETQYF,M1,Influenza,2.1866399255131874
McPAS,CASSVRDTGELFF,,M. tuberculosis,-2.970801617958605
McPAS,CASSVRDTSYEQYF,GAD2,T1D,1.6119564723467734
McPAS,CASSVRETQYF,,T1D,1.2235821016455843
McPAS,CASSVRSSYEQYF,M1,Influenza,-2.0439343262092087
McPAS,CASSVRSSYEQYF,pp65,Cytomegalovirus (CMV),-2.0439343262092087
McPAS,CASSVRSTDTQYF,M1,Influenza,-1.5698591397398372
McPAS,CASSVRSTDTQYF,DQ2AII,Celiac disease,-1.5698591397398372
McPAS,CASSVRSTDTQYF,DQAII,Celiac disease,-1.5698591397398372
McPAS,CASSVRSTGELFF,M1,Influenza,-2.2227256944777265
McPAS,CASSVSDTQYF,,M. tuberculosis,-1.110131181141104
McPAS,CASSVSGNTEAFF,,M. tuberculosis,-1.703556194042493
McPAS,CASSVSGNTIYF,,M. tuberculosis,0.8745714172120126
McPAS,CASSVSSSYNEQFF,,M. tuberculosis,1.164741965154782
McPAS,CASSVSSYEQYF,NP,Influenza,-0.7170477719567153
McPAS,CASSVTETQYF,,M. tuberculosis,-1.2600886996592573
McPAS,CASSVTGTGAYEQYF,,M. tuberculosis,-2.729800565431036
McPAS,CASSVTGTGNTEAFF,,M. tuberculosis,-1.6440698295489455
McPAS,CASSVTGYGYTF,,M. tuberculosis,0.5507453198276521
McPAS,CASSVTSGDYNEQFF,,M. tuberculosis,-3.195118102166828
McPAS,CASSVTSGGADTQYF,,M. tuberculosis,-2.548947661317105
McPAS,CASSVTSGSSYNEQFF,,M. tuberculosis,-1.0142192823325495
McPAS,CASSVTTNTEAFF,,M. tuberculosis,1.6225833947367514
McPAS,CASSVTTNTGELFF,,M. tuberculosis,1.7677009700350097
McPAS,CASSVVASSYNEQFF,M1,Influenza,-1.901465317733128
McPAS,CASSVVATGELFF,,M. tuberculosis,2.352447909084574
McPAS,CASSVVGGNEQFF,,M. tuberculosis,0.7231327005948048
McPAS,CASSVVGSGNTIYF,,M. tuberculosis,-0.6922361212198112
McPAS,CASSVWGTDTQYF,HSV2VP22,Herpes simplex virus 2 (HSV2),2.1828887365731653
McPAS,CASSVYQETQYF,,M. tuberculosis,-0.7749237932740337
McPAS,CASSVYSNQPQHF,M1,Influenza,0.8875027973168421
McPAS,CASSVYSTDTQYF,ITIH6RLG,Neoantigen,-1.9006314692221684
McPAS,CASSWDRGEQYF,PA,Influenza,0.8422642538375161
McPAS,CASSWDRGEQYF,NP,Influenza,0.8422642538375161
McPAS,CASSWDRGTYEQYF,A2ML1YLDK7R,Neoantigen,-2.906213536732797
McPAS,CASSWDSSYEQYF,NP,Influenza,-1.4546585619003598
McPAS,CASSWGDEQYF,PA,Influenza,-2.224964412557219
McPAS,CASSWGDSPLHF,NP,Influenza,-3.1744536356129283
McPAS,CASSWGDTQYF,PA,Influenza,-1.272113570291955
McPAS,CASSWGDTQYF,,M. tuberculosis,-1.272113570291955
McPAS,CASSWGEKLFF,,M. tuberculosis,0.6783327101455671
McPAS,CASSWGGAYEQYF,YFV17D,Yellow fever virus,-1.8850751435793995
McPAS,CASSWGGDQPQHF,,M. tuberculosis,-0.7226917579524232
McPAS,CASSWGGEQYF,PA,Influenza,-2.431082243578424
McPAS,CASSWGGEQYF,PA,Influenza,-2.431082243578424
McPAS,CASSWGGGQETQYF,,M. tuberculosis,2.1226365562116687
McPAS,CASSWGGTDTQYF,,M. tuberculosis,-0.2964247234362484
McPAS,CASSWGLDNEQFF,M1,Influenza,1.6887114581565768
McPAS,CASSWGLTYEQYF,M1,Influenza,-1.805828630237437
McPAS,CASSWGLYNEQFF,,M. tuberculosis,-3.023350805048438
McPAS,CASSWGNEQYF,PA,Influenza,-2.6823278686556264
McPAS,CASSWGNTEAFF,,Toxic epidermal necrolysis,-0.2275712542051695
McPAS,CASSWGNTGELFF,EPHA2,Cancer/Self antigen,-0.729876425965044
McPAS,CASSWGPGELFF,,M. tuberculosis,-1.4923979012565267
McPAS,CASSWGQGANYGYTF,INS,T1D,1.55192461007396
McPAS,CASSWGQGDGYTF,MLANA,Cancer/Self antigen,1.412851712343453
McPAS,CASSWGQGNTEAFF,,M. tuberculosis,0.5390647518032039
McPAS,CASSWGQGQETQYF,MLANA,Cancer/Self antigen,0.8389378761456173
McPAS,CASSWGQGSNYGYTF,EBNA3B,EBV,3.413667928328929
McPAS,CASSWGQTNTEAFF,,M. tuberculosis,0.8450933372040554
McPAS,CASSWGRSNTEAFF,,M. tuberculosis,-1.6138286030130953
McPAS,CASSWGRTNTEAFF,NP,Influenza,1.6842488995439164
McPAS,CASSWGRTYEQYF,NP,Influenza,-2.855460300098241
McPAS,CASSWGSEQYF,PA,Influenza,-5.677047513386517
McPAS,CASSWGSETQYF,,M. tuberculosis,4.168126456285977
McPAS,CASSWGTANTEAFF,UL29/28,Cytomegalovirus (CMV),-1.1163254478983955
McPAS,CASSWGTDSYEQYF,,M. tuberculosis,-2.081766487646573
McPAS,CASSWGTDTQYF,NP,Influenza,0.6621922692909972
McPAS,CASSWGVEQYF,PA,Influenza,-1.4875804914352029
McPAS,CASSWLNTEAFF,OR14C36FMLV6L,Neoantigen,-3.848285796126173
McPAS,CASSWQGNQPQHF,M1,Influenza,-0.666418254249868
McPAS,CASSWSNTEAFF,,M. tuberculosis,-2.220207607109182
McPAS,CASSWSQETQYF,,M. tuberculosis,2.319434194681057
McPAS,CASSWTANQPQHF,,T1D,1.79889145664154
McPAS,CASSWTAYEQYF,,M. tuberculosis,-2.1030691080424946
McPAS,CASSWTENTEAFF,,Toxic epidermal necrolysis,-0.3740326984700362
McPAS,CASSWTGANYGYTF,CD1LLG,Neoantigen,1.5654682009546466
McPAS,CASSWTGDNQPQHF,pp65,Cytomegalovirus (CMV),-1.0454348261263733
McPAS,CASSWTGDSNQPQHF,SLC1A2YMSS3P,Neoantigen,-0.9797330498980632
McPAS,CASSWTGGGQPQHF,MLANA,Cancer/Self antigen,-1.2375818779251184
McPAS,CASSWTGGGYTF,,M. tuberculosis,-1.2871354038462548
McPAS,CASSWTGGSYNEQFF,NP,Influenza,1.556094255500744
McPAS,CASSWTGNTEAFF,FNDC3B,Neoantigen,0.4236009024979776
McPAS,CASSWTGSNYGYTF,CDKN2A,Cancer/Self antigen,-1.064514183696414
McPAS,CASSWTPNTEAFF,,M. tuberculosis,-1.1369589759818155
McPAS,CASSYAENTEAFF,,M. tuberculosis,-4.460108274009151
McPAS,CASSYAGGNTEAFF,,M. tuberculosis,-2.1596100714108006
McPAS,CASSYAGTGGYEQYF,,M. tuberculosis,-2.5193485040003525
McPAS,CASSYASGSYEQYF,,M. tuberculosis,-2.984452983529956
McPAS,CASSYDRGYEQYF,Nef,HIV / Human immunodeficiency virus (HIV),0.6130443605325404
McPAS,CASSYDRNYGYTF,,M. tuberculosis,0.4406059120176855
McPAS,CASSYDRSYEQYF,Nef,HIV / Human immunodeficiency virus (HIV),-2.2509737826755902
McPAS,CASSYDSNQPQHF,GAD2,T1D,1.5657731222196123
McPAS,CASSYFGNTEAFF,,M. tuberculosis,-2.273847948538324
McPAS,CASSYGAEQFF,PA,Influenza,-8.454459190326764
McPAS,CASSYGAGNQPQHF,IE1,Cytomegalovirus (CMV),-2.4487904120491093
McPAS,CASSYGANYGYTF,,M. tuberculosis,-1.0765728565856525
McPAS,CASSYGDTQYF,NP,Influenza,-0.7078201529235677
McPAS,CASSYGGATDTQYF,,M. tuberculosis,-4.647781653117463
McPAS,CASSYGGAYEQYF,GNL3LR4C,Neoantigen,-3.856388663465124
McPAS,CASSYGGEQYF,PA,Influenza,-2.6458905844345844
McPAS,CASSYGGGEQYF,PA,Influenza,-1.9257626663421417
McPAS,CASSYGGGNQPQHF,,M. tuberculosis,0.41994392360644
McPAS,CASSYGGGTYEQYF,NP,Influenza,-2.20369404350382
McPAS,CASSYGGGYEQYF,GNL3LR4C,Neoantigen,-2.3787418324155083
McPAS,CASSYGGGYEQYF,YFV17D,Yellow fever virus,-2.3787418324155083
McPAS,CASSYGGLGQPQHF,MLANA,Cancer/Self antigen,-2.5197508046906707
McPAS,CASSYGGNSPLHF,FNDC3B,Neoantigen,-1.3189046236187374
McPAS,CASSYGGRGYTF,BMLF1,EBV,3.2334920818798474
McPAS,CASSYGGSSYEQYF,ZDHHC7SLLP7L,Neoantigen,-1.0046258036514264
McPAS,CASSYGGVGQPQHF,,Multiple sclerosis (MS),1.162320427940406
McPAS,CASSYGGYEQYF,M1,Influenza,-1.344305410019004
McPAS,CASSYGLAGGETQYF,,M. tuberculosis,0.7413106639356997
McPAS,CASSYGLAGQETQYF,NP,Influenza,1.6215976586494452
McPAS,CASSYGLEQYF,MPV17YLWA5P,Neoantigen,-2.1227240184092144
McPAS,CASSYGLNTEAFF,M1,Influenza,-2.198002527838663
McPAS,CASSYGNTEAFF,,Parkinson disease,-1.2423708854129734
McPAS,CASSYGNTGELFF,PABPC1R5Q,Neoantigen,-1.868606440227864
McPAS,CASSYGQGAGGYTF,,Allergy,-1.0066274117090956
McPAS,CASSYGQGLYEQYF,M1,Influenza,-2.373855909501501
McPAS,CASSYGQGYEQYF,GNL3LR4C,Neoantigen,-0.7462701545833692
McPAS,CASSYGQGYGYTF,,M. tuberculosis,-0.8275367693966335
McPAS,CASSYGQNYEQYF,M1,Influenza,-0.8778556139803927
McPAS,CASSYGQPNTEAFF,HBZKLSA7T,Neoantigen,-1.8229537041283628
McPAS,CASSYGRLNTEAFF,,M. tuberculosis,1.26422427414462
McPAS,CASSYGRNTEAFF,,M. tuberculosis,-0.5177916756819412
McPAS,CASSYGSNYGYTF,YFV17D,Yellow fever virus,-1.6093471333137035
McPAS,CASSYGSQETQYF,,M. tuberculosis,-1.6135453118517056
McPAS,CASSYGSYNEQFF,,Cancer/Self antigen,-2.672300006012001
McPAS,CASSYGTDTQYF,,M. tuberculosis,-0.7082320952880172
McPAS,CASSYGTGDGYTF,MLANA,Cancer/Self antigen,-2.3207142720639435
McPAS,CASSYGTGGNEQFF,,M. tuberculosis,-4.877070654472991
McPAS,CASSYGTGQETQYF,,M. tuberculosis,1.5484192534089023
McPAS,CASSYGTGQPQHF,MLANA,Cancer/Self antigen,-3.422222517666724
McPAS,CASSYGTGVYGYTF,,Rheumatoid Arthritis (RA),-0.9031362577535412
McPAS,CASSYGTNQPQHF,,HTLV-1,1.628564545540919
McPAS,CASSYGTSTDTQYF,,M. tuberculosis,-4.481426081068857
McPAS,CASSYGTVNSPLHF,,T1D,-2.913511087371311
McPAS,CASSYGVAYEQYF,NP,Influenza,-2.9294742236125697
McPAS,CASSYGVGTEAFF,M1,Influenza,-1.5283101120110865
McPAS,CASSYGVNTEAFF,OR14C36FMLV6L,Neoantigen,-1.4936099024869691
McPAS,CASSYGYEQYF,,M. tuberculosis,-0.3907435958979912
McPAS,CASSYHNEQFF,,M. tuberculosis,1.6429685313372824
McPAS,CASSYKETQYF,,M. tuberculosis,0.5111017709862749
McPAS,CASSYLMNTEAFF,,M. tuberculosis,-1.2646360876180482
McPAS,CASSYNNQPQHF,,M. tuberculosis,-1.0327313459404357
McPAS,CASSYPDTQYF,IE1,Cytomegalovirus (CMV),-1.399764930823116
McPAS,CASSYPGELFF,IE1,Cytomegalovirus (CMV),-1.5371111890290363
McPAS,CASSYPGSSYNEQFF,,M. tuberculosis,2.764170864391841
McPAS,CASSYPNQPQHF,YFV17D,Yellow fever virus,-0.6588097764883695
McPAS,CASSYQGGNEQFF,LMP2,EBV,-3.617154596489371
McPAS,CASSYQGGNYGYTF,LMP2,EBV,2.668773517401435
McPAS,CASSYQGGNYGYTF,LMP1,EBV,2.668773517401435
McPAS,CASSYQSSYNEQFF,,M. tuberculosis,-2.1476296784023607
McPAS,CASSYRANTEAFF,NP,Influenza,-1.333174472700579
McPAS,CASSYRASGANVLTF,IE1,Cytomegalovirus (CMV),-1.5695663138245992
McPAS,CASSYRATDTQYF,,M. tuberculosis,-2.6699910652053087
McPAS,CASSYRDRETQYF,,M. tuberculosis,1.2913254721385918
McPAS,CASSYRDYNEQFF,,Celiac disease,-5.119812988686997
McPAS,CASSYREDTEAFF,,Parkinson disease,-1.3985531802051518
McPAS,CASSYREQETQYF,,M. tuberculosis,-4.1276577099302365
McPAS,CASSYRGPNTEAFF,,M. tuberculosis,-1.630485438413611
McPAS,CASSYRQGTDTQYF,,Rheumatoid Arthritis (RA),1.5522074549493747
McPAS,CASSYRSSYEQYF,M1,Influenza,-0.7285763307362115
McPAS,CASSYRSSYNSPLHF,,M. tuberculosis,-0.8371000700905568
McPAS,CASSYRTQETQYF,,M. tuberculosis,-6.656107675952862
McPAS,CASSYRVTEAFF,M1,Influenza,0.6963565845108239
McPAS,CASSYSAGGPYEQYF,NP,Influenza,1.1313112052407934
McPAS,CASSYSAGSSYNEQFF,,M. tuberculosis,-3.2685434303785104
McPAS,CASSYSDTYEQYF,,M. tuberculosis,-8.232633848560086
McPAS,CASSYSETYEQYF,,M. tuberculosis,-7.710052618538331
McPAS,CASSYSGAEQYF,MRM19T6P,Neoantigen,-3.7358158294034047
McPAS,CASSYSGDEQYF,,M. tuberculosis,-4.067749940525655
McPAS,CASSYSGDYNEQFF,M1,Influenza,-3.9976361542708494
McPAS,CASSYSGGDYNEQFF,,M. tuberculosis,-2.777232729963434
McPAS,CASSYSGGETQYF,,M. tuberculosis,-1.2377019926402313
McPAS,CASSYSGGGNQPQHF,YFV17D,Yellow fever virus,-0.5341765277051824
McPAS,CASSYSGGGTEAFF,,M. tuberculosis,-0.9213687659598092
McPAS,CASSYSGGSGANVLTF,,M. tuberculosis,-3.4768977068389333
McPAS,CASSYSGGSYNEQFF,,M. tuberculosis,-0.5937774789110983
McPAS,CASSYSGGYEQYF,GNL3LR4C,Neoantigen,-1.3744437787200037
McPAS,CASSYSGGYYGYTF,LMP2,EBV,-2.500264230827967
McPAS,CASSYSGLGQPQHF,MLANA,Cancer/Self antigen,1.082444556990398
McPAS,CASSYSGLTEAFF,,M. tuberculosis,-5.848852163063498
McPAS,CASSYSGNEQYF,,M. tuberculosis,-1.8859336918669416
McPAS,CASSYSGNTGELFF,,M. tuberculosis,0.5352783445057148
McPAS,CASSYSGPNSPLHF,,M. tuberculosis,-2.3337584579278405
McPAS,CASSYSGPQETQYF,,M. tuberculosis,-2.53800714550455
McPAS,CASSYSGQGDYGYTF,,M. tuberculosis,1.8700980596597383
McPAS,CASSYSGQTYGYTF,,Multiple sclerosis (MS),2.357979959466028
McPAS,CASSYSGRNTEAFF,,M. tuberculosis,1.315608380374551
McPAS,CASSYSGSGANVLTF,,M. tuberculosis,-0.5846977805740337
McPAS,CASSYSGSGYTF,,Alzheimer's disease,-1.482451039864466
McPAS,CASSYSGTEAFF,,M. tuberculosis,-1.6386309281114877
McPAS,CASSYSGTGANVLTF,,M. tuberculosis,-2.9840430180295208
McPAS,CASSYSGTGGYEQYF,,M. tuberculosis,-3.608212791698501
McPAS,CASSYSGTSYNEQFF,,M. tuberculosis,2.8173932193199973
McPAS,CASSYSGVSYNEQFF,,M. tuberculosis,1.1406233308430322
McPAS,CASSYSGYGYTF,,Allergy,-0.6246360760019165
McPAS,CASSYSGYYEQYF,,Alzheimer's disease,-1.7078612055284532
McPAS,CASSYSIGNTEAFF,MLANA,Cancer/Self antigen,1.6301642077462346
McPAS,CASSYSLNTEAFF,GAD2,T1D,-0.8058354456162052
McPAS,CASSYSNGYEQYF,HAUS3ILNT7A,Neoantigen,-3.74337882327172
McPAS,CASSYSNTGELFF,,M. tuberculosis,-2.232051413140767
McPAS,CASSYSNYEQYF,,Multiple sclerosis (MS),-1.260802216984533
McPAS,CASSYSPNEQFF,,M. tuberculosis,-1.1847595201832144
McPAS,CASSYSPVNTEAFF,pp65,Cytomegalovirus (CMV),-2.831992237933453
McPAS,CASSYSRGPYEQYF,,M. tuberculosis,1.327302472943344
McPAS,CASSYSRGQETQYF,,M. tuberculosis,0.8263899892222318
McPAS,CASSYSRQNTEAFF,,M. tuberculosis,-1.081608922585246
McPAS,CASSYSSGANVLTF,,M. tuberculosis,-2.2682991725379824
McPAS,CASSYSSGELFF,NP,Influenza,-2.371356156168203
McPAS,CASSYSSGGADTQYF,,M. tuberculosis,-6.420025105716714
McPAS,CASSYSSGGAETQYF,,Colorectal cancer,-6.993781357711413
McPAS,CASSYSSGNTIYF,,M. tuberculosis,-1.3716338784076108
McPAS,CASSYSSGTEAFF,GANAB,Neoantigen,-2.023309021255091
McPAS,CASSYSSGYGYTF,SEC24A,Neoantigen,-1.779487516140526
McPAS,CASSYSSSSYNEQFF,NP,Influenza,-2.3101326305946035
McPAS,CASSYSSSYNEQFF,M1,Influenza,-2.99231477905861
McPAS,CASSYSSSYNSPLHF,,M. tuberculosis,1.7175079454158135
McPAS,CASSYSSTNEKLFF,,M. tuberculosis,-0.8580729591309139
McPAS,CASSYSTGEAFF,,HTLV-1,-2.522290277126412
McPAS,CASSYSTGGTDTQYF,PHKA2LLSSF,Neoantigen,-0.8730287805844054
McPAS,CASSYSTGGYEQYF,,M. tuberculosis,-5.677449190069757
McPAS,CASSYSTGNSPLHF,pp65,Cytomegalovirus (CMV),1.138248937307515
McPAS,CASSYSTGNTGELFF,NP,Influenza,1.223868621827266
McPAS,CASSYSTSSYEQYF,,M. tuberculosis,-2.931016214496732
McPAS,CASSYSTSTDTQYF,,M. tuberculosis,-4.728623676625544
McPAS,CASSYSTTGELFF,,M. tuberculosis,-5.214332867056484
McPAS,CASSYSYEQYF,,Melanoma,0.8246952951148564
McPAS,CASSYSYEQYF,,Celiac disease,0.8246952951148564
McPAS,CASSYTGELFF,NP,Influenza,-0.2383435460488938
McPAS,CASSYTGNYGYTF,,HTLV-1,-2.218638704375872
McPAS,CASSYTGTGGTEAFF,UL29/28,Cytomegalovirus (CMV),-1.4612761623327533
McPAS,CASSYTRTGGGYGYTF,,M. tuberculosis,4.667690632789119
McPAS,CASSYTSGGADTQYF,,M. tuberculosis,-6.3710470724592
McPAS,CASSYVGGGYTF,IE1,Cytomegalovirus (CMV),-2.026119574126519
McPAS,CASSYVGNTGELFF,CTAG1B,Cancer/Self antigen,-3.6071104816474224
McPAS,CASSYVNTGELFF,,M. tuberculosis,-2.153933709201074
McPAS,CASSYYRGNTEAFF,,M. tuberculosis,-2.708225860621752
McPAS,CASSYYSNQPQHF,M1,Influenza,-1.5111441355417283
McPAS,CASTDTGELFF,AKAP13Q8K,Neoantigen,-0.9583178380691832
McPAS,CASTDTQYF,,M. tuberculosis,-3.247502997266644
McPAS,CASTDTYEQYF,,M. tuberculosis,0.8660810067265492
McPAS,CASTENTEAFF,,M. tuberculosis,-1.601500235972841
McPAS,CASTESSYNEQFF,BAIAP3ILNV6I,Neoantigen,-4.237246483164986
McPAS,CASTGGGELFF,NP,Influenza,-2.8042800021600267
McPAS,CASTGGNEQFF,NP,Influenza,-2.0934197805343966
McPAS,CASTGGYEQYF,PA,Influenza,-1.5188427331361116
McPAS,CASTGSGANVLTF,,M. tuberculosis,0.7588900456909277
McPAS,CASTGTDSYEQYF,GANABS5F,Neoantigen,-2.584303229313881
McPAS,CASTHSGANVLTF,,M. tuberculosis,-1.3147949492078586
McPAS,CASTITGELFF,NP,Influenza,-2.211557472949266
McPAS,CASTLAGGPYEQYF,GNL3LR4C,Neoantigen,1.1106086539488231
McPAS,CASTLGQGNTEAFF,CELSR1YLFF3L,Neoantigen,-1.1286699303068397
McPAS,CASTLGSYNEQFF,,M. tuberculosis,-0.8931145010850148
McPAS,CASTLGYEQYF,,Allergy,-0.8416386070600815
McPAS,CASTLSTDTQYF,,M. tuberculosis,-1.0596244185078918
McPAS,CASTNTGELFF,,M. tuberculosis,-1.6719857201256123
McPAS,CASTPGSSYNEQFF,pp65,Cytomegalovirus (CMV),-1.6866859570589616
McPAS,CASTPGTEAFF,ATP6AP1KLGG3W,Neoantigen,-4.998458134150791
McPAS,CASTPGTGAYEQYF,YFV17D,Yellow fever virus,-2.859056801360848
McPAS,CASTPSGSSYNEQFF,,M. tuberculosis,1.4665124271770131
McPAS,CASTQGTDTQYF,,M. tuberculosis,-1.2178143447247205
McPAS,CASTRDSGANVLTF,,M. tuberculosis,2.7478196932202734
McPAS,CASTRGLNTEAFF,,M. tuberculosis,0.6963891181121936
McPAS,CASTRQGAYEQYF,YFV17D,Yellow fever virus,0.8117852748527408
McPAS,CASTRSSGANVLTF,,M. tuberculosis,1.1929018473021369
McPAS,CASTSGAYEQYF,IE1,Cytomegalovirus (CMV),-1.816058743949498
McPAS,CASTSYTEAFF,MAGEA10GLY,Neoantigen,-1.061840071563961
McPAS,CASTTGYEQYF,,Celiac disease,-1.5831771182806813
McPAS,CASTTTGELFF,,M. tuberculosis,-1.2531828666090048
McPAS,CASTVNYGYTF,,M. tuberculosis,-1.7750833859139623
McPAS,CASYRNTEAFF,,M. tuberculosis,-2.1390216495102776
McPAS,CATGGGETQYF,,M. tuberculosis,1.805413030587164
McPAS,CATGTGDSNQPQHF,BZLF1,EBV,-2.271181208853487
McPAS,CATGTGDSNQPQHF,pp65,Cytomegalovirus (CMV),-2.271181208853487
McPAS,CATRDRLNTEAFF,,M. tuberculosis,-2.283615382456324
McPAS,CATRGQGDTGELFF,,M. tuberculosis,-3.5440340624536586
McPAS,CATSDFRDTGELFF,,M. tuberculosis,-6.643071791627001
McPAS,CATSDLGTDTQYF,,Calcified Aortic Stenosis disease,0.9929854366177808
McPAS,CATSDLQDTGELFF,,M. tuberculosis,-7.532514971364641
McPAS,CATSDSYEQYF,Gag,HIV / Human immunodeficiency virus (HIV),-1.922201877204702
McPAS,CATSDYQETQYF,,Psoriatic arthritis,1.7884751501746887
McPAS,CATSEGGFNQPQHF,,M. tuberculosis,-2.8597005850586443
McPAS,CATSGGGTDTQYF,NP,Influenza,3.8958621312129145
McPAS,CATSGGTDTQYF,,M. tuberculosis,1.1807072819526807
McPAS,CATSGGYEQYF,,M. tuberculosis,-1.8106418406180969
McPAS,CATSGLNTEAFF,,M. tuberculosis,-4.498494619884507
McPAS,CATSGSYEQYF,MLANA,Cancer/Self antigen,-3.128604262422523
McPAS,CATSRDKGFNQPQHF,,M. tuberculosis,3.1793503518930013
McPAS,CATSRDNQPQHF,,M. tuberculosis,-0.977238519657024
McPAS,CATSRDNSPLHF,,M. tuberculosis,-2.2566032377185743
McPAS,CATSRDPGNTIYF,,M. tuberculosis,-1.167830658209465
McPAS,CATSRDPGSNQPQHF,,M. tuberculosis,-3.4605967195633696
McPAS,CATSRDQTEAFF,,M. tuberculosis,2.0271813803270886
McPAS,CATSRDRNTIYF,,M. tuberculosis,1.622583848655935
McPAS,CATSRDRYEQYF,M1,Influenza,0.5867613093891484
McPAS,CATSRDSGANVLTF,,M. tuberculosis,-2.3188242424558974
McPAS,CATSRDTDTQYF,,M. tuberculosis,-3.336603467196629
McPAS,CATSRDYQPQHF,,M. tuberculosis,0.9935118873816304
McPAS,CATSRGEETQYF,,M. tuberculosis,-1.5107884396247884
McPAS,CATSRGTGGSYEQYF,,M. tuberculosis,-5.661246855391063
McPAS,CATSRTGSSYEQYF,,Rheumatoid Arthritis (RA),2.951770714647011
McPAS,CATSTGDSNQPQHF,,Rheumatoid Arthritis (RA),-1.3221899757171474
McPAS,CAWKASGNTIYF,NP,Influenza,9.114154679600553
McPAS,CAWRSSGNTIYF,,M. tuberculosis,1.958518815289668
McPAS,CAWSGAYEQYF,NP,Influenza,-2.633390148362175
McPAS,CAWSGGDNQPQHF,,M. tuberculosis,3.083475894032248
McPAS,CAWSGQGSQPQHF,,M. tuberculosis,-1.6274807959097672
McPAS,CAWSGQGYEQYF,M1,Influenza,2.0318895937388683
McPAS,CAWSRDSGSGNTIYF,,M. tuberculosis,4.675132360428822
McPAS,CAWSVGGGGYTF,M1,Influenza,-2.0282316452448503
McPAS,CAWSVGGGYGYTF,M1,Influenza,-1.387991176152409
McPAS,CAWSVGGQETQYF,,M. tuberculosis,0.9950756938475678
McPAS,CAWSVGGQPQHF,NP,Influenza,-1.4373769894903825
McPAS,CAWSVGLSYEQYF,,Parkinson disease,-2.5852213197742584
McPAS,CAWSVGNYGYTF,COL18A1,Neoantigen,-2.134103912634456
McPAS,CAWSVGPTYGYTF,,M. tuberculosis,3.048826981646286
McPAS,CAWSVGSEAFF,,M. tuberculosis,-5.238727322955251
McPAS,CAWSVKGNQPQHF,,M. tuberculosis,1.1719939722263426
McPAS,CAWSVLGGYTF,,COVID-19 / SARS-CoV-2 / SARS-CoV,-1.1909681170693984
McPAS,CAWSVNSNQPQHF,,M. tuberculosis,-0.7901696002915001
McPAS,CAWSVPNQPQHF,,M. tuberculosis,-3.163608964276974
McPAS,CAWSVQGYEQYF,,Allergy,-0.679104773724351
McPAS,CAWSVRETQYF,,M. tuberculosis,-0.5786817455038021
McPAS,CAWSVSGNTEAFF,AKAP13KLMQ8K,Neoantigen,-2.2406176809191733
McPAS,CAWSVSSYEQYF,M1,Influenza,1.8344191655996105
McPAS,CAWSVSYEQYF,,M. tuberculosis,-2.269166409760693
McPAS,CSAEGNTEAFF,M1,Influenza,-0.9136555448298634
McPAS,CSAEGNTEAFF,,Cancer/Self antigen,-0.9136555448298634
McPAS,CSAGDNEQFF,NP,Influenza,-1.9105303609897883
McPAS,CSAGGKGNQPQHF,,M. tuberculosis,1.3086237234918956
McPAS,CSAGGTEAFF,,M. tuberculosis,-3.620130866181903
McPAS,CSAGNTEAFF,,M. tuberculosis,-0.6687646424068743
McPAS,CSAGQGGTEAFF,NP,Influenza,1.7915324784081093
McPAS,CSAGRDTQYF,,M. tuberculosis,1.1038690253434775
McPAS,CSAGRTEAFF,,M. tuberculosis,-2.554704864388333
McPAS,CSAGTAYGYTF,,M. tuberculosis,-1.1242588835156704
McPAS,CSAGTGGYEQYF,,T1D,0.9068173458945386
McPAS,CSALGGNTEAFF,,M. tuberculosis,-1.0155025599043863
McPAS,CSALGGTEAFF,GAD2,T1D,-2.21241863105601
McPAS,CSALTGNQPQHF,MLANA,Cancer/Self antigen,-2.281871008447336
McPAS,CSANRGQETQYF,,M. tuberculosis,2.9423640922763563
McPAS,CSANRVNTEAFF,,M. tuberculosis,-2.738794291628392
McPAS,CSANYGYTF,,M. tuberculosis,-7.838135087415877
McPAS,CSAPGQGSTEAFF,HEXON,Adenovirus,-2.786877725344268
McPAS,CSAPGQGTDTQYF,HEXON,Adenovirus,-1.5356742498807183
McPAS,CSAPGQGTYEQYF,HEXON,Adenovirus,0.7400841183962692
McPAS,CSAPGQSNTEAFF,,M. tuberculosis,-1.3293988584968353
McPAS,CSAPGTGNTGELFF,,M. tuberculosis,4.485543867445296
McPAS,CSAPNYGYTF,,M. tuberculosis,-1.262347238752449
McPAS,CSAPRGDTEAFF,,M. tuberculosis,-1.7513908503547526
McPAS,CSAPSGGNTGELFF,,M. tuberculosis,4.07158965894055
McPAS,CSARAASTDTQYF,FLAGELLIN,Inflammatory bowel disease (IBD) ,2.3000982201344646
McPAS,CSARAFF,,M. tuberculosis,-3.139448763998078
McPAS,CSARAGGGNQPQHF,,M. tuberculosis,2.831324955728261
McPAS,CSARAGGNTEAFF,,M. tuberculosis,0.5594369458797643
McPAS,CSARAGNQPQHF,MLANA,Cancer/Self antigen,1.87226403083306
McPAS,CSARDDSYEQYF,,M. tuberculosis,1.4679865701348649
McPAS,CSARDGDYGYTF,,M. tuberculosis,-8.5430783879619
McPAS,CSARDLGDGYTF,,M. tuberculosis,1.426633900372984
McPAS,CSARDLGSSYNEQFF,,M. tuberculosis,-5.306791657942975
McPAS,CSARDLNYGYTF,,M. tuberculosis,-2.2061822021661213
McPAS,CSARDLYGYTF,,M. tuberculosis,-5.081929283028156
McPAS,CSARDNSYEQYF,,M. tuberculosis,0.7677684344084352
McPAS,CSARDNTGELFF,,M. tuberculosis,0.980299540036517
McPAS,CSARDNYEQYF,,M. tuberculosis,-3.029414324709277
McPAS,CSARDPSGNTIYF,,M. tuberculosis,1.655902203423675
McPAS,CSARDRASTDTQYF,NP,Influenza,2.277424500235787
McPAS,CSARDRDRGYEQYF,NP,Influenza,-2.568393036252077
McPAS,CSARDRDSYEQYF,,M. tuberculosis,-4.416445143953942
McPAS,CSARDRDTEAFF,,M. tuberculosis,-5.114876391574121
McPAS,CSARDRDYGYTF,,M. tuberculosis,-3.2788681637667887
McPAS,CSARDRETEAFF,,M. tuberculosis,-8.397564251149092
McPAS,CSARDRGLDQPQHF,,M. tuberculosis,3.074746580889773
McPAS,CSARDRNYGYTF,ETNK1,Neoantigen,-0.8004601989138288
McPAS,CSARDRRGNQPQHF,,M. tuberculosis,-0.6612981016712414
McPAS,CSARDRRNTGELFF,,M. tuberculosis,-2.678324817624321
McPAS,CSARDRTSGSYEQYF,NP,Influenza,-1.0240233615995562
McPAS,CSARDRVYEQYF,,Colorectal cancer,-3.5895720051839333
McPAS,CSARDSSSGNTIYF,,M. tuberculosis,0.6404786822368261
McPAS,CSARDSVNYGYTF,,M. tuberculosis,4.156457939322225
McPAS,CSARDTSNQPQHF,M1,Influenza,-1.439435764969725
McPAS,CSAREDSYNEQFF,NP,Influenza,1.8000535519003766
McPAS,CSAREGYEQYF,,M. tuberculosis,-2.000573188974513
McPAS,CSARENTGELFF,,M. tuberculosis,1.3664586535482992
McPAS,CSAREVAKNIQYF,,M. tuberculosis,1.9779915022649428
McPAS,CSARGDRDYEQYF,,M. tuberculosis,-7.876240805626878
McPAS,CSARGDSNQPQHF,,M. tuberculosis,0.8425636838973304
McPAS,CSARGDYEQYF,,M. tuberculosis,-2.112844405464039
McPAS,CSARGGTDTQYF,,M. tuberculosis,0.9241073327844208
McPAS,CSARGGVGQPQHF,,M. tuberculosis,-1.1418182482038297
McPAS,CSARGLAGDTGELFF,,M. tuberculosis,-5.517208938678536
McPAS,CSARGLAGYEQYF,,M. tuberculosis,-2.624675564823878
McPAS,CSARGPYEQYF,,M. tuberculosis,-0.6445414489578644
McPAS,CSARGQETQYF,,M. tuberculosis,-0.8845022406529806
McPAS,CSARGQGNEQFF,,M. tuberculosis,2.2506205013677976
McPAS,CSARGQGNTGELFF,,M. tuberculosis,2.843976385080296
McPAS,CSARGQNTGELFF,,HTLV-1,1.8796522688057964
McPAS,CSARGRVNTEAFF,,M. tuberculosis,1.9118852495186989
McPAS,CSARGSLNTEAFF,,M. tuberculosis,-1.2129297338028735
McPAS,CSARGTGDTEAFF,,M. tuberculosis,-8.129488123212981
McPAS,CSARGTGDYGYTF,,M. tuberculosis,-1.639555997346747
McPAS,CSARGTSGQETQYF,,M. tuberculosis,-1.7644894449441106
McPAS,CSARLADNEQFF,NP,Influenza,-7.076739734826994
McPAS,CSARLADYNEQFF,NP,Influenza,-5.931019934673749
McPAS,CSARLAGGQETQYF,,M. tuberculosis,-4.883407525113797
McPAS,CSARLASTDTQYF,,Celiac disease,1.9850764022124527
McPAS,CSARLGGETQYF,,M. tuberculosis,1.7825364616735135
McPAS,CSARMNTEAFF,,HTLV-1,0.864268198105103
McPAS,CSARNRDYGYTF,,M. tuberculosis,3.456394572209914
McPAS,CSARNSNQPQHF,,M. tuberculosis,-1.0789211467101536
McPAS,CSARPGDTEAFF,,M. tuberculosis,-6.294872963087787
McPAS,CSARPGQGSYEQYF,,M. tuberculosis,1.2277639715644584
McPAS,CSARQATNEKLFF,,M. tuberculosis,-2.333282662846691
McPAS,CSARQGARTEAFF,,M. tuberculosis,2.6843331455886115
McPAS,CSARQGDSPLHF,,M. tuberculosis,2.5384805937036603
McPAS,CSARQGDTEAFF,,M. tuberculosis,-5.29030067426368
McPAS,CSARRDSYNEQFF,,M. tuberculosis,-2.1653209482170874
McPAS,CSARRGNTEAFF,,M. tuberculosis,0.9356890553034992
McPAS,CSARRGSGANVLTF,,M. tuberculosis,2.169597594833452
McPAS,CSARSGGNTGELFF,,M. tuberculosis,2.002629615054518
McPAS,CSARSGGTEAFF,PIGNFLTP7H,Neoantigen,1.3818648358100427
McPAS,CSARSGVGNTIYF,ebvglc,EBV,-3.01744184316626
McPAS,CSARSSYNSPLHF,,M. tuberculosis,-1.383573179139327
McPAS,CSARSTGNQPQHF,,M. tuberculosis,2.1225867700107743
McPAS,CSARTANTEAFF,,M. tuberculosis,-0.9854716367771468
McPAS,CSARTASNQPQHF,FLAGELLIN,Inflammatory bowel disease (IBD) ,-3.0822895796102534
McPAS,CSARTDSNQPQHF,,M. tuberculosis,0.8626073758410185
McPAS,CSARTGAYGYTF,,COVID-19 / SARS-CoV-2 / SARS-CoV,-1.8294000015872045
McPAS,CSARTGDTEAFF,,M. tuberculosis,-5.436397185016055
McPAS,CSARTGEGYTF,,M. tuberculosis,1.8665394012210803
McPAS,CSARTGGDYGYTF,,M. tuberculosis,-0.5218245114335792
McPAS,CSARTGGTGELFF,,M. tuberculosis,0.9721292074013332
McPAS,CSARTGGYNEQFF,,M. tuberculosis,-2.6062343725948813
McPAS,CSARTGNQPQHF,,M. tuberculosis,1.3706016599606226
McPAS,CSARTGSSYNSPLHF,EPHA2,Cancer/Self antigen,0.4767893502295049
McPAS,CSARTSGGETQYF,,M. tuberculosis,-1.0760637268362303
McPAS,CSARTSGNTGELFF,,M. tuberculosis,0.9918560321303576
McPAS,CSARTSGNTIYF,,M. tuberculosis,-1.3109483117387335
McPAS,CSARTSGRETQYF,,M. tuberculosis,2.911093086173422
McPAS,CSARTTYEQYF,,M. tuberculosis,5.027310122473988
McPAS,CSARVGDTEAFF,,M. tuberculosis,-6.171589299502283
McPAS,CSARVGGYGYTF,,M. tuberculosis,1.7375236285694555
McPAS,CSARVQGGNQPQHF,,M. tuberculosis,-3.80692266447698
McPAS,CSARVSGNTIYF,,M. tuberculosis,-1.0955945539527645
McPAS,CSARVSTEAFF,,M. tuberculosis,-1.5493002472406503
McPAS,CSARYNEQFF,,M. tuberculosis,-1.704359085784139
McPAS,CSASDGNQPQHF,,M. tuberculosis,-1.8584902853114
McPAS,CSASDSYEQYF,,M. tuberculosis,-1.6040533460987847
McPAS,CSASGGNYGYTF,,M. tuberculosis,0.5120121922745716
McPAS,CSASGNEQFF,,M. tuberculosis,-1.1402245654359318
McPAS,CSASGNTEAFF,,M. tuberculosis,-0.7547177695608118
McPAS,CSASGPSYEQYF,,M. tuberculosis,1.418628346576298
McPAS,CSASGTGDQPQHF,,M. tuberculosis,-2.8897617461340364
McPAS,CSASGTSYEQYF,,M. tuberculosis,-1.7446228431980169
McPAS,CSASGYTF,NP,Influenza,-5.710056677988874
McPAS,CSASLAGGSYEQYF,NP,Influenza,-1.433962859853199
McPAS,CSASPGEETQYF,,M. tuberculosis,2.322313369099525
McPAS,CSASPGGNQPQHF,,M. tuberculosis,1.4446897998637895
McPAS,CSASPYEQYF,,M. tuberculosis,-2.1378130879781905
McPAS,CSASRDRGNQPQHF,,M. tuberculosis,1.2264398553077145
McPAS,CSASRGDQPQHF,,M. tuberculosis,-1.8911795160992424
McPAS,CSASRGGDTEAFF,,M. tuberculosis,2.9661520334232936
McPAS,CSASRGNQPQHF,,M. tuberculosis,-1.4296336040513582
McPAS,CSASRGNTIYF,,M. tuberculosis,-2.375339928826876
McPAS,CSASRGTGNTIYF,,M. tuberculosis,2.608049389406138
McPAS,CSASRQGYEQYF,,M. tuberculosis,-1.4105535256784316
McPAS,CSASSSYEQYF,,M. tuberculosis,1.0352550262899265
McPAS,CSASTDTQYF,,M. tuberculosis,-0.7977207136470441
McPAS,CSASYTEAFF,,M. tuberculosis,1.6691570697232283
McPAS,CSATDGNQPQHF,,M. tuberculosis,1.805284550009404
McPAS,CSATGGSYEQYF,NP,Influenza,-2.0656800041132146
McPAS,CSATGSYGYTF,,M. tuberculosis,1.1391502454768785
McPAS,CSATGTAYEQYF,,M. tuberculosis,2.008865401289247
McPAS,CSATQETQYF,,M. tuberculosis,-2.066145410207348
McPAS,CSATQGGTEAFF,,M. tuberculosis,2.22763003574001
McPAS,CSATQGNYGYTF,,M. tuberculosis,1.4558812770225495
McPAS,CSATSGSYEQYF,NP,Influenza,-2.4171516908344035
McPAS,CSATSGTDTQYF,SNX24P6L,Neoantigen,1.4483009049668811
McPAS,CSGGSTDTQYF,,M. tuberculosis,1.773146017270808
McPAS,CSGLNTEAFF,,M. tuberculosis,-2.9918400605529625
McPAS,CSGTENTEAFF,,M. tuberculosis,-1.2647651613831776
McPAS,CSVAGETQYF,,M. tuberculosis,-4.375439175012151
McPAS,CSVAGGTEAFF,OR14C36FMLV6L,Neoantigen,-1.5614459793193671
McPAS,CSVAPGWGMNTEAFF,,M. tuberculosis,-6.270028509886428
McPAS,CSVAQETQYF,NP,Influenza,2.59390697790079
McPAS,CSVARGTEAFF,,M. tuberculosis,-2.1463725233110784
McPAS,CSVDRGGTEAFF,,M. tuberculosis,1.7181374435279326
McPAS,CSVDTDTQYF,,M. tuberculosis,4.264267298485482
McPAS,CSVEEGMNTEAFF,,M. tuberculosis,-1.2383418911441848
McPAS,CSVEGGSGANVLTF,,M. tuberculosis,2.1748200426342352
McPAS,CSVEGNSYEQYF,,Cancer/Self antigen,-1.9822383763050608
McPAS,CSVEGTANTEAFF,NP,Influenza,1.5769364004561743
McPAS,CSVERGGNTEAFF,,M. tuberculosis,3.796623283539725
McPAS,CSVERGYEQYF,NP,Influenza,-1.3413922694840237
McPAS,CSVEVGNTIYF,,M. tuberculosis,1.4653066430182582
McPAS,CSVGDRGYEQYF,,M. tuberculosis,-1.4342245023757116
McPAS,CSVGGKGNQPQHF,,M. tuberculosis,-2.2916799209209087
McPAS,CSVGGSTDTQYF,NP,Influenza,1.5903708585147052
McPAS,CSVGLAGGQETQYF,,M. tuberculosis,-4.621047016297432
McPAS,CSVGQANYGYTF,,M. tuberculosis,1.32888201765526
McPAS,CSVGQGGNYGYTF,BMLF1,EBV,1.6294284837885926
McPAS,CSVGQGGYNEQFF,,M. tuberculosis,2.92410847570392
McPAS,CSVGSGGTNEKLFF,M1,Influenza,1.9351893502726667
McPAS,CSVGTGGTEAFF,,M. tuberculosis,0.8922123221368357
McPAS,CSVGTGGTNEKLFF,pp65,Cytomegalovirus (CMV),3.068030540890774
McPAS,CSVGTGGTNEKLFF,LMP2,EBV,3.068030540890774
McPAS,CSVGTGQETQYF,MUSKMG,Myasthenia gravis,2.2328556535886097
McPAS,CSVGTSSYEQYF,,M. tuberculosis,-1.8131490002447244
McPAS,CSVGTVNTEAFF,,M. tuberculosis,-0.8567485895350836
McPAS,CSVQNTEAFF,,M. tuberculosis,1.22917422656894
McPAS,CSVRGSSYEQYF,NP,Influenza,-2.224128364856309
McPAS,CSVRQGDTEAFF,,M. tuberculosis,-1.2394776876276716
McPAS,CSVSGGNYGYTF,,M. tuberculosis,2.0397081162529105
McPAS,CSVVGLNTEAFF,,Cancer/Self antigen,-3.6551188072247633
McPAS,CSVVGQMNTEAFF,GAD2,T1D,1.1828893409615162
McPAS,CSVVRDTEAFF,,M. tuberculosis,-3.135173872736481
McPAS,CASSSSYEQYF,,Biliary atresia,1.835978953642818
McPAS,CASSLGDTQYF,,Biliary atresia,1.6394393580236115
McPAS,CASSLGYEQYF,,Biliary atresia,1.998090684332615
McPAS,CASSLTDTQYF,,Biliary atresia,1.763520970449541
McPAS,CASSPSYEQYF,,Biliary atresia,1.652008114988072
McPAS,CASSLGGYEQYF,,Biliary atresia,1.7684535943866897
McPAS,CASSFSYEQYF,,Biliary atresia,1.256608569191015
McPAS,CASSLGETQYF,,Biliary atresia,2.055213647520372
